[INFO] [launch]: All log files can be found below /home/ubuntu2004/.ros/log/2026-10-09-15-46-39-645099-ubuntu2004-167789
[INFO] [launch]: Default logging verbosity is set to INFO
[INFO] [dual_joint_state_bridge.py-1]: process started with pid [167793]
[INFO] [robot_state_publisher-2]: process started with pid [167795]
[INFO] [move_group-3]: process started with pid [167797]
[INFO] [task06_environment_publisher.py-4]: process started with pid [167799]
[move_group-3] [WARN] [1791532000.217389338] [move_group.move_group]: Falling back to using the the move_group node namespace (deprecated behavior).
[robot_state_publisher-2] [INFO] [1791532000.217764459] [dual_robot_state_publisher]: got segment left_fr3_link0
[robot_state_publisher-2] [INFO] [1791532000.217834254] [dual_robot_state_publisher]: got segment left_fr3_link0_accelerometer_bottom
[robot_state_publisher-2] [INFO] [1791532000.217840664] [dual_robot_state_publisher]: got segment left_fr3_link0_accelerometer_top
[robot_state_publisher-2] [INFO] [1791532000.217844756] [dual_robot_state_publisher]: got segment left_fr3_link1
[robot_state_publisher-2] [INFO] [1791532000.217848385] [dual_robot_state_publisher]: got segment left_fr3_link1_accelerometer_bottom
[robot_state_publisher-2] [INFO] [1791532000.217851839] [dual_robot_state_publisher]: got segment left_fr3_link1_accelerometer_top
[robot_state_publisher-2] [INFO] [1791532000.217855439] [dual_robot_state_publisher]: got segment left_fr3_link2
[robot_state_publisher-2] [INFO] [1791532000.217858560] [dual_robot_state_publisher]: got segment left_fr3_link2_accelerometer_bottom
[robot_state_publisher-2] [INFO] [1791532000.217862890] [dual_robot_state_publisher]: got segment left_fr3_link2_accelerometer_top
[robot_state_publisher-2] [INFO] [1791532000.217868009] [dual_robot_state_publisher]: got segment left_fr3_link3
[robot_state_publisher-2] [INFO] [1791532000.217872387] [dual_robot_state_publisher]: got segment left_fr3_link3_accelerometer_bottom
[robot_state_publisher-2] [INFO] [1791532000.217876916] [dual_robot_state_publisher]: got segment left_fr3_link3_accelerometer_top
[robot_state_publisher-2] [INFO] [1791532000.217882423] [dual_robot_state_publisher]: got segment left_fr3_link4
[robot_state_publisher-2] [INFO] [1791532000.217886291] [dual_robot_state_publisher]: got segment left_fr3_link4_accelerometer_bottom
[robot_state_publisher-2] [INFO] [1791532000.217889408] [dual_robot_state_publisher]: got segment left_fr3_link4_accelerometer_top
[robot_state_publisher-2] [INFO] [1791532000.217892577] [dual_robot_state_publisher]: got segment left_fr3_link5
[robot_state_publisher-2] [INFO] [1791532000.217895743] [dual_robot_state_publisher]: got segment left_fr3_link5_accelerometer_bottom
[robot_state_publisher-2] [INFO] [1791532000.217898773] [dual_robot_state_publisher]: got segment left_fr3_link5_accelerometer_top
[robot_state_publisher-2] [INFO] [1791532000.217902070] [dual_robot_state_publisher]: got segment left_fr3_link6
[robot_state_publisher-2] [INFO] [1791532000.217905264] [dual_robot_state_publisher]: got segment left_fr3_link7
[robot_state_publisher-2] [INFO] [1791532000.217908555] [dual_robot_state_publisher]: got segment left_fr3_link8
[robot_state_publisher-2] [INFO] [1791532000.217911659] [dual_robot_state_publisher]: got segment left_fr3_side_suction
[robot_state_publisher-2] [INFO] [1791532000.217914815] [dual_robot_state_publisher]: got segment left_fr3_side_suction_tcp
[robot_state_publisher-2] [INFO] [1791532000.217917828] [dual_robot_state_publisher]: got segment right_fr3_link0
[robot_state_publisher-2] [INFO] [1791532000.217921031] [dual_robot_state_publisher]: got segment right_fr3_link0_accelerometer_bottom
[robot_state_publisher-2] [INFO] [1791532000.217924217] [dual_robot_state_publisher]: got segment right_fr3_link0_accelerometer_top
[robot_state_publisher-2] [INFO] [1791532000.217927403] [dual_robot_state_publisher]: got segment right_fr3_link1
[robot_state_publisher-2] [INFO] [1791532000.217930790] [dual_robot_state_publisher]: got segment right_fr3_link1_accelerometer_bottom
[robot_state_publisher-2] [INFO] [1791532000.217933943] [dual_robot_state_publisher]: got segment right_fr3_link1_accelerometer_top
[robot_state_publisher-2] [INFO] [1791532000.217937909] [dual_robot_state_publisher]: got segment right_fr3_link2
[robot_state_publisher-2] [INFO] [1791532000.217940971] [dual_robot_state_publisher]: got segment right_fr3_link2_accelerometer_bottom
[robot_state_publisher-2] [INFO] [1791532000.217944046] [dual_robot_state_publisher]: got segment right_fr3_link2_accelerometer_top
[robot_state_publisher-2] [INFO] [1791532000.217947104] [dual_robot_state_publisher]: got segment right_fr3_link3
[robot_state_publisher-2] [INFO] [1791532000.217950145] [dual_robot_state_publisher]: got segment right_fr3_link3_accelerometer_bottom
[robot_state_publisher-2] [INFO] [1791532000.217953446] [dual_robot_state_publisher]: got segment right_fr3_link3_accelerometer_top
[robot_state_publisher-2] [INFO] [1791532000.217956700] [dual_robot_state_publisher]: got segment right_fr3_link4
[robot_state_publisher-2] [INFO] [1791532000.217960485] [dual_robot_state_publisher]: got segment right_fr3_link4_accelerometer_bottom
[robot_state_publisher-2] [INFO] [1791532000.217966087] [dual_robot_state_publisher]: got segment right_fr3_link4_accelerometer_top
[robot_state_publisher-2] [INFO] [1791532000.217971822] [dual_robot_state_publisher]: got segment right_fr3_link5
[robot_state_publisher-2] [INFO] [1791532000.217976719] [dual_robot_state_publisher]: got segment right_fr3_link5_accelerometer_bottom
[robot_state_publisher-2] [INFO] [1791532000.217981760] [dual_robot_state_publisher]: got segment right_fr3_link5_accelerometer_top
[robot_state_publisher-2] [INFO] [1791532000.217986917] [dual_robot_state_publisher]: got segment right_fr3_link6
[robot_state_publisher-2] [INFO] [1791532000.218014457] [dual_robot_state_publisher]: got segment right_fr3_link7
[robot_state_publisher-2] [INFO] [1791532000.218023395] [dual_robot_state_publisher]: got segment right_fr3_link8
[robot_state_publisher-2] [INFO] [1791532000.218028793] [dual_robot_state_publisher]: got segment right_fr3_side_suction
[robot_state_publisher-2] [INFO] [1791532000.218034013] [dual_robot_state_publisher]: got segment right_fr3_side_suction_tcp
[robot_state_publisher-2] [INFO] [1791532000.218038827] [dual_robot_state_publisher]: got segment world
[move_group-3] [INFO] [1791532000.256119932] [moveit_rdf_loader.rdf_loader]: Loaded robot model in 0.0386133 seconds
[move_group-3] [INFO] [1791532000.256157953] [moveit_robot_model.robot_model]: Loading robot model 'dual_fr3_side_suction'...
[move_group-3] [INFO] [1791532000.256165736] [moveit_robot_model.robot_model]: No root/virtual joint specified in SRDF. Assuming fixed joint
[move_group-3] [INFO] [1791532000.302773198] [moveit_ros.planning_scene_monitor.planning_scene_monitor]: Publishing maintained planning scene on 'monitored_planning_scene'
[move_group-3] [INFO] [1791532000.303240751] [moveit.ros_planning_interface.moveit_cpp]: Listening to 'joint_states' for joint states
[move_group-3] [INFO] [1791532000.303781566] [moveit_ros.current_state_monitor]: Listening to joint states on topic 'joint_states'
[move_group-3] [INFO] [1791532000.305335898] [moveit_ros.planning_scene_monitor.planning_scene_monitor]: Listening to '/attached_collision_object' for attached collision objects
[move_group-3] [INFO] [1791532000.305355297] [moveit_ros.planning_scene_monitor.planning_scene_monitor]: Starting planning scene monitor
[move_group-3] [INFO] [1791532000.306403518] [moveit_ros.planning_scene_monitor.planning_scene_monitor]: Listening to '/planning_scene'
[move_group-3] [INFO] [1791532000.306420556] [moveit_ros.planning_scene_monitor.planning_scene_monitor]: Starting world geometry update monitor for collision objects, attached objects, octomap updates.
[move_group-3] [INFO] [1791532000.307662786] [moveit_ros.planning_scene_monitor.planning_scene_monitor]: Listening to 'collision_object'
[move_group-3] [INFO] [1791532000.309283784] [moveit_ros.planning_scene_monitor.planning_scene_monitor]: Listening to 'planning_scene_world' for planning scene world geometry
[move_group-3] [WARN] [1791532000.309583532] [moveit.ros.occupancy_map_monitor.middleware_handle]: Resolution not specified for Octomap. Assuming resolution = 0.1 instead
[move_group-3] [ERROR] [1791532000.309596136] [moveit.ros.occupancy_map_monitor.middleware_handle]: No 3D sensor plugin(s) defined for octomap updates
[move_group-3] [INFO] [1791532000.312976520] [moveit.ros_planning_interface.moveit_cpp]: Loading planning pipeline 'move_group'
[move_group-3] [INFO] [1791532000.327270775] [moveit.ros_planning.planning_pipeline]: Using planning interface 'OMPL'
[move_group-3] [INFO] [1791532000.330753899] [moveit_ros.add_time_optimal_parameterization]: Param 'move_group.path_tolerance' was not set. Using default value: 0.100000
[move_group-3] [INFO] [1791532000.331346736] [moveit_ros.add_time_optimal_parameterization]: Param 'move_group.resample_dt' was not set. Using default value: 0.100000
[move_group-3] [INFO] [1791532000.331543512] [moveit_ros.add_time_optimal_parameterization]: Param 'move_group.min_angle_change' was not set. Using default value: 0.001000
[move_group-3] [INFO] [1791532000.331569238] [moveit_ros.fix_workspace_bounds]: Param 'move_group.default_workspace_bounds' was not set. Using default value: 10.000000
[move_group-3] [INFO] [1791532000.331582622] [moveit_ros.fix_start_state_bounds]: Param 'move_group.start_state_max_bounds_error' was set to 0.100000
[move_group-3] [INFO] [1791532000.331586624] [moveit_ros.fix_start_state_bounds]: Param 'move_group.start_state_max_dt' was not set. Using default value: 0.500000
[move_group-3] [INFO] [1791532000.331594122] [moveit_ros.fix_start_state_collision]: Param 'move_group.start_state_max_dt' was not set. Using default value: 0.500000
[move_group-3] [INFO] [1791532000.331597342] [moveit_ros.fix_start_state_collision]: Param 'move_group.jiggle_fraction' was not set. Using default value: 0.020000
[move_group-3] [INFO] [1791532000.331600976] [moveit_ros.fix_start_state_collision]: Param 'move_group.max_sampling_attempts' was not set. Using default value: 100
[move_group-3] [INFO] [1791532000.331608715] [moveit.ros_planning.planning_pipeline]: Using planning request adapter 'Add Time Optimal Parameterization'
[move_group-3] [INFO] [1791532000.331611494] [moveit.ros_planning.planning_pipeline]: Using planning request adapter 'Resolve constraint frames to robot links'
[move_group-3] [INFO] [1791532000.331613643] [moveit.ros_planning.planning_pipeline]: Using planning request adapter 'Fix Workspace Bounds'
[move_group-3] [INFO] [1791532000.331616246] [moveit.ros_planning.planning_pipeline]: Using planning request adapter 'Fix Start State Bounds'
[move_group-3] [INFO] [1791532000.331618150] [moveit.ros_planning.planning_pipeline]: Using planning request adapter 'Fix Start State In Collision'
[move_group-3] [INFO] [1791532000.331620044] [moveit.ros_planning.planning_pipeline]: Using planning request adapter 'Fix Start State Path Constraints'
[move_group-3] [WARN] [1791532000.336215812] [moveit_ros.trajectory_execution_manager]: Parameter '~moveit_controller_manager' is not specified but only one matching plugin was found: 'moveit_simple_controller_manager/MoveItSimpleControllerManager'. Using that one.
[move_group-3] [WARN] [1791532000.336931525] [rcl.logging_rosout]: Publisher already registered for provided node name. If this is due to multiple nodes with the same name then all logs for that logger name will go out over the existing publisher. As soon as any node with that name is destructed it will unregister the publisher, preventing any further logs for that name from being published on the rosout topic.
[move_group-3] [ERROR] [1791532000.361227191] [moveit.plugins.moveit_simple_controller_manager]: No controller_names specified.
[move_group-3] [INFO] [1791532000.363649742] [moveit.plugins.moveit_simple_controller_manager]: Returned 0 controllers in list
[move_group-3] [INFO] [1791532000.364193605] [moveit.plugins.moveit_simple_controller_manager]: Returned 0 controllers in list
[move_group-3] [INFO] [1791532000.365665042] [moveit_ros.trajectory_execution_manager]: Trajectory execution is not managing controllers
[move_group-3] [INFO] [1791532000.366105909] [move_group.move_group]: MoveGroup debug mode is ON
[move_group-3] [INFO] [1791532000.390902456] [move_group.move_group]: 
[move_group-3] 
[move_group-3] ********************************************************
[move_group-3] * MoveGroup using: 
[move_group-3] *     - ApplyPlanningSceneService
[move_group-3] *     - ClearOctomapService
[move_group-3] *     - CartesianPathService
[move_group-3] *     - ExecuteTrajectoryAction
[move_group-3] *     - GetPlanningSceneService
[move_group-3] *     - KinematicsService
[move_group-3] *     - MoveAction
[move_group-3] *     - MotionPlanService
[move_group-3] *     - QueryPlannersService
[move_group-3] *     - StateValidationService
[move_group-3] ********************************************************
[move_group-3] 
[move_group-3] [INFO] [1791532000.392602131] [moveit_move_group_capabilities_base.move_group_context]: MoveGroup context using planning plugin ompl_interface/OMPLPlanner
[move_group-3] [INFO] [1791532000.393038665] [moveit_move_group_capabilities_base.move_group_context]: MoveGroup context initialization complete
[move_group-3] [96mLoading 'move_group/ApplyPlanningSceneService'...
[move_group-3] [0m[96mLoading 'move_group/ClearOctomapService'...
[move_group-3] [0m[96mLoading 'move_group/MoveGroupCartesianPathService'...
[move_group-3] [0m[96mLoading 'move_group/MoveGroupExecuteTrajectoryAction'...
[move_group-3] [0m[96mLoading 'move_group/MoveGroupGetPlanningSceneService'...
[move_group-3] [0m[96mLoading 'move_group/MoveGroupKinematicsService'...
[move_group-3] [0m[96mLoading 'move_group/MoveGroupMoveAction'...
[move_group-3] [0m[96mLoading 'move_group/MoveGroupPlanService'...
[move_group-3] [0m[96mLoading 'move_group/MoveGroupQueryPlannersService'...
[move_group-3] [0m[96mLoading 'move_group/MoveGroupStateValidationService'...
[move_group-3] [0m[92m
[move_group-3] You can start planning now!
[move_group-3] 
[dual_joint_state_bridge.py-1] [INFO] [1791532000.519443121] [dual_joint_state_bridge]: Task06-C joint-state bridge started: /left/joint_states + /right/joint_states -> /joint_states
[task06_environment_publisher.py-4] [INFO] [1791532000.615227805] [task24_environment_publisher]: 等待 MoveIt /apply_planning_scene 服务，用于加载 Task06 环境。
[task06_environment_publisher.py-4] [INFO] [1791532000.617203901] [task24_environment_publisher]: Task06 MoveIt 环境加载完成: id=task24_table, frame=world, center=(0.55, 0.0, 0.1), size=(1.2, 0.8, 0.2)
[INFO] [task06_environment_publisher.py-4]: process has finished cleanly [pid 167799]
[move_group-3] [WARN] [1791532014.245426226] [moveit_planning_scene.planning_scene]: Tried to remove world object 'task26_table', but it does not exist in this scene.
[move_group-3] [WARN] [1791532014.245460686] [moveit_planning_scene.planning_scene]: Tried to remove world object 'task26_box_wall_deep', but it does not exist in this scene.
[move_group-3] [WARN] [1791532014.245464138] [moveit_planning_scene.planning_scene]: Tried to remove world object 'task26_box_wall_minus_y', but it does not exist in this scene.
[move_group-3] [WARN] [1791532014.245466439] [moveit_planning_scene.planning_scene]: Tried to remove world object 'task26_box_wall_plus_y', but it does not exist in this scene.
[move_group-3] [WARN] [1791532014.245468618] [moveit_planning_scene.planning_scene]: Tried to remove world object 'task26_cube_1', but it does not exist in this scene.
[move_group-3] [WARN] [1791532014.245470749] [moveit_planning_scene.planning_scene]: Tried to remove world object 'task26_cube_2', but it does not exist in this scene.
[move_group-3] [WARN] [1791532014.245472782] [moveit_planning_scene.planning_scene]: Tried to remove world object 'task26_cube_3', but it does not exist in this scene.
[move_group-3] [WARN] [1791532014.245474825] [moveit_planning_scene.planning_scene]: Tried to remove world object 'task26_cube_4', but it does not exist in this scene.
[move_group-3] [WARN] [1791532014.245477797] [moveit_planning_scene.planning_scene]: Tried to remove world object 'task26_cube_5', but it does not exist in this scene.
[move_group-3] [INFO] [1791532015.346841671] [moveit_move_group_default_capabilities.move_action_capability]: Received request
[move_group-3] [INFO] [1791532015.346981892] [moveit_move_group_default_capabilities.move_action_capability]: executing..
[move_group-3] [INFO] [1791532015.365801753] [moveit_move_group_default_capabilities.move_action_capability]: Planning request received for MoveGroup action. Forwarding to planning pipeline.
[move_group-3] [INFO] [1791532015.366787336] [moveit.ompl_planning.model_based_planning_context]: Planner configuration 'left_arm[RRTConnectkConfigDefault]' will use planner 'geometric::RRTConnect'. Additional configuration parameters will be set when the planner is constructed.
[move_group-3] [WARN] [1791532015.395721231] [moveit_trajectory_processing.time_optimal_trajectory_generation]: Joint acceleration limits are not defined. Using the default 1 rad/s^2. You can define acceleration limits in the URDF or joint_limits.yaml.
[move_group-3] [INFO] [1791532015.405021457] [moveit_move_group_default_capabilities.move_action_capability]: Motion plan was computed successfully.
[move_group-3] [INFO] [1791532015.405863255] [moveit_move_group_default_capabilities.move_action_capability]: Received request
[move_group-3] [INFO] [1791532015.405921545] [moveit_move_group_default_capabilities.move_action_capability]: executing..
[move_group-3] [INFO] [1791532015.416049768] [moveit_move_group_default_capabilities.move_action_capability]: Planning request received for MoveGroup action. Forwarding to planning pipeline.
[move_group-3] [INFO] [1791532015.416658096] [moveit.ompl_planning.model_based_planning_context]: Planner configuration 'left_arm[RRTConnectkConfigDefault]' will use planner 'geometric::RRTConnect'. Additional configuration parameters will be set when the planner is constructed.
[move_group-3] [INFO] [1791532015.449419298] [moveit_move_group_default_capabilities.move_action_capability]: Motion plan was computed successfully.
[move_group-3] [INFO] [1791532015.450257205] [moveit_move_group_default_capabilities.move_action_capability]: Received request
[move_group-3] [INFO] [1791532015.450311747] [moveit_move_group_default_capabilities.move_action_capability]: executing..
[move_group-3] [INFO] [1791532015.465784686] [moveit_move_group_default_capabilities.move_action_capability]: Planning request received for MoveGroup action. Forwarding to planning pipeline.
[move_group-3] [INFO] [1791532015.466233486] [moveit.ompl_planning.model_based_planning_context]: Planner configuration 'left_arm[RRTConnectkConfigDefault]' will use planner 'geometric::RRTConnect'. Additional configuration parameters will be set when the planner is constructed.
[move_group-3] [INFO] [1791532015.497053828] [moveit_move_group_default_capabilities.move_action_capability]: Motion plan was computed successfully.
[move_group-3] [INFO] [1791532015.497692720] [moveit_move_group_default_capabilities.move_action_capability]: Received request
[move_group-3] [INFO] [1791532015.497739661] [moveit_move_group_default_capabilities.move_action_capability]: executing..
[move_group-3] [INFO] [1791532015.515906415] [moveit_move_group_default_capabilities.move_action_capability]: Planning request received for MoveGroup action. Forwarding to planning pipeline.
[move_group-3] [INFO] [1791532015.516492967] [moveit.ompl_planning.model_based_planning_context]: Planner configuration 'left_arm[RRTConnectkConfigDefault]' will use planner 'geometric::RRTConnect'. Additional configuration parameters will be set when the planner is constructed.
[move_group-3] [INFO] [1791532015.547355789] [moveit_move_group_default_capabilities.move_action_capability]: Motion plan was computed successfully.
[move_group-3] [INFO] [1791532015.548387792] [moveit_move_group_default_capabilities.move_action_capability]: Received request
[move_group-3] [INFO] [1791532015.548431249] [moveit_move_group_default_capabilities.move_action_capability]: executing..
[move_group-3] [INFO] [1791532015.565990598] [moveit_move_group_default_capabilities.move_action_capability]: Planning request received for MoveGroup action. Forwarding to planning pipeline.
[move_group-3] [INFO] [1791532015.566458108] [moveit.ompl_planning.model_based_planning_context]: Planner configuration 'left_arm[RRTConnectkConfigDefault]' will use planner 'geometric::RRTConnect'. Additional configuration parameters will be set when the planner is constructed.
[move_group-3] [INFO] [1791532015.595540175] [moveit_move_group_default_capabilities.move_action_capability]: Motion plan was computed successfully.
[move_group-3] [INFO] [1791532015.596960551] [moveit_move_group_default_capabilities.move_action_capability]: Received request
[move_group-3] [INFO] [1791532015.597009287] [moveit_move_group_default_capabilities.move_action_capability]: executing..
[move_group-3] [INFO] [1791532015.616118799] [moveit_move_group_default_capabilities.move_action_capability]: Planning request received for MoveGroup action. Forwarding to planning pipeline.
[move_group-3] [INFO] [1791532015.616646035] [moveit.ompl_planning.model_based_planning_context]: Planner configuration 'left_arm[RRTConnectkConfigDefault]' will use planner 'geometric::RRTConnect'. Additional configuration parameters will be set when the planner is constructed.
[move_group-3] [INFO] [1791532015.650739253] [moveit_move_group_default_capabilities.move_action_capability]: Motion plan was computed successfully.
[move_group-3] [INFO] [1791532015.651999467] [moveit_move_group_default_capabilities.move_action_capability]: Received request
[move_group-3] [INFO] [1791532015.652049630] [moveit_move_group_default_capabilities.move_action_capability]: executing..
[move_group-3] [INFO] [1791532015.665971758] [moveit_move_group_default_capabilities.move_action_capability]: Planning request received for MoveGroup action. Forwarding to planning pipeline.
[move_group-3] [INFO] [1791532015.666567736] [moveit.ompl_planning.model_based_planning_context]: Planner configuration 'left_arm[RRTConnectkConfigDefault]' will use planner 'geometric::RRTConnect'. Additional configuration parameters will be set when the planner is constructed.
[move_group-3] [INFO] [1791532015.700690628] [moveit_move_group_default_capabilities.move_action_capability]: Motion plan was computed successfully.
[move_group-3] [INFO] [1791532015.701493420] [moveit_move_group_default_capabilities.move_action_capability]: Received request
[move_group-3] [INFO] [1791532015.701553715] [moveit_move_group_default_capabilities.move_action_capability]: executing..
[move_group-3] [INFO] [1791532015.716352654] [moveit_move_group_default_capabilities.move_action_capability]: Planning request received for MoveGroup action. Forwarding to planning pipeline.
[move_group-3] [INFO] [1791532015.716917887] [moveit.ompl_planning.model_based_planning_context]: Planner configuration 'left_arm[RRTConnectkConfigDefault]' will use planner 'geometric::RRTConnect'. Additional configuration parameters will be set when the planner is constructed.
[move_group-3] [INFO] [1791532015.782018671] [moveit_move_group_default_capabilities.move_action_capability]: Motion plan was computed successfully.
[move_group-3] [INFO] [1791532015.782680568] [moveit_move_group_default_capabilities.move_action_capability]: Received request
[move_group-3] [INFO] [1791532015.782720302] [moveit_move_group_default_capabilities.move_action_capability]: executing..
[move_group-3] [INFO] [1791532015.792233466] [moveit_move_group_default_capabilities.move_action_capability]: Planning request received for MoveGroup action. Forwarding to planning pipeline.
[move_group-3] [INFO] [1791532015.792650928] [moveit.ompl_planning.model_based_planning_context]: Planner configuration 'right_arm[RRTConnectkConfigDefault]' will use planner 'geometric::RRTConnect'. Additional configuration parameters will be set when the planner is constructed.
[move_group-3] [INFO] [1791532015.826104016] [moveit_move_group_default_capabilities.move_action_capability]: Motion plan was computed successfully.
[move_group-3] [INFO] [1791532015.827530379] [moveit_move_group_default_capabilities.move_action_capability]: Received request
[move_group-3] [INFO] [1791532015.827580089] [moveit_move_group_default_capabilities.move_action_capability]: executing..
[move_group-3] [INFO] [1791532015.842166449] [moveit_move_group_default_capabilities.move_action_capability]: Planning request received for MoveGroup action. Forwarding to planning pipeline.
[move_group-3] [INFO] [1791532015.842631125] [moveit.ompl_planning.model_based_planning_context]: Planner configuration 'right_arm[RRTConnectkConfigDefault]' will use planner 'geometric::RRTConnect'. Additional configuration parameters will be set when the planner is constructed.
[move_group-3] [INFO] [1791532015.873271658] [moveit_move_group_default_capabilities.move_action_capability]: Motion plan was computed successfully.
[move_group-3] [INFO] [1791532015.874579907] [moveit_move_group_default_capabilities.move_action_capability]: Received request
[move_group-3] [INFO] [1791532015.874653855] [moveit_move_group_default_capabilities.move_action_capability]: executing..
[move_group-3] [INFO] [1791532015.875544552] [moveit_move_group_default_capabilities.move_action_capability]: Planning request received for MoveGroup action. Forwarding to planning pipeline.
[move_group-3] [INFO] [1791532015.875926567] [moveit.ompl_planning.model_based_planning_context]: Planner configuration 'right_arm[RRTConnectkConfigDefault]' will use planner 'geometric::RRTConnect'. Additional configuration parameters will be set when the planner is constructed.
[move_group-3] [ERROR] [1791532015.922051930] [moveit.ros_planning.planning_pipeline]: Computed path is not valid. Invalid states at index locations: [ 54 55 ] out of 112. Explanations follow in command line. Contacts are published on /display_contacts
[move_group-3] [INFO] [1791532015.922101887] [moveit_collision_detection_fcl.collision_common]: Found a contact between 'task26_box_wall_plus_y' (type 'Object') and 'right_fr3_side_suction' (type 'Robot link'), which constitutes a collision. Contact information is not stored.
[move_group-3] [INFO] [1791532015.922107990] [moveit_collision_detection_fcl.collision_common]: Collision checking is considered complete (collision was found and 0 contacts are stored)
[move_group-3] [INFO] [1791532015.922271016] [moveit_collision_detection_fcl.collision_common]: Found a contact between 'task26_box_wall_plus_y' (type 'Object') and 'right_fr3_side_suction' (type 'Robot link'), which constitutes a collision. Contact information is not stored.
[move_group-3] [INFO] [1791532015.922275743] [moveit_collision_detection_fcl.collision_common]: Collision checking is considered complete (collision was found and 0 contacts are stored)
[move_group-3] [ERROR] [1791532015.922324051] [moveit.ros_planning.planning_pipeline]: Completed listing of explanations for invalid states.
[move_group-3] [INFO] [1791532015.922550354] [moveit_move_group_default_capabilities.move_action_capability]: Motion plan was found but it seems to be invalid (possibly due to postprocessing). Not executing.
[move_group-3] [INFO] [1791532015.923218440] [moveit_move_group_default_capabilities.move_action_capability]: Received request
[move_group-3] [INFO] [1791532015.923279476] [moveit_move_group_default_capabilities.move_action_capability]: executing..
[move_group-3] [INFO] [1791532015.925809752] [moveit_move_group_default_capabilities.move_action_capability]: Planning request received for MoveGroup action. Forwarding to planning pipeline.
[move_group-3] [INFO] [1791532015.926226929] [moveit.ompl_planning.model_based_planning_context]: Planner configuration 'right_arm[RRTConnectkConfigDefault]' will use planner 'geometric::RRTConnect'. Additional configuration parameters will be set when the planner is constructed.
[move_group-3] [INFO] [1791532015.958291721] [moveit_move_group_default_capabilities.move_action_capability]: Motion plan was computed successfully.
[move_group-3] [INFO] [1791532015.959164488] [moveit_move_group_default_capabilities.move_action_capability]: Received request
[move_group-3] [INFO] [1791532015.959217730] [moveit_move_group_default_capabilities.move_action_capability]: executing..
[move_group-3] [INFO] [1791532015.966690651] [moveit_move_group_default_capabilities.move_action_capability]: Planning request received for MoveGroup action. Forwarding to planning pipeline.
[move_group-3] [INFO] [1791532015.967217247] [moveit.ompl_planning.model_based_planning_context]: Planner configuration 'right_arm[RRTConnectkConfigDefault]' will use planner 'geometric::RRTConnect'. Additional configuration parameters will be set when the planner is constructed.
[move_group-3] [INFO] [1791532016.007468223] [moveit_move_group_default_capabilities.move_action_capability]: Motion plan was computed successfully.
[move_group-3] [INFO] [1791532016.008896844] [moveit_move_group_default_capabilities.move_action_capability]: Received request
[move_group-3] [INFO] [1791532016.008949349] [moveit_move_group_default_capabilities.move_action_capability]: executing..
[move_group-3] [INFO] [1791532016.016319418] [moveit_move_group_default_capabilities.move_action_capability]: Planning request received for MoveGroup action. Forwarding to planning pipeline.
[move_group-3] [INFO] [1791532016.016768767] [moveit.ompl_planning.model_based_planning_context]: Planner configuration 'right_arm[RRTConnectkConfigDefault]' will use planner 'geometric::RRTConnect'. Additional configuration parameters will be set when the planner is constructed.
[move_group-3] [INFO] [1791532016.048693021] [moveit_move_group_default_capabilities.move_action_capability]: Motion plan was computed successfully.
[move_group-3] [INFO] [1791532016.050166891] [moveit_move_group_default_capabilities.move_action_capability]: Received request
[move_group-3] [INFO] [1791532016.050209756] [moveit_move_group_default_capabilities.move_action_capability]: executing..
[move_group-3] [INFO] [1791532016.066455476] [moveit_move_group_default_capabilities.move_action_capability]: Planning request received for MoveGroup action. Forwarding to planning pipeline.
[move_group-3] [INFO] [1791532016.066967127] [moveit.ompl_planning.model_based_planning_context]: Planner configuration 'right_arm[RRTConnectkConfigDefault]' will use planner 'geometric::RRTConnect'. Additional configuration parameters will be set when the planner is constructed.
[move_group-3] [INFO] [1791532016.101118949] [moveit_move_group_default_capabilities.move_action_capability]: Motion plan was computed successfully.
[move_group-3] [INFO] [1791532016.101776683] [moveit_move_group_default_capabilities.move_action_capability]: Received request
[move_group-3] [INFO] [1791532016.101830439] [moveit_move_group_default_capabilities.move_action_capability]: executing..
[move_group-3] [INFO] [1791532016.115965393] [moveit_move_group_default_capabilities.move_action_capability]: Planning request received for MoveGroup action. Forwarding to planning pipeline.
[move_group-3] [INFO] [1791532016.116582613] [moveit.ompl_planning.model_based_planning_context]: Planner configuration 'right_arm[RRTConnectkConfigDefault]' will use planner 'geometric::RRTConnect'. Additional configuration parameters will be set when the planner is constructed.
[move_group-3] [INFO] [1791532016.148908440] [moveit_move_group_default_capabilities.move_action_capability]: Motion plan was computed successfully.
[move_group-3] [INFO] [1791532016.467352679] [moveit_move_group_default_capabilities.cartersian_path_service_capability]: Received request to compute Cartesian path
[move_group-3] [INFO] [1791532016.467441226] [moveit_move_group_default_capabilities.cartersian_path_service_capability]: Attempting to follow 1 waypoints for link 'left_fr3_side_suction_tcp' using a step of 0.002000 m and jump threshold 0.000000 (in global reference frame)
[move_group-3] [INFO] [1791532016.500297847] [moveit_move_group_default_capabilities.cartersian_path_service_capability]: Computed Cartesian path with 142 points (followed 100.000000% of requested trajectory)
[move_group-3] [INFO] [1791532016.517215136] [moveit_move_group_default_capabilities.cartersian_path_service_capability]: Received request to compute Cartesian path
[move_group-3] [INFO] [1791532016.517287091] [moveit_move_group_default_capabilities.cartersian_path_service_capability]: Attempting to follow 1 waypoints for link 'left_fr3_side_suction_tcp' using a step of 0.002000 m and jump threshold 0.000000 (in global reference frame)
[move_group-3] [INFO] [1791532016.525231628] [moveit_move_group_default_capabilities.cartersian_path_service_capability]: Computed Cartesian path with 52 points (followed 100.000000% of requested trajectory)
[move_group-3] [INFO] [1791532016.781541341] [moveit_move_group_default_capabilities.move_action_capability]: Received request
[move_group-3] [INFO] [1791532016.781604633] [moveit_move_group_default_capabilities.move_action_capability]: executing..
[move_group-3] [INFO] [1791532016.793657953] [moveit_move_group_default_capabilities.move_action_capability]: Planning request received for MoveGroup action. Forwarding to planning pipeline.
[move_group-3] [INFO] [1791532016.794112701] [moveit.ompl_planning.model_based_planning_context]: Planner configuration 'right_arm[RRTConnectkConfigDefault]' will use planner 'geometric::RRTConnect'. Additional configuration parameters will be set when the planner is constructed.
[move_group-3] [INFO] [1791532016.885549361] [moveit_move_group_default_capabilities.move_action_capability]: Motion plan was computed successfully.
[move_group-3] [INFO] [1791532016.887043080] [moveit_move_group_default_capabilities.move_action_capability]: Received request
[move_group-3] [INFO] [1791532016.887083713] [moveit_move_group_default_capabilities.move_action_capability]: executing..
[move_group-3] [INFO] [1791532016.893790259] [moveit_move_group_default_capabilities.move_action_capability]: Planning request received for MoveGroup action. Forwarding to planning pipeline.
[move_group-3] [INFO] [1791532016.894365244] [moveit.ompl_planning.model_based_planning_context]: Planner configuration 'right_arm[RRTConnectkConfigDefault]' will use planner 'geometric::RRTConnect'. Additional configuration parameters will be set when the planner is constructed.
[move_group-3] [INFO] [1791532016.940522044] [moveit_move_group_default_capabilities.move_action_capability]: Motion plan was computed successfully.
[move_group-3] [INFO] [1791532016.941860802] [moveit_move_group_default_capabilities.move_action_capability]: Received request
[move_group-3] [INFO] [1791532016.941923393] [moveit_move_group_default_capabilities.move_action_capability]: executing..
[move_group-3] [INFO] [1791532016.944138053] [moveit_move_group_default_capabilities.move_action_capability]: Planning request received for MoveGroup action. Forwarding to planning pipeline.
[move_group-3] [INFO] [1791532016.944682694] [moveit.ompl_planning.model_based_planning_context]: Planner configuration 'right_arm[RRTConnectkConfigDefault]' will use planner 'geometric::RRTConnect'. Additional configuration parameters will be set when the planner is constructed.
[move_group-3] [INFO] [1791532016.989086279] [moveit_move_group_default_capabilities.move_action_capability]: Motion plan was computed successfully.
[move_group-3] [INFO] [1791532016.989892032] [moveit_move_group_default_capabilities.move_action_capability]: Received request
[move_group-3] [INFO] [1791532016.989938931] [moveit_move_group_default_capabilities.move_action_capability]: executing..
[move_group-3] [INFO] [1791532016.994161096] [moveit_move_group_default_capabilities.move_action_capability]: Planning request received for MoveGroup action. Forwarding to planning pipeline.
[move_group-3] [INFO] [1791532016.994699787] [moveit.ompl_planning.model_based_planning_context]: Planner configuration 'right_arm[RRTConnectkConfigDefault]' will use planner 'geometric::RRTConnect'. Additional configuration parameters will be set when the planner is constructed.
[move_group-3] [INFO] [1791532017.034947221] [moveit_move_group_default_capabilities.move_action_capability]: Motion plan was computed successfully.
[move_group-3] [INFO] [1791532017.036355484] [moveit_move_group_default_capabilities.move_action_capability]: Received request
[move_group-3] [INFO] [1791532017.036397289] [moveit_move_group_default_capabilities.move_action_capability]: executing..
[move_group-3] [INFO] [1791532017.043851741] [moveit_move_group_default_capabilities.move_action_capability]: Planning request received for MoveGroup action. Forwarding to planning pipeline.
[move_group-3] [INFO] [1791532017.044430311] [moveit.ompl_planning.model_based_planning_context]: Planner configuration 'right_arm[RRTConnectkConfigDefault]' will use planner 'geometric::RRTConnect'. Additional configuration parameters will be set when the planner is constructed.
[move_group-3] [INFO] [1791532017.097612194] [moveit_move_group_default_capabilities.move_action_capability]: Motion plan was computed successfully.
[move_group-3] [INFO] [1791532017.098844983] [moveit_move_group_default_capabilities.move_action_capability]: Received request
[move_group-3] [INFO] [1791532017.098885768] [moveit_move_group_default_capabilities.move_action_capability]: executing..
[move_group-3] [INFO] [1791532017.119856432] [moveit_move_group_default_capabilities.move_action_capability]: Planning request received for MoveGroup action. Forwarding to planning pipeline.
[move_group-3] [INFO] [1791532017.120437699] [moveit.ompl_planning.model_based_planning_context]: Planner configuration 'right_arm[RRTConnectkConfigDefault]' will use planner 'geometric::RRTConnect'. Additional configuration parameters will be set when the planner is constructed.
[move_group-3] [ERROR] [1791532017.173924942] [moveit.ros_planning.planning_pipeline]: Computed path is not valid. Invalid states at index locations: [ 98 99 ] out of 107. Explanations follow in command line. Contacts are published on /display_contacts
[move_group-3] [INFO] [1791532017.173961274] [moveit_collision_detection_fcl.collision_common]: Found a contact between 'task26_cube_1' (type 'Object') and 'right_fr3_side_suction' (type 'Robot link'), which constitutes a collision. Contact information is not stored.
[move_group-3] [INFO] [1791532017.173967299] [moveit_collision_detection_fcl.collision_common]: Collision checking is considered complete (collision was found and 0 contacts are stored)
[move_group-3] [INFO] [1791532017.174113639] [moveit_collision_detection_fcl.collision_common]: Found a contact between 'task26_cube_1' (type 'Object') and 'right_fr3_side_suction' (type 'Robot link'), which constitutes a collision. Contact information is not stored.
[move_group-3] [INFO] [1791532017.174118326] [moveit_collision_detection_fcl.collision_common]: Collision checking is considered complete (collision was found and 0 contacts are stored)
[move_group-3] [ERROR] [1791532017.174170890] [moveit.ros_planning.planning_pipeline]: Completed listing of explanations for invalid states.
[move_group-3] [INFO] [1791532017.174310171] [moveit_move_group_default_capabilities.move_action_capability]: Motion plan was found but it seems to be invalid (possibly due to postprocessing). Not executing.
[move_group-3] [INFO] [1791532017.174918966] [moveit_move_group_default_capabilities.move_action_capability]: Received request
[move_group-3] [INFO] [1791532017.174963554] [moveit_move_group_default_capabilities.move_action_capability]: executing..
[move_group-3] [INFO] [1791532017.178508249] [moveit_move_group_default_capabilities.move_action_capability]: Planning request received for MoveGroup action. Forwarding to planning pipeline.
[move_group-3] [INFO] [1791532017.178926755] [moveit.ompl_planning.model_based_planning_context]: Planner configuration 'right_arm[RRTConnectkConfigDefault]' will use planner 'geometric::RRTConnect'. Additional configuration parameters will be set when the planner is constructed.
[move_group-3] [ERROR] [1791532017.238048270] [moveit.ros_planning.planning_pipeline]: Computed path is not valid. Invalid states at index locations: [ 54 55 56 ] out of 117. Explanations follow in command line. Contacts are published on /display_contacts
[move_group-3] [INFO] [1791532017.238085930] [moveit_collision_detection_fcl.collision_common]: Found a contact between 'task26_cube_1' (type 'Object') and 'right_fr3_side_suction' (type 'Robot link'), which constitutes a collision. Contact information is not stored.
[move_group-3] [INFO] [1791532017.238091327] [moveit_collision_detection_fcl.collision_common]: Collision checking is considered complete (collision was found and 0 contacts are stored)
[move_group-3] [INFO] [1791532017.238231042] [moveit_collision_detection_fcl.collision_common]: Found a contact between 'task26_cube_1' (type 'Object') and 'right_fr3_side_suction' (type 'Robot link'), which constitutes a collision. Contact information is not stored.
[move_group-3] [INFO] [1791532017.238235441] [moveit_collision_detection_fcl.collision_common]: Collision checking is considered complete (collision was found and 0 contacts are stored)
[move_group-3] [INFO] [1791532017.238294258] [moveit_collision_detection_fcl.collision_common]: Found a contact between 'task26_cube_1' (type 'Object') and 'right_fr3_side_suction' (type 'Robot link'), which constitutes a collision. Contact information is not stored.
[move_group-3] [INFO] [1791532017.238297948] [moveit_collision_detection_fcl.collision_common]: Collision checking is considered complete (collision was found and 0 contacts are stored)
[move_group-3] [ERROR] [1791532017.238344510] [moveit.ros_planning.planning_pipeline]: Completed listing of explanations for invalid states.
[move_group-3] [INFO] [1791532017.238528780] [moveit_move_group_default_capabilities.move_action_capability]: Motion plan was found but it seems to be invalid (possibly due to postprocessing). Not executing.
[move_group-3] [INFO] [1791532017.239340442] [moveit_move_group_default_capabilities.move_action_capability]: Received request
[move_group-3] [INFO] [1791532017.239397533] [moveit_move_group_default_capabilities.move_action_capability]: executing..
[move_group-3] [INFO] [1791532017.245105794] [moveit_move_group_default_capabilities.move_action_capability]: Planning request received for MoveGroup action. Forwarding to planning pipeline.
[move_group-3] [INFO] [1791532017.245547630] [moveit.ompl_planning.model_based_planning_context]: Planner configuration 'right_arm[RRTConnectkConfigDefault]' will use planner 'geometric::RRTConnect'. Additional configuration parameters will be set when the planner is constructed.
[move_group-3] [INFO] [1791532017.280160239] [moveit_move_group_default_capabilities.move_action_capability]: Motion plan was computed successfully.
[move_group-3] [INFO] [1791532017.281767169] [moveit_move_group_default_capabilities.move_action_capability]: Received request
[move_group-3] [INFO] [1791532017.281836079] [moveit_move_group_default_capabilities.move_action_capability]: executing..
[move_group-3] [INFO] [1791532017.295175435] [moveit_move_group_default_capabilities.move_action_capability]: Planning request received for MoveGroup action. Forwarding to planning pipeline.
[move_group-3] [INFO] [1791532017.295671030] [moveit.ompl_planning.model_based_planning_context]: Planner configuration 'right_arm[RRTConnectkConfigDefault]' will use planner 'geometric::RRTConnect'. Additional configuration parameters will be set when the planner is constructed.
[move_group-3] [INFO] [1791532017.335822939] [moveit_move_group_default_capabilities.move_action_capability]: Motion plan was computed successfully.
[move_group-3] [INFO] [1791532017.336544585] [moveit_move_group_default_capabilities.move_action_capability]: Received request
[move_group-3] [INFO] [1791532017.336581984] [moveit_move_group_default_capabilities.move_action_capability]: executing..
[move_group-3] [INFO] [1791532017.345386136] [moveit_move_group_default_capabilities.move_action_capability]: Planning request received for MoveGroup action. Forwarding to planning pipeline.
[move_group-3] [INFO] [1791532017.345818937] [moveit.ompl_planning.model_based_planning_context]: Planner configuration 'right_arm[RRTConnectkConfigDefault]' will use planner 'geometric::RRTConnect'. Additional configuration parameters will be set when the planner is constructed.
[move_group-3] [INFO] [1791532017.380769263] [moveit_move_group_default_capabilities.move_action_capability]: Motion plan was computed successfully.
[move_group-3] [INFO] [1791532017.381955076] [moveit_move_group_default_capabilities.move_action_capability]: Received request
[move_group-3] [INFO] [1791532017.382015814] [moveit_move_group_default_capabilities.move_action_capability]: executing..
[move_group-3] [INFO] [1791532017.395068974] [moveit_move_group_default_capabilities.move_action_capability]: Planning request received for MoveGroup action. Forwarding to planning pipeline.
[move_group-3] [INFO] [1791532017.395520016] [moveit.ompl_planning.model_based_planning_context]: Planner configuration 'right_arm[RRTConnectkConfigDefault]' will use planner 'geometric::RRTConnect'. Additional configuration parameters will be set when the planner is constructed.
[move_group-3] [INFO] [1791532017.436811996] [moveit_move_group_default_capabilities.move_action_capability]: Motion plan was computed successfully.
[move_group-3] [INFO] [1791532017.438024503] [moveit_move_group_default_capabilities.move_action_capability]: Received request
[move_group-3] [INFO] [1791532017.438080582] [moveit_move_group_default_capabilities.move_action_capability]: executing..
[move_group-3] [INFO] [1791532017.445046935] [moveit_move_group_default_capabilities.move_action_capability]: Planning request received for MoveGroup action. Forwarding to planning pipeline.
[move_group-3] [INFO] [1791532017.445482657] [moveit.ompl_planning.model_based_planning_context]: Planner configuration 'right_arm[RRTConnectkConfigDefault]' will use planner 'geometric::RRTConnect'. Additional configuration parameters will be set when the planner is constructed.
[move_group-3] [INFO] [1791532017.497823022] [moveit_move_group_default_capabilities.move_action_capability]: Motion plan was computed successfully.
[move_group-3] [INFO] [1791532017.499343523] [moveit_move_group_default_capabilities.move_action_capability]: Received request
[move_group-3] [INFO] [1791532017.499388802] [moveit_move_group_default_capabilities.move_action_capability]: executing..
[move_group-3] [INFO] [1791532017.519474243] [moveit_move_group_default_capabilities.move_action_capability]: Planning request received for MoveGroup action. Forwarding to planning pipeline.
[move_group-3] [INFO] [1791532017.519905666] [moveit.ompl_planning.model_based_planning_context]: Planner configuration 'right_arm[RRTConnectkConfigDefault]' will use planner 'geometric::RRTConnect'. Additional configuration parameters will be set when the planner is constructed.
[move_group-3] [INFO] [1791532017.568086321] [moveit_move_group_default_capabilities.move_action_capability]: Motion plan was computed successfully.
[move_group-3] [INFO] [1791532017.569150363] [moveit_move_group_default_capabilities.move_action_capability]: Received request
[move_group-3] [INFO] [1791532017.569218631] [moveit_move_group_default_capabilities.move_action_capability]: executing..
[move_group-3] [INFO] [1791532017.578574412] [moveit_move_group_default_capabilities.move_action_capability]: Planning request received for MoveGroup action. Forwarding to planning pipeline.
[move_group-3] [INFO] [1791532017.579028540] [moveit.ompl_planning.model_based_planning_context]: Planner configuration 'right_arm[RRTConnectkConfigDefault]' will use planner 'geometric::RRTConnect'. Additional configuration parameters will be set when the planner is constructed.
[move_group-3] [ERROR] [1791532017.642068678] [moveit.ros_planning.planning_pipeline]: Computed path is not valid. Invalid states at index locations: [ 104 105 ] out of 112. Explanations follow in command line. Contacts are published on /display_contacts
[move_group-3] [INFO] [1791532017.642110480] [moveit_collision_detection_fcl.collision_common]: Found a contact between 'task26_cube_1' (type 'Object') and 'right_fr3_side_suction' (type 'Robot link'), which constitutes a collision. Contact information is not stored.
[move_group-3] [INFO] [1791532017.642116063] [moveit_collision_detection_fcl.collision_common]: Collision checking is considered complete (collision was found and 0 contacts are stored)
[move_group-3] [INFO] [1791532017.642261654] [moveit_collision_detection_fcl.collision_common]: Found a contact between 'task26_cube_1' (type 'Object') and 'right_fr3_side_suction' (type 'Robot link'), which constitutes a collision. Contact information is not stored.
[move_group-3] [INFO] [1791532017.642266742] [moveit_collision_detection_fcl.collision_common]: Collision checking is considered complete (collision was found and 0 contacts are stored)
[move_group-3] [ERROR] [1791532017.642318943] [moveit.ros_planning.planning_pipeline]: Completed listing of explanations for invalid states.
[move_group-3] [INFO] [1791532017.642461637] [moveit_move_group_default_capabilities.move_action_capability]: Motion plan was found but it seems to be invalid (possibly due to postprocessing). Not executing.
[move_group-3] [INFO] [1791532017.643841706] [moveit_move_group_default_capabilities.move_action_capability]: Received request
[move_group-3] [INFO] [1791532017.643903519] [moveit_move_group_default_capabilities.move_action_capability]: executing..
[move_group-3] [INFO] [1791532017.645552820] [moveit_move_group_default_capabilities.move_action_capability]: Planning request received for MoveGroup action. Forwarding to planning pipeline.
[move_group-3] [INFO] [1791532017.646075694] [moveit.ompl_planning.model_based_planning_context]: Planner configuration 'right_arm[RRTConnectkConfigDefault]' will use planner 'geometric::RRTConnect'. Additional configuration parameters will be set when the planner is constructed.
[move_group-3] [INFO] [1791532017.708163200] [moveit_move_group_default_capabilities.move_action_capability]: Motion plan was computed successfully.
[move_group-3] [INFO] [1791532017.709207005] [moveit_move_group_default_capabilities.move_action_capability]: Received request
[move_group-3] [INFO] [1791532017.709253382] [moveit_move_group_default_capabilities.move_action_capability]: executing..
[move_group-3] [INFO] [1791532017.719509258] [moveit_move_group_default_capabilities.move_action_capability]: Planning request received for MoveGroup action. Forwarding to planning pipeline.
[move_group-3] [INFO] [1791532017.719962238] [moveit.ompl_planning.model_based_planning_context]: Planner configuration 'right_arm[RRTConnectkConfigDefault]' will use planner 'geometric::RRTConnect'. Additional configuration parameters will be set when the planner is constructed.
[move_group-3] [INFO] [1791532017.770335430] [moveit_move_group_default_capabilities.move_action_capability]: Motion plan was computed successfully.
[move_group-3] [INFO] [1791532017.771687011] [moveit_move_group_default_capabilities.move_action_capability]: Received request
[move_group-3] [INFO] [1791532017.771755403] [moveit_move_group_default_capabilities.move_action_capability]: executing..
[move_group-3] [INFO] [1791532017.778493127] [moveit_move_group_default_capabilities.move_action_capability]: Planning request received for MoveGroup action. Forwarding to planning pipeline.
[move_group-3] [INFO] [1791532017.779057218] [moveit.ompl_planning.model_based_planning_context]: Planner configuration 'right_arm[RRTConnectkConfigDefault]' will use planner 'geometric::RRTConnect'. Additional configuration parameters will be set when the planner is constructed.
[move_group-3] [INFO] [1791532017.811878745] [moveit_move_group_default_capabilities.move_action_capability]: Motion plan was computed successfully.
[move_group-3] [INFO] [1791532017.813662088] [moveit_move_group_default_capabilities.move_action_capability]: Received request
[move_group-3] [INFO] [1791532017.813728791] [moveit_move_group_default_capabilities.move_action_capability]: executing..
[move_group-3] [INFO] [1791532017.819924238] [moveit_move_group_default_capabilities.move_action_capability]: Planning request received for MoveGroup action. Forwarding to planning pipeline.
[move_group-3] [INFO] [1791532017.820360377] [moveit.ompl_planning.model_based_planning_context]: Planner configuration 'right_arm[RRTConnectkConfigDefault]' will use planner 'geometric::RRTConnect'. Additional configuration parameters will be set when the planner is constructed.
[move_group-3] [INFO] [1791532017.866999355] [moveit_move_group_default_capabilities.move_action_capability]: Motion plan was computed successfully.
[move_group-3] [INFO] [1791532017.868670963] [moveit_move_group_default_capabilities.move_action_capability]: Received request
[move_group-3] [INFO] [1791532017.868752322] [moveit_move_group_default_capabilities.move_action_capability]: executing..
[move_group-3] [INFO] [1791532017.870379324] [moveit_move_group_default_capabilities.move_action_capability]: Planning request received for MoveGroup action. Forwarding to planning pipeline.
[move_group-3] [INFO] [1791532017.871275287] [moveit.ompl_planning.model_based_planning_context]: Planner configuration 'right_arm[RRTConnectkConfigDefault]' will use planner 'geometric::RRTConnect'. Additional configuration parameters will be set when the planner is constructed.
[move_group-3] [INFO] [1791532017.904682556] [moveit_move_group_default_capabilities.move_action_capability]: Motion plan was computed successfully.
[move_group-3] [INFO] [1791532017.905610535] [moveit_move_group_default_capabilities.move_action_capability]: Received request
[move_group-3] [INFO] [1791532017.905662814] [moveit_move_group_default_capabilities.move_action_capability]: executing..
[move_group-3] [INFO] [1791532017.919530112] [moveit_move_group_default_capabilities.move_action_capability]: Planning request received for MoveGroup action. Forwarding to planning pipeline.
[move_group-3] [INFO] [1791532017.919998706] [moveit.ompl_planning.model_based_planning_context]: Planner configuration 'right_arm[RRTConnectkConfigDefault]' will use planner 'geometric::RRTConnect'. Additional configuration parameters will be set when the planner is constructed.
[move_group-3] [INFO] [1791532017.964703603] [moveit_move_group_default_capabilities.move_action_capability]: Motion plan was computed successfully.
[move_group-3] [INFO] [1791532017.965960652] [moveit_move_group_default_capabilities.move_action_capability]: Received request
[move_group-3] [INFO] [1791532017.966026140] [moveit_move_group_default_capabilities.move_action_capability]: executing..
[move_group-3] [INFO] [1791532017.969791700] [moveit_move_group_default_capabilities.move_action_capability]: Planning request received for MoveGroup action. Forwarding to planning pipeline.
[move_group-3] [INFO] [1791532017.970296355] [moveit.ompl_planning.model_based_planning_context]: Planner configuration 'right_arm[RRTConnectkConfigDefault]' will use planner 'geometric::RRTConnect'. Additional configuration parameters will be set when the planner is constructed.
[move_group-3] [INFO] [1791532018.015376985] [moveit_move_group_default_capabilities.move_action_capability]: Motion plan was computed successfully.
[move_group-3] [INFO] [1791532018.016756909] [moveit_move_group_default_capabilities.move_action_capability]: Received request
[move_group-3] [INFO] [1791532018.016822048] [moveit_move_group_default_capabilities.move_action_capability]: executing..
[move_group-3] [INFO] [1791532018.019428121] [moveit_move_group_default_capabilities.move_action_capability]: Planning request received for MoveGroup action. Forwarding to planning pipeline.
[move_group-3] [INFO] [1791532018.019937960] [moveit.ompl_planning.model_based_planning_context]: Planner configuration 'right_arm[RRTConnectkConfigDefault]' will use planner 'geometric::RRTConnect'. Additional configuration parameters will be set when the planner is constructed.
[move_group-3] [INFO] [1791532018.075174769] [moveit_move_group_default_capabilities.move_action_capability]: Motion plan was computed successfully.
[move_group-3] [INFO] [1791532018.075928791] [moveit_move_group_default_capabilities.move_action_capability]: Received request
[move_group-3] [INFO] [1791532018.075979467] [moveit_move_group_default_capabilities.move_action_capability]: executing..
[move_group-3] [INFO] [1791532018.079024633] [moveit_move_group_default_capabilities.move_action_capability]: Planning request received for MoveGroup action. Forwarding to planning pipeline.
[move_group-3] [INFO] [1791532018.079529479] [moveit.ompl_planning.model_based_planning_context]: Planner configuration 'right_arm[RRTConnectkConfigDefault]' will use planner 'geometric::RRTConnect'. Additional configuration parameters will be set when the planner is constructed.
[move_group-3] [ERROR] [1791532018.137424921] [moveit.ros_planning.planning_pipeline]: Computed path is not valid. Invalid states at index locations: [ 34 35 ] out of 89. Explanations follow in command line. Contacts are published on /display_contacts
[move_group-3] [INFO] [1791532018.137467759] [moveit_collision_detection_fcl.collision_common]: Found a contact between 'task26_cube_1' (type 'Object') and 'right_fr3_side_suction' (type 'Robot link'), which constitutes a collision. Contact information is not stored.
[move_group-3] [INFO] [1791532018.137473353] [moveit_collision_detection_fcl.collision_common]: Collision checking is considered complete (collision was found and 0 contacts are stored)
[move_group-3] [INFO] [1791532018.137600406] [moveit_collision_detection_fcl.collision_common]: Found a contact between 'task26_cube_1' (type 'Object') and 'right_fr3_side_suction' (type 'Robot link'), which constitutes a collision. Contact information is not stored.
[move_group-3] [INFO] [1791532018.137605283] [moveit_collision_detection_fcl.collision_common]: Collision checking is considered complete (collision was found and 0 contacts are stored)
[move_group-3] [ERROR] [1791532018.137662327] [moveit.ros_planning.planning_pipeline]: Completed listing of explanations for invalid states.
[move_group-3] [INFO] [1791532018.137784567] [moveit_move_group_default_capabilities.move_action_capability]: Motion plan was found but it seems to be invalid (possibly due to postprocessing). Not executing.
[move_group-3] [INFO] [1791532018.138985192] [moveit_move_group_default_capabilities.move_action_capability]: Received request
[move_group-3] [INFO] [1791532018.139065139] [moveit_move_group_default_capabilities.move_action_capability]: executing..
[move_group-3] [INFO] [1791532018.145602764] [moveit_move_group_default_capabilities.move_action_capability]: Planning request received for MoveGroup action. Forwarding to planning pipeline.
[move_group-3] [INFO] [1791532018.146104660] [moveit.ompl_planning.model_based_planning_context]: Planner configuration 'right_arm[RRTConnectkConfigDefault]' will use planner 'geometric::RRTConnect'. Additional configuration parameters will be set when the planner is constructed.
[move_group-3] [INFO] [1791532018.183855245] [moveit_move_group_default_capabilities.move_action_capability]: Motion plan was computed successfully.
[move_group-3] [INFO] [1791532018.469357182] [moveit_move_group_default_capabilities.cartersian_path_service_capability]: Received request to compute Cartesian path
[move_group-3] [INFO] [1791532018.469431905] [moveit_move_group_default_capabilities.cartersian_path_service_capability]: Attempting to follow 1 waypoints for link 'right_fr3_side_suction_tcp' using a step of 0.002000 m and jump threshold 0.000000 (in global reference frame)
[move_group-3] [INFO] [1791532018.473090414] [moveit_move_group_default_capabilities.cartersian_path_service_capability]: Computed Cartesian path with 21 points (followed 100.000000% of requested trajectory)
[move_group-3] [INFO] [1791532018.479086854] [moveit_move_group_default_capabilities.cartersian_path_service_capability]: Received request to compute Cartesian path
[move_group-3] [INFO] [1791532018.479149038] [moveit_move_group_default_capabilities.cartersian_path_service_capability]: Attempting to follow 1 waypoints for link 'left_fr3_side_suction_tcp' using a step of 0.002000 m and jump threshold 0.000000 (in global reference frame)
[move_group-3] [INFO] [1791532018.501550169] [moveit_move_group_default_capabilities.cartersian_path_service_capability]: Computed Cartesian path with 141 points (followed 100.000000% of requested trajectory)
[move_group-3] [INFO] [1791532018.519560895] [moveit_move_group_default_capabilities.cartersian_path_service_capability]: Received request to compute Cartesian path
[move_group-3] [INFO] [1791532018.519627681] [moveit_move_group_default_capabilities.cartersian_path_service_capability]: Attempting to follow 1 waypoints for link 'right_fr3_side_suction_tcp' using a step of 0.002000 m and jump threshold 0.000000 (in global reference frame)
[move_group-3] [INFO] [1791532018.539510754] [moveit_move_group_default_capabilities.cartersian_path_service_capability]: Computed Cartesian path with 141 points (followed 100.000000% of requested trajectory)
[move_group-3] [INFO] [1791532018.569470803] [moveit_move_group_default_capabilities.cartersian_path_service_capability]: Received request to compute Cartesian path
[move_group-3] [INFO] [1791532018.569561816] [moveit_move_group_default_capabilities.cartersian_path_service_capability]: Attempting to follow 1 waypoints for link 'left_fr3_side_suction_tcp' using a step of 0.002000 m and jump threshold 0.000000 (in global reference frame)
[move_group-3] [INFO] [1791532018.585214687] [moveit_move_group_default_capabilities.cartersian_path_service_capability]: Computed Cartesian path with 136 points (followed 100.000000% of requested trajectory)
[move_group-3] [INFO] [1791532018.595717034] [moveit_move_group_default_capabilities.cartersian_path_service_capability]: Received request to compute Cartesian path
[move_group-3] [INFO] [1791532018.595797202] [moveit_move_group_default_capabilities.cartersian_path_service_capability]: Attempting to follow 1 waypoints for link 'right_fr3_side_suction_tcp' using a step of 0.002000 m and jump threshold 0.000000 (in global reference frame)
[move_group-3] [INFO] [1791532018.617568397] [moveit_move_group_default_capabilities.cartersian_path_service_capability]: Computed Cartesian path with 136 points (followed 100.000000% of requested trajectory)
[move_group-3] [INFO] [1791532018.645831333] [moveit_move_group_default_capabilities.cartersian_path_service_capability]: Received request to compute Cartesian path
[move_group-3] [INFO] [1791532018.645935263] [moveit_move_group_default_capabilities.cartersian_path_service_capability]: Attempting to follow 1 waypoints for link 'left_fr3_side_suction_tcp' using a step of 0.002000 m and jump threshold 0.000000 (in global reference frame)
[move_group-3] [INFO] [1791532018.649517924] [moveit_move_group_default_capabilities.cartersian_path_service_capability]: Computed Cartesian path with 32 points (followed 100.000000% of requested trajectory)
[move_group-3] [INFO] [1791532018.669465979] [moveit_move_group_default_capabilities.cartersian_path_service_capability]: Received request to compute Cartesian path
[move_group-3] [INFO] [1791532018.669533892] [moveit_move_group_default_capabilities.cartersian_path_service_capability]: Attempting to follow 1 waypoints for link 'right_fr3_side_suction_tcp' using a step of 0.002000 m and jump threshold 0.000000 (in global reference frame)
[move_group-3] [INFO] [1791532018.673375748] [moveit_move_group_default_capabilities.cartersian_path_service_capability]: Computed Cartesian path with 31 points (followed 100.000000% of requested trajectory)
[move_group-3] [INFO] [1791532018.678990003] [moveit_move_group_default_capabilities.cartersian_path_service_capability]: Received request to compute Cartesian path
[move_group-3] [INFO] [1791532018.679048672] [moveit_move_group_default_capabilities.cartersian_path_service_capability]: Attempting to follow 1 waypoints for link 'left_fr3_side_suction_tcp' using a step of 0.002000 m and jump threshold 0.000000 (in global reference frame)
[move_group-3] [INFO] [1791532018.696120843] [moveit_move_group_default_capabilities.cartersian_path_service_capability]: Computed Cartesian path with 131 points (followed 100.000000% of requested trajectory)
[move_group-3] [INFO] [1791532018.719880486] [moveit_move_group_default_capabilities.cartersian_path_service_capability]: Received request to compute Cartesian path
[move_group-3] [INFO] [1791532018.719954536] [moveit_move_group_default_capabilities.cartersian_path_service_capability]: Attempting to follow 1 waypoints for link 'right_fr3_side_suction_tcp' using a step of 0.002000 m and jump threshold 0.000000 (in global reference frame)
[move_group-3] [INFO] [1791532018.735482076] [moveit_move_group_default_capabilities.cartersian_path_service_capability]: Computed Cartesian path with 132 points (followed 100.000000% of requested trajectory)
[move_group-3] [INFO] [1791532018.769432324] [moveit_move_group_default_capabilities.cartersian_path_service_capability]: Received request to compute Cartesian path
[move_group-3] [INFO] [1791532018.769500061] [moveit_move_group_default_capabilities.cartersian_path_service_capability]: Attempting to follow 1 waypoints for link 'left_fr3_side_suction_tcp' using a step of 0.002000 m and jump threshold 0.000000 (in global reference frame)
[move_group-3] [INFO] [1791532018.770850432] [moveit_move_group_default_capabilities.cartersian_path_service_capability]: Computed Cartesian path with 12 points (followed 100.000000% of requested trajectory)
[move_group-3] [INFO] [1791532018.778920207] [moveit_move_group_default_capabilities.cartersian_path_service_capability]: Received request to compute Cartesian path
[move_group-3] [INFO] [1791532018.778980986] [moveit_move_group_default_capabilities.cartersian_path_service_capability]: Attempting to follow 1 waypoints for link 'right_fr3_side_suction_tcp' using a step of 0.002000 m and jump threshold 0.000000 (in global reference frame)
[move_group-3] [INFO] [1791532018.780130363] [moveit_move_group_default_capabilities.cartersian_path_service_capability]: Computed Cartesian path with 11 points (followed 100.000000% of requested trajectory)
[move_group-3] [INFO] [1791532018.795787937] [moveit_move_group_default_capabilities.cartersian_path_service_capability]: Received request to compute Cartesian path
[move_group-3] [INFO] [1791532018.795873799] [moveit_move_group_default_capabilities.cartersian_path_service_capability]: Attempting to follow 1 waypoints for link 'left_fr3_side_suction_tcp' using a step of 0.002000 m and jump threshold 0.000000 (in global reference frame)
[move_group-3] [INFO] [1791532018.850737452] [moveit_move_group_default_capabilities.cartersian_path_service_capability]: Computed Cartesian path with 220 points (followed 100.000000% of requested trajectory)
[move_group-3] [INFO] [1791532018.869489911] [moveit_move_group_default_capabilities.cartersian_path_service_capability]: Received request to compute Cartesian path
[move_group-3] [INFO] [1791532018.869564076] [moveit_move_group_default_capabilities.cartersian_path_service_capability]: Attempting to follow 1 waypoints for link 'right_fr3_side_suction_tcp' using a step of 0.002000 m and jump threshold 0.000000 (in global reference frame)
[move_group-3] [INFO] [1791532018.889665408] [moveit_move_group_default_capabilities.cartersian_path_service_capability]: Computed Cartesian path with 141 points (followed 100.000000% of requested trajectory)
[move_group-3] [INFO] [1791532018.919558740] [moveit_move_group_default_capabilities.cartersian_path_service_capability]: Received request to compute Cartesian path
[move_group-3] [INFO] [1791532018.919611653] [moveit_move_group_default_capabilities.cartersian_path_service_capability]: Attempting to follow 1 waypoints for link 'left_fr3_side_suction_tcp' using a step of 0.002000 m and jump threshold 0.000000 (in global reference frame)
[move_group-3] [INFO] [1791532018.919683754] [moveit_move_group_default_capabilities.cartersian_path_service_capability]: Computed Cartesian path with 2 points (followed 100.000000% of requested trajectory)
[move_group-3] [INFO] [1791532018.929031228] [moveit_move_group_default_capabilities.cartersian_path_service_capability]: Received request to compute Cartesian path
[move_group-3] [INFO] [1791532018.929093654] [moveit_move_group_default_capabilities.cartersian_path_service_capability]: Attempting to follow 1 waypoints for link 'right_fr3_side_suction_tcp' using a step of 0.002000 m and jump threshold 0.000000 (in global reference frame)
[move_group-3] [INFO] [1791532018.939310158] [moveit_move_group_default_capabilities.cartersian_path_service_capability]: Computed Cartesian path with 97 points (followed 100.000000% of requested trajectory)
[move_group-3] [INFO] [1791532019.219860020] [moveit_move_group_default_capabilities.move_action_capability]: Received request
[move_group-3] [INFO] [1791532019.219955954] [moveit_move_group_default_capabilities.move_action_capability]: executing..
[move_group-3] [INFO] [1791532019.229020867] [moveit_move_group_default_capabilities.move_action_capability]: Planning request received for MoveGroup action. Forwarding to planning pipeline.
[move_group-3] [INFO] [1791532019.229616956] [moveit.ompl_planning.model_based_planning_context]: Planner configuration 'right_arm[RRTConnectkConfigDefault]' will use planner 'geometric::RRTConnect'. Additional configuration parameters will be set when the planner is constructed.
[move_group-3] [INFO] [1791532019.303316904] [moveit_move_group_default_capabilities.move_action_capability]: Motion plan was computed successfully.
[move_group-3] [INFO] [1791532019.304110576] [moveit_move_group_default_capabilities.move_action_capability]: Received request
[move_group-3] [INFO] [1791532019.304153120] [moveit_move_group_default_capabilities.move_action_capability]: executing..
[move_group-3] [INFO] [1791532019.319618661] [moveit_move_group_default_capabilities.move_action_capability]: Planning request received for MoveGroup action. Forwarding to planning pipeline.
[move_group-3] [INFO] [1791532019.320124025] [moveit.ompl_planning.model_based_planning_context]: Planner configuration 'right_arm[RRTConnectkConfigDefault]' will use planner 'geometric::RRTConnect'. Additional configuration parameters will be set when the planner is constructed.
[move_group-3] [INFO] [1791532019.372823687] [moveit_move_group_default_capabilities.move_action_capability]: Motion plan was computed successfully.
[move_group-3] [INFO] [1791532019.373888132] [moveit_move_group_default_capabilities.move_action_capability]: Received request
[move_group-3] [INFO] [1791532019.373933622] [moveit_move_group_default_capabilities.move_action_capability]: executing..
[move_group-3] [INFO] [1791532019.379233167] [moveit_move_group_default_capabilities.move_action_capability]: Planning request received for MoveGroup action. Forwarding to planning pipeline.
[move_group-3] [INFO] [1791532019.379820527] [moveit.ompl_planning.model_based_planning_context]: Planner configuration 'right_arm[RRTConnectkConfigDefault]' will use planner 'geometric::RRTConnect'. Additional configuration parameters will be set when the planner is constructed.
[move_group-3] [ERROR] [1791532019.481105868] [moveit.ros_planning.planning_pipeline]: Computed path is not valid. Invalid states at index locations: [ 97 98 99 100 ] out of 102. Explanations follow in command line. Contacts are published on /display_contacts
[move_group-3] [INFO] [1791532019.481156456] [moveit_collision_detection_fcl.collision_common]: Found a contact between 'task26_cube_1' (type 'Object') and 'right_fr3_side_suction' (type 'Robot link'), which constitutes a collision. Contact information is not stored.
[move_group-3] [INFO] [1791532019.481165566] [moveit_collision_detection_fcl.collision_common]: Collision checking is considered complete (collision was found and 0 contacts are stored)
[move_group-3] [INFO] [1791532019.481364427] [moveit_collision_detection_fcl.collision_common]: Found a contact between 'task26_cube_1' (type 'Object') and 'right_fr3_side_suction' (type 'Robot link'), which constitutes a collision. Contact information is not stored.
[move_group-3] [INFO] [1791532019.481372618] [moveit_collision_detection_fcl.collision_common]: Collision checking is considered complete (collision was found and 0 contacts are stored)
[move_group-3] [INFO] [1791532019.481483347] [moveit_collision_detection_fcl.collision_common]: Found a contact between 'task26_cube_1' (type 'Object') and 'right_fr3_side_suction' (type 'Robot link'), which constitutes a collision. Contact information is not stored.
[move_group-3] [INFO] [1791532019.481490266] [moveit_collision_detection_fcl.collision_common]: Collision checking is considered complete (collision was found and 0 contacts are stored)
[move_group-3] [INFO] [1791532019.481574119] [moveit_collision_detection_fcl.collision_common]: Found a contact between 'task26_cube_1' (type 'Object') and 'right_fr3_side_suction' (type 'Robot link'), which constitutes a collision. Contact information is not stored.
[move_group-3] [INFO] [1791532019.481579642] [moveit_collision_detection_fcl.collision_common]: Collision checking is considered complete (collision was found and 0 contacts are stored)
[move_group-3] [ERROR] [1791532019.481652946] [moveit.ros_planning.planning_pipeline]: Completed listing of explanations for invalid states.
[move_group-3] [INFO] [1791532019.481875123] [moveit_move_group_default_capabilities.move_action_capability]: Motion plan was found but it seems to be invalid (possibly due to postprocessing). Not executing.
[move_group-3] [INFO] [1791532019.483381025] [moveit_move_group_default_capabilities.move_action_capability]: Received request
[move_group-3] [INFO] [1791532019.483441906] [moveit_move_group_default_capabilities.move_action_capability]: executing..
[move_group-3] [INFO] [1791532019.496565217] [moveit_move_group_default_capabilities.move_action_capability]: Planning request received for MoveGroup action. Forwarding to planning pipeline.
[move_group-3] [INFO] [1791532019.497093226] [moveit.ompl_planning.model_based_planning_context]: Planner configuration 'right_arm[RRTConnectkConfigDefault]' will use planner 'geometric::RRTConnect'. Additional configuration parameters will be set when the planner is constructed.
[move_group-3] [INFO] [1791532019.564433067] [moveit_move_group_default_capabilities.move_action_capability]: Motion plan was computed successfully.
[move_group-3] [INFO] [1791532019.566031811] [moveit_move_group_default_capabilities.move_action_capability]: Received request
[move_group-3] [INFO] [1791532019.566105731] [moveit_move_group_default_capabilities.move_action_capability]: executing..
[move_group-3] [INFO] [1791532019.570299323] [moveit_move_group_default_capabilities.move_action_capability]: Planning request received for MoveGroup action. Forwarding to planning pipeline.
[move_group-3] [INFO] [1791532019.570771647] [moveit.ompl_planning.model_based_planning_context]: Planner configuration 'right_arm[RRTConnectkConfigDefault]' will use planner 'geometric::RRTConnect'. Additional configuration parameters will be set when the planner is constructed.
[move_group-3] [INFO] [1791532019.649098237] [moveit_move_group_default_capabilities.move_action_capability]: Motion plan was computed successfully.
[move_group-3] [INFO] [1791532019.650414091] [moveit_move_group_default_capabilities.move_action_capability]: Received request
[move_group-3] [INFO] [1791532019.650465897] [moveit_move_group_default_capabilities.move_action_capability]: executing..
[move_group-3] [INFO] [1791532019.670035052] [moveit_move_group_default_capabilities.move_action_capability]: Planning request received for MoveGroup action. Forwarding to planning pipeline.
[move_group-3] [INFO] [1791532019.670494395] [moveit.ompl_planning.model_based_planning_context]: Planner configuration 'right_arm[RRTConnectkConfigDefault]' will use planner 'geometric::RRTConnect'. Additional configuration parameters will be set when the planner is constructed.
[move_group-3] [INFO] [1791532019.740285762] [moveit_move_group_default_capabilities.move_action_capability]: Motion plan was computed successfully.
[move_group-3] [INFO] [1791532019.740955667] [moveit_move_group_default_capabilities.move_action_capability]: Received request
[move_group-3] [INFO] [1791532019.741002441] [moveit_move_group_default_capabilities.move_action_capability]: executing..
[move_group-3] [INFO] [1791532019.746594915] [moveit_move_group_default_capabilities.move_action_capability]: Planning request received for MoveGroup action. Forwarding to planning pipeline.
[move_group-3] [INFO] [1791532019.747077139] [moveit.ompl_planning.model_based_planning_context]: Planner configuration 'right_arm[RRTConnectkConfigDefault]' will use planner 'geometric::RRTConnect'. Additional configuration parameters will be set when the planner is constructed.
[move_group-3] [ERROR] [1791532019.823112043] [moveit.ros_planning.planning_pipeline]: Computed path is not valid. Invalid states at index locations: [ 94 95 96 97 ] out of 99. Explanations follow in command line. Contacts are published on /display_contacts
[move_group-3] [INFO] [1791532019.823159141] [moveit_collision_detection_fcl.collision_common]: Found a contact between 'task26_cube_1' (type 'Object') and 'right_fr3_side_suction' (type 'Robot link'), which constitutes a collision. Contact information is not stored.
[move_group-3] [INFO] [1791532019.823164718] [moveit_collision_detection_fcl.collision_common]: Collision checking is considered complete (collision was found and 0 contacts are stored)
[move_group-3] [INFO] [1791532019.823311935] [moveit_collision_detection_fcl.collision_common]: Found a contact between 'task26_cube_1' (type 'Object') and 'right_fr3_side_suction' (type 'Robot link'), which constitutes a collision. Contact information is not stored.
[move_group-3] [INFO] [1791532019.823317702] [moveit_collision_detection_fcl.collision_common]: Collision checking is considered complete (collision was found and 0 contacts are stored)
[move_group-3] [INFO] [1791532019.823399459] [moveit_collision_detection_fcl.collision_common]: Found a contact between 'task26_cube_1' (type 'Object') and 'right_fr3_side_suction' (type 'Robot link'), which constitutes a collision. Contact information is not stored.
[move_group-3] [INFO] [1791532019.823403865] [moveit_collision_detection_fcl.collision_common]: Collision checking is considered complete (collision was found and 0 contacts are stored)
[move_group-3] [INFO] [1791532019.823479731] [moveit_collision_detection_fcl.collision_common]: Found a contact between 'task26_cube_1' (type 'Object') and 'right_fr3_side_suction' (type 'Robot link'), which constitutes a collision. Contact information is not stored.
[move_group-3] [INFO] [1791532019.823485904] [moveit_collision_detection_fcl.collision_common]: Collision checking is considered complete (collision was found and 0 contacts are stored)
[move_group-3] [ERROR] [1791532019.823538505] [moveit.ros_planning.planning_pipeline]: Completed listing of explanations for invalid states.
[move_group-3] [INFO] [1791532019.823717932] [moveit_move_group_default_capabilities.move_action_capability]: Motion plan was found but it seems to be invalid (possibly due to postprocessing). Not executing.
[move_group-3] [INFO] [1791532019.824282212] [moveit_move_group_default_capabilities.move_action_capability]: Received request
[move_group-3] [INFO] [1791532019.824320722] [moveit_move_group_default_capabilities.move_action_capability]: executing..
[move_group-3] [INFO] [1791532019.830676944] [moveit_move_group_default_capabilities.move_action_capability]: Planning request received for MoveGroup action. Forwarding to planning pipeline.
[move_group-3] [INFO] [1791532019.831138972] [moveit.ompl_planning.model_based_planning_context]: Planner configuration 'right_arm[RRTConnectkConfigDefault]' will use planner 'geometric::RRTConnect'. Additional configuration parameters will be set when the planner is constructed.
[move_group-3] [INFO] [1791532019.928277564] [moveit_move_group_default_capabilities.move_action_capability]: Motion plan was computed successfully.
[move_group-3] [INFO] [1791532019.929967316] [moveit_move_group_default_capabilities.move_action_capability]: Received request
[move_group-3] [INFO] [1791532019.930037188] [moveit_move_group_default_capabilities.move_action_capability]: executing..
[move_group-3] [INFO] [1791532019.946500249] [moveit_move_group_default_capabilities.move_action_capability]: Planning request received for MoveGroup action. Forwarding to planning pipeline.
[move_group-3] [INFO] [1791532019.946999442] [moveit.ompl_planning.model_based_planning_context]: Planner configuration 'right_arm[RRTConnectkConfigDefault]' will use planner 'geometric::RRTConnect'. Additional configuration parameters will be set when the planner is constructed.
[move_group-3] [INFO] [1791532020.042789171] [moveit_move_group_default_capabilities.move_action_capability]: Motion plan was computed successfully.
[move_group-3] [INFO] [1791532020.043630530] [moveit_move_group_default_capabilities.move_action_capability]: Received request
[move_group-3] [INFO] [1791532020.043686711] [moveit_move_group_default_capabilities.move_action_capability]: executing..
[move_group-3] [INFO] [1791532020.048370493] [moveit_move_group_default_capabilities.move_action_capability]: Planning request received for MoveGroup action. Forwarding to planning pipeline.
[move_group-3] [INFO] [1791532020.048829760] [moveit.ompl_planning.model_based_planning_context]: Planner configuration 'right_arm[RRTConnectkConfigDefault]' will use planner 'geometric::RRTConnect'. Additional configuration parameters will be set when the planner is constructed.
[move_group-3] [INFO] [1791532020.117757050] [moveit_move_group_default_capabilities.move_action_capability]: Motion plan was computed successfully.
[move_group-3] [INFO] [1791532020.119161062] [moveit_move_group_default_capabilities.move_action_capability]: Received request
[move_group-3] [INFO] [1791532020.119217932] [moveit_move_group_default_capabilities.move_action_capability]: executing..
[move_group-3] [INFO] [1791532020.120743834] [moveit_move_group_default_capabilities.move_action_capability]: Planning request received for MoveGroup action. Forwarding to planning pipeline.
[move_group-3] [INFO] [1791532020.121173269] [moveit.ompl_planning.model_based_planning_context]: Planner configuration 'right_arm[RRTConnectkConfigDefault]' will use planner 'geometric::RRTConnect'. Additional configuration parameters will be set when the planner is constructed.
[move_group-3] [INFO] [1791532020.217311900] [moveit_move_group_default_capabilities.move_action_capability]: Motion plan was computed successfully.
[move_group-3] [INFO] [1791532020.218814986] [moveit_move_group_default_capabilities.move_action_capability]: Received request
[move_group-3] [INFO] [1791532020.218871104] [moveit_move_group_default_capabilities.move_action_capability]: executing..
[move_group-3] [INFO] [1791532020.220856046] [moveit_move_group_default_capabilities.move_action_capability]: Planning request received for MoveGroup action. Forwarding to planning pipeline.
[move_group-3] [INFO] [1791532020.221326207] [moveit.ompl_planning.model_based_planning_context]: Planner configuration 'right_arm[RRTConnectkConfigDefault]' will use planner 'geometric::RRTConnect'. Additional configuration parameters will be set when the planner is constructed.
[move_group-3] [INFO] [1791532020.356558173] [moveit_move_group_default_capabilities.move_action_capability]: Motion plan was computed successfully.
[move_group-3] [INFO] [1791532020.357793693] [moveit_move_group_default_capabilities.move_action_capability]: Received request
[move_group-3] [INFO] [1791532020.357845663] [moveit_move_group_default_capabilities.move_action_capability]: executing..
[move_group-3] [INFO] [1791532020.370529621] [moveit_move_group_default_capabilities.move_action_capability]: Planning request received for MoveGroup action. Forwarding to planning pipeline.
[move_group-3] [INFO] [1791532020.370998015] [moveit.ompl_planning.model_based_planning_context]: Planner configuration 'right_arm[RRTConnectkConfigDefault]' will use planner 'geometric::RRTConnect'. Additional configuration parameters will be set when the planner is constructed.
[move_group-3] [INFO] [1791532020.435275343] [moveit_move_group_default_capabilities.move_action_capability]: Motion plan was computed successfully.
[move_group-3] [INFO] [1791532020.435894026] [moveit_move_group_default_capabilities.move_action_capability]: Received request
[move_group-3] [INFO] [1791532020.435949820] [moveit_move_group_default_capabilities.move_action_capability]: executing..
[move_group-3] [INFO] [1791532020.447111234] [moveit_move_group_default_capabilities.move_action_capability]: Planning request received for MoveGroup action. Forwarding to planning pipeline.
[move_group-3] [INFO] [1791532020.447658491] [moveit.ompl_planning.model_based_planning_context]: Planner configuration 'right_arm[RRTConnectkConfigDefault]' will use planner 'geometric::RRTConnect'. Additional configuration parameters will be set when the planner is constructed.
[move_group-3] [INFO] [1791532020.556076299] [moveit_move_group_default_capabilities.move_action_capability]: Motion plan was computed successfully.
[move_group-3] [INFO] [1791532020.559999259] [moveit_move_group_default_capabilities.move_action_capability]: Received request
[move_group-3] [INFO] [1791532020.560086364] [moveit_move_group_default_capabilities.move_action_capability]: executing..
[move_group-3] [INFO] [1791532020.575448555] [moveit_move_group_default_capabilities.move_action_capability]: Planning request received for MoveGroup action. Forwarding to planning pipeline.
[move_group-3] [INFO] [1791532020.576084125] [moveit.ompl_planning.model_based_planning_context]: Planner configuration 'right_arm[RRTConnectkConfigDefault]' will use planner 'geometric::RRTConnect'. Additional configuration parameters will be set when the planner is constructed.
[move_group-3] [INFO] [1791532020.627472597] [moveit_move_group_default_capabilities.move_action_capability]: Motion plan was computed successfully.
[move_group-3] [INFO] [1791532020.628052953] [moveit_move_group_default_capabilities.move_action_capability]: Received request
[move_group-3] [INFO] [1791532020.628117128] [moveit_move_group_default_capabilities.move_action_capability]: executing..
[move_group-3] [INFO] [1791532020.634618291] [moveit_move_group_default_capabilities.move_action_capability]: Planning request received for MoveGroup action. Forwarding to planning pipeline.
[move_group-3] [INFO] [1791532020.635091639] [moveit.ompl_planning.model_based_planning_context]: Planner configuration 'right_arm[RRTConnectkConfigDefault]' will use planner 'geometric::RRTConnect'. Additional configuration parameters will be set when the planner is constructed.
[move_group-3] [INFO] [1791532020.685840914] [moveit_move_group_default_capabilities.move_action_capability]: Motion plan was computed successfully.
[move_group-3] [INFO] [1791532020.701680774] [moveit_move_group_default_capabilities.move_action_capability]: Received request
[move_group-3] [INFO] [1791532020.701775594] [moveit_move_group_default_capabilities.move_action_capability]: executing..
[move_group-3] [INFO] [1791532020.725654604] [moveit_move_group_default_capabilities.move_action_capability]: Planning request received for MoveGroup action. Forwarding to planning pipeline.
[move_group-3] [INFO] [1791532020.726105761] [moveit.ompl_planning.model_based_planning_context]: Planner configuration 'right_arm[RRTConnectkConfigDefault]' will use planner 'geometric::RRTConnect'. Additional configuration parameters will be set when the planner is constructed.
[move_group-3] [INFO] [1791532020.804888988] [moveit_move_group_default_capabilities.move_action_capability]: Motion plan was computed successfully.
[move_group-3] [INFO] [1791532020.805947936] [moveit_move_group_default_capabilities.move_action_capability]: Received request
[move_group-3] [INFO] [1791532020.805997618] [moveit_move_group_default_capabilities.move_action_capability]: executing..
[move_group-3] [INFO] [1791532020.825235526] [moveit_move_group_default_capabilities.move_action_capability]: Planning request received for MoveGroup action. Forwarding to planning pipeline.
[move_group-3] [INFO] [1791532020.825680180] [moveit.ompl_planning.model_based_planning_context]: Planner configuration 'right_arm[RRTConnectkConfigDefault]' will use planner 'geometric::RRTConnect'. Additional configuration parameters will be set when the planner is constructed.
[move_group-3] [INFO] [1791532020.873069893] [moveit_move_group_default_capabilities.move_action_capability]: Motion plan was computed successfully.
[move_group-3] [INFO] [1791532020.874451452] [moveit_move_group_default_capabilities.move_action_capability]: Received request
[move_group-3] [INFO] [1791532020.874502739] [moveit_move_group_default_capabilities.move_action_capability]: executing..
[move_group-3] [INFO] [1791532020.875430218] [moveit_move_group_default_capabilities.move_action_capability]: Planning request received for MoveGroup action. Forwarding to planning pipeline.
[move_group-3] [INFO] [1791532020.875884492] [moveit.ompl_planning.model_based_planning_context]: Planner configuration 'right_arm[RRTConnectkConfigDefault]' will use planner 'geometric::RRTConnect'. Additional configuration parameters will be set when the planner is constructed.
[move_group-3] [ERROR] [1791532020.977452548] [moveit.ros_planning.planning_pipeline]: Computed path is not valid. Invalid states at index locations: [ 91 92 93 94 ] out of 96. Explanations follow in command line. Contacts are published on /display_contacts
[move_group-3] [INFO] [1791532020.977494606] [moveit_collision_detection_fcl.collision_common]: Found a contact between 'task26_cube_1' (type 'Object') and 'right_fr3_side_suction' (type 'Robot link'), which constitutes a collision. Contact information is not stored.
[move_group-3] [INFO] [1791532020.977499948] [moveit_collision_detection_fcl.collision_common]: Collision checking is considered complete (collision was found and 0 contacts are stored)
[move_group-3] [INFO] [1791532020.977645406] [moveit_collision_detection_fcl.collision_common]: Found a contact between 'task26_cube_1' (type 'Object') and 'right_fr3_side_suction' (type 'Robot link'), which constitutes a collision. Contact information is not stored.
[move_group-3] [INFO] [1791532020.977651542] [moveit_collision_detection_fcl.collision_common]: Collision checking is considered complete (collision was found and 0 contacts are stored)
[move_group-3] [INFO] [1791532020.977732426] [moveit_collision_detection_fcl.collision_common]: Found a contact between 'task26_cube_1' (type 'Object') and 'right_fr3_side_suction' (type 'Robot link'), which constitutes a collision. Contact information is not stored.
[move_group-3] [INFO] [1791532020.977737879] [moveit_collision_detection_fcl.collision_common]: Collision checking is considered complete (collision was found and 0 contacts are stored)
[move_group-3] [INFO] [1791532020.977804170] [moveit_collision_detection_fcl.collision_common]: Found a contact between 'task26_cube_1' (type 'Object') and 'right_fr3_side_suction' (type 'Robot link'), which constitutes a collision. Contact information is not stored.
[move_group-3] [INFO] [1791532020.977809024] [moveit_collision_detection_fcl.collision_common]: Collision checking is considered complete (collision was found and 0 contacts are stored)
[move_group-3] [ERROR] [1791532020.977859425] [moveit.ros_planning.planning_pipeline]: Completed listing of explanations for invalid states.
[move_group-3] [INFO] [1791532020.978024943] [moveit_move_group_default_capabilities.move_action_capability]: Motion plan was found but it seems to be invalid (possibly due to postprocessing). Not executing.
[move_group-3] [INFO] [1791532020.978757973] [moveit_move_group_default_capabilities.move_action_capability]: Received request
[move_group-3] [INFO] [1791532020.978823999] [moveit_move_group_default_capabilities.move_action_capability]: executing..
[move_group-3] [INFO] [1791532020.984772040] [moveit_move_group_default_capabilities.move_action_capability]: Planning request received for MoveGroup action. Forwarding to planning pipeline.
[move_group-3] [INFO] [1791532020.985218445] [moveit.ompl_planning.model_based_planning_context]: Planner configuration 'right_arm[RRTConnectkConfigDefault]' will use planner 'geometric::RRTConnect'. Additional configuration parameters will be set when the planner is constructed.
[move_group-3] [ERROR] [1791532021.215592312] [moveit.ros_planning.planning_pipeline]: Computed path is not valid. Invalid states at index locations: [ 242 243 244 245 ] out of 253. Explanations follow in command line. Contacts are published on /display_contacts
[move_group-3] [INFO] [1791532021.215631511] [moveit_collision_detection_fcl.collision_common]: Found a contact between 'task26_cube_1' (type 'Object') and 'right_fr3_side_suction' (type 'Robot link'), which constitutes a collision. Contact information is not stored.
[move_group-3] [INFO] [1791532021.215637120] [moveit_collision_detection_fcl.collision_common]: Collision checking is considered complete (collision was found and 0 contacts are stored)
[move_group-3] [INFO] [1791532021.215881433] [moveit_collision_detection_fcl.collision_common]: Found a contact between 'task26_cube_1' (type 'Object') and 'right_fr3_side_suction' (type 'Robot link'), which constitutes a collision. Contact information is not stored.
[move_group-3] [INFO] [1791532021.215887186] [moveit_collision_detection_fcl.collision_common]: Collision checking is considered complete (collision was found and 0 contacts are stored)
[move_group-3] [INFO] [1791532021.215948651] [moveit_collision_detection_fcl.collision_common]: Found a contact between 'task26_cube_1' (type 'Object') and 'right_fr3_side_suction' (type 'Robot link'), which constitutes a collision. Contact information is not stored.
[move_group-3] [INFO] [1791532021.215952686] [moveit_collision_detection_fcl.collision_common]: Collision checking is considered complete (collision was found and 0 contacts are stored)
[move_group-3] [INFO] [1791532021.216008581] [moveit_collision_detection_fcl.collision_common]: Found a contact between 'task26_cube_1' (type 'Object') and 'right_fr3_side_suction' (type 'Robot link'), which constitutes a collision. Contact information is not stored.
[move_group-3] [INFO] [1791532021.216012258] [moveit_collision_detection_fcl.collision_common]: Collision checking is considered complete (collision was found and 0 contacts are stored)
[move_group-3] [ERROR] [1791532021.216059104] [moveit.ros_planning.planning_pipeline]: Completed listing of explanations for invalid states.
[move_group-3] [INFO] [1791532021.216407397] [moveit_move_group_default_capabilities.move_action_capability]: Motion plan was found but it seems to be invalid (possibly due to postprocessing). Not executing.
[move_group-3] [INFO] [1791532021.217924176] [moveit_move_group_default_capabilities.move_action_capability]: Received request
[move_group-3] [INFO] [1791532021.217990676] [moveit_move_group_default_capabilities.move_action_capability]: executing..
[move_group-3] [INFO] [1791532021.227438252] [moveit_move_group_default_capabilities.move_action_capability]: Planning request received for MoveGroup action. Forwarding to planning pipeline.
[move_group-3] [INFO] [1791532021.227912231] [moveit.ompl_planning.model_based_planning_context]: Planner configuration 'right_arm[RRTConnectkConfigDefault]' will use planner 'geometric::RRTConnect'. Additional configuration parameters will be set when the planner is constructed.
[move_group-3] [INFO] [1791532021.299475266] [moveit_move_group_default_capabilities.move_action_capability]: Motion plan was computed successfully.
[move_group-3] [INFO] [1791532021.299972982] [moveit_move_group_default_capabilities.move_action_capability]: Received request
[move_group-3] [INFO] [1791532021.300024017] [moveit_move_group_default_capabilities.move_action_capability]: executing..
[move_group-3] [INFO] [1791532021.303414255] [moveit_move_group_default_capabilities.move_action_capability]: Planning request received for MoveGroup action. Forwarding to planning pipeline.
[move_group-3] [INFO] [1791532021.303905852] [moveit.ompl_planning.model_based_planning_context]: Planner configuration 'right_arm[RRTConnectkConfigDefault]' will use planner 'geometric::RRTConnect'. Additional configuration parameters will be set when the planner is constructed.
[move_group-3] [INFO] [1791532021.357318767] [moveit_move_group_default_capabilities.move_action_capability]: Motion plan was computed successfully.
[move_group-3] [INFO] [1791532021.357923196] [moveit_move_group_default_capabilities.move_action_capability]: Received request
[move_group-3] [INFO] [1791532021.357964187] [moveit_move_group_default_capabilities.move_action_capability]: executing..
[move_group-3] [INFO] [1791532021.377208604] [moveit_move_group_default_capabilities.move_action_capability]: Planning request received for MoveGroup action. Forwarding to planning pipeline.
[move_group-3] [INFO] [1791532021.377680285] [moveit.ompl_planning.model_based_planning_context]: Planner configuration 'right_arm[RRTConnectkConfigDefault]' will use planner 'geometric::RRTConnect'. Additional configuration parameters will be set when the planner is constructed.
[move_group-3] [INFO] [1791532021.452103452] [moveit_move_group_default_capabilities.move_action_capability]: Motion plan was computed successfully.
[move_group-3] [INFO] [1791532021.452945981] [moveit_move_group_default_capabilities.move_action_capability]: Received request
[move_group-3] [INFO] [1791532021.453011600] [moveit_move_group_default_capabilities.move_action_capability]: executing..
[move_group-3] [INFO] [1791532021.453613183] [moveit_move_group_default_capabilities.move_action_capability]: Planning request received for MoveGroup action. Forwarding to planning pipeline.
[move_group-3] [INFO] [1791532021.454132175] [moveit.ompl_planning.model_based_planning_context]: Planner configuration 'right_arm[RRTConnectkConfigDefault]' will use planner 'geometric::RRTConnect'. Additional configuration parameters will be set when the planner is constructed.
[move_group-3] [INFO] [1791532021.509018238] [moveit_move_group_default_capabilities.move_action_capability]: Motion plan was computed successfully.
[move_group-3] [INFO] [1791532021.527643866] [moveit_move_group_default_capabilities.cartersian_path_service_capability]: Received request to compute Cartesian path
[move_group-3] [INFO] [1791532021.527721035] [moveit_move_group_default_capabilities.cartersian_path_service_capability]: Attempting to follow 1 waypoints for link 'left_fr3_side_suction_tcp' using a step of 0.002000 m and jump threshold 0.000000 (in global reference frame)
[move_group-3] [INFO] [1791532021.527792035] [moveit_move_group_default_capabilities.cartersian_path_service_capability]: Computed Cartesian path with 2 points (followed 100.000000% of requested trajectory)
[move_group-3] [INFO] [1791532021.536915072] [moveit_move_group_default_capabilities.cartersian_path_service_capability]: Received request to compute Cartesian path
[move_group-3] [INFO] [1791532021.537006830] [moveit_move_group_default_capabilities.cartersian_path_service_capability]: Attempting to follow 1 waypoints for link 'right_fr3_side_suction_tcp' using a step of 0.002000 m and jump threshold 0.000000 (in global reference frame)
[move_group-3] [INFO] [1791532021.564094209] [moveit_move_group_default_capabilities.cartersian_path_service_capability]: Computed Cartesian path with 156 points (followed 100.000000% of requested trajectory)
[move_group-3] [INFO] [1791532021.586876858] [moveit_move_group_default_capabilities.cartersian_path_service_capability]: Received request to compute Cartesian path
[move_group-3] [INFO] [1791532021.586970475] [moveit_move_group_default_capabilities.cartersian_path_service_capability]: Attempting to follow 1 waypoints for link 'left_fr3_side_suction_tcp' using a step of 0.002000 m and jump threshold 0.000000 (in global reference frame)
[move_group-3] [INFO] [1791532021.587068228] [moveit_move_group_default_capabilities.cartersian_path_service_capability]: Computed Cartesian path with 2 points (followed 100.000000% of requested trajectory)
[move_group-3] [INFO] [1791532021.603553007] [moveit_move_group_default_capabilities.cartersian_path_service_capability]: Received request to compute Cartesian path
[move_group-3] [INFO] [1791532021.603631386] [moveit_move_group_default_capabilities.cartersian_path_service_capability]: Attempting to follow 1 waypoints for link 'right_fr3_side_suction_tcp' using a step of 0.002000 m and jump threshold 0.000000 (in global reference frame)
[move_group-3] [INFO] [1791532021.628737220] [moveit_move_group_default_capabilities.cartersian_path_service_capability]: Computed Cartesian path with 156 points (followed 100.000000% of requested trajectory)
[move_group-3] [INFO] [1791532021.903739751] [moveit_move_group_default_capabilities.move_action_capability]: Received request
[move_group-3] [INFO] [1791532021.903821509] [moveit_move_group_default_capabilities.move_action_capability]: executing..
[move_group-3] [INFO] [1791532021.927362302] [moveit_move_group_default_capabilities.move_action_capability]: Planning request received for MoveGroup action. Forwarding to planning pipeline.
[move_group-3] [INFO] [1791532021.927808611] [moveit.ompl_planning.model_based_planning_context]: Planner configuration 'left_arm[RRTConnectkConfigDefault]' will use planner 'geometric::RRTConnect'. Additional configuration parameters will be set when the planner is constructed.
[move_group-3] [INFO] [1791532021.959430032] [moveit_move_group_default_capabilities.move_action_capability]: Motion plan was computed successfully.
[move_group-3] [INFO] [1791532021.960614222] [moveit_move_group_default_capabilities.move_action_capability]: Received request
[move_group-3] [INFO] [1791532021.960662897] [moveit_move_group_default_capabilities.move_action_capability]: executing..
[move_group-3] [INFO] [1791532021.977416349] [moveit_move_group_default_capabilities.move_action_capability]: Planning request received for MoveGroup action. Forwarding to planning pipeline.
[move_group-3] [INFO] [1791532021.977864599] [moveit.ompl_planning.model_based_planning_context]: Planner configuration 'left_arm[RRTConnectkConfigDefault]' will use planner 'geometric::RRTConnect'. Additional configuration parameters will be set when the planner is constructed.
[move_group-3] [INFO] [1791532022.021236225] [moveit_move_group_default_capabilities.move_action_capability]: Motion plan was computed successfully.
[move_group-3] [INFO] [1791532022.022775654] [moveit_move_group_default_capabilities.move_action_capability]: Received request
[move_group-3] [INFO] [1791532022.022838177] [moveit_move_group_default_capabilities.move_action_capability]: executing..
[move_group-3] [INFO] [1791532022.028537257] [moveit_move_group_default_capabilities.move_action_capability]: Planning request received for MoveGroup action. Forwarding to planning pipeline.
[move_group-3] [INFO] [1791532022.029021160] [moveit.ompl_planning.model_based_planning_context]: Planner configuration 'left_arm[RRTConnectkConfigDefault]' will use planner 'geometric::RRTConnect'. Additional configuration parameters will be set when the planner is constructed.
[move_group-3] [INFO] [1791532022.069470221] [moveit_move_group_default_capabilities.move_action_capability]: Motion plan was computed successfully.
[move_group-3] [INFO] [1791532022.070244803] [moveit_move_group_default_capabilities.move_action_capability]: Received request
[move_group-3] [INFO] [1791532022.070333836] [moveit_move_group_default_capabilities.move_action_capability]: executing..
[move_group-3] [INFO] [1791532022.078180723] [moveit_move_group_default_capabilities.move_action_capability]: Planning request received for MoveGroup action. Forwarding to planning pipeline.
[move_group-3] [INFO] [1791532022.078660585] [moveit.ompl_planning.model_based_planning_context]: Planner configuration 'left_arm[RRTConnectkConfigDefault]' will use planner 'geometric::RRTConnect'. Additional configuration parameters will be set when the planner is constructed.
[move_group-3] [INFO] [1791532022.119711964] [moveit_move_group_default_capabilities.move_action_capability]: Motion plan was computed successfully.
[move_group-3] [INFO] [1791532022.121003719] [moveit_move_group_default_capabilities.move_action_capability]: Received request
[move_group-3] [INFO] [1791532022.121072594] [moveit_move_group_default_capabilities.move_action_capability]: executing..
[move_group-3] [INFO] [1791532022.128136666] [moveit_move_group_default_capabilities.move_action_capability]: Planning request received for MoveGroup action. Forwarding to planning pipeline.
[move_group-3] [INFO] [1791532022.128564506] [moveit.ompl_planning.model_based_planning_context]: Planner configuration 'left_arm[RRTConnectkConfigDefault]' will use planner 'geometric::RRTConnect'. Additional configuration parameters will be set when the planner is constructed.
[move_group-3] [INFO] [1791532022.173594945] [moveit_move_group_default_capabilities.move_action_capability]: Motion plan was computed successfully.
[move_group-3] [INFO] [1791532022.174974259] [moveit_move_group_default_capabilities.move_action_capability]: Received request
[move_group-3] [INFO] [1791532022.175073754] [moveit_move_group_default_capabilities.move_action_capability]: executing..
[move_group-3] [INFO] [1791532022.177696744] [moveit_move_group_default_capabilities.move_action_capability]: Planning request received for MoveGroup action. Forwarding to planning pipeline.
[move_group-3] [INFO] [1791532022.178140276] [moveit.ompl_planning.model_based_planning_context]: Planner configuration 'left_arm[RRTConnectkConfigDefault]' will use planner 'geometric::RRTConnect'. Additional configuration parameters will be set when the planner is constructed.
[move_group-3] [INFO] [1791532022.216564122] [moveit_move_group_default_capabilities.move_action_capability]: Motion plan was computed successfully.
[move_group-3] [INFO] [1791532022.217263649] [moveit_move_group_default_capabilities.move_action_capability]: Received request
[move_group-3] [INFO] [1791532022.217308261] [moveit_move_group_default_capabilities.move_action_capability]: executing..
[move_group-3] [INFO] [1791532022.227817063] [moveit_move_group_default_capabilities.move_action_capability]: Planning request received for MoveGroup action. Forwarding to planning pipeline.
[move_group-3] [INFO] [1791532022.228285819] [moveit.ompl_planning.model_based_planning_context]: Planner configuration 'left_arm[RRTConnectkConfigDefault]' will use planner 'geometric::RRTConnect'. Additional configuration parameters will be set when the planner is constructed.
[move_group-3] [INFO] [1791532022.269555702] [moveit_move_group_default_capabilities.move_action_capability]: Motion plan was computed successfully.
[move_group-3] [INFO] [1791532022.270894153] [moveit_move_group_default_capabilities.move_action_capability]: Received request
[move_group-3] [INFO] [1791532022.270966332] [moveit_move_group_default_capabilities.move_action_capability]: executing..
[move_group-3] [INFO] [1791532022.278065001] [moveit_move_group_default_capabilities.move_action_capability]: Planning request received for MoveGroup action. Forwarding to planning pipeline.
[move_group-3] [INFO] [1791532022.278555530] [moveit.ompl_planning.model_based_planning_context]: Planner configuration 'left_arm[RRTConnectkConfigDefault]' will use planner 'geometric::RRTConnect'. Additional configuration parameters will be set when the planner is constructed.
[move_group-3] [INFO] [1791532022.310848472] [moveit_move_group_default_capabilities.move_action_capability]: Motion plan was computed successfully.
[move_group-3] [INFO] [1791532022.337254402] [moveit_move_group_default_capabilities.cartersian_path_service_capability]: Received request to compute Cartesian path
[move_group-3] [INFO] [1791532022.337337147] [moveit_move_group_default_capabilities.cartersian_path_service_capability]: Attempting to follow 1 waypoints for link 'left_fr3_side_suction_tcp' using a step of 0.002000 m and jump threshold 0.000000 (in global reference frame)
[move_group-3] [INFO] [1791532022.354301724] [moveit_move_group_default_capabilities.cartersian_path_service_capability]: Computed Cartesian path with 101 points (followed 100.000000% of requested trajectory)
[move_group-3] [INFO] [1791532022.627791022] [moveit_move_group_default_capabilities.cartersian_path_service_capability]: Received request to compute Cartesian path
[move_group-3] [INFO] [1791532022.627869840] [moveit_move_group_default_capabilities.cartersian_path_service_capability]: Attempting to follow 1 waypoints for link 'left_fr3_side_suction_tcp' using a step of 0.002000 m and jump threshold 0.000000 (in global reference frame)
[move_group-3] [INFO] [1791532022.642544807] [moveit_move_group_default_capabilities.cartersian_path_service_capability]: Computed Cartesian path with 101 points (followed 100.000000% of requested trajectory)
[move_group-3] [INFO] [1791532022.654040657] [moveit_move_group_default_capabilities.cartersian_path_service_capability]: Received request to compute Cartesian path
[move_group-3] [INFO] [1791532022.654135264] [moveit_move_group_default_capabilities.cartersian_path_service_capability]: Attempting to follow 1 waypoints for link 'right_fr3_side_suction_tcp' using a step of 0.002000 m and jump threshold 0.000000 (in global reference frame)
[move_group-3] [INFO] [1791532022.656050363] [moveit_move_group_default_capabilities.cartersian_path_service_capability]: Computed Cartesian path with 14 points (followed 100.000000% of requested trajectory)
[move_group-3] [INFO] [1791532022.677926076] [moveit_move_group_default_capabilities.cartersian_path_service_capability]: Received request to compute Cartesian path
[move_group-3] [INFO] [1791532022.678003321] [moveit_move_group_default_capabilities.cartersian_path_service_capability]: Attempting to follow 1 waypoints for link 'right_fr3_side_suction_tcp' using a step of 0.002000 m and jump threshold 0.000000 (in global reference frame)
[move_group-3] [INFO] [1791532022.679758254] [moveit_move_group_default_capabilities.cartersian_path_service_capability]: Computed Cartesian path with 14 points (followed 100.000000% of requested trajectory)
[move_group-3] [INFO] [1791532022.687253835] [moveit_move_group_default_capabilities.cartersian_path_service_capability]: Received request to compute Cartesian path
[move_group-3] [INFO] [1791532022.687324369] [moveit_move_group_default_capabilities.cartersian_path_service_capability]: Attempting to follow 1 waypoints for link 'right_fr3_side_suction_tcp' using a step of 0.002000 m and jump threshold 0.000000 (in global reference frame)
[move_group-3] [INFO] [1791532022.688962547] [moveit_move_group_default_capabilities.cartersian_path_service_capability]: Computed Cartesian path with 14 points (followed 100.000000% of requested trajectory)
[move_group-3] [INFO] [1791532022.703915593] [moveit_move_group_default_capabilities.cartersian_path_service_capability]: Received request to compute Cartesian path
[move_group-3] [INFO] [1791532022.703981287] [moveit_move_group_default_capabilities.cartersian_path_service_capability]: Attempting to follow 1 waypoints for link 'right_fr3_side_suction_tcp' using a step of 0.002000 m and jump threshold 0.000000 (in global reference frame)
[move_group-3] [INFO] [1791532022.705549234] [moveit_move_group_default_capabilities.cartersian_path_service_capability]: Computed Cartesian path with 14 points (followed 100.000000% of requested trajectory)
[move_group-3] [INFO] [1791532022.728238601] [moveit_move_group_default_capabilities.cartersian_path_service_capability]: Received request to compute Cartesian path
[move_group-3] [INFO] [1791532022.728304075] [moveit_move_group_default_capabilities.cartersian_path_service_capability]: Attempting to follow 1 waypoints for link 'right_fr3_side_suction_tcp' using a step of 0.002000 m and jump threshold 0.000000 (in global reference frame)
[move_group-3] [INFO] [1791532022.729900079] [moveit_move_group_default_capabilities.cartersian_path_service_capability]: Computed Cartesian path with 14 points (followed 100.000000% of requested trajectory)
[move_group-3] [INFO] [1791532022.737200417] [moveit_move_group_default_capabilities.cartersian_path_service_capability]: Received request to compute Cartesian path
[move_group-3] [INFO] [1791532022.737306250] [moveit_move_group_default_capabilities.cartersian_path_service_capability]: Attempting to follow 1 waypoints for link 'right_fr3_side_suction_tcp' using a step of 0.002000 m and jump threshold 0.000000 (in global reference frame)
[move_group-3] [INFO] [1791532022.738993806] [moveit_move_group_default_capabilities.cartersian_path_service_capability]: Computed Cartesian path with 14 points (followed 100.000000% of requested trajectory)
[move_group-3] [INFO] [1791532022.754120230] [moveit_move_group_default_capabilities.cartersian_path_service_capability]: Received request to compute Cartesian path
[move_group-3] [INFO] [1791532022.754203713] [moveit_move_group_default_capabilities.cartersian_path_service_capability]: Attempting to follow 1 waypoints for link 'right_fr3_side_suction_tcp' using a step of 0.002000 m and jump threshold 0.000000 (in global reference frame)
[move_group-3] [INFO] [1791532022.755912975] [moveit_move_group_default_capabilities.cartersian_path_service_capability]: Computed Cartesian path with 14 points (followed 100.000000% of requested trajectory)
[move_group-3] [INFO] [1791532022.778028354] [moveit_move_group_default_capabilities.cartersian_path_service_capability]: Received request to compute Cartesian path
[move_group-3] [INFO] [1791532022.778107444] [moveit_move_group_default_capabilities.cartersian_path_service_capability]: Attempting to follow 1 waypoints for link 'right_fr3_side_suction_tcp' using a step of 0.002000 m and jump threshold 0.000000 (in global reference frame)
[move_group-3] [INFO] [1791532022.779743422] [moveit_move_group_default_capabilities.cartersian_path_service_capability]: Computed Cartesian path with 14 points (followed 100.000000% of requested trajectory)
[move_group-3] [WARN] [1791532022.802882392] [moveit_planning_scene.planning_scene]: Tried to remove world object 'task26_cube_1', but it does not exist in this scene.
[move_group-3] [INFO] [1791532023.304849225] [moveit_move_group_default_capabilities.move_action_capability]: Received request
[move_group-3] [INFO] [1791532023.304938196] [moveit_move_group_default_capabilities.move_action_capability]: executing..
[move_group-3] [INFO] [1791532023.328572245] [moveit_move_group_default_capabilities.move_action_capability]: Planning request received for MoveGroup action. Forwarding to planning pipeline.
[move_group-3] [INFO] [1791532023.329143438] [moveit.ompl_planning.model_based_planning_context]: Planner configuration 'left_arm[RRTConnectkConfigDefault]' will use planner 'geometric::RRTConnect'. Additional configuration parameters will be set when the planner is constructed.
[move_group-3] [INFO] [1791532023.376479285] [moveit_move_group_default_capabilities.move_action_capability]: Motion plan was computed successfully.
[move_group-3] [INFO] [1791532023.378076490] [moveit_move_group_default_capabilities.move_action_capability]: Received request
[move_group-3] [INFO] [1791532023.378170980] [moveit_move_group_default_capabilities.move_action_capability]: executing..
[move_group-3] [INFO] [1791532023.379071601] [moveit_move_group_default_capabilities.move_action_capability]: Planning request received for MoveGroup action. Forwarding to planning pipeline.
[move_group-3] [INFO] [1791532023.379647214] [moveit.ompl_planning.model_based_planning_context]: Planner configuration 'left_arm[RRTConnectkConfigDefault]' will use planner 'geometric::RRTConnect'. Additional configuration parameters will be set when the planner is constructed.
[move_group-3] [INFO] [1791532023.412785983] [moveit_move_group_default_capabilities.move_action_capability]: Motion plan was computed successfully.
[move_group-3] [INFO] [1791532023.414049186] [moveit_move_group_default_capabilities.move_action_capability]: Received request
[move_group-3] [INFO] [1791532023.414098072] [moveit_move_group_default_capabilities.move_action_capability]: executing..
[move_group-3] [INFO] [1791532023.428904182] [moveit_move_group_default_capabilities.move_action_capability]: Planning request received for MoveGroup action. Forwarding to planning pipeline.
[move_group-3] [INFO] [1791532023.429433391] [moveit.ompl_planning.model_based_planning_context]: Planner configuration 'left_arm[RRTConnectkConfigDefault]' will use planner 'geometric::RRTConnect'. Additional configuration parameters will be set when the planner is constructed.
[move_group-3] [INFO] [1791532023.460333275] [moveit_move_group_default_capabilities.move_action_capability]: Motion plan was computed successfully.
[move_group-3] [INFO] [1791532023.461556398] [moveit_move_group_default_capabilities.move_action_capability]: Received request
[move_group-3] [INFO] [1791532023.461665886] [moveit_move_group_default_capabilities.move_action_capability]: executing..
[move_group-3] [INFO] [1791532023.478932581] [moveit_move_group_default_capabilities.move_action_capability]: Planning request received for MoveGroup action. Forwarding to planning pipeline.
[move_group-3] [INFO] [1791532023.479529616] [moveit.ompl_planning.model_based_planning_context]: Planner configuration 'left_arm[RRTConnectkConfigDefault]' will use planner 'geometric::RRTConnect'. Additional configuration parameters will be set when the planner is constructed.
[move_group-3] [INFO] [1791532023.524927806] [moveit_move_group_default_capabilities.move_action_capability]: Motion plan was computed successfully.
[move_group-3] [INFO] [1791532023.526301801] [moveit_move_group_default_capabilities.move_action_capability]: Received request
[move_group-3] [INFO] [1791532023.526357967] [moveit_move_group_default_capabilities.move_action_capability]: executing..
[move_group-3] [INFO] [1791532023.529208512] [moveit_move_group_default_capabilities.move_action_capability]: Planning request received for MoveGroup action. Forwarding to planning pipeline.
[move_group-3] [INFO] [1791532023.529679592] [moveit.ompl_planning.model_based_planning_context]: Planner configuration 'left_arm[RRTConnectkConfigDefault]' will use planner 'geometric::RRTConnect'. Additional configuration parameters will be set when the planner is constructed.
[move_group-3] [INFO] [1791532023.567485976] [moveit_move_group_default_capabilities.move_action_capability]: Motion plan was computed successfully.
[move_group-3] [INFO] [1791532023.568622785] [moveit_move_group_default_capabilities.move_action_capability]: Received request
[move_group-3] [INFO] [1791532023.568672483] [moveit_move_group_default_capabilities.move_action_capability]: executing..
[move_group-3] [INFO] [1791532023.579108692] [moveit_move_group_default_capabilities.move_action_capability]: Planning request received for MoveGroup action. Forwarding to planning pipeline.
[move_group-3] [INFO] [1791532023.579656724] [moveit.ompl_planning.model_based_planning_context]: Planner configuration 'left_arm[RRTConnectkConfigDefault]' will use planner 'geometric::RRTConnect'. Additional configuration parameters will be set when the planner is constructed.
[move_group-3] [INFO] [1791532023.611511664] [moveit_move_group_default_capabilities.move_action_capability]: Motion plan was computed successfully.
[move_group-3] [INFO] [1791532023.612933652] [moveit_move_group_default_capabilities.move_action_capability]: Received request
[move_group-3] [INFO] [1791532023.612980684] [moveit_move_group_default_capabilities.move_action_capability]: executing..
[move_group-3] [INFO] [1791532023.628966009] [moveit_move_group_default_capabilities.move_action_capability]: Planning request received for MoveGroup action. Forwarding to planning pipeline.
[move_group-3] [INFO] [1791532023.629399274] [moveit.ompl_planning.model_based_planning_context]: Planner configuration 'left_arm[RRTConnectkConfigDefault]' will use planner 'geometric::RRTConnect'. Additional configuration parameters will be set when the planner is constructed.
[move_group-3] [INFO] [1791532023.670973317] [moveit_move_group_default_capabilities.move_action_capability]: Motion plan was computed successfully.
[move_group-3] [INFO] [1791532023.672086788] [moveit_move_group_default_capabilities.move_action_capability]: Received request
[move_group-3] [INFO] [1791532023.672164005] [moveit_move_group_default_capabilities.move_action_capability]: executing..
[move_group-3] [INFO] [1791532023.678817440] [moveit_move_group_default_capabilities.move_action_capability]: Planning request received for MoveGroup action. Forwarding to planning pipeline.
[move_group-3] [INFO] [1791532023.679387986] [moveit.ompl_planning.model_based_planning_context]: Planner configuration 'left_arm[RRTConnectkConfigDefault]' will use planner 'geometric::RRTConnect'. Additional configuration parameters will be set when the planner is constructed.
[move_group-3] [INFO] [1791532023.714942336] [moveit_move_group_default_capabilities.move_action_capability]: Motion plan was computed successfully.
[move_group-3] [INFO] [1791532023.755209844] [moveit_move_group_default_capabilities.cartersian_path_service_capability]: Received request to compute Cartesian path
[move_group-3] [INFO] [1791532023.755287394] [moveit_move_group_default_capabilities.cartersian_path_service_capability]: Attempting to follow 1 waypoints for link 'left_fr3_side_suction_tcp' using a step of 0.002000 m and jump threshold 0.000000 (in global reference frame)
[move_group-3] [INFO] [1791532023.772017239] [moveit_move_group_default_capabilities.cartersian_path_service_capability]: Computed Cartesian path with 102 points (followed 100.000000% of requested trajectory)
[move_group-3] [INFO] [1791532024.038287735] [moveit_move_group_default_capabilities.cartersian_path_service_capability]: Received request to compute Cartesian path
[move_group-3] [INFO] [1791532024.038382659] [moveit_move_group_default_capabilities.cartersian_path_service_capability]: Attempting to follow 1 waypoints for link 'left_fr3_side_suction_tcp' using a step of 0.002000 m and jump threshold 0.000000 (in global reference frame)
[move_group-3] [INFO] [1791532024.053007873] [moveit_move_group_default_capabilities.cartersian_path_service_capability]: Computed Cartesian path with 101 points (followed 100.000000% of requested trajectory)
[move_group-3] [INFO] [1791532024.055146107] [moveit_move_group_default_capabilities.cartersian_path_service_capability]: Received request to compute Cartesian path
[move_group-3] [INFO] [1791532024.055215888] [moveit_move_group_default_capabilities.cartersian_path_service_capability]: Attempting to follow 1 waypoints for link 'right_fr3_side_suction_tcp' using a step of 0.002000 m and jump threshold 0.000000 (in global reference frame)
[move_group-3] [INFO] [1791532024.057266568] [moveit_move_group_default_capabilities.cartersian_path_service_capability]: Computed Cartesian path with 14 points (followed 100.000000% of requested trajectory)
[move_group-3] [INFO] [1791532024.078990120] [moveit_move_group_default_capabilities.cartersian_path_service_capability]: Received request to compute Cartesian path
[move_group-3] [INFO] [1791532024.079062400] [moveit_move_group_default_capabilities.cartersian_path_service_capability]: Attempting to follow 1 waypoints for link 'right_fr3_side_suction_tcp' using a step of 0.002000 m and jump threshold 0.000000 (in global reference frame)
[move_group-3] [INFO] [1791532024.080836057] [moveit_move_group_default_capabilities.cartersian_path_service_capability]: Computed Cartesian path with 14 points (followed 100.000000% of requested trajectory)
[move_group-3] [INFO] [1791532024.088886554] [moveit_move_group_default_capabilities.cartersian_path_service_capability]: Received request to compute Cartesian path
[move_group-3] [INFO] [1791532024.088956493] [moveit_move_group_default_capabilities.cartersian_path_service_capability]: Attempting to follow 1 waypoints for link 'right_fr3_side_suction_tcp' using a step of 0.002000 m and jump threshold 0.000000 (in global reference frame)
[move_group-3] [INFO] [1791532024.090599346] [moveit_move_group_default_capabilities.cartersian_path_service_capability]: Computed Cartesian path with 14 points (followed 100.000000% of requested trajectory)
[move_group-3] [INFO] [1791532024.105472761] [moveit_move_group_default_capabilities.cartersian_path_service_capability]: Received request to compute Cartesian path
[move_group-3] [INFO] [1791532024.105553544] [moveit_move_group_default_capabilities.cartersian_path_service_capability]: Attempting to follow 1 waypoints for link 'right_fr3_side_suction_tcp' using a step of 0.002000 m and jump threshold 0.000000 (in global reference frame)
[move_group-3] [INFO] [1791532024.107223586] [moveit_move_group_default_capabilities.cartersian_path_service_capability]: Computed Cartesian path with 14 points (followed 100.000000% of requested trajectory)
[move_group-3] [INFO] [1791532024.128817831] [moveit_move_group_default_capabilities.cartersian_path_service_capability]: Received request to compute Cartesian path
[move_group-3] [INFO] [1791532024.128900260] [moveit_move_group_default_capabilities.cartersian_path_service_capability]: Attempting to follow 1 waypoints for link 'right_fr3_side_suction_tcp' using a step of 0.002000 m and jump threshold 0.000000 (in global reference frame)
[move_group-3] [INFO] [1791532024.130457368] [moveit_move_group_default_capabilities.cartersian_path_service_capability]: Computed Cartesian path with 14 points (followed 100.000000% of requested trajectory)
[move_group-3] [INFO] [1791532024.138273279] [moveit_move_group_default_capabilities.cartersian_path_service_capability]: Received request to compute Cartesian path
[move_group-3] [INFO] [1791532024.138338555] [moveit_move_group_default_capabilities.cartersian_path_service_capability]: Attempting to follow 1 waypoints for link 'right_fr3_side_suction_tcp' using a step of 0.002000 m and jump threshold 0.000000 (in global reference frame)
[move_group-3] [INFO] [1791532024.139951759] [moveit_move_group_default_capabilities.cartersian_path_service_capability]: Computed Cartesian path with 14 points (followed 100.000000% of requested trajectory)
[move_group-3] [INFO] [1791532024.155284491] [moveit_move_group_default_capabilities.cartersian_path_service_capability]: Received request to compute Cartesian path
[move_group-3] [INFO] [1791532024.155377720] [moveit_move_group_default_capabilities.cartersian_path_service_capability]: Attempting to follow 1 waypoints for link 'right_fr3_side_suction_tcp' using a step of 0.002000 m and jump threshold 0.000000 (in global reference frame)
[move_group-3] [INFO] [1791532024.157073437] [moveit_move_group_default_capabilities.cartersian_path_service_capability]: Computed Cartesian path with 14 points (followed 100.000000% of requested trajectory)
[move_group-3] [INFO] [1791532024.178952612] [moveit_move_group_default_capabilities.cartersian_path_service_capability]: Received request to compute Cartesian path
[move_group-3] [INFO] [1791532024.179018535] [moveit_move_group_default_capabilities.cartersian_path_service_capability]: Attempting to follow 1 waypoints for link 'right_fr3_side_suction_tcp' using a step of 0.002000 m and jump threshold 0.000000 (in global reference frame)
[move_group-3] [INFO] [1791532024.180517321] [moveit_move_group_default_capabilities.cartersian_path_service_capability]: Computed Cartesian path with 14 points (followed 100.000000% of requested trajectory)
[move_group-3] [INFO] [1791532024.310627747] [moveit_move_group_default_capabilities.move_action_capability]: Received request
[move_group-3] [INFO] [1791532024.310712275] [moveit_move_group_default_capabilities.move_action_capability]: executing..
[move_group-3] [INFO] [1791532024.328946740] [moveit_move_group_default_capabilities.move_action_capability]: Planning request received for MoveGroup action. Forwarding to planning pipeline.
[move_group-3] [INFO] [1791532024.329399076] [moveit.ompl_planning.model_based_planning_context]: Planner configuration 'left_arm[RRTConnectkConfigDefault]' will use planner 'geometric::RRTConnect'. Additional configuration parameters will be set when the planner is constructed.
[move_group-3] [INFO] [1791532024.365895220] [moveit_move_group_default_capabilities.move_action_capability]: Motion plan was computed successfully.
[move_group-3] [INFO] [1791532024.366513807] [moveit_move_group_default_capabilities.move_action_capability]: Received request
[move_group-3] [INFO] [1791532024.366561785] [moveit_move_group_default_capabilities.move_action_capability]: executing..
[move_group-3] [INFO] [1791532024.379618311] [moveit_move_group_default_capabilities.move_action_capability]: Planning request received for MoveGroup action. Forwarding to planning pipeline.
[move_group-3] [INFO] [1791532024.380076536] [moveit.ompl_planning.model_based_planning_context]: Planner configuration 'left_arm[RRTConnectkConfigDefault]' will use planner 'geometric::RRTConnect'. Additional configuration parameters will be set when the planner is constructed.
[move_group-3] [INFO] [1791532024.417235671] [moveit_move_group_default_capabilities.move_action_capability]: Motion plan was computed successfully.
[move_group-3] [INFO] [1791532024.418172638] [moveit_move_group_default_capabilities.move_action_capability]: Received request
[move_group-3] [INFO] [1791532024.418221143] [moveit_move_group_default_capabilities.move_action_capability]: executing..
[move_group-3] [INFO] [1791532024.429075393] [moveit_move_group_default_capabilities.move_action_capability]: Planning request received for MoveGroup action. Forwarding to planning pipeline.
[move_group-3] [INFO] [1791532024.429486819] [moveit.ompl_planning.model_based_planning_context]: Planner configuration 'left_arm[RRTConnectkConfigDefault]' will use planner 'geometric::RRTConnect'. Additional configuration parameters will be set when the planner is constructed.
[move_group-3] [INFO] [1791532024.478084232] [moveit_move_group_default_capabilities.move_action_capability]: Motion plan was computed successfully.
[move_group-3] [INFO] [1791532024.479293002] [moveit_move_group_default_capabilities.move_action_capability]: Received request
[move_group-3] [INFO] [1791532024.479367631] [moveit_move_group_default_capabilities.move_action_capability]: executing..
[move_group-3] [INFO] [1791532024.479796309] [moveit_move_group_default_capabilities.move_action_capability]: Planning request received for MoveGroup action. Forwarding to planning pipeline.
[move_group-3] [INFO] [1791532024.480197962] [moveit.ompl_planning.model_based_planning_context]: Planner configuration 'left_arm[RRTConnectkConfigDefault]' will use planner 'geometric::RRTConnect'. Additional configuration parameters will be set when the planner is constructed.
[move_group-3] [INFO] [1791532024.518078465] [moveit_move_group_default_capabilities.move_action_capability]: Motion plan was computed successfully.
[move_group-3] [INFO] [1791532024.519296890] [moveit_move_group_default_capabilities.move_action_capability]: Received request
[move_group-3] [INFO] [1791532024.519354481] [moveit_move_group_default_capabilities.move_action_capability]: executing..
[move_group-3] [INFO] [1791532024.529948204] [moveit_move_group_default_capabilities.move_action_capability]: Planning request received for MoveGroup action. Forwarding to planning pipeline.
[move_group-3] [INFO] [1791532024.530406897] [moveit.ompl_planning.model_based_planning_context]: Planner configuration 'left_arm[RRTConnectkConfigDefault]' will use planner 'geometric::RRTConnect'. Additional configuration parameters will be set when the planner is constructed.
[move_group-3] [INFO] [1791532024.568246046] [moveit_move_group_default_capabilities.move_action_capability]: Motion plan was computed successfully.
[move_group-3] [INFO] [1791532024.569081986] [moveit_move_group_default_capabilities.move_action_capability]: Received request
[move_group-3] [INFO] [1791532024.569153342] [moveit_move_group_default_capabilities.move_action_capability]: executing..
[move_group-3] [INFO] [1791532024.580407671] [moveit_move_group_default_capabilities.move_action_capability]: Planning request received for MoveGroup action. Forwarding to planning pipeline.
[move_group-3] [INFO] [1791532024.580837226] [moveit.ompl_planning.model_based_planning_context]: Planner configuration 'left_arm[RRTConnectkConfigDefault]' will use planner 'geometric::RRTConnect'. Additional configuration parameters will be set when the planner is constructed.
[move_group-3] [INFO] [1791532024.632963818] [moveit_move_group_default_capabilities.move_action_capability]: Motion plan was computed successfully.
[move_group-3] [INFO] [1791532024.634523909] [moveit_move_group_default_capabilities.move_action_capability]: Received request
[move_group-3] [INFO] [1791532024.634579107] [moveit_move_group_default_capabilities.move_action_capability]: executing..
[move_group-3] [INFO] [1791532024.638520171] [moveit_move_group_default_capabilities.move_action_capability]: Planning request received for MoveGroup action. Forwarding to planning pipeline.
[move_group-3] [INFO] [1791532024.638927455] [moveit.ompl_planning.model_based_planning_context]: Planner configuration 'left_arm[RRTConnectkConfigDefault]' will use planner 'geometric::RRTConnect'. Additional configuration parameters will be set when the planner is constructed.
[move_group-3] [INFO] [1791532024.679468655] [moveit_move_group_default_capabilities.move_action_capability]: Motion plan was computed successfully.
[move_group-3] [INFO] [1791532024.681070383] [moveit_move_group_default_capabilities.move_action_capability]: Received request
[move_group-3] [INFO] [1791532024.681152075] [moveit_move_group_default_capabilities.move_action_capability]: executing..
[move_group-3] [INFO] [1791532024.688778100] [moveit_move_group_default_capabilities.move_action_capability]: Planning request received for MoveGroup action. Forwarding to planning pipeline.
[move_group-3] [INFO] [1791532024.689331970] [moveit.ompl_planning.model_based_planning_context]: Planner configuration 'left_arm[RRTConnectkConfigDefault]' will use planner 'geometric::RRTConnect'. Additional configuration parameters will be set when the planner is constructed.
[move_group-3] [INFO] [1791532024.730003967] [moveit_move_group_default_capabilities.move_action_capability]: Motion plan was computed successfully.
[move_group-3] [INFO] [1791532024.730644846] [moveit_move_group_default_capabilities.move_action_capability]: Received request
[move_group-3] [INFO] [1791532024.730702986] [moveit_move_group_default_capabilities.move_action_capability]: executing..
[move_group-3] [INFO] [1791532024.732335686] [moveit_move_group_default_capabilities.move_action_capability]: Planning request received for MoveGroup action. Forwarding to planning pipeline.
[move_group-3] [INFO] [1791532024.732958517] [moveit.ompl_planning.model_based_planning_context]: Planner configuration 'right_arm[RRTConnectkConfigDefault]' will use planner 'geometric::RRTConnect'. Additional configuration parameters will be set when the planner is constructed.
[move_group-3] [INFO] [1791532024.776075351] [moveit_move_group_default_capabilities.move_action_capability]: Motion plan was computed successfully.
[move_group-3] [INFO] [1791532024.777354594] [moveit_move_group_default_capabilities.move_action_capability]: Received request
[move_group-3] [INFO] [1791532024.777433300] [moveit_move_group_default_capabilities.move_action_capability]: executing..
[move_group-3] [INFO] [1791532024.781157080] [moveit_move_group_default_capabilities.move_action_capability]: Planning request received for MoveGroup action. Forwarding to planning pipeline.
[move_group-3] [INFO] [1791532024.781584775] [moveit.ompl_planning.model_based_planning_context]: Planner configuration 'right_arm[RRTConnectkConfigDefault]' will use planner 'geometric::RRTConnect'. Additional configuration parameters will be set when the planner is constructed.
[move_group-3] [INFO] [1791532024.819338568] [moveit_move_group_default_capabilities.move_action_capability]: Motion plan was computed successfully.
[move_group-3] [INFO] [1791532024.820548747] [moveit_move_group_default_capabilities.move_action_capability]: Received request
[move_group-3] [INFO] [1791532024.820629483] [moveit_move_group_default_capabilities.move_action_capability]: executing..
[move_group-3] [INFO] [1791532024.830753997] [moveit_move_group_default_capabilities.move_action_capability]: Planning request received for MoveGroup action. Forwarding to planning pipeline.
[move_group-3] [INFO] [1791532024.831236671] [moveit.ompl_planning.model_based_planning_context]: Planner configuration 'right_arm[RRTConnectkConfigDefault]' will use planner 'geometric::RRTConnect'. Additional configuration parameters will be set when the planner is constructed.
[move_group-3] [INFO] [1791532024.862635916] [moveit_move_group_default_capabilities.move_action_capability]: Motion plan was computed successfully.
[move_group-3] [INFO] [1791532024.863790194] [moveit_move_group_default_capabilities.move_action_capability]: Received request
[move_group-3] [INFO] [1791532024.863840842] [moveit_move_group_default_capabilities.move_action_capability]: executing..
[move_group-3] [INFO] [1791532024.880259196] [moveit_move_group_default_capabilities.move_action_capability]: Planning request received for MoveGroup action. Forwarding to planning pipeline.
[move_group-3] [INFO] [1791532024.880731883] [moveit.ompl_planning.model_based_planning_context]: Planner configuration 'right_arm[RRTConnectkConfigDefault]' will use planner 'geometric::RRTConnect'. Additional configuration parameters will be set when the planner is constructed.
[move_group-3] [INFO] [1791532024.926788493] [moveit_move_group_default_capabilities.move_action_capability]: Motion plan was computed successfully.
[move_group-3] [INFO] [1791532024.928159225] [moveit_move_group_default_capabilities.move_action_capability]: Received request
[move_group-3] [INFO] [1791532024.928215787] [moveit_move_group_default_capabilities.move_action_capability]: executing..
[move_group-3] [INFO] [1791532024.930462760] [moveit_move_group_default_capabilities.move_action_capability]: Planning request received for MoveGroup action. Forwarding to planning pipeline.
[move_group-3] [INFO] [1791532024.930922138] [moveit.ompl_planning.model_based_planning_context]: Planner configuration 'right_arm[RRTConnectkConfigDefault]' will use planner 'geometric::RRTConnect'. Additional configuration parameters will be set when the planner is constructed.
[move_group-3] [INFO] [1791532024.966498902] [moveit_move_group_default_capabilities.move_action_capability]: Motion plan was computed successfully.
[move_group-3] [INFO] [1791532024.967167158] [moveit_move_group_default_capabilities.move_action_capability]: Received request
[move_group-3] [INFO] [1791532024.967212716] [moveit_move_group_default_capabilities.move_action_capability]: executing..
[move_group-3] [INFO] [1791532024.980580674] [moveit_move_group_default_capabilities.move_action_capability]: Planning request received for MoveGroup action. Forwarding to planning pipeline.
[move_group-3] [INFO] [1791532024.981078643] [moveit.ompl_planning.model_based_planning_context]: Planner configuration 'right_arm[RRTConnectkConfigDefault]' will use planner 'geometric::RRTConnect'. Additional configuration parameters will be set when the planner is constructed.
[move_group-3] [INFO] [1791532025.013980208] [moveit_move_group_default_capabilities.move_action_capability]: Motion plan was computed successfully.
[move_group-3] [INFO] [1791532025.014561266] [moveit_move_group_default_capabilities.move_action_capability]: Received request
[move_group-3] [INFO] [1791532025.014610728] [moveit_move_group_default_capabilities.move_action_capability]: executing..
[move_group-3] [INFO] [1791532025.030796394] [moveit_move_group_default_capabilities.move_action_capability]: Planning request received for MoveGroup action. Forwarding to planning pipeline.
[move_group-3] [INFO] [1791532025.031261708] [moveit.ompl_planning.model_based_planning_context]: Planner configuration 'right_arm[RRTConnectkConfigDefault]' will use planner 'geometric::RRTConnect'. Additional configuration parameters will be set when the planner is constructed.
[move_group-3] [INFO] [1791532025.077150757] [moveit_move_group_default_capabilities.move_action_capability]: Motion plan was computed successfully.
[move_group-3] [INFO] [1791532025.077875284] [moveit_move_group_default_capabilities.move_action_capability]: Received request
[move_group-3] [INFO] [1791532025.077926668] [moveit_move_group_default_capabilities.move_action_capability]: executing..
[move_group-3] [INFO] [1791532025.080019043] [moveit_move_group_default_capabilities.move_action_capability]: Planning request received for MoveGroup action. Forwarding to planning pipeline.
[move_group-3] [INFO] [1791532025.080477417] [moveit.ompl_planning.model_based_planning_context]: Planner configuration 'right_arm[RRTConnectkConfigDefault]' will use planner 'geometric::RRTConnect'. Additional configuration parameters will be set when the planner is constructed.
[move_group-3] [INFO] [1791532025.120450617] [moveit_move_group_default_capabilities.move_action_capability]: Motion plan was computed successfully.
[move_group-3] [INFO] [1791532025.430468080] [moveit_move_group_default_capabilities.cartersian_path_service_capability]: Received request to compute Cartesian path
[move_group-3] [INFO] [1791532025.430552737] [moveit_move_group_default_capabilities.cartersian_path_service_capability]: Attempting to follow 1 waypoints for link 'left_fr3_side_suction_tcp' using a step of 0.002000 m and jump threshold 0.000000 (in global reference frame)
[move_group-3] [INFO] [1791532025.452691916] [moveit_move_group_default_capabilities.cartersian_path_service_capability]: Computed Cartesian path with 142 points (followed 100.000000% of requested trajectory)
[move_group-3] [INFO] [1791532025.480149167] [moveit_move_group_default_capabilities.cartersian_path_service_capability]: Received request to compute Cartesian path
[move_group-3] [INFO] [1791532025.480228383] [moveit_move_group_default_capabilities.cartersian_path_service_capability]: Attempting to follow 1 waypoints for link 'left_fr3_side_suction_tcp' using a step of 0.002000 m and jump threshold 0.000000 (in global reference frame)
[move_group-3] [INFO] [1791532025.488345598] [moveit_move_group_default_capabilities.cartersian_path_service_capability]: Computed Cartesian path with 52 points (followed 100.000000% of requested trajectory)
[move_group-3] [INFO] [1791532025.746408109] [moveit_move_group_default_capabilities.move_action_capability]: Received request
[move_group-3] [INFO] [1791532025.746485881] [moveit_move_group_default_capabilities.move_action_capability]: executing..
[move_group-3] [INFO] [1791532025.756700643] [moveit_move_group_default_capabilities.move_action_capability]: Planning request received for MoveGroup action. Forwarding to planning pipeline.
[move_group-3] [INFO] [1791532025.757141192] [moveit.ompl_planning.model_based_planning_context]: Planner configuration 'right_arm[RRTConnectkConfigDefault]' will use planner 'geometric::RRTConnect'. Additional configuration parameters will be set when the planner is constructed.
[move_group-3] [INFO] [1791532025.826964616] [moveit_move_group_default_capabilities.move_action_capability]: Motion plan was computed successfully.
[move_group-3] [INFO] [1791532025.828627331] [moveit_move_group_default_capabilities.move_action_capability]: Received request
[move_group-3] [INFO] [1791532025.828693961] [moveit_move_group_default_capabilities.move_action_capability]: executing..
[move_group-3] [INFO] [1791532025.831117737] [moveit_move_group_default_capabilities.move_action_capability]: Planning request received for MoveGroup action. Forwarding to planning pipeline.
[move_group-3] [INFO] [1791532025.831592941] [moveit.ompl_planning.model_based_planning_context]: Planner configuration 'right_arm[RRTConnectkConfigDefault]' will use planner 'geometric::RRTConnect'. Additional configuration parameters will be set when the planner is constructed.
[move_group-3] [INFO] [1791532025.867580308] [moveit_move_group_default_capabilities.move_action_capability]: Motion plan was computed successfully.
[move_group-3] [INFO] [1791532025.868807484] [moveit_move_group_default_capabilities.move_action_capability]: Received request
[move_group-3] [INFO] [1791532025.868880576] [moveit_move_group_default_capabilities.move_action_capability]: executing..
[move_group-3] [INFO] [1791532025.880452848] [moveit_move_group_default_capabilities.move_action_capability]: Planning request received for MoveGroup action. Forwarding to planning pipeline.
[move_group-3] [INFO] [1791532025.881031875] [moveit.ompl_planning.model_based_planning_context]: Planner configuration 'right_arm[RRTConnectkConfigDefault]' will use planner 'geometric::RRTConnect'. Additional configuration parameters will be set when the planner is constructed.
[move_group-3] [INFO] [1791532025.924072598] [moveit_move_group_default_capabilities.move_action_capability]: Motion plan was computed successfully.
[move_group-3] [INFO] [1791532025.924813404] [moveit_move_group_default_capabilities.move_action_capability]: Received request
[move_group-3] [INFO] [1791532025.924884033] [moveit_move_group_default_capabilities.move_action_capability]: executing..
[move_group-3] [INFO] [1791532025.930467724] [moveit_move_group_default_capabilities.move_action_capability]: Planning request received for MoveGroup action. Forwarding to planning pipeline.
[move_group-3] [INFO] [1791532025.930921783] [moveit.ompl_planning.model_based_planning_context]: Planner configuration 'right_arm[RRTConnectkConfigDefault]' will use planner 'geometric::RRTConnect'. Additional configuration parameters will be set when the planner is constructed.
[move_group-3] [INFO] [1791532025.991739410] [moveit_move_group_default_capabilities.move_action_capability]: Motion plan was computed successfully.
[move_group-3] [INFO] [1791532025.993343355] [moveit_move_group_default_capabilities.move_action_capability]: Received request
[move_group-3] [INFO] [1791532025.993425488] [moveit_move_group_default_capabilities.move_action_capability]: executing..
[move_group-3] [INFO] [1791532026.006599547] [moveit_move_group_default_capabilities.move_action_capability]: Planning request received for MoveGroup action. Forwarding to planning pipeline.
[move_group-3] [INFO] [1791532026.007081482] [moveit.ompl_planning.model_based_planning_context]: Planner configuration 'right_arm[RRTConnectkConfigDefault]' will use planner 'geometric::RRTConnect'. Additional configuration parameters will be set when the planner is constructed.
[move_group-3] [INFO] [1791532026.060599343] [moveit_move_group_default_capabilities.move_action_capability]: Motion plan was computed successfully.
[move_group-3] [INFO] [1791532026.062024713] [moveit_move_group_default_capabilities.move_action_capability]: Received request
[move_group-3] [INFO] [1791532026.062109361] [moveit_move_group_default_capabilities.move_action_capability]: executing..
[move_group-3] [INFO] [1791532026.080327370] [moveit_move_group_default_capabilities.move_action_capability]: Planning request received for MoveGroup action. Forwarding to planning pipeline.
[move_group-3] [INFO] [1791532026.080905096] [moveit.ompl_planning.model_based_planning_context]: Planner configuration 'right_arm[RRTConnectkConfigDefault]' will use planner 'geometric::RRTConnect'. Additional configuration parameters will be set when the planner is constructed.
[move_group-3] [INFO] [1791532026.124447136] [moveit_move_group_default_capabilities.move_action_capability]: Motion plan was computed successfully.
[move_group-3] [INFO] [1791532026.125405275] [moveit_move_group_default_capabilities.move_action_capability]: Received request
[move_group-3] [INFO] [1791532026.125469963] [moveit_move_group_default_capabilities.move_action_capability]: executing..
[move_group-3] [INFO] [1791532026.131068961] [moveit_move_group_default_capabilities.move_action_capability]: Planning request received for MoveGroup action. Forwarding to planning pipeline.
[move_group-3] [INFO] [1791532026.131504293] [moveit.ompl_planning.model_based_planning_context]: Planner configuration 'right_arm[RRTConnectkConfigDefault]' will use planner 'geometric::RRTConnect'. Additional configuration parameters will be set when the planner is constructed.
[move_group-3] [INFO] [1791532026.192850312] [moveit_move_group_default_capabilities.move_action_capability]: Motion plan was computed successfully.
[move_group-3] [INFO] [1791532026.194422790] [moveit_move_group_default_capabilities.move_action_capability]: Received request
[move_group-3] [INFO] [1791532026.194483323] [moveit_move_group_default_capabilities.move_action_capability]: executing..
[move_group-3] [INFO] [1791532026.206764285] [moveit_move_group_default_capabilities.move_action_capability]: Planning request received for MoveGroup action. Forwarding to planning pipeline.
[move_group-3] [INFO] [1791532026.207204256] [moveit.ompl_planning.model_based_planning_context]: Planner configuration 'right_arm[RRTConnectkConfigDefault]' will use planner 'geometric::RRTConnect'. Additional configuration parameters will be set when the planner is constructed.
[move_group-3] [ERROR] [1791532026.266600375] [moveit.ros_planning.planning_pipeline]: Computed path is not valid. Invalid states at index locations: [ 68 69 ] out of 75. Explanations follow in command line. Contacts are published on /display_contacts
[move_group-3] [INFO] [1791532026.266645978] [moveit_collision_detection_fcl.collision_common]: Found a contact between 'task26_cube_2' (type 'Object') and 'right_fr3_side_suction' (type 'Robot link'), which constitutes a collision. Contact information is not stored.
[move_group-3] [INFO] [1791532026.266651278] [moveit_collision_detection_fcl.collision_common]: Collision checking is considered complete (collision was found and 0 contacts are stored)
[move_group-3] [INFO] [1791532026.266764424] [moveit_collision_detection_fcl.collision_common]: Found a contact between 'task26_cube_2' (type 'Object') and 'right_fr3_side_suction' (type 'Robot link'), which constitutes a collision. Contact information is not stored.
[move_group-3] [INFO] [1791532026.266769446] [moveit_collision_detection_fcl.collision_common]: Collision checking is considered complete (collision was found and 0 contacts are stored)
[move_group-3] [ERROR] [1791532026.266820833] [moveit.ros_planning.planning_pipeline]: Completed listing of explanations for invalid states.
[move_group-3] [INFO] [1791532026.266954411] [moveit_move_group_default_capabilities.move_action_capability]: Motion plan was found but it seems to be invalid (possibly due to postprocessing). Not executing.
[move_group-3] [INFO] [1791532026.268327200] [moveit_move_group_default_capabilities.move_action_capability]: Received request
[move_group-3] [INFO] [1791532026.268375425] [moveit_move_group_default_capabilities.move_action_capability]: executing..
[move_group-3] [INFO] [1791532026.280795950] [moveit_move_group_default_capabilities.move_action_capability]: Planning request received for MoveGroup action. Forwarding to planning pipeline.
[move_group-3] [INFO] [1791532026.281278245] [moveit.ompl_planning.model_based_planning_context]: Planner configuration 'right_arm[RRTConnectkConfigDefault]' will use planner 'geometric::RRTConnect'. Additional configuration parameters will be set when the planner is constructed.
[move_group-3] [INFO] [1791532026.327620738] [moveit_move_group_default_capabilities.move_action_capability]: Motion plan was computed successfully.
[move_group-3] [INFO] [1791532026.329113329] [moveit_move_group_default_capabilities.move_action_capability]: Received request
[move_group-3] [INFO] [1791532026.329169791] [moveit_move_group_default_capabilities.move_action_capability]: executing..
[move_group-3] [INFO] [1791532026.331067956] [moveit_move_group_default_capabilities.move_action_capability]: Planning request received for MoveGroup action. Forwarding to planning pipeline.
[move_group-3] [INFO] [1791532026.331509687] [moveit.ompl_planning.model_based_planning_context]: Planner configuration 'right_arm[RRTConnectkConfigDefault]' will use planner 'geometric::RRTConnect'. Additional configuration parameters will be set when the planner is constructed.
[move_group-3] [INFO] [1791532026.381695106] [moveit_move_group_default_capabilities.move_action_capability]: Motion plan was computed successfully.
[move_group-3] [INFO] [1791532026.382788391] [moveit_move_group_default_capabilities.move_action_capability]: Received request
[move_group-3] [INFO] [1791532026.382844700] [moveit_move_group_default_capabilities.move_action_capability]: executing..
[move_group-3] [INFO] [1791532026.390057940] [moveit_move_group_default_capabilities.move_action_capability]: Planning request received for MoveGroup action. Forwarding to planning pipeline.
[move_group-3] [INFO] [1791532026.390480470] [moveit.ompl_planning.model_based_planning_context]: Planner configuration 'right_arm[RRTConnectkConfigDefault]' will use planner 'geometric::RRTConnect'. Additional configuration parameters will be set when the planner is constructed.
[move_group-3] [INFO] [1791532026.446515076] [moveit_move_group_default_capabilities.move_action_capability]: Motion plan was computed successfully.
[move_group-3] [INFO] [1791532026.447138628] [moveit_move_group_default_capabilities.move_action_capability]: Received request
[move_group-3] [INFO] [1791532026.447183241] [moveit_move_group_default_capabilities.move_action_capability]: executing..
[move_group-3] [INFO] [1791532026.457854883] [moveit_move_group_default_capabilities.move_action_capability]: Planning request received for MoveGroup action. Forwarding to planning pipeline.
[move_group-3] [INFO] [1791532026.458508474] [moveit.ompl_planning.model_based_planning_context]: Planner configuration 'right_arm[RRTConnectkConfigDefault]' will use planner 'geometric::RRTConnect'. Additional configuration parameters will be set when the planner is constructed.
[move_group-3] [ERROR] [1791532026.501549317] [moveit.ros_planning.planning_pipeline]: Computed path is not valid. Invalid states at index locations: [ 61 ] out of 80. Explanations follow in command line. Contacts are published on /display_contacts
[move_group-3] [INFO] [1791532026.501595136] [moveit_collision_detection_fcl.collision_common]: Found a contact between 'task26_table' (type 'Object') and 'right_fr3_side_suction' (type 'Robot link'), which constitutes a collision. Contact information is not stored.
[move_group-3] [INFO] [1791532026.501601794] [moveit_collision_detection_fcl.collision_common]: Collision checking is considered complete (collision was found and 0 contacts are stored)
[move_group-3] [ERROR] [1791532026.501723199] [moveit.ros_planning.planning_pipeline]: Completed listing of explanations for invalid states.
[move_group-3] [INFO] [1791532026.501837295] [moveit_move_group_default_capabilities.move_action_capability]: Motion plan was found but it seems to be invalid (possibly due to postprocessing). Not executing.
[move_group-3] [INFO] [1791532026.502340426] [moveit_move_group_default_capabilities.move_action_capability]: Received request
[move_group-3] [INFO] [1791532026.502398248] [moveit_move_group_default_capabilities.move_action_capability]: executing..
[move_group-3] [INFO] [1791532026.506946135] [moveit_move_group_default_capabilities.move_action_capability]: Planning request received for MoveGroup action. Forwarding to planning pipeline.
[move_group-3] [INFO] [1791532026.507390979] [moveit.ompl_planning.model_based_planning_context]: Planner configuration 'right_arm[RRTConnectkConfigDefault]' will use planner 'geometric::RRTConnect'. Additional configuration parameters will be set when the planner is constructed.
[move_group-3] [INFO] [1791532026.549403093] [moveit_move_group_default_capabilities.move_action_capability]: Motion plan was computed successfully.
[move_group-3] [INFO] [1791532026.549962574] [moveit_move_group_default_capabilities.move_action_capability]: Received request
[move_group-3] [INFO] [1791532026.550034915] [moveit_move_group_default_capabilities.move_action_capability]: executing..
[move_group-3] [INFO] [1791532026.556944294] [moveit_move_group_default_capabilities.move_action_capability]: Planning request received for MoveGroup action. Forwarding to planning pipeline.
[move_group-3] [INFO] [1791532026.557416658] [moveit.ompl_planning.model_based_planning_context]: Planner configuration 'right_arm[RRTConnectkConfigDefault]' will use planner 'geometric::RRTConnect'. Additional configuration parameters will be set when the planner is constructed.
[move_group-3] [INFO] [1791532026.629044827] [moveit_move_group_default_capabilities.move_action_capability]: Motion plan was computed successfully.
[move_group-3] [INFO] [1791532026.630032207] [moveit_move_group_default_capabilities.move_action_capability]: Received request
[move_group-3] [INFO] [1791532026.630089590] [moveit_move_group_default_capabilities.move_action_capability]: executing..
[move_group-3] [INFO] [1791532026.631243715] [moveit_move_group_default_capabilities.move_action_capability]: Planning request received for MoveGroup action. Forwarding to planning pipeline.
[move_group-3] [INFO] [1791532026.631683510] [moveit.ompl_planning.model_based_planning_context]: Planner configuration 'right_arm[RRTConnectkConfigDefault]' will use planner 'geometric::RRTConnect'. Additional configuration parameters will be set when the planner is constructed.
[move_group-3] [INFO] [1791532026.673568238] [moveit_move_group_default_capabilities.move_action_capability]: Motion plan was computed successfully.
[move_group-3] [INFO] [1791532026.674354641] [moveit_move_group_default_capabilities.move_action_capability]: Received request
[move_group-3] [INFO] [1791532026.674417515] [moveit_move_group_default_capabilities.move_action_capability]: executing..
[move_group-3] [INFO] [1791532026.681134762] [moveit_move_group_default_capabilities.move_action_capability]: Planning request received for MoveGroup action. Forwarding to planning pipeline.
[move_group-3] [INFO] [1791532026.681597288] [moveit.ompl_planning.model_based_planning_context]: Planner configuration 'right_arm[RRTConnectkConfigDefault]' will use planner 'geometric::RRTConnect'. Additional configuration parameters will be set when the planner is constructed.
[move_group-3] [INFO] [1791532026.728664717] [moveit_move_group_default_capabilities.move_action_capability]: Motion plan was computed successfully.
[move_group-3] [INFO] [1791532026.730301229] [moveit_move_group_default_capabilities.move_action_capability]: Received request
[move_group-3] [INFO] [1791532026.730366041] [moveit_move_group_default_capabilities.move_action_capability]: executing..
[move_group-3] [INFO] [1791532026.732053312] [moveit_move_group_default_capabilities.move_action_capability]: Planning request received for MoveGroup action. Forwarding to planning pipeline.
[move_group-3] [INFO] [1791532026.732496776] [moveit.ompl_planning.model_based_planning_context]: Planner configuration 'right_arm[RRTConnectkConfigDefault]' will use planner 'geometric::RRTConnect'. Additional configuration parameters will be set when the planner is constructed.
[move_group-3] [INFO] [1791532026.773218812] [moveit_move_group_default_capabilities.move_action_capability]: Motion plan was computed successfully.
[move_group-3] [INFO] [1791532026.774914772] [moveit_move_group_default_capabilities.move_action_capability]: Received request
[move_group-3] [INFO] [1791532026.774989672] [moveit_move_group_default_capabilities.move_action_capability]: executing..
[move_group-3] [INFO] [1791532026.780828459] [moveit_move_group_default_capabilities.move_action_capability]: Planning request received for MoveGroup action. Forwarding to planning pipeline.
[move_group-3] [INFO] [1791532026.781449074] [moveit.ompl_planning.model_based_planning_context]: Planner configuration 'right_arm[RRTConnectkConfigDefault]' will use planner 'geometric::RRTConnect'. Additional configuration parameters will be set when the planner is constructed.
[move_group-3] [INFO] [1791532026.830448682] [moveit_move_group_default_capabilities.move_action_capability]: Motion plan was computed successfully.
[move_group-3] [INFO] [1791532026.831949281] [moveit_move_group_default_capabilities.move_action_capability]: Received request
[move_group-3] [INFO] [1791532026.832024781] [moveit_move_group_default_capabilities.move_action_capability]: executing..
[move_group-3] [INFO] [1791532026.840476798] [moveit_move_group_default_capabilities.move_action_capability]: Planning request received for MoveGroup action. Forwarding to planning pipeline.
[move_group-3] [INFO] [1791532026.840992792] [moveit.ompl_planning.model_based_planning_context]: Planner configuration 'right_arm[RRTConnectkConfigDefault]' will use planner 'geometric::RRTConnect'. Additional configuration parameters will be set when the planner is constructed.
[move_group-3] [INFO] [1791532026.887420883] [moveit_move_group_default_capabilities.move_action_capability]: Motion plan was computed successfully.
[move_group-3] [INFO] [1791532026.889030776] [moveit_move_group_default_capabilities.move_action_capability]: Received request
[move_group-3] [INFO] [1791532026.889143543] [moveit_move_group_default_capabilities.move_action_capability]: executing..
[move_group-3] [INFO] [1791532026.890570603] [moveit_move_group_default_capabilities.move_action_capability]: Planning request received for MoveGroup action. Forwarding to planning pipeline.
[move_group-3] [INFO] [1791532026.891060696] [moveit.ompl_planning.model_based_planning_context]: Planner configuration 'right_arm[RRTConnectkConfigDefault]' will use planner 'geometric::RRTConnect'. Additional configuration parameters will be set when the planner is constructed.
[move_group-3] [INFO] [1791532026.924127506] [moveit_move_group_default_capabilities.move_action_capability]: Motion plan was computed successfully.
[move_group-3] [INFO] [1791532026.925158307] [moveit_move_group_default_capabilities.move_action_capability]: Received request
[move_group-3] [INFO] [1791532026.925216216] [moveit_move_group_default_capabilities.move_action_capability]: executing..
[move_group-3] [INFO] [1791532026.931229405] [moveit_move_group_default_capabilities.move_action_capability]: Planning request received for MoveGroup action. Forwarding to planning pipeline.
[move_group-3] [INFO] [1791532026.931869058] [moveit.ompl_planning.model_based_planning_context]: Planner configuration 'right_arm[RRTConnectkConfigDefault]' will use planner 'geometric::RRTConnect'. Additional configuration parameters will be set when the planner is constructed.
[move_group-3] [INFO] [1791532026.973466962] [moveit_move_group_default_capabilities.move_action_capability]: Motion plan was computed successfully.
[move_group-3] [INFO] [1791532026.974936693] [moveit_move_group_default_capabilities.move_action_capability]: Received request
[move_group-3] [INFO] [1791532026.975010682] [moveit_move_group_default_capabilities.move_action_capability]: executing..
[move_group-3] [INFO] [1791532026.980940576] [moveit_move_group_default_capabilities.move_action_capability]: Planning request received for MoveGroup action. Forwarding to planning pipeline.
[move_group-3] [INFO] [1791532026.981390227] [moveit.ompl_planning.model_based_planning_context]: Planner configuration 'right_arm[RRTConnectkConfigDefault]' will use planner 'geometric::RRTConnect'. Additional configuration parameters will be set when the planner is constructed.
[move_group-3] [INFO] [1791532027.019993840] [moveit_move_group_default_capabilities.move_action_capability]: Motion plan was computed successfully.
[move_group-3] [INFO] [1791532027.021356527] [moveit_move_group_default_capabilities.move_action_capability]: Received request
[move_group-3] [INFO] [1791532027.021466449] [moveit_move_group_default_capabilities.move_action_capability]: executing..
[move_group-3] [INFO] [1791532027.031276999] [moveit_move_group_default_capabilities.move_action_capability]: Planning request received for MoveGroup action. Forwarding to planning pipeline.
[move_group-3] [INFO] [1791532027.031905453] [moveit.ompl_planning.model_based_planning_context]: Planner configuration 'right_arm[RRTConnectkConfigDefault]' will use planner 'geometric::RRTConnect'. Additional configuration parameters will be set when the planner is constructed.
[move_group-3] [INFO] [1791532027.082744122] [moveit_move_group_default_capabilities.move_action_capability]: Motion plan was computed successfully.
[move_group-3] [INFO] [1791532027.083695291] [moveit_move_group_default_capabilities.move_action_capability]: Received request
[move_group-3] [INFO] [1791532027.083765409] [moveit_move_group_default_capabilities.move_action_capability]: executing..
[move_group-3] [INFO] [1791532027.090303729] [moveit_move_group_default_capabilities.move_action_capability]: Planning request received for MoveGroup action. Forwarding to planning pipeline.
[move_group-3] [INFO] [1791532027.090775324] [moveit.ompl_planning.model_based_planning_context]: Planner configuration 'right_arm[RRTConnectkConfigDefault]' will use planner 'geometric::RRTConnect'. Additional configuration parameters will be set when the planner is constructed.
[move_group-3] [INFO] [1791532027.132839847] [moveit_move_group_default_capabilities.move_action_capability]: Motion plan was computed successfully.
[move_group-3] [INFO] [1791532027.407162011] [moveit_move_group_default_capabilities.cartersian_path_service_capability]: Received request to compute Cartesian path
[move_group-3] [INFO] [1791532027.407248307] [moveit_move_group_default_capabilities.cartersian_path_service_capability]: Attempting to follow 1 waypoints for link 'right_fr3_side_suction_tcp' using a step of 0.002000 m and jump threshold 0.000000 (in global reference frame)
[move_group-3] [INFO] [1791532027.410530370] [moveit_move_group_default_capabilities.cartersian_path_service_capability]: Computed Cartesian path with 22 points (followed 100.000000% of requested trajectory)
[move_group-3] [INFO] [1791532027.430987255] [moveit_move_group_default_capabilities.cartersian_path_service_capability]: Received request to compute Cartesian path
[move_group-3] [INFO] [1791532027.431065389] [moveit_move_group_default_capabilities.cartersian_path_service_capability]: Attempting to follow 1 waypoints for link 'left_fr3_side_suction_tcp' using a step of 0.002000 m and jump threshold 0.000000 (in global reference frame)
[move_group-3] [INFO] [1791532027.452116564] [moveit_move_group_default_capabilities.cartersian_path_service_capability]: Computed Cartesian path with 141 points (followed 100.000000% of requested trajectory)
[move_group-3] [INFO] [1791532027.457263043] [moveit_move_group_default_capabilities.cartersian_path_service_capability]: Received request to compute Cartesian path
[move_group-3] [INFO] [1791532027.457338769] [moveit_move_group_default_capabilities.cartersian_path_service_capability]: Attempting to follow 1 waypoints for link 'right_fr3_side_suction_tcp' using a step of 0.002000 m and jump threshold 0.000000 (in global reference frame)
[move_group-3] [INFO] [1791532027.476966496] [moveit_move_group_default_capabilities.cartersian_path_service_capability]: Computed Cartesian path with 141 points (followed 100.000000% of requested trajectory)
[move_group-3] [INFO] [1791532027.490453224] [moveit_move_group_default_capabilities.cartersian_path_service_capability]: Received request to compute Cartesian path
[move_group-3] [INFO] [1791532027.490506984] [moveit_move_group_default_capabilities.cartersian_path_service_capability]: Attempting to follow 1 waypoints for link 'left_fr3_side_suction_tcp' using a step of 0.002000 m and jump threshold 0.000000 (in global reference frame)
[move_group-3] [INFO] [1791532027.553361965] [moveit_move_group_default_capabilities.cartersian_path_service_capability]: Computed Cartesian path with 211 points (followed 100.000000% of requested trajectory)
[move_group-3] [INFO] [1791532027.557353769] [moveit_move_group_default_capabilities.cartersian_path_service_capability]: Received request to compute Cartesian path
[move_group-3] [INFO] [1791532027.557446988] [moveit_move_group_default_capabilities.cartersian_path_service_capability]: Attempting to follow 1 waypoints for link 'right_fr3_side_suction_tcp' using a step of 0.002000 m and jump threshold 0.000000 (in global reference frame)
[move_group-3] [INFO] [1791532027.622895941] [moveit_move_group_default_capabilities.cartersian_path_service_capability]: Computed Cartesian path with 211 points (followed 100.000000% of requested trajectory)
[move_group-3] [INFO] [1791532027.640442594] [moveit_move_group_default_capabilities.cartersian_path_service_capability]: Received request to compute Cartesian path
[move_group-3] [INFO] [1791532027.640518042] [moveit_move_group_default_capabilities.cartersian_path_service_capability]: Attempting to follow 1 waypoints for link 'left_fr3_side_suction_tcp' using a step of 0.002000 m and jump threshold 0.000000 (in global reference frame)
[move_group-3] [INFO] [1791532027.643854048] [moveit_move_group_default_capabilities.cartersian_path_service_capability]: Computed Cartesian path with 32 points (followed 100.000000% of requested trajectory)
[move_group-3] [INFO] [1791532027.657350711] [moveit_move_group_default_capabilities.cartersian_path_service_capability]: Received request to compute Cartesian path
[move_group-3] [INFO] [1791532027.657409428] [moveit_move_group_default_capabilities.cartersian_path_service_capability]: Attempting to follow 1 waypoints for link 'right_fr3_side_suction_tcp' using a step of 0.002000 m and jump threshold 0.000000 (in global reference frame)
[move_group-3] [INFO] [1791532027.661011315] [moveit_move_group_default_capabilities.cartersian_path_service_capability]: Computed Cartesian path with 31 points (followed 100.000000% of requested trajectory)
[move_group-3] [INFO] [1791532027.681297806] [moveit_move_group_default_capabilities.cartersian_path_service_capability]: Received request to compute Cartesian path
[move_group-3] [INFO] [1791532027.681359434] [moveit_move_group_default_capabilities.cartersian_path_service_capability]: Attempting to follow 1 waypoints for link 'left_fr3_side_suction_tcp' using a step of 0.002000 m and jump threshold 0.000000 (in global reference frame)
[move_group-3] [INFO] [1791532027.698581765] [moveit_move_group_default_capabilities.cartersian_path_service_capability]: Computed Cartesian path with 131 points (followed 100.000000% of requested trajectory)
[move_group-3] [INFO] [1791532027.707445744] [moveit_move_group_default_capabilities.cartersian_path_service_capability]: Received request to compute Cartesian path
[move_group-3] [INFO] [1791532027.707524971] [moveit_move_group_default_capabilities.cartersian_path_service_capability]: Attempting to follow 1 waypoints for link 'right_fr3_side_suction_tcp' using a step of 0.002000 m and jump threshold 0.000000 (in global reference frame)
[move_group-3] [INFO] [1791532027.733816662] [moveit_move_group_default_capabilities.cartersian_path_service_capability]: Computed Cartesian path with 132 points (followed 100.000000% of requested trajectory)
[move_group-3] [INFO] [1791532027.757474398] [moveit_move_group_default_capabilities.cartersian_path_service_capability]: Received request to compute Cartesian path
[move_group-3] [INFO] [1791532027.757542790] [moveit_move_group_default_capabilities.cartersian_path_service_capability]: Attempting to follow 1 waypoints for link 'left_fr3_side_suction_tcp' using a step of 0.002000 m and jump threshold 0.000000 (in global reference frame)
[move_group-3] [INFO] [1791532027.758855105] [moveit_move_group_default_capabilities.cartersian_path_service_capability]: Computed Cartesian path with 12 points (followed 100.000000% of requested trajectory)
[move_group-3] [INFO] [1791532027.780850693] [moveit_move_group_default_capabilities.cartersian_path_service_capability]: Received request to compute Cartesian path
[move_group-3] [INFO] [1791532027.780930873] [moveit_move_group_default_capabilities.cartersian_path_service_capability]: Attempting to follow 1 waypoints for link 'right_fr3_side_suction_tcp' using a step of 0.002000 m and jump threshold 0.000000 (in global reference frame)
[move_group-3] [INFO] [1791532027.782080620] [moveit_move_group_default_capabilities.cartersian_path_service_capability]: Computed Cartesian path with 11 points (followed 100.000000% of requested trajectory)
[move_group-3] [INFO] [1791532027.790892882] [moveit_move_group_default_capabilities.cartersian_path_service_capability]: Received request to compute Cartesian path
[move_group-3] [INFO] [1791532027.790969218] [moveit_move_group_default_capabilities.cartersian_path_service_capability]: Attempting to follow 1 waypoints for link 'left_fr3_side_suction_tcp' using a step of 0.002000 m and jump threshold 0.000000 (in global reference frame)
[move_group-3] [INFO] [1791532027.841665124] [moveit_move_group_default_capabilities.cartersian_path_service_capability]: Computed Cartesian path with 220 points (followed 100.000000% of requested trajectory)
[move_group-3] [INFO] [1791532027.857413073] [moveit_move_group_default_capabilities.cartersian_path_service_capability]: Received request to compute Cartesian path
[move_group-3] [INFO] [1791532027.857505105] [moveit_move_group_default_capabilities.cartersian_path_service_capability]: Attempting to follow 1 waypoints for link 'right_fr3_side_suction_tcp' using a step of 0.002000 m and jump threshold 0.000000 (in global reference frame)
[move_group-3] [INFO] [1791532027.877552787] [moveit_move_group_default_capabilities.cartersian_path_service_capability]: Computed Cartesian path with 141 points (followed 100.000000% of requested trajectory)
[move_group-3] [INFO] [1791532027.907404585] [moveit_move_group_default_capabilities.cartersian_path_service_capability]: Received request to compute Cartesian path
[move_group-3] [INFO] [1791532027.907482529] [moveit_move_group_default_capabilities.cartersian_path_service_capability]: Attempting to follow 1 waypoints for link 'left_fr3_side_suction_tcp' using a step of 0.002000 m and jump threshold 0.000000 (in global reference frame)
[move_group-3] [INFO] [1791532027.907545377] [moveit_move_group_default_capabilities.cartersian_path_service_capability]: Computed Cartesian path with 2 points (followed 100.000000% of requested trajectory)
[move_group-3] [INFO] [1791532027.931046138] [moveit_move_group_default_capabilities.cartersian_path_service_capability]: Received request to compute Cartesian path
[move_group-3] [INFO] [1791532027.931107153] [moveit_move_group_default_capabilities.cartersian_path_service_capability]: Attempting to follow 1 waypoints for link 'right_fr3_side_suction_tcp' using a step of 0.002000 m and jump threshold 0.000000 (in global reference frame)
[move_group-3] [INFO] [1791532027.941338548] [moveit_move_group_default_capabilities.cartersian_path_service_capability]: Computed Cartesian path with 97 points (followed 100.000000% of requested trajectory)
[move_group-3] [INFO] [1791532028.207327265] [moveit_move_group_default_capabilities.move_action_capability]: Received request
[move_group-3] [INFO] [1791532028.207412731] [moveit_move_group_default_capabilities.move_action_capability]: executing..
[move_group-3] [INFO] [1791532028.231212899] [moveit_move_group_default_capabilities.move_action_capability]: Planning request received for MoveGroup action. Forwarding to planning pipeline.
[move_group-3] [INFO] [1791532028.231640867] [moveit.ompl_planning.model_based_planning_context]: Planner configuration 'right_arm[RRTConnectkConfigDefault]' will use planner 'geometric::RRTConnect'. Additional configuration parameters will be set when the planner is constructed.
[move_group-3] [INFO] [1791532028.273355843] [moveit_move_group_default_capabilities.move_action_capability]: Motion plan was computed successfully.
[move_group-3] [INFO] [1791532028.274007617] [moveit_move_group_default_capabilities.move_action_capability]: Received request
[move_group-3] [INFO] [1791532028.274068060] [moveit_move_group_default_capabilities.move_action_capability]: executing..
[move_group-3] [INFO] [1791532028.281687715] [moveit_move_group_default_capabilities.move_action_capability]: Planning request received for MoveGroup action. Forwarding to planning pipeline.
[move_group-3] [INFO] [1791532028.282189631] [moveit.ompl_planning.model_based_planning_context]: Planner configuration 'right_arm[RRTConnectkConfigDefault]' will use planner 'geometric::RRTConnect'. Additional configuration parameters will be set when the planner is constructed.
[move_group-3] [INFO] [1791532028.319763864] [moveit_move_group_default_capabilities.move_action_capability]: Motion plan was computed successfully.
[move_group-3] [INFO] [1791532028.320561169] [moveit_move_group_default_capabilities.move_action_capability]: Received request
[move_group-3] [INFO] [1791532028.320639113] [moveit_move_group_default_capabilities.move_action_capability]: executing..
[move_group-3] [INFO] [1791532028.332790408] [moveit_move_group_default_capabilities.move_action_capability]: Planning request received for MoveGroup action. Forwarding to planning pipeline.
[move_group-3] [INFO] [1791532028.333300688] [moveit.ompl_planning.model_based_planning_context]: Planner configuration 'right_arm[RRTConnectkConfigDefault]' will use planner 'geometric::RRTConnect'. Additional configuration parameters will be set when the planner is constructed.
[move_group-3] [INFO] [1791532028.384047930] [moveit_move_group_default_capabilities.move_action_capability]: Motion plan was computed successfully.
[move_group-3] [INFO] [1791532028.385335280] [moveit_move_group_default_capabilities.move_action_capability]: Received request
[move_group-3] [INFO] [1791532028.385418630] [moveit_move_group_default_capabilities.move_action_capability]: executing..
[move_group-3] [INFO] [1791532028.390786580] [moveit_move_group_default_capabilities.move_action_capability]: Planning request received for MoveGroup action. Forwarding to planning pipeline.
[move_group-3] [INFO] [1791532028.391231380] [moveit.ompl_planning.model_based_planning_context]: Planner configuration 'right_arm[RRTConnectkConfigDefault]' will use planner 'geometric::RRTConnect'. Additional configuration parameters will be set when the planner is constructed.
[move_group-3] [INFO] [1791532028.441843312] [moveit_move_group_default_capabilities.move_action_capability]: Motion plan was computed successfully.
[move_group-3] [INFO] [1791532028.443474844] [moveit_move_group_default_capabilities.move_action_capability]: Received request
[move_group-3] [INFO] [1791532028.443545851] [moveit_move_group_default_capabilities.move_action_capability]: executing..
[move_group-3] [INFO] [1791532028.457428010] [moveit_move_group_default_capabilities.move_action_capability]: Planning request received for MoveGroup action. Forwarding to planning pipeline.
[move_group-3] [INFO] [1791532028.457877595] [moveit.ompl_planning.model_based_planning_context]: Planner configuration 'right_arm[RRTConnectkConfigDefault]' will use planner 'geometric::RRTConnect'. Additional configuration parameters will be set when the planner is constructed.
[move_group-3] [INFO] [1791532028.492463314] [moveit_move_group_default_capabilities.move_action_capability]: Motion plan was computed successfully.
[move_group-3] [INFO] [1791532028.493109035] [moveit_move_group_default_capabilities.move_action_capability]: Received request
[move_group-3] [INFO] [1791532028.493175244] [moveit_move_group_default_capabilities.move_action_capability]: executing..
[move_group-3] [INFO] [1791532028.507428427] [moveit_move_group_default_capabilities.move_action_capability]: Planning request received for MoveGroup action. Forwarding to planning pipeline.
[move_group-3] [INFO] [1791532028.507888299] [moveit.ompl_planning.model_based_planning_context]: Planner configuration 'right_arm[RRTConnectkConfigDefault]' will use planner 'geometric::RRTConnect'. Additional configuration parameters will be set when the planner is constructed.
[move_group-3] [INFO] [1791532028.543257398] [moveit_move_group_default_capabilities.move_action_capability]: Motion plan was computed successfully.
[move_group-3] [INFO] [1791532028.544122736] [moveit_move_group_default_capabilities.move_action_capability]: Received request
[move_group-3] [INFO] [1791532028.544199015] [moveit_move_group_default_capabilities.move_action_capability]: executing..
[move_group-3] [INFO] [1791532028.557644091] [moveit_move_group_default_capabilities.move_action_capability]: Planning request received for MoveGroup action. Forwarding to planning pipeline.
[move_group-3] [INFO] [1791532028.558116546] [moveit.ompl_planning.model_based_planning_context]: Planner configuration 'right_arm[RRTConnectkConfigDefault]' will use planner 'geometric::RRTConnect'. Additional configuration parameters will be set when the planner is constructed.
[move_group-3] [INFO] [1791532028.608887163] [moveit_move_group_default_capabilities.move_action_capability]: Motion plan was computed successfully.
[move_group-3] [INFO] [1791532028.610511658] [moveit_move_group_default_capabilities.move_action_capability]: Received request
[move_group-3] [INFO] [1791532028.610692964] [moveit_move_group_default_capabilities.move_action_capability]: executing..
[move_group-3] [INFO] [1791532028.631414316] [moveit_move_group_default_capabilities.move_action_capability]: Planning request received for MoveGroup action. Forwarding to planning pipeline.
[move_group-3] [INFO] [1791532028.631979941] [moveit.ompl_planning.model_based_planning_context]: Planner configuration 'right_arm[RRTConnectkConfigDefault]' will use planner 'geometric::RRTConnect'. Additional configuration parameters will be set when the planner is constructed.
[move_group-3] [INFO] [1791532028.693126230] [moveit_move_group_default_capabilities.move_action_capability]: Motion plan was computed successfully.
[move_group-3] [INFO] [1791532028.707728130] [moveit_move_group_default_capabilities.move_action_capability]: Received request
[move_group-3] [INFO] [1791532028.707850831] [moveit_move_group_default_capabilities.move_action_capability]: executing..
[move_group-3] [INFO] [1791532028.731924245] [moveit_move_group_default_capabilities.move_action_capability]: Planning request received for MoveGroup action. Forwarding to planning pipeline.
[move_group-3] [INFO] [1791532028.732385864] [moveit.ompl_planning.model_based_planning_context]: Planner configuration 'right_arm[RRTConnectkConfigDefault]' will use planner 'geometric::RRTConnect'. Additional configuration parameters will be set when the planner is constructed.
[move_group-3] [INFO] [1791532028.771244720] [moveit_move_group_default_capabilities.move_action_capability]: Motion plan was computed successfully.
[move_group-3] [INFO] [1791532028.772370304] [moveit_move_group_default_capabilities.move_action_capability]: Received request
[move_group-3] [INFO] [1791532028.772484391] [moveit_move_group_default_capabilities.move_action_capability]: executing..
[move_group-3] [INFO] [1791532028.781592029] [moveit_move_group_default_capabilities.move_action_capability]: Planning request received for MoveGroup action. Forwarding to planning pipeline.
[move_group-3] [INFO] [1791532028.782055019] [moveit.ompl_planning.model_based_planning_context]: Planner configuration 'right_arm[RRTConnectkConfigDefault]' will use planner 'geometric::RRTConnect'. Additional configuration parameters will be set when the planner is constructed.
[move_group-3] [INFO] [1791532028.820619350] [moveit_move_group_default_capabilities.move_action_capability]: Motion plan was computed successfully.
[move_group-3] [INFO] [1791532028.822033969] [moveit_move_group_default_capabilities.move_action_capability]: Received request
[move_group-3] [INFO] [1791532028.822149674] [moveit_move_group_default_capabilities.move_action_capability]: executing..
[move_group-3] [INFO] [1791532028.832306854] [moveit_move_group_default_capabilities.move_action_capability]: Planning request received for MoveGroup action. Forwarding to planning pipeline.
[move_group-3] [INFO] [1791532028.832936160] [moveit.ompl_planning.model_based_planning_context]: Planner configuration 'right_arm[RRTConnectkConfigDefault]' will use planner 'geometric::RRTConnect'. Additional configuration parameters will be set when the planner is constructed.
[move_group-3] [INFO] [1791532028.871849688] [moveit_move_group_default_capabilities.move_action_capability]: Motion plan was computed successfully.
[move_group-3] [INFO] [1791532028.872854360] [moveit_move_group_default_capabilities.move_action_capability]: Received request
[move_group-3] [INFO] [1791532028.872948090] [moveit_move_group_default_capabilities.move_action_capability]: executing..
[move_group-3] [INFO] [1791532028.881726826] [moveit_move_group_default_capabilities.move_action_capability]: Planning request received for MoveGroup action. Forwarding to planning pipeline.
[move_group-3] [INFO] [1791532028.882172114] [moveit.ompl_planning.model_based_planning_context]: Planner configuration 'right_arm[RRTConnectkConfigDefault]' will use planner 'geometric::RRTConnect'. Additional configuration parameters will be set when the planner is constructed.
[move_group-3] [INFO] [1791532028.938573112] [moveit_move_group_default_capabilities.move_action_capability]: Motion plan was computed successfully.
[move_group-3] [INFO] [1791532028.939524222] [moveit_move_group_default_capabilities.move_action_capability]: Received request
[move_group-3] [INFO] [1791532028.939624412] [moveit_move_group_default_capabilities.move_action_capability]: executing..
[move_group-3] [INFO] [1791532028.940913404] [moveit_move_group_default_capabilities.move_action_capability]: Planning request received for MoveGroup action. Forwarding to planning pipeline.
[move_group-3] [INFO] [1791532028.941361721] [moveit.ompl_planning.model_based_planning_context]: Planner configuration 'right_arm[RRTConnectkConfigDefault]' will use planner 'geometric::RRTConnect'. Additional configuration parameters will be set when the planner is constructed.
[move_group-3] [INFO] [1791532028.979881122] [moveit_move_group_default_capabilities.move_action_capability]: Motion plan was computed successfully.
[move_group-3] [INFO] [1791532028.980655150] [moveit_move_group_default_capabilities.move_action_capability]: Received request
[move_group-3] [INFO] [1791532028.980751137] [moveit_move_group_default_capabilities.move_action_capability]: executing..
[move_group-3] [INFO] [1791532028.981677120] [moveit_move_group_default_capabilities.move_action_capability]: Planning request received for MoveGroup action. Forwarding to planning pipeline.
[move_group-3] [INFO] [1791532028.982265655] [moveit.ompl_planning.model_based_planning_context]: Planner configuration 'right_arm[RRTConnectkConfigDefault]' will use planner 'geometric::RRTConnect'. Additional configuration parameters will be set when the planner is constructed.
[move_group-3] [INFO] [1791532029.015615064] [moveit_move_group_default_capabilities.move_action_capability]: Motion plan was computed successfully.
[move_group-3] [INFO] [1791532029.016543767] [moveit_move_group_default_capabilities.move_action_capability]: Received request
[move_group-3] [INFO] [1791532029.016626506] [moveit_move_group_default_capabilities.move_action_capability]: executing..
[move_group-3] [INFO] [1791532029.031928868] [moveit_move_group_default_capabilities.move_action_capability]: Planning request received for MoveGroup action. Forwarding to planning pipeline.
[move_group-3] [INFO] [1791532029.032380652] [moveit.ompl_planning.model_based_planning_context]: Planner configuration 'right_arm[RRTConnectkConfigDefault]' will use planner 'geometric::RRTConnect'. Additional configuration parameters will be set when the planner is constructed.
[move_group-3] [INFO] [1791532029.077974047] [moveit_move_group_default_capabilities.move_action_capability]: Motion plan was computed successfully.
[move_group-3] [INFO] [1791532029.079437627] [moveit_move_group_default_capabilities.move_action_capability]: Received request
[move_group-3] [INFO] [1791532029.079672886] [moveit_move_group_default_capabilities.move_action_capability]: executing..
[move_group-3] [INFO] [1791532029.081840195] [moveit_move_group_default_capabilities.move_action_capability]: Planning request received for MoveGroup action. Forwarding to planning pipeline.
[move_group-3] [INFO] [1791532029.082432920] [moveit.ompl_planning.model_based_planning_context]: Planner configuration 'right_arm[RRTConnectkConfigDefault]' will use planner 'geometric::RRTConnect'. Additional configuration parameters will be set when the planner is constructed.
[move_group-3] [INFO] [1791532029.155802995] [moveit_move_group_default_capabilities.move_action_capability]: Motion plan was computed successfully.
[move_group-3] [INFO] [1791532029.157962460] [moveit_move_group_default_capabilities.move_action_capability]: Received request
[move_group-3] [INFO] [1791532029.158073402] [moveit_move_group_default_capabilities.move_action_capability]: executing..
[move_group-3] [INFO] [1791532029.158316076] [moveit_move_group_default_capabilities.move_action_capability]: Planning request received for MoveGroup action. Forwarding to planning pipeline.
[move_group-3] [INFO] [1791532029.158731684] [moveit.ompl_planning.model_based_planning_context]: Planner configuration 'right_arm[RRTConnectkConfigDefault]' will use planner 'geometric::RRTConnect'. Additional configuration parameters will be set when the planner is constructed.
[move_group-3] [INFO] [1791532029.196702923] [moveit_move_group_default_capabilities.move_action_capability]: Motion plan was computed successfully.
[move_group-3] [INFO] [1791532029.198108940] [moveit_move_group_default_capabilities.move_action_capability]: Received request
[move_group-3] [INFO] [1791532029.198210493] [moveit_move_group_default_capabilities.move_action_capability]: executing..
[move_group-3] [INFO] [1791532029.207838832] [moveit_move_group_default_capabilities.move_action_capability]: Planning request received for MoveGroup action. Forwarding to planning pipeline.
[move_group-3] [INFO] [1791532029.208439770] [moveit.ompl_planning.model_based_planning_context]: Planner configuration 'right_arm[RRTConnectkConfigDefault]' will use planner 'geometric::RRTConnect'. Additional configuration parameters will be set when the planner is constructed.
[move_group-3] [INFO] [1791532029.248608685] [moveit_move_group_default_capabilities.move_action_capability]: Motion plan was computed successfully.
[move_group-3] [INFO] [1791532029.249917421] [moveit_move_group_default_capabilities.move_action_capability]: Received request
[move_group-3] [INFO] [1791532029.249999483] [moveit_move_group_default_capabilities.move_action_capability]: executing..
[move_group-3] [INFO] [1791532029.257709758] [moveit_move_group_default_capabilities.move_action_capability]: Planning request received for MoveGroup action. Forwarding to planning pipeline.
[move_group-3] [INFO] [1791532029.258318450] [moveit.ompl_planning.model_based_planning_context]: Planner configuration 'right_arm[RRTConnectkConfigDefault]' will use planner 'geometric::RRTConnect'. Additional configuration parameters will be set when the planner is constructed.
[move_group-3] [INFO] [1791532029.320053919] [moveit_move_group_default_capabilities.move_action_capability]: Motion plan was computed successfully.
[move_group-3] [INFO] [1791532029.321564576] [moveit_move_group_default_capabilities.move_action_capability]: Received request
[move_group-3] [INFO] [1791532029.321703120] [moveit_move_group_default_capabilities.move_action_capability]: executing..
[move_group-3] [INFO] [1791532029.332160265] [moveit_move_group_default_capabilities.move_action_capability]: Planning request received for MoveGroup action. Forwarding to planning pipeline.
[move_group-3] [INFO] [1791532029.332626509] [moveit.ompl_planning.model_based_planning_context]: Planner configuration 'right_arm[RRTConnectkConfigDefault]' will use planner 'geometric::RRTConnect'. Additional configuration parameters will be set when the planner is constructed.
[move_group-3] [INFO] [1791532029.377177027] [moveit_move_group_default_capabilities.move_action_capability]: Motion plan was computed successfully.
[move_group-3] [INFO] [1791532029.378506308] [moveit_move_group_default_capabilities.move_action_capability]: Received request
[move_group-3] [INFO] [1791532029.378666548] [moveit_move_group_default_capabilities.move_action_capability]: executing..
[move_group-3] [INFO] [1791532029.382112968] [moveit_move_group_default_capabilities.move_action_capability]: Planning request received for MoveGroup action. Forwarding to planning pipeline.
[move_group-3] [INFO] [1791532029.382552221] [moveit.ompl_planning.model_based_planning_context]: Planner configuration 'right_arm[RRTConnectkConfigDefault]' will use planner 'geometric::RRTConnect'. Additional configuration parameters will be set when the planner is constructed.
[move_group-3] [INFO] [1791532029.422580917] [moveit_move_group_default_capabilities.move_action_capability]: Motion plan was computed successfully.
[move_group-3] [INFO] [1791532029.423904886] [moveit_move_group_default_capabilities.move_action_capability]: Received request
[move_group-3] [INFO] [1791532029.424005217] [moveit_move_group_default_capabilities.move_action_capability]: executing..
[move_group-3] [INFO] [1791532029.431706682] [moveit_move_group_default_capabilities.move_action_capability]: Planning request received for MoveGroup action. Forwarding to planning pipeline.
[move_group-3] [INFO] [1791532029.432197756] [moveit.ompl_planning.model_based_planning_context]: Planner configuration 'right_arm[RRTConnectkConfigDefault]' will use planner 'geometric::RRTConnect'. Additional configuration parameters will be set when the planner is constructed.
[move_group-3] [INFO] [1791532029.477465787] [moveit_move_group_default_capabilities.move_action_capability]: Motion plan was computed successfully.
[move_group-3] [INFO] [1791532029.479045831] [moveit_move_group_default_capabilities.move_action_capability]: Received request
[move_group-3] [INFO] [1791532029.479136974] [moveit_move_group_default_capabilities.move_action_capability]: executing..
[move_group-3] [INFO] [1791532029.482272579] [moveit_move_group_default_capabilities.move_action_capability]: Planning request received for MoveGroup action. Forwarding to planning pipeline.
[move_group-3] [INFO] [1791532029.482811881] [moveit.ompl_planning.model_based_planning_context]: Planner configuration 'right_arm[RRTConnectkConfigDefault]' will use planner 'geometric::RRTConnect'. Additional configuration parameters will be set when the planner is constructed.
[move_group-3] [INFO] [1791532029.521516343] [moveit_move_group_default_capabilities.move_action_capability]: Motion plan was computed successfully.
[move_group-3] [INFO] [1791532029.522306340] [moveit_move_group_default_capabilities.move_action_capability]: Received request
[move_group-3] [INFO] [1791532029.522410628] [moveit_move_group_default_capabilities.move_action_capability]: executing..
[move_group-3] [INFO] [1791532029.531847341] [moveit_move_group_default_capabilities.move_action_capability]: Planning request received for MoveGroup action. Forwarding to planning pipeline.
[move_group-3] [INFO] [1791532029.532332426] [moveit.ompl_planning.model_based_planning_context]: Planner configuration 'right_arm[RRTConnectkConfigDefault]' will use planner 'geometric::RRTConnect'. Additional configuration parameters will be set when the planner is constructed.
[move_group-3] [INFO] [1791532029.568971911] [moveit_move_group_default_capabilities.move_action_capability]: Motion plan was computed successfully.
[move_group-3] [INFO] [1791532029.591338531] [moveit_move_group_default_capabilities.cartersian_path_service_capability]: Received request to compute Cartesian path
[move_group-3] [INFO] [1791532029.591433650] [moveit_move_group_default_capabilities.cartersian_path_service_capability]: Attempting to follow 1 waypoints for link 'left_fr3_side_suction_tcp' using a step of 0.002000 m and jump threshold 0.000000 (in global reference frame)
[move_group-3] [INFO] [1791532029.591523232] [moveit_move_group_default_capabilities.cartersian_path_service_capability]: Computed Cartesian path with 2 points (followed 100.000000% of requested trajectory)
[move_group-3] [INFO] [1791532029.607875623] [moveit_move_group_default_capabilities.cartersian_path_service_capability]: Received request to compute Cartesian path
[move_group-3] [INFO] [1791532029.607951100] [moveit_move_group_default_capabilities.cartersian_path_service_capability]: Attempting to follow 1 waypoints for link 'right_fr3_side_suction_tcp' using a step of 0.002000 m and jump threshold 0.000000 (in global reference frame)
[move_group-3] [INFO] [1791532029.621776307] [moveit_move_group_default_capabilities.cartersian_path_service_capability]: Computed Cartesian path with 96 points (followed 100.000000% of requested trajectory)
[move_group-3] [INFO] [1791532029.632414281] [moveit_move_group_default_capabilities.cartersian_path_service_capability]: Received request to compute Cartesian path
[move_group-3] [INFO] [1791532029.632469863] [moveit_move_group_default_capabilities.cartersian_path_service_capability]: Attempting to follow 1 waypoints for link 'left_fr3_side_suction_tcp' using a step of 0.002000 m and jump threshold 0.000000 (in global reference frame)
[move_group-3] [INFO] [1791532029.632539595] [moveit_move_group_default_capabilities.cartersian_path_service_capability]: Computed Cartesian path with 2 points (followed 100.000000% of requested trajectory)
[move_group-3] [INFO] [1791532029.641312848] [moveit_move_group_default_capabilities.cartersian_path_service_capability]: Received request to compute Cartesian path
[move_group-3] [INFO] [1791532029.641388530] [moveit_move_group_default_capabilities.cartersian_path_service_capability]: Attempting to follow 1 waypoints for link 'right_fr3_side_suction_tcp' using a step of 0.002000 m and jump threshold 0.000000 (in global reference frame)
[move_group-3] [INFO] [1791532029.653000150] [moveit_move_group_default_capabilities.cartersian_path_service_capability]: Computed Cartesian path with 96 points (followed 100.000000% of requested trajectory)
[move_group-3] [INFO] [1791532029.931813863] [moveit_move_group_default_capabilities.move_action_capability]: Received request
[move_group-3] [INFO] [1791532029.931936485] [moveit_move_group_default_capabilities.move_action_capability]: executing..
[move_group-3] [INFO] [1791532029.941178617] [moveit_move_group_default_capabilities.move_action_capability]: Planning request received for MoveGroup action. Forwarding to planning pipeline.
[move_group-3] [INFO] [1791532029.941606663] [moveit.ompl_planning.model_based_planning_context]: Planner configuration 'left_arm[RRTConnectkConfigDefault]' will use planner 'geometric::RRTConnect'. Additional configuration parameters will be set when the planner is constructed.
[move_group-3] [INFO] [1791532029.975238936] [moveit_move_group_default_capabilities.move_action_capability]: Motion plan was computed successfully.
[move_group-3] [INFO] [1791532029.976192622] [moveit_move_group_default_capabilities.move_action_capability]: Received request
[move_group-3] [INFO] [1791532029.976288413] [moveit_move_group_default_capabilities.move_action_capability]: executing..
[move_group-3] [INFO] [1791532029.982633365] [moveit_move_group_default_capabilities.move_action_capability]: Planning request received for MoveGroup action. Forwarding to planning pipeline.
[move_group-3] [INFO] [1791532029.983113535] [moveit.ompl_planning.model_based_planning_context]: Planner configuration 'left_arm[RRTConnectkConfigDefault]' will use planner 'geometric::RRTConnect'. Additional configuration parameters will be set when the planner is constructed.
[move_group-3] [INFO] [1791532030.026051459] [moveit_move_group_default_capabilities.move_action_capability]: Motion plan was computed successfully.
[move_group-3] [INFO] [1791532030.026957297] [moveit_move_group_default_capabilities.move_action_capability]: Received request
[move_group-3] [INFO] [1791532030.027070191] [moveit_move_group_default_capabilities.move_action_capability]: executing..
[move_group-3] [INFO] [1791532030.032269660] [moveit_move_group_default_capabilities.move_action_capability]: Planning request received for MoveGroup action. Forwarding to planning pipeline.
[move_group-3] [INFO] [1791532030.032738262] [moveit.ompl_planning.model_based_planning_context]: Planner configuration 'left_arm[RRTConnectkConfigDefault]' will use planner 'geometric::RRTConnect'. Additional configuration parameters will be set when the planner is constructed.
[move_group-3] [INFO] [1791532030.064447986] [moveit_move_group_default_capabilities.move_action_capability]: Motion plan was computed successfully.
[move_group-3] [INFO] [1791532030.065971376] [moveit_move_group_default_capabilities.move_action_capability]: Received request
[move_group-3] [INFO] [1791532030.066061092] [moveit_move_group_default_capabilities.move_action_capability]: executing..
[move_group-3] [INFO] [1791532030.081714714] [moveit_move_group_default_capabilities.move_action_capability]: Planning request received for MoveGroup action. Forwarding to planning pipeline.
[move_group-3] [INFO] [1791532030.082197390] [moveit.ompl_planning.model_based_planning_context]: Planner configuration 'left_arm[RRTConnectkConfigDefault]' will use planner 'geometric::RRTConnect'. Additional configuration parameters will be set when the planner is constructed.
[move_group-3] [INFO] [1791532030.123615832] [moveit_move_group_default_capabilities.move_action_capability]: Motion plan was computed successfully.
[move_group-3] [INFO] [1791532030.125128463] [moveit_move_group_default_capabilities.move_action_capability]: Received request
[move_group-3] [INFO] [1791532030.125231783] [moveit_move_group_default_capabilities.move_action_capability]: executing..
[move_group-3] [INFO] [1791532030.131877229] [moveit_move_group_default_capabilities.move_action_capability]: Planning request received for MoveGroup action. Forwarding to planning pipeline.
[move_group-3] [INFO] [1791532030.132334746] [moveit.ompl_planning.model_based_planning_context]: Planner configuration 'left_arm[RRTConnectkConfigDefault]' will use planner 'geometric::RRTConnect'. Additional configuration parameters will be set when the planner is constructed.
[move_group-3] [INFO] [1791532030.172280141] [moveit_move_group_default_capabilities.move_action_capability]: Motion plan was computed successfully.
[move_group-3] [INFO] [1791532030.173735105] [moveit_move_group_default_capabilities.move_action_capability]: Received request
[move_group-3] [INFO] [1791532030.173865467] [moveit_move_group_default_capabilities.move_action_capability]: executing..
[move_group-3] [INFO] [1791532030.182516215] [moveit_move_group_default_capabilities.move_action_capability]: Planning request received for MoveGroup action. Forwarding to planning pipeline.
[move_group-3] [INFO] [1791532030.182974291] [moveit.ompl_planning.model_based_planning_context]: Planner configuration 'left_arm[RRTConnectkConfigDefault]' will use planner 'geometric::RRTConnect'. Additional configuration parameters will be set when the planner is constructed.
[move_group-3] [INFO] [1791532030.217809518] [moveit_move_group_default_capabilities.move_action_capability]: Motion plan was computed successfully.
[move_group-3] [INFO] [1791532030.218401814] [moveit_move_group_default_capabilities.move_action_capability]: Received request
[move_group-3] [INFO] [1791532030.218490756] [moveit_move_group_default_capabilities.move_action_capability]: executing..
[move_group-3] [INFO] [1791532030.231850511] [moveit_move_group_default_capabilities.move_action_capability]: Planning request received for MoveGroup action. Forwarding to planning pipeline.
[move_group-3] [INFO] [1791532030.232313529] [moveit.ompl_planning.model_based_planning_context]: Planner configuration 'left_arm[RRTConnectkConfigDefault]' will use planner 'geometric::RRTConnect'. Additional configuration parameters will be set when the planner is constructed.
[move_group-3] [INFO] [1791532030.262867053] [moveit_move_group_default_capabilities.move_action_capability]: Motion plan was computed successfully.
[move_group-3] [INFO] [1791532030.263860291] [moveit_move_group_default_capabilities.move_action_capability]: Received request
[move_group-3] [INFO] [1791532030.263986475] [moveit_move_group_default_capabilities.move_action_capability]: executing..
[move_group-3] [INFO] [1791532030.281959772] [moveit_move_group_default_capabilities.move_action_capability]: Planning request received for MoveGroup action. Forwarding to planning pipeline.
[move_group-3] [INFO] [1791532030.282388686] [moveit.ompl_planning.model_based_planning_context]: Planner configuration 'left_arm[RRTConnectkConfigDefault]' will use planner 'geometric::RRTConnect'. Additional configuration parameters will be set when the planner is constructed.
[move_group-3] [INFO] [1791532030.311238798] [moveit_move_group_default_capabilities.move_action_capability]: Motion plan was computed successfully.
[move_group-3] [INFO] [1791532030.332241127] [moveit_move_group_default_capabilities.cartersian_path_service_capability]: Received request to compute Cartesian path
[move_group-3] [INFO] [1791532030.332295187] [moveit_move_group_default_capabilities.cartersian_path_service_capability]: Attempting to follow 1 waypoints for link 'left_fr3_side_suction_tcp' using a step of 0.002000 m and jump threshold 0.000000 (in global reference frame)
[move_group-3] [INFO] [1791532030.348133480] [moveit_move_group_default_capabilities.cartersian_path_service_capability]: Computed Cartesian path with 102 points (followed 100.000000% of requested trajectory)
[move_group-3] [INFO] [1791532030.608046562] [moveit_move_group_default_capabilities.cartersian_path_service_capability]: Received request to compute Cartesian path
[move_group-3] [INFO] [1791532030.608126946] [moveit_move_group_default_capabilities.cartersian_path_service_capability]: Attempting to follow 1 waypoints for link 'left_fr3_side_suction_tcp' using a step of 0.002000 m and jump threshold 0.000000 (in global reference frame)
[move_group-3] [INFO] [1791532030.620815651] [moveit_move_group_default_capabilities.cartersian_path_service_capability]: Computed Cartesian path with 101 points (followed 100.000000% of requested trajectory)
[move_group-3] [INFO] [1791532030.632205442] [moveit_move_group_default_capabilities.cartersian_path_service_capability]: Received request to compute Cartesian path
[move_group-3] [INFO] [1791532030.632267546] [moveit_move_group_default_capabilities.cartersian_path_service_capability]: Attempting to follow 1 waypoints for link 'right_fr3_side_suction_tcp' using a step of 0.002000 m and jump threshold 0.000000 (in global reference frame)
[move_group-3] [INFO] [1791532030.634032703] [moveit_move_group_default_capabilities.cartersian_path_service_capability]: Computed Cartesian path with 14 points (followed 100.000000% of requested trajectory)
[move_group-3] [INFO] [1791532030.641426357] [moveit_move_group_default_capabilities.cartersian_path_service_capability]: Received request to compute Cartesian path
[move_group-3] [INFO] [1791532030.641514383] [moveit_move_group_default_capabilities.cartersian_path_service_capability]: Attempting to follow 1 waypoints for link 'right_fr3_side_suction_tcp' using a step of 0.002000 m and jump threshold 0.000000 (in global reference frame)
[move_group-3] [INFO] [1791532030.643351688] [moveit_move_group_default_capabilities.cartersian_path_service_capability]: Computed Cartesian path with 14 points (followed 100.000000% of requested trajectory)
[move_group-3] [INFO] [1791532030.658232794] [moveit_move_group_default_capabilities.cartersian_path_service_capability]: Received request to compute Cartesian path
[move_group-3] [INFO] [1791532030.658321724] [moveit_move_group_default_capabilities.cartersian_path_service_capability]: Attempting to follow 1 waypoints for link 'right_fr3_side_suction_tcp' using a step of 0.002000 m and jump threshold 0.000000 (in global reference frame)
[move_group-3] [INFO] [1791532030.660113938] [moveit_move_group_default_capabilities.cartersian_path_service_capability]: Computed Cartesian path with 14 points (followed 100.000000% of requested trajectory)
[move_group-3] [INFO] [1791532030.682017495] [moveit_move_group_default_capabilities.cartersian_path_service_capability]: Received request to compute Cartesian path
[move_group-3] [INFO] [1791532030.682099238] [moveit_move_group_default_capabilities.cartersian_path_service_capability]: Attempting to follow 1 waypoints for link 'right_fr3_side_suction_tcp' using a step of 0.002000 m and jump threshold 0.000000 (in global reference frame)
[move_group-3] [INFO] [1791532030.683816288] [moveit_move_group_default_capabilities.cartersian_path_service_capability]: Computed Cartesian path with 14 points (followed 100.000000% of requested trajectory)
[move_group-3] [INFO] [1791532030.691453687] [moveit_move_group_default_capabilities.cartersian_path_service_capability]: Received request to compute Cartesian path
[move_group-3] [INFO] [1791532030.691536026] [moveit_move_group_default_capabilities.cartersian_path_service_capability]: Attempting to follow 1 waypoints for link 'right_fr3_side_suction_tcp' using a step of 0.002000 m and jump threshold 0.000000 (in global reference frame)
[move_group-3] [INFO] [1791532030.693216382] [moveit_move_group_default_capabilities.cartersian_path_service_capability]: Computed Cartesian path with 14 points (followed 100.000000% of requested trajectory)
[move_group-3] [INFO] [1791532030.708219658] [moveit_move_group_default_capabilities.cartersian_path_service_capability]: Received request to compute Cartesian path
[move_group-3] [INFO] [1791532030.708293909] [moveit_move_group_default_capabilities.cartersian_path_service_capability]: Attempting to follow 1 waypoints for link 'right_fr3_side_suction_tcp' using a step of 0.002000 m and jump threshold 0.000000 (in global reference frame)
[move_group-3] [INFO] [1791532030.710292565] [moveit_move_group_default_capabilities.cartersian_path_service_capability]: Computed Cartesian path with 14 points (followed 100.000000% of requested trajectory)
[move_group-3] [INFO] [1791532030.732498256] [moveit_move_group_default_capabilities.cartersian_path_service_capability]: Received request to compute Cartesian path
[move_group-3] [INFO] [1791532030.732575125] [moveit_move_group_default_capabilities.cartersian_path_service_capability]: Attempting to follow 1 waypoints for link 'right_fr3_side_suction_tcp' using a step of 0.002000 m and jump threshold 0.000000 (in global reference frame)
[move_group-3] [INFO] [1791532030.734186370] [moveit_move_group_default_capabilities.cartersian_path_service_capability]: Computed Cartesian path with 14 points (followed 100.000000% of requested trajectory)
[move_group-3] [INFO] [1791532030.741578833] [moveit_move_group_default_capabilities.cartersian_path_service_capability]: Received request to compute Cartesian path
[move_group-3] [INFO] [1791532030.741647609] [moveit_move_group_default_capabilities.cartersian_path_service_capability]: Attempting to follow 1 waypoints for link 'right_fr3_side_suction_tcp' using a step of 0.002000 m and jump threshold 0.000000 (in global reference frame)
[move_group-3] [INFO] [1791532030.743906815] [moveit_move_group_default_capabilities.cartersian_path_service_capability]: Computed Cartesian path with 14 points (followed 100.000000% of requested trajectory)
[move_group-3] [WARN] [1791532030.766358820] [moveit_planning_scene.planning_scene]: Tried to remove world object 'task26_cube_2', but it does not exist in this scene.
[move_group-3] [INFO] [1791532031.283674570] [moveit_move_group_default_capabilities.move_action_capability]: Received request
[move_group-3] [INFO] [1791532031.283826152] [moveit_move_group_default_capabilities.move_action_capability]: executing..
[move_group-3] [INFO] [1791532031.293295563] [moveit_move_group_default_capabilities.move_action_capability]: Planning request received for MoveGroup action. Forwarding to planning pipeline.
[move_group-3] [INFO] [1791532031.293802511] [moveit.ompl_planning.model_based_planning_context]: Planner configuration 'left_arm[RRTConnectkConfigDefault]' will use planner 'geometric::RRTConnect'. Additional configuration parameters will be set when the planner is constructed.
[move_group-3] [INFO] [1791532031.323120067] [moveit_move_group_default_capabilities.move_action_capability]: Motion plan was computed successfully.
[move_group-3] [INFO] [1791532031.323814189] [moveit_move_group_default_capabilities.move_action_capability]: Received request
[move_group-3] [INFO] [1791532031.323925219] [moveit_move_group_default_capabilities.move_action_capability]: executing..
[move_group-3] [INFO] [1791532031.334098506] [moveit_move_group_default_capabilities.move_action_capability]: Planning request received for MoveGroup action. Forwarding to planning pipeline.
[move_group-3] [INFO] [1791532031.334527424] [moveit.ompl_planning.model_based_planning_context]: Planner configuration 'left_arm[RRTConnectkConfigDefault]' will use planner 'geometric::RRTConnect'. Additional configuration parameters will be set when the planner is constructed.
[move_group-3] [INFO] [1791532031.366264442] [moveit_move_group_default_capabilities.move_action_capability]: Motion plan was computed successfully.
[move_group-3] [INFO] [1791532031.367120009] [moveit_move_group_default_capabilities.move_action_capability]: Received request
[move_group-3] [INFO] [1791532031.367217069] [moveit_move_group_default_capabilities.move_action_capability]: executing..
[move_group-3] [INFO] [1791532031.384392788] [moveit_move_group_default_capabilities.move_action_capability]: Planning request received for MoveGroup action. Forwarding to planning pipeline.
[move_group-3] [INFO] [1791532031.384887056] [moveit.ompl_planning.model_based_planning_context]: Planner configuration 'left_arm[RRTConnectkConfigDefault]' will use planner 'geometric::RRTConnect'. Additional configuration parameters will be set when the planner is constructed.
[move_group-3] [INFO] [1791532031.421578191] [moveit_move_group_default_capabilities.move_action_capability]: Motion plan was computed successfully.
[move_group-3] [INFO] [1791532031.423124750] [moveit_move_group_default_capabilities.move_action_capability]: Received request
[move_group-3] [INFO] [1791532031.423254806] [moveit_move_group_default_capabilities.move_action_capability]: executing..
[move_group-3] [INFO] [1791532031.435354554] [moveit_move_group_default_capabilities.move_action_capability]: Planning request received for MoveGroup action. Forwarding to planning pipeline.
[move_group-3] [INFO] [1791532031.435807787] [moveit.ompl_planning.model_based_planning_context]: Planner configuration 'left_arm[RRTConnectkConfigDefault]' will use planner 'geometric::RRTConnect'. Additional configuration parameters will be set when the planner is constructed.
[move_group-3] [INFO] [1791532031.467339182] [moveit_move_group_default_capabilities.move_action_capability]: Motion plan was computed successfully.
[move_group-3] [INFO] [1791532031.468609322] [moveit_move_group_default_capabilities.move_action_capability]: Received request
[move_group-3] [INFO] [1791532031.468693102] [moveit_move_group_default_capabilities.move_action_capability]: executing..
[move_group-3] [INFO] [1791532031.485181029] [moveit_move_group_default_capabilities.move_action_capability]: Planning request received for MoveGroup action. Forwarding to planning pipeline.
[move_group-3] [INFO] [1791532031.485675176] [moveit.ompl_planning.model_based_planning_context]: Planner configuration 'left_arm[RRTConnectkConfigDefault]' will use planner 'geometric::RRTConnect'. Additional configuration parameters will be set when the planner is constructed.
[move_group-3] [INFO] [1791532031.521872866] [moveit_move_group_default_capabilities.move_action_capability]: Motion plan was computed successfully.
[move_group-3] [INFO] [1791532031.523330008] [moveit_move_group_default_capabilities.move_action_capability]: Received request
[move_group-3] [INFO] [1791532031.523445797] [moveit_move_group_default_capabilities.move_action_capability]: executing..
[move_group-3] [INFO] [1791532031.534704207] [moveit_move_group_default_capabilities.move_action_capability]: Planning request received for MoveGroup action. Forwarding to planning pipeline.
[move_group-3] [INFO] [1791532031.535255422] [moveit.ompl_planning.model_based_planning_context]: Planner configuration 'left_arm[RRTConnectkConfigDefault]' will use planner 'geometric::RRTConnect'. Additional configuration parameters will be set when the planner is constructed.
[move_group-3] [INFO] [1791532031.585943459] [moveit_move_group_default_capabilities.move_action_capability]: Motion plan was computed successfully.
[move_group-3] [INFO] [1791532031.587726891] [moveit_move_group_default_capabilities.move_action_capability]: Received request
[move_group-3] [INFO] [1791532031.587859228] [moveit_move_group_default_capabilities.move_action_capability]: executing..
[move_group-3] [INFO] [1791532031.594236645] [moveit_move_group_default_capabilities.move_action_capability]: Planning request received for MoveGroup action. Forwarding to planning pipeline.
[move_group-3] [INFO] [1791532031.594716334] [moveit.ompl_planning.model_based_planning_context]: Planner configuration 'left_arm[RRTConnectkConfigDefault]' will use planner 'geometric::RRTConnect'. Additional configuration parameters will be set when the planner is constructed.
[move_group-3] [INFO] [1791532031.624376859] [moveit_move_group_default_capabilities.move_action_capability]: Motion plan was computed successfully.
[move_group-3] [INFO] [1791532031.625619805] [moveit_move_group_default_capabilities.move_action_capability]: Received request
[move_group-3] [INFO] [1791532031.625733837] [moveit_move_group_default_capabilities.move_action_capability]: executing..
[move_group-3] [INFO] [1791532031.634826972] [moveit_move_group_default_capabilities.move_action_capability]: Planning request received for MoveGroup action. Forwarding to planning pipeline.
[move_group-3] [INFO] [1791532031.635428747] [moveit.ompl_planning.model_based_planning_context]: Planner configuration 'left_arm[RRTConnectkConfigDefault]' will use planner 'geometric::RRTConnect'. Additional configuration parameters will be set when the planner is constructed.
[move_group-3] [INFO] [1791532031.666411567] [moveit_move_group_default_capabilities.move_action_capability]: Motion plan was computed successfully.
[move_group-3] [INFO] [1791532031.695174989] [moveit_move_group_default_capabilities.cartersian_path_service_capability]: Received request to compute Cartesian path
[move_group-3] [INFO] [1791532031.695269177] [moveit_move_group_default_capabilities.cartersian_path_service_capability]: Attempting to follow 1 waypoints for link 'left_fr3_side_suction_tcp' using a step of 0.002000 m and jump threshold 0.000000 (in global reference frame)
[move_group-3] [INFO] [1791532031.710276617] [moveit_move_group_default_capabilities.cartersian_path_service_capability]: Computed Cartesian path with 102 points (followed 100.000000% of requested trajectory)
[move_group-3] [INFO] [1791532031.985446189] [moveit_move_group_default_capabilities.cartersian_path_service_capability]: Received request to compute Cartesian path
[move_group-3] [INFO] [1791532031.985513623] [moveit_move_group_default_capabilities.cartersian_path_service_capability]: Attempting to follow 1 waypoints for link 'left_fr3_side_suction_tcp' using a step of 0.002000 m and jump threshold 0.000000 (in global reference frame)
[move_group-3] [INFO] [1791532031.998753180] [moveit_move_group_default_capabilities.cartersian_path_service_capability]: Computed Cartesian path with 101 points (followed 100.000000% of requested trajectory)
[move_group-3] [INFO] [1791532032.011234973] [moveit_move_group_default_capabilities.cartersian_path_service_capability]: Received request to compute Cartesian path
[move_group-3] [INFO] [1791532032.011325062] [moveit_move_group_default_capabilities.cartersian_path_service_capability]: Attempting to follow 1 waypoints for link 'right_fr3_side_suction_tcp' using a step of 0.002000 m and jump threshold 0.000000 (in global reference frame)
[move_group-3] [INFO] [1791532032.013047888] [moveit_move_group_default_capabilities.cartersian_path_service_capability]: Computed Cartesian path with 14 points (followed 100.000000% of requested trajectory)
[move_group-3] [INFO] [1791532032.035230689] [moveit_move_group_default_capabilities.cartersian_path_service_capability]: Received request to compute Cartesian path
[move_group-3] [INFO] [1791532032.035286295] [moveit_move_group_default_capabilities.cartersian_path_service_capability]: Attempting to follow 1 waypoints for link 'right_fr3_side_suction_tcp' using a step of 0.002000 m and jump threshold 0.000000 (in global reference frame)
[move_group-3] [INFO] [1791532032.037252235] [moveit_move_group_default_capabilities.cartersian_path_service_capability]: Computed Cartesian path with 14 points (followed 100.000000% of requested trajectory)
[move_group-3] [INFO] [1791532032.044550838] [moveit_move_group_default_capabilities.cartersian_path_service_capability]: Received request to compute Cartesian path
[move_group-3] [INFO] [1791532032.044647859] [moveit_move_group_default_capabilities.cartersian_path_service_capability]: Attempting to follow 1 waypoints for link 'right_fr3_side_suction_tcp' using a step of 0.002000 m and jump threshold 0.000000 (in global reference frame)
[move_group-3] [INFO] [1791532032.046383636] [moveit_move_group_default_capabilities.cartersian_path_service_capability]: Computed Cartesian path with 14 points (followed 100.000000% of requested trajectory)
[move_group-3] [INFO] [1791532032.061153148] [moveit_move_group_default_capabilities.cartersian_path_service_capability]: Received request to compute Cartesian path
[move_group-3] [INFO] [1791532032.061222499] [moveit_move_group_default_capabilities.cartersian_path_service_capability]: Attempting to follow 1 waypoints for link 'right_fr3_side_suction_tcp' using a step of 0.002000 m and jump threshold 0.000000 (in global reference frame)
[move_group-3] [INFO] [1791532032.063087618] [moveit_move_group_default_capabilities.cartersian_path_service_capability]: Computed Cartesian path with 14 points (followed 100.000000% of requested trajectory)
[move_group-3] [INFO] [1791532032.084889199] [moveit_move_group_default_capabilities.cartersian_path_service_capability]: Received request to compute Cartesian path
[move_group-3] [INFO] [1791532032.084972604] [moveit_move_group_default_capabilities.cartersian_path_service_capability]: Attempting to follow 1 waypoints for link 'right_fr3_side_suction_tcp' using a step of 0.002000 m and jump threshold 0.000000 (in global reference frame)
[move_group-3] [INFO] [1791532032.086847796] [moveit_move_group_default_capabilities.cartersian_path_service_capability]: Computed Cartesian path with 14 points (followed 100.000000% of requested trajectory)
[move_group-3] [INFO] [1791532032.094456626] [moveit_move_group_default_capabilities.cartersian_path_service_capability]: Received request to compute Cartesian path
[move_group-3] [INFO] [1791532032.094537866] [moveit_move_group_default_capabilities.cartersian_path_service_capability]: Attempting to follow 1 waypoints for link 'right_fr3_side_suction_tcp' using a step of 0.002000 m and jump threshold 0.000000 (in global reference frame)
[move_group-3] [INFO] [1791532032.096275086] [moveit_move_group_default_capabilities.cartersian_path_service_capability]: Computed Cartesian path with 14 points (followed 100.000000% of requested trajectory)
[move_group-3] [INFO] [1791532032.111206356] [moveit_move_group_default_capabilities.cartersian_path_service_capability]: Received request to compute Cartesian path
[move_group-3] [INFO] [1791532032.111295472] [moveit_move_group_default_capabilities.cartersian_path_service_capability]: Attempting to follow 1 waypoints for link 'right_fr3_side_suction_tcp' using a step of 0.002000 m and jump threshold 0.000000 (in global reference frame)
[move_group-3] [INFO] [1791532032.113004231] [moveit_move_group_default_capabilities.cartersian_path_service_capability]: Computed Cartesian path with 14 points (followed 100.000000% of requested trajectory)
[move_group-3] [INFO] [1791532032.135135328] [moveit_move_group_default_capabilities.cartersian_path_service_capability]: Received request to compute Cartesian path
[move_group-3] [INFO] [1791532032.135209939] [moveit_move_group_default_capabilities.cartersian_path_service_capability]: Attempting to follow 1 waypoints for link 'right_fr3_side_suction_tcp' using a step of 0.002000 m and jump threshold 0.000000 (in global reference frame)
[move_group-3] [INFO] [1791532032.136864037] [moveit_move_group_default_capabilities.cartersian_path_service_capability]: Computed Cartesian path with 14 points (followed 100.000000% of requested trajectory)
[move_group-3] [INFO] [1791532032.259981486] [moveit_move_group_default_capabilities.move_action_capability]: Received request
[move_group-3] [INFO] [1791532032.260124020] [moveit_move_group_default_capabilities.move_action_capability]: executing..
[move_group-3] [INFO] [1791532032.261215209] [moveit_move_group_default_capabilities.move_action_capability]: Planning request received for MoveGroup action. Forwarding to planning pipeline.
[move_group-3] [INFO] [1791532032.261715673] [moveit.ompl_planning.model_based_planning_context]: Planner configuration 'left_arm[RRTConnectkConfigDefault]' will use planner 'geometric::RRTConnect'. Additional configuration parameters will be set when the planner is constructed.
[move_group-3] [INFO] [1791532032.277899034] [moveit_move_group_default_capabilities.move_action_capability]: Motion plan was computed successfully.
[move_group-3] [INFO] [1791532032.279481829] [moveit_move_group_default_capabilities.move_action_capability]: Received request
[move_group-3] [INFO] [1791532032.279615598] [moveit_move_group_default_capabilities.move_action_capability]: executing..
[move_group-3] [INFO] [1791532032.284965965] [moveit_move_group_default_capabilities.move_action_capability]: Planning request received for MoveGroup action. Forwarding to planning pipeline.
[move_group-3] [INFO] [1791532032.285418473] [moveit.ompl_planning.model_based_planning_context]: Planner configuration 'right_arm[RRTConnectkConfigDefault]' will use planner 'geometric::RRTConnect'. Additional configuration parameters will be set when the planner is constructed.
[move_group-3] [INFO] [1791532032.309857735] [moveit_move_group_default_capabilities.move_action_capability]: Motion plan was computed successfully.
[move_group-3] [WARN] [1791532050.556128888] [moveit_planning_scene.planning_scene]: Tried to remove world object 'task26_cube_3', but it does not exist in this scene.
[move_group-3] [WARN] [1791532050.556149400] [moveit_planning_scene.planning_scene]: Tried to remove world object 'task26_cube_4', but it does not exist in this scene.
[move_group-3] [WARN] [1791532050.556153177] [moveit_planning_scene.planning_scene]: Tried to remove world object 'task26_cube_5', but it does not exist in this scene.
[move_group-3] [INFO] [1791532051.896488356] [moveit_move_group_default_capabilities.move_action_capability]: Received request
[move_group-3] [INFO] [1791532051.896630389] [moveit_move_group_default_capabilities.move_action_capability]: executing..
[move_group-3] [INFO] [1791532051.897601339] [moveit_move_group_default_capabilities.move_action_capability]: Planning request received for MoveGroup action. Forwarding to planning pipeline.
[move_group-3] [INFO] [1791532051.898196977] [moveit.ompl_planning.model_based_planning_context]: Planner configuration 'left_arm[RRTConnectkConfigDefault]' will use planner 'geometric::RRTConnect'. Additional configuration parameters will be set when the planner is constructed.
[move_group-3] [INFO] [1791532051.931026769] [moveit_move_group_default_capabilities.move_action_capability]: Motion plan was computed successfully.
[move_group-3] [INFO] [1791532051.932520191] [moveit_move_group_default_capabilities.move_action_capability]: Received request
[move_group-3] [INFO] [1791532051.932608836] [moveit_move_group_default_capabilities.move_action_capability]: executing..
[move_group-3] [INFO] [1791532051.947478713] [moveit_move_group_default_capabilities.move_action_capability]: Planning request received for MoveGroup action. Forwarding to planning pipeline.
[move_group-3] [INFO] [1791532051.947965862] [moveit.ompl_planning.model_based_planning_context]: Planner configuration 'left_arm[RRTConnectkConfigDefault]' will use planner 'geometric::RRTConnect'. Additional configuration parameters will be set when the planner is constructed.
[move_group-3] [INFO] [1791532051.976301105] [moveit_move_group_default_capabilities.move_action_capability]: Motion plan was computed successfully.
[move_group-3] [INFO] [1791532051.976945884] [moveit_move_group_default_capabilities.move_action_capability]: Received request
[move_group-3] [INFO] [1791532051.977033169] [moveit_move_group_default_capabilities.move_action_capability]: executing..
[move_group-3] [INFO] [1791532051.997588176] [moveit_move_group_default_capabilities.move_action_capability]: Planning request received for MoveGroup action. Forwarding to planning pipeline.
[move_group-3] [INFO] [1791532051.998029620] [moveit.ompl_planning.model_based_planning_context]: Planner configuration 'left_arm[RRTConnectkConfigDefault]' will use planner 'geometric::RRTConnect'. Additional configuration parameters will be set when the planner is constructed.
[move_group-3] [ERROR] [1791532052.053035465] [moveit.ros_planning.planning_pipeline]: Computed path is not valid. Invalid states at index locations: [ 58 ] out of 128. Explanations follow in command line. Contacts are published on /display_contacts
[move_group-3] [INFO] [1791532052.053094738] [moveit_collision_detection_fcl.collision_common]: Found a contact between 'task26_table' (type 'Object') and 'left_fr3_side_suction' (type 'Robot link'), which constitutes a collision. Contact information is not stored.
[move_group-3] [INFO] [1791532052.053101367] [moveit_collision_detection_fcl.collision_common]: Collision checking is considered complete (collision was found and 0 contacts are stored)
[move_group-3] [ERROR] [1791532052.053272463] [moveit.ros_planning.planning_pipeline]: Completed listing of explanations for invalid states.
[move_group-3] [INFO] [1791532052.053442579] [moveit_move_group_default_capabilities.move_action_capability]: Motion plan was found but it seems to be invalid (possibly due to postprocessing). Not executing.
[move_group-3] [INFO] [1791532052.054932472] [moveit_move_group_default_capabilities.move_action_capability]: Received request
[move_group-3] [INFO] [1791532052.055088539] [moveit_move_group_default_capabilities.move_action_capability]: executing..
[move_group-3] [INFO] [1791532052.057409106] [moveit_move_group_default_capabilities.move_action_capability]: Planning request received for MoveGroup action. Forwarding to planning pipeline.
[move_group-3] [INFO] [1791532052.058015088] [moveit.ompl_planning.model_based_planning_context]: Planner configuration 'left_arm[RRTConnectkConfigDefault]' will use planner 'geometric::RRTConnect'. Additional configuration parameters will be set when the planner is constructed.
[move_group-3] [INFO] [1791532052.095629302] [moveit_move_group_default_capabilities.move_action_capability]: Motion plan was computed successfully.
[move_group-3] [INFO] [1791532052.097249399] [moveit_move_group_default_capabilities.move_action_capability]: Received request
[move_group-3] [INFO] [1791532052.097390379] [moveit_move_group_default_capabilities.move_action_capability]: executing..
[move_group-3] [INFO] [1791532052.097790325] [moveit_move_group_default_capabilities.move_action_capability]: Planning request received for MoveGroup action. Forwarding to planning pipeline.
[move_group-3] [INFO] [1791532052.098342779] [moveit.ompl_planning.model_based_planning_context]: Planner configuration 'left_arm[RRTConnectkConfigDefault]' will use planner 'geometric::RRTConnect'. Additional configuration parameters will be set when the planner is constructed.
[move_group-3] [INFO] [1791532052.125126300] [moveit_move_group_default_capabilities.move_action_capability]: Motion plan was computed successfully.
[move_group-3] [INFO] [1791532052.126779156] [moveit_move_group_default_capabilities.move_action_capability]: Received request
[move_group-3] [INFO] [1791532052.126910322] [moveit_move_group_default_capabilities.move_action_capability]: executing..
[move_group-3] [INFO] [1791532052.147566814] [moveit_move_group_default_capabilities.move_action_capability]: Planning request received for MoveGroup action. Forwarding to planning pipeline.
[move_group-3] [INFO] [1791532052.148010534] [moveit.ompl_planning.model_based_planning_context]: Planner configuration 'left_arm[RRTConnectkConfigDefault]' will use planner 'geometric::RRTConnect'. Additional configuration parameters will be set when the planner is constructed.
[move_group-3] [INFO] [1791532052.181311281] [moveit_move_group_default_capabilities.move_action_capability]: Motion plan was computed successfully.
[move_group-3] [INFO] [1791532052.182583155] [moveit_move_group_default_capabilities.move_action_capability]: Received request
[move_group-3] [INFO] [1791532052.182679422] [moveit_move_group_default_capabilities.move_action_capability]: executing..
[move_group-3] [INFO] [1791532052.197388025] [moveit_move_group_default_capabilities.move_action_capability]: Planning request received for MoveGroup action. Forwarding to planning pipeline.
[move_group-3] [INFO] [1791532052.197832909] [moveit.ompl_planning.model_based_planning_context]: Planner configuration 'left_arm[RRTConnectkConfigDefault]' will use planner 'geometric::RRTConnect'. Additional configuration parameters will be set when the planner is constructed.
[move_group-3] [INFO] [1791532052.241174238] [moveit_move_group_default_capabilities.move_action_capability]: Motion plan was computed successfully.
[move_group-3] [INFO] [1791532052.242800184] [moveit_move_group_default_capabilities.move_action_capability]: Received request
[move_group-3] [INFO] [1791532052.242902115] [moveit_move_group_default_capabilities.move_action_capability]: executing..
[move_group-3] [INFO] [1791532052.248240065] [moveit_move_group_default_capabilities.move_action_capability]: Planning request received for MoveGroup action. Forwarding to planning pipeline.
[move_group-3] [INFO] [1791532052.248693587] [moveit.ompl_planning.model_based_planning_context]: Planner configuration 'left_arm[RRTConnectkConfigDefault]' will use planner 'geometric::RRTConnect'. Additional configuration parameters will be set when the planner is constructed.
[move_group-3] [INFO] [1791532052.290241900] [moveit_move_group_default_capabilities.move_action_capability]: Motion plan was computed successfully.
[move_group-3] [INFO] [1791532052.291539937] [moveit_move_group_default_capabilities.move_action_capability]: Received request
[move_group-3] [INFO] [1791532052.291677592] [moveit_move_group_default_capabilities.move_action_capability]: executing..
[move_group-3] [INFO] [1791532052.297849899] [moveit_move_group_default_capabilities.move_action_capability]: Planning request received for MoveGroup action. Forwarding to planning pipeline.
[move_group-3] [INFO] [1791532052.298294509] [moveit.ompl_planning.model_based_planning_context]: Planner configuration 'right_arm[RRTConnectkConfigDefault]' will use planner 'geometric::RRTConnect'. Additional configuration parameters will be set when the planner is constructed.
[move_group-3] [INFO] [1791532052.331257539] [moveit_move_group_default_capabilities.move_action_capability]: Motion plan was computed successfully.
[move_group-3] [INFO] [1791532052.332654041] [moveit_move_group_default_capabilities.move_action_capability]: Received request
[move_group-3] [INFO] [1791532052.332754754] [moveit_move_group_default_capabilities.move_action_capability]: executing..
[move_group-3] [INFO] [1791532052.347503638] [moveit_move_group_default_capabilities.move_action_capability]: Planning request received for MoveGroup action. Forwarding to planning pipeline.
[move_group-3] [INFO] [1791532052.347958392] [moveit.ompl_planning.model_based_planning_context]: Planner configuration 'right_arm[RRTConnectkConfigDefault]' will use planner 'geometric::RRTConnect'. Additional configuration parameters will be set when the planner is constructed.
[move_group-3] [INFO] [1791532052.394149403] [moveit_move_group_default_capabilities.move_action_capability]: Motion plan was computed successfully.
[move_group-3] [INFO] [1791532052.395924166] [moveit_move_group_default_capabilities.move_action_capability]: Received request
[move_group-3] [INFO] [1791532052.396026992] [moveit_move_group_default_capabilities.move_action_capability]: executing..
[move_group-3] [INFO] [1791532052.397941861] [moveit_move_group_default_capabilities.move_action_capability]: Planning request received for MoveGroup action. Forwarding to planning pipeline.
[move_group-3] [INFO] [1791532052.398347048] [moveit.ompl_planning.model_based_planning_context]: Planner configuration 'right_arm[RRTConnectkConfigDefault]' will use planner 'geometric::RRTConnect'. Additional configuration parameters will be set when the planner is constructed.
[move_group-3] [INFO] [1791532052.434774870] [moveit_move_group_default_capabilities.move_action_capability]: Motion plan was computed successfully.
[move_group-3] [INFO] [1791532052.436037813] [moveit_move_group_default_capabilities.move_action_capability]: Received request
[move_group-3] [INFO] [1791532052.436169364] [moveit_move_group_default_capabilities.move_action_capability]: executing..
[move_group-3] [INFO] [1791532052.448302160] [moveit_move_group_default_capabilities.move_action_capability]: Planning request received for MoveGroup action. Forwarding to planning pipeline.
[move_group-3] [INFO] [1791532052.448798702] [moveit.ompl_planning.model_based_planning_context]: Planner configuration 'right_arm[RRTConnectkConfigDefault]' will use planner 'geometric::RRTConnect'. Additional configuration parameters will be set when the planner is constructed.
[move_group-3] [INFO] [1791532052.496969960] [moveit_move_group_default_capabilities.move_action_capability]: Motion plan was computed successfully.
[move_group-3] [INFO] [1791532052.498262405] [moveit_move_group_default_capabilities.move_action_capability]: Received request
[move_group-3] [INFO] [1791532052.498416720] [moveit_move_group_default_capabilities.move_action_capability]: executing..
[move_group-3] [INFO] [1791532052.507077222] [moveit_move_group_default_capabilities.move_action_capability]: Planning request received for MoveGroup action. Forwarding to planning pipeline.
[move_group-3] [INFO] [1791532052.507499306] [moveit.ompl_planning.model_based_planning_context]: Planner configuration 'right_arm[RRTConnectkConfigDefault]' will use planner 'geometric::RRTConnect'. Additional configuration parameters will be set when the planner is constructed.
[move_group-3] [INFO] [1791532052.560068645] [moveit_move_group_default_capabilities.move_action_capability]: Motion plan was computed successfully.
[move_group-3] [INFO] [1791532052.561766444] [moveit_move_group_default_capabilities.move_action_capability]: Received request
[move_group-3] [INFO] [1791532052.561974729] [moveit_move_group_default_capabilities.move_action_capability]: executing..
[move_group-3] [INFO] [1791532052.575825809] [moveit_move_group_default_capabilities.move_action_capability]: Planning request received for MoveGroup action. Forwarding to planning pipeline.
[move_group-3] [INFO] [1791532052.576399716] [moveit.ompl_planning.model_based_planning_context]: Planner configuration 'right_arm[RRTConnectkConfigDefault]' will use planner 'geometric::RRTConnect'. Additional configuration parameters will be set when the planner is constructed.
[move_group-3] [INFO] [1791532052.618447250] [moveit_move_group_default_capabilities.move_action_capability]: Motion plan was computed successfully.
[move_group-3] [INFO] [1791532052.619715163] [moveit_move_group_default_capabilities.move_action_capability]: Received request
[move_group-3] [INFO] [1791532052.619847021] [moveit_move_group_default_capabilities.move_action_capability]: executing..
[move_group-3] [INFO] [1791532052.626680807] [moveit_move_group_default_capabilities.move_action_capability]: Planning request received for MoveGroup action. Forwarding to planning pipeline.
[move_group-3] [INFO] [1791532052.627321487] [moveit.ompl_planning.model_based_planning_context]: Planner configuration 'right_arm[RRTConnectkConfigDefault]' will use planner 'geometric::RRTConnect'. Additional configuration parameters will be set when the planner is constructed.
[move_group-3] [INFO] [1791532052.661707562] [moveit_move_group_default_capabilities.move_action_capability]: Motion plan was computed successfully.
[move_group-3] [INFO] [1791532052.663033251] [moveit_move_group_default_capabilities.move_action_capability]: Received request
[move_group-3] [INFO] [1791532052.663158166] [moveit_move_group_default_capabilities.move_action_capability]: executing..
[move_group-3] [INFO] [1791532052.675866321] [moveit_move_group_default_capabilities.move_action_capability]: Planning request received for MoveGroup action. Forwarding to planning pipeline.
[move_group-3] [INFO] [1791532052.676310628] [moveit.ompl_planning.model_based_planning_context]: Planner configuration 'right_arm[RRTConnectkConfigDefault]' will use planner 'geometric::RRTConnect'. Additional configuration parameters will be set when the planner is constructed.
[move_group-3] [INFO] [1791532052.710378352] [moveit_move_group_default_capabilities.move_action_capability]: Motion plan was computed successfully.
[move_group-3] [INFO] [1791532053.026087181] [moveit_move_group_default_capabilities.cartersian_path_service_capability]: Received request to compute Cartesian path
[move_group-3] [INFO] [1791532053.026149999] [moveit_move_group_default_capabilities.cartersian_path_service_capability]: Attempting to follow 1 waypoints for link 'left_fr3_side_suction_tcp' using a step of 0.002000 m and jump threshold 0.000000 (in global reference frame)
[move_group-3] [INFO] [1791532053.049573335] [moveit_move_group_default_capabilities.cartersian_path_service_capability]: Computed Cartesian path with 141 points (followed 100.000000% of requested trajectory)
[move_group-3] [INFO] [1791532053.059331130] [moveit_move_group_default_capabilities.cartersian_path_service_capability]: Received request to compute Cartesian path
[move_group-3] [INFO] [1791532053.059420705] [moveit_move_group_default_capabilities.cartersian_path_service_capability]: Attempting to follow 1 waypoints for link 'left_fr3_side_suction_tcp' using a step of 0.002000 m and jump threshold 0.000000 (in global reference frame)
[move_group-3] [INFO] [1791532053.067045095] [moveit_move_group_default_capabilities.cartersian_path_service_capability]: Computed Cartesian path with 52 points (followed 100.000000% of requested trajectory)
[move_group-3] [INFO] [1791532099.115652271] [moveit_move_group_default_capabilities.move_action_capability]: Received request
[move_group-3] [INFO] [1791532099.115813799] [moveit_move_group_default_capabilities.move_action_capability]: executing..
[move_group-3] [INFO] [1791532099.144078462] [moveit_move_group_default_capabilities.move_action_capability]: Planning request received for MoveGroup action. Forwarding to planning pipeline.
[move_group-3] [INFO] [1791532099.144648945] [moveit.ompl_planning.model_based_planning_context]: Planner configuration 'right_arm[RRTConnectkConfigDefault]' will use planner 'geometric::RRTConnect'. Additional configuration parameters will be set when the planner is constructed.
[move_group-3] [INFO] [1791532099.205643909] [moveit_move_group_default_capabilities.move_action_capability]: Motion plan was computed successfully.
[move_group-3] [INFO] [1791532099.206531784] [moveit_move_group_default_capabilities.move_action_capability]: Received request
[move_group-3] [INFO] [1791532099.206663298] [moveit_move_group_default_capabilities.move_action_capability]: executing..
[move_group-3] [INFO] [1791532099.214745788] [moveit_move_group_default_capabilities.move_action_capability]: Planning request received for MoveGroup action. Forwarding to planning pipeline.
[move_group-3] [INFO] [1791532099.215221564] [moveit.ompl_planning.model_based_planning_context]: Planner configuration 'right_arm[RRTConnectkConfigDefault]' will use planner 'geometric::RRTConnect'. Additional configuration parameters will be set when the planner is constructed.
[move_group-3] [INFO] [1791532099.263158205] [moveit_move_group_default_capabilities.move_action_capability]: Motion plan was computed successfully.
[move_group-3] [INFO] [1791532099.264048462] [moveit_move_group_default_capabilities.move_action_capability]: Received request
[move_group-3] [INFO] [1791532099.264157983] [moveit_move_group_default_capabilities.move_action_capability]: executing..
[move_group-3] [INFO] [1791532099.279980512] [moveit_move_group_default_capabilities.move_action_capability]: Planning request received for MoveGroup action. Forwarding to planning pipeline.
[move_group-3] [INFO] [1791532099.280535350] [moveit.ompl_planning.model_based_planning_context]: Planner configuration 'right_arm[RRTConnectkConfigDefault]' will use planner 'geometric::RRTConnect'. Additional configuration parameters will be set when the planner is constructed.
[move_group-3] [INFO] [1791532099.316709804] [moveit_move_group_default_capabilities.move_action_capability]: Motion plan was computed successfully.
[move_group-3] [INFO] [1791532099.317954401] [moveit_move_group_default_capabilities.move_action_capability]: Received request
[move_group-3] [INFO] [1791532099.318126486] [moveit_move_group_default_capabilities.move_action_capability]: executing..
[move_group-3] [INFO] [1791532099.319324061] [moveit_move_group_default_capabilities.move_action_capability]: Planning request received for MoveGroup action. Forwarding to planning pipeline.
[move_group-3] [INFO] [1791532099.319903250] [moveit.ompl_planning.model_based_planning_context]: Planner configuration 'right_arm[RRTConnectkConfigDefault]' will use planner 'geometric::RRTConnect'. Additional configuration parameters will be set when the planner is constructed.
[move_group-3] [INFO] [1791532099.374009754] [moveit_move_group_default_capabilities.move_action_capability]: Motion plan was computed successfully.
[move_group-3] [INFO] [1791532099.374869130] [moveit_move_group_default_capabilities.move_action_capability]: Received request
[move_group-3] [INFO] [1791532099.374986356] [moveit_move_group_default_capabilities.move_action_capability]: executing..
[move_group-3] [INFO] [1791532099.385735490] [moveit_move_group_default_capabilities.move_action_capability]: Planning request received for MoveGroup action. Forwarding to planning pipeline.
[move_group-3] [INFO] [1791532099.386215314] [moveit.ompl_planning.model_based_planning_context]: Planner configuration 'right_arm[RRTConnectkConfigDefault]' will use planner 'geometric::RRTConnect'. Additional configuration parameters will be set when the planner is constructed.
[move_group-3] [INFO] [1791532099.439248010] [moveit_move_group_default_capabilities.move_action_capability]: Motion plan was computed successfully.
[move_group-3] [INFO] [1791532099.440224509] [moveit_move_group_default_capabilities.move_action_capability]: Received request
[move_group-3] [INFO] [1791532099.440352027] [moveit_move_group_default_capabilities.move_action_capability]: executing..
[move_group-3] [INFO] [1791532099.453550735] [moveit_move_group_default_capabilities.move_action_capability]: Planning request received for MoveGroup action. Forwarding to planning pipeline.
[move_group-3] [INFO] [1791532099.453998659] [moveit.ompl_planning.model_based_planning_context]: Planner configuration 'right_arm[RRTConnectkConfigDefault]' will use planner 'geometric::RRTConnect'. Additional configuration parameters will be set when the planner is constructed.
[move_group-3] [INFO] [1791532099.492374247] [moveit_move_group_default_capabilities.move_action_capability]: Motion plan was computed successfully.
[move_group-3] [INFO] [1791532099.494097252] [moveit_move_group_default_capabilities.move_action_capability]: Received request
[move_group-3] [INFO] [1791532099.494248882] [moveit_move_group_default_capabilities.move_action_capability]: executing..
[move_group-3] [INFO] [1791532099.500077556] [moveit_move_group_default_capabilities.move_action_capability]: Planning request received for MoveGroup action. Forwarding to planning pipeline.
[move_group-3] [INFO] [1791532099.500580014] [moveit.ompl_planning.model_based_planning_context]: Planner configuration 'right_arm[RRTConnectkConfigDefault]' will use planner 'geometric::RRTConnect'. Additional configuration parameters will be set when the planner is constructed.
[move_group-3] [INFO] [1791532099.531242410] [moveit_move_group_default_capabilities.move_action_capability]: Motion plan was computed successfully.
[move_group-3] [INFO] [1791532099.534198181] [moveit_move_group_default_capabilities.move_action_capability]: Received request
[move_group-3] [INFO] [1791532099.534338030] [moveit_move_group_default_capabilities.move_action_capability]: executing..
[move_group-3] [INFO] [1791532099.546849162] [moveit_move_group_default_capabilities.move_action_capability]: Planning request received for MoveGroup action. Forwarding to planning pipeline.
[move_group-3] [INFO] [1791532099.547296442] [moveit.ompl_planning.model_based_planning_context]: Planner configuration 'right_arm[RRTConnectkConfigDefault]' will use planner 'geometric::RRTConnect'. Additional configuration parameters will be set when the planner is constructed.
[move_group-3] [INFO] [1791532099.578287177] [moveit_move_group_default_capabilities.move_action_capability]: Motion plan was computed successfully.
[move_group-3] [INFO] [1791532099.580183171] [moveit_move_group_default_capabilities.move_action_capability]: Received request
[move_group-3] [INFO] [1791532099.580290654] [moveit_move_group_default_capabilities.move_action_capability]: executing..
[move_group-3] [INFO] [1791532099.586668823] [moveit_move_group_default_capabilities.move_action_capability]: Planning request received for MoveGroup action. Forwarding to planning pipeline.
[move_group-3] [INFO] [1791532099.587112012] [moveit.ompl_planning.model_based_planning_context]: Planner configuration 'right_arm[RRTConnectkConfigDefault]' will use planner 'geometric::RRTConnect'. Additional configuration parameters will be set when the planner is constructed.
[move_group-3] [INFO] [1791532099.637841996] [moveit_move_group_default_capabilities.move_action_capability]: Motion plan was computed successfully.
[move_group-3] [INFO] [1791532099.639367107] [moveit_move_group_default_capabilities.move_action_capability]: Received request
[move_group-3] [INFO] [1791532099.639472538] [moveit_move_group_default_capabilities.move_action_capability]: executing..
[move_group-3] [INFO] [1791532099.652603710] [moveit_move_group_default_capabilities.move_action_capability]: Planning request received for MoveGroup action. Forwarding to planning pipeline.
[move_group-3] [INFO] [1791532099.653051591] [moveit.ompl_planning.model_based_planning_context]: Planner configuration 'right_arm[RRTConnectkConfigDefault]' will use planner 'geometric::RRTConnect'. Additional configuration parameters will be set when the planner is constructed.
[move_group-3] [ERROR] [1791532099.705425437] [moveit.ros_planning.planning_pipeline]: Computed path is not valid. Invalid states at index locations: [ 100 ] out of 111. Explanations follow in command line. Contacts are published on /display_contacts
[move_group-3] [INFO] [1791532099.705483379] [moveit_collision_detection_fcl.collision_common]: Found a contact between 'task26_cube_2' (type 'Object') and 'right_fr3_side_suction' (type 'Robot link'), which constitutes a collision. Contact information is not stored.
[move_group-3] [INFO] [1791532099.705490379] [moveit_collision_detection_fcl.collision_common]: Collision checking is considered complete (collision was found and 0 contacts are stored)
[move_group-3] [ERROR] [1791532099.705672877] [moveit.ros_planning.planning_pipeline]: Completed listing of explanations for invalid states.
[move_group-3] [INFO] [1791532099.705925051] [moveit_move_group_default_capabilities.move_action_capability]: Motion plan was found but it seems to be invalid (possibly due to postprocessing). Not executing.
[move_group-3] [INFO] [1791532099.707627281] [moveit_move_group_default_capabilities.move_action_capability]: Received request
[move_group-3] [INFO] [1791532099.707741693] [moveit_move_group_default_capabilities.move_action_capability]: executing..
[move_group-3] [INFO] [1791532099.719062681] [moveit_move_group_default_capabilities.move_action_capability]: Planning request received for MoveGroup action. Forwarding to planning pipeline.
[move_group-3] [INFO] [1791532099.719539277] [moveit.ompl_planning.model_based_planning_context]: Planner configuration 'right_arm[RRTConnectkConfigDefault]' will use planner 'geometric::RRTConnect'. Additional configuration parameters will be set when the planner is constructed.
[move_group-3] [INFO] [1791532099.773955547] [moveit_move_group_default_capabilities.move_action_capability]: Motion plan was computed successfully.
[move_group-3] [INFO] [1791532099.775477174] [moveit_move_group_default_capabilities.move_action_capability]: Received request
[move_group-3] [INFO] [1791532099.775608986] [moveit_move_group_default_capabilities.move_action_capability]: executing..
[move_group-3] [INFO] [1791532099.795447693] [moveit_move_group_default_capabilities.move_action_capability]: Planning request received for MoveGroup action. Forwarding to planning pipeline.
[move_group-3] [INFO] [1791532099.795892171] [moveit.ompl_planning.model_based_planning_context]: Planner configuration 'right_arm[RRTConnectkConfigDefault]' will use planner 'geometric::RRTConnect'. Additional configuration parameters will be set when the planner is constructed.
[move_group-3] [INFO] [1791532099.844200247] [moveit_move_group_default_capabilities.move_action_capability]: Motion plan was computed successfully.
[move_group-3] [INFO] [1791532099.845336472] [moveit_move_group_default_capabilities.move_action_capability]: Received request
[move_group-3] [INFO] [1791532099.845461283] [moveit_move_group_default_capabilities.move_action_capability]: executing..
[move_group-3] [INFO] [1791532099.863499673] [moveit_move_group_default_capabilities.move_action_capability]: Planning request received for MoveGroup action. Forwarding to planning pipeline.
[move_group-3] [INFO] [1791532099.863958943] [moveit.ompl_planning.model_based_planning_context]: Planner configuration 'right_arm[RRTConnectkConfigDefault]' will use planner 'geometric::RRTConnect'. Additional configuration parameters will be set when the planner is constructed.
[move_group-3] [INFO] [1791532099.902668413] [moveit_move_group_default_capabilities.move_action_capability]: Motion plan was computed successfully.
[move_group-3] [INFO] [1791532099.903581074] [moveit_move_group_default_capabilities.move_action_capability]: Received request
[move_group-3] [INFO] [1791532099.903704683] [moveit_move_group_default_capabilities.move_action_capability]: executing..
[move_group-3] [INFO] [1791532099.910791641] [moveit_move_group_default_capabilities.move_action_capability]: Planning request received for MoveGroup action. Forwarding to planning pipeline.
[move_group-3] [INFO] [1791532099.911213603] [moveit.ompl_planning.model_based_planning_context]: Planner configuration 'right_arm[RRTConnectkConfigDefault]' will use planner 'geometric::RRTConnect'. Additional configuration parameters will be set when the planner is constructed.
[move_group-3] [INFO] [1791532099.974157288] [moveit_move_group_default_capabilities.move_action_capability]: Motion plan was computed successfully.
[move_group-3] [INFO] [1791532099.975752753] [moveit_move_group_default_capabilities.move_action_capability]: Received request
[move_group-3] [INFO] [1791532099.975866482] [moveit_move_group_default_capabilities.move_action_capability]: executing..
[move_group-3] [INFO] [1791532099.976256985] [moveit_move_group_default_capabilities.move_action_capability]: Planning request received for MoveGroup action. Forwarding to planning pipeline.
[move_group-3] [INFO] [1791532099.976710615] [moveit.ompl_planning.model_based_planning_context]: Planner configuration 'right_arm[RRTConnectkConfigDefault]' will use planner 'geometric::RRTConnect'. Additional configuration parameters will be set when the planner is constructed.
[move_group-3] [INFO] [1791532100.010654739] [moveit_move_group_default_capabilities.move_action_capability]: Motion plan was computed successfully.
[move_group-3] [INFO] [1791532100.012745983] [moveit_move_group_default_capabilities.move_action_capability]: Received request
[move_group-3] [INFO] [1791532100.012899981] [moveit_move_group_default_capabilities.move_action_capability]: executing..
[move_group-3] [INFO] [1791532100.014628298] [moveit_move_group_default_capabilities.move_action_capability]: Planning request received for MoveGroup action. Forwarding to planning pipeline.
[move_group-3] [INFO] [1791532100.015079719] [moveit.ompl_planning.model_based_planning_context]: Planner configuration 'right_arm[RRTConnectkConfigDefault]' will use planner 'geometric::RRTConnect'. Additional configuration parameters will be set when the planner is constructed.
[move_group-3] [INFO] [1791532100.043914897] [moveit_move_group_default_capabilities.move_action_capability]: Motion plan was computed successfully.
[move_group-3] [INFO] [1791532100.045179245] [moveit_move_group_default_capabilities.move_action_capability]: Received request
[move_group-3] [INFO] [1791532100.045317351] [moveit_move_group_default_capabilities.move_action_capability]: executing..
[move_group-3] [INFO] [1791532100.061764151] [moveit_move_group_default_capabilities.move_action_capability]: Planning request received for MoveGroup action. Forwarding to planning pipeline.
[move_group-3] [INFO] [1791532100.062227656] [moveit.ompl_planning.model_based_planning_context]: Planner configuration 'right_arm[RRTConnectkConfigDefault]' will use planner 'geometric::RRTConnect'. Additional configuration parameters will be set when the planner is constructed.
[move_group-3] [INFO] [1791532100.136625415] [moveit_move_group_default_capabilities.move_action_capability]: Motion plan was computed successfully.
[move_group-3] [INFO] [1791532100.137699671] [moveit_move_group_default_capabilities.move_action_capability]: Received request
[move_group-3] [INFO] [1791532100.138109359] [moveit_move_group_default_capabilities.move_action_capability]: executing..
[move_group-3] [INFO] [1791532100.147961489] [moveit_move_group_default_capabilities.move_action_capability]: Planning request received for MoveGroup action. Forwarding to planning pipeline.
[move_group-3] [INFO] [1791532100.148372324] [moveit.ompl_planning.model_based_planning_context]: Planner configuration 'right_arm[RRTConnectkConfigDefault]' will use planner 'geometric::RRTConnect'. Additional configuration parameters will be set when the planner is constructed.
[move_group-3] [ERROR] [1791532100.211858997] [moveit.ros_planning.planning_pipeline]: Computed path is not valid. Invalid states at index locations: [ 75 76 ] out of 84. Explanations follow in command line. Contacts are published on /display_contacts
[move_group-3] [INFO] [1791532100.211902165] [moveit_collision_detection_fcl.collision_common]: Found a contact between 'task26_cube_1' (type 'Object') and 'right_fr3_side_suction' (type 'Robot link'), which constitutes a collision. Contact information is not stored.
[move_group-3] [INFO] [1791532100.211908788] [moveit_collision_detection_fcl.collision_common]: Collision checking is considered complete (collision was found and 0 contacts are stored)
[move_group-3] [INFO] [1791532100.212067033] [moveit_collision_detection_fcl.collision_common]: Found a contact between 'task26_cube_1' (type 'Object') and 'right_fr3_side_suction' (type 'Robot link'), which constitutes a collision. Contact information is not stored.
[move_group-3] [INFO] [1791532100.212073832] [moveit_collision_detection_fcl.collision_common]: Collision checking is considered complete (collision was found and 0 contacts are stored)
[move_group-3] [ERROR] [1791532100.212157278] [moveit.ros_planning.planning_pipeline]: Completed listing of explanations for invalid states.
[move_group-3] [INFO] [1791532100.212296898] [moveit_move_group_default_capabilities.move_action_capability]: Motion plan was found but it seems to be invalid (possibly due to postprocessing). Not executing.
[move_group-3] [INFO] [1791532100.212992730] [moveit_move_group_default_capabilities.move_action_capability]: Received request
[move_group-3] [INFO] [1791532100.213130459] [moveit_move_group_default_capabilities.move_action_capability]: executing..
[move_group-3] [INFO] [1791532100.239867406] [moveit_move_group_default_capabilities.move_action_capability]: Planning request received for MoveGroup action. Forwarding to planning pipeline.
[move_group-3] [INFO] [1791532100.240335027] [moveit.ompl_planning.model_based_planning_context]: Planner configuration 'right_arm[RRTConnectkConfigDefault]' will use planner 'geometric::RRTConnect'. Additional configuration parameters will be set when the planner is constructed.
[move_group-3] [INFO] [1791532100.301745356] [moveit_move_group_default_capabilities.move_action_capability]: Motion plan was computed successfully.
[move_group-3] [INFO] [1791532100.302637936] [moveit_move_group_default_capabilities.move_action_capability]: Received request
[move_group-3] [INFO] [1791532100.302820588] [moveit_move_group_default_capabilities.move_action_capability]: executing..
[move_group-3] [INFO] [1791532100.306163253] [moveit_move_group_default_capabilities.move_action_capability]: Planning request received for MoveGroup action. Forwarding to planning pipeline.
[move_group-3] [INFO] [1791532100.306619495] [moveit.ompl_planning.model_based_planning_context]: Planner configuration 'right_arm[RRTConnectkConfigDefault]' will use planner 'geometric::RRTConnect'. Additional configuration parameters will be set when the planner is constructed.
[move_group-3] [INFO] [1791532100.362063370] [moveit_move_group_default_capabilities.move_action_capability]: Motion plan was computed successfully.
[move_group-3] [INFO] [1791532100.363285471] [moveit_move_group_default_capabilities.move_action_capability]: Received request
[move_group-3] [INFO] [1791532100.363395100] [moveit_move_group_default_capabilities.move_action_capability]: executing..
[move_group-3] [INFO] [1791532100.372198401] [moveit_move_group_default_capabilities.move_action_capability]: Planning request received for MoveGroup action. Forwarding to planning pipeline.
[move_group-3] [INFO] [1791532100.372804007] [moveit.ompl_planning.model_based_planning_context]: Planner configuration 'right_arm[RRTConnectkConfigDefault]' will use planner 'geometric::RRTConnect'. Additional configuration parameters will be set when the planner is constructed.
[move_group-3] [ERROR] [1791532100.477282158] [moveit.ros_planning.planning_pipeline]: Computed path is not valid. Invalid states at index locations: [ 88 ] out of 149. Explanations follow in command line. Contacts are published on /display_contacts
[move_group-3] [INFO] [1791532100.477335434] [moveit_collision_detection_fcl.collision_common]: Found a contact between 'task26_table' (type 'Object') and 'right_fr3_side_suction' (type 'Robot link'), which constitutes a collision. Contact information is not stored.
[move_group-3] [INFO] [1791532100.477343159] [moveit_collision_detection_fcl.collision_common]: Collision checking is considered complete (collision was found and 0 contacts are stored)
[move_group-3] [ERROR] [1791532100.477589983] [moveit.ros_planning.planning_pipeline]: Completed listing of explanations for invalid states.
[move_group-3] [INFO] [1791532100.477852471] [moveit_move_group_default_capabilities.move_action_capability]: Motion plan was found but it seems to be invalid (possibly due to postprocessing). Not executing.
[move_group-3] [INFO] [1791532100.479234737] [moveit_move_group_default_capabilities.move_action_capability]: Received request
[move_group-3] [INFO] [1791532100.479617539] [moveit_move_group_default_capabilities.move_action_capability]: executing..
[move_group-3] [INFO] [1791532100.483963024] [moveit_move_group_default_capabilities.move_action_capability]: Planning request received for MoveGroup action. Forwarding to planning pipeline.
[move_group-3] [INFO] [1791532100.484573306] [moveit.ompl_planning.model_based_planning_context]: Planner configuration 'right_arm[RRTConnectkConfigDefault]' will use planner 'geometric::RRTConnect'. Additional configuration parameters will be set when the planner is constructed.
[move_group-3] [INFO] [1791532100.547905386] [moveit_move_group_default_capabilities.move_action_capability]: Motion plan was computed successfully.
[move_group-3] [INFO] [1791532100.548925709] [moveit_move_group_default_capabilities.move_action_capability]: Received request
[move_group-3] [INFO] [1791532100.549270145] [moveit_move_group_default_capabilities.move_action_capability]: executing..
[move_group-3] [INFO] [1791532100.549746387] [moveit_move_group_default_capabilities.move_action_capability]: Planning request received for MoveGroup action. Forwarding to planning pipeline.
[move_group-3] [INFO] [1791532100.550245529] [moveit.ompl_planning.model_based_planning_context]: Planner configuration 'right_arm[RRTConnectkConfigDefault]' will use planner 'geometric::RRTConnect'. Additional configuration parameters will be set when the planner is constructed.
[move_group-3] [INFO] [1791532100.577478395] [moveit_move_group_default_capabilities.move_action_capability]: Motion plan was computed successfully.
[move_group-3] [INFO] [1791532100.578505638] [moveit_move_group_default_capabilities.move_action_capability]: Received request
[move_group-3] [INFO] [1791532100.578631282] [moveit_move_group_default_capabilities.move_action_capability]: executing..
[move_group-3] [INFO] [1791532100.595936249] [moveit_move_group_default_capabilities.move_action_capability]: Planning request received for MoveGroup action. Forwarding to planning pipeline.
[move_group-3] [INFO] [1791532100.596395632] [moveit.ompl_planning.model_based_planning_context]: Planner configuration 'right_arm[RRTConnectkConfigDefault]' will use planner 'geometric::RRTConnect'. Additional configuration parameters will be set when the planner is constructed.
[move_group-3] [ERROR] [1791532100.652107024] [moveit.ros_planning.planning_pipeline]: Computed path is not valid. Invalid states at index locations: [ 86 87 ] out of 93. Explanations follow in command line. Contacts are published on /display_contacts
[move_group-3] [INFO] [1791532100.652152382] [moveit_collision_detection_fcl.collision_common]: Found a contact between 'task26_cube_1' (type 'Object') and 'right_fr3_side_suction' (type 'Robot link'), which constitutes a collision. Contact information is not stored.
[move_group-3] [INFO] [1791532100.652159417] [moveit_collision_detection_fcl.collision_common]: Collision checking is considered complete (collision was found and 0 contacts are stored)
[move_group-3] [INFO] [1791532100.652350318] [moveit_collision_detection_fcl.collision_common]: Found a contact between 'task26_cube_1' (type 'Object') and 'right_fr3_side_suction' (type 'Robot link'), which constitutes a collision. Contact information is not stored.
[move_group-3] [INFO] [1791532100.652356082] [moveit_collision_detection_fcl.collision_common]: Collision checking is considered complete (collision was found and 0 contacts are stored)
[move_group-3] [ERROR] [1791532100.652431916] [moveit.ros_planning.planning_pipeline]: Completed listing of explanations for invalid states.
[move_group-3] [INFO] [1791532100.652607963] [moveit_move_group_default_capabilities.move_action_capability]: Motion plan was found but it seems to be invalid (possibly due to postprocessing). Not executing.
[move_group-3] [INFO] [1791532100.927729967] [moveit_move_group_default_capabilities.cartersian_path_service_capability]: Received request to compute Cartesian path
[move_group-3] [INFO] [1791532100.927829708] [moveit_move_group_default_capabilities.cartersian_path_service_capability]: Attempting to follow 1 waypoints for link 'right_fr3_side_suction_tcp' using a step of 0.002000 m and jump threshold 0.000000 (in global reference frame)
[move_group-3] [INFO] [1791532100.931076324] [moveit_move_group_default_capabilities.cartersian_path_service_capability]: Computed Cartesian path with 22 points (followed 100.000000% of requested trajectory)
[move_group-3] [INFO] [1791532100.947450029] [moveit_move_group_default_capabilities.cartersian_path_service_capability]: Received request to compute Cartesian path
[move_group-3] [INFO] [1791532100.947521174] [moveit_move_group_default_capabilities.cartersian_path_service_capability]: Attempting to follow 1 waypoints for link 'left_fr3_side_suction_tcp' using a step of 0.002000 m and jump threshold 0.000000 (in global reference frame)
[move_group-3] [INFO] [1791532100.971069451] [moveit_move_group_default_capabilities.cartersian_path_service_capability]: Computed Cartesian path with 141 points (followed 100.000000% of requested trajectory)
[move_group-3] [INFO] [1791532100.974331286] [moveit_move_group_default_capabilities.cartersian_path_service_capability]: Received request to compute Cartesian path
[move_group-3] [INFO] [1791532100.974396988] [moveit_move_group_default_capabilities.cartersian_path_service_capability]: Attempting to follow 1 waypoints for link 'right_fr3_side_suction_tcp' using a step of 0.002000 m and jump threshold 0.000000 (in global reference frame)
[move_group-3] [INFO] [1791532100.997702240] [moveit_move_group_default_capabilities.cartersian_path_service_capability]: Computed Cartesian path with 141 points (followed 100.000000% of requested trajectory)
[move_group-3] [INFO] [1791532101.013935057] [moveit_move_group_default_capabilities.cartersian_path_service_capability]: Received request to compute Cartesian path
[move_group-3] [INFO] [1791532101.013992508] [moveit_move_group_default_capabilities.cartersian_path_service_capability]: Attempting to follow 1 waypoints for link 'left_fr3_side_suction_tcp' using a step of 0.002000 m and jump threshold 0.000000 (in global reference frame)
[move_group-3] [INFO] [1791532101.031241296] [moveit_move_group_default_capabilities.cartersian_path_service_capability]: Computed Cartesian path with 137 points (followed 100.000000% of requested trajectory)
[move_group-3] [INFO] [1791532101.040549300] [moveit_move_group_default_capabilities.cartersian_path_service_capability]: Received request to compute Cartesian path
[move_group-3] [INFO] [1791532101.040615456] [moveit_move_group_default_capabilities.cartersian_path_service_capability]: Attempting to follow 1 waypoints for link 'right_fr3_side_suction_tcp' using a step of 0.002000 m and jump threshold 0.000000 (in global reference frame)
[move_group-3] [INFO] [1791532101.058110172] [moveit_move_group_default_capabilities.cartersian_path_service_capability]: Computed Cartesian path with 137 points (followed 100.000000% of requested trajectory)
[move_group-3] [INFO] [1791532101.080683770] [moveit_move_group_default_capabilities.cartersian_path_service_capability]: Received request to compute Cartesian path
[move_group-3] [INFO] [1791532101.080776326] [moveit_move_group_default_capabilities.cartersian_path_service_capability]: Attempting to follow 1 waypoints for link 'left_fr3_side_suction_tcp' using a step of 0.002000 m and jump threshold 0.000000 (in global reference frame)
[move_group-3] [INFO] [1791532101.084163231] [moveit_move_group_default_capabilities.cartersian_path_service_capability]: Computed Cartesian path with 32 points (followed 100.000000% of requested trajectory)
[move_group-3] [INFO] [1791532101.107359328] [moveit_move_group_default_capabilities.cartersian_path_service_capability]: Received request to compute Cartesian path
[move_group-3] [INFO] [1791532101.107458553] [moveit_move_group_default_capabilities.cartersian_path_service_capability]: Attempting to follow 1 waypoints for link 'right_fr3_side_suction_tcp' using a step of 0.002000 m and jump threshold 0.000000 (in global reference frame)
[move_group-3] [INFO] [1791532101.111064381] [moveit_move_group_default_capabilities.cartersian_path_service_capability]: Computed Cartesian path with 32 points (followed 100.000000% of requested trajectory)
[move_group-3] [INFO] [1791532101.127043016] [moveit_move_group_default_capabilities.cartersian_path_service_capability]: Received request to compute Cartesian path
[move_group-3] [INFO] [1791532101.127120503] [moveit_move_group_default_capabilities.cartersian_path_service_capability]: Attempting to follow 1 waypoints for link 'left_fr3_side_suction_tcp' using a step of 0.002000 m and jump threshold 0.000000 (in global reference frame)
[move_group-3] [INFO] [1791532101.146245552] [moveit_move_group_default_capabilities.cartersian_path_service_capability]: Computed Cartesian path with 131 points (followed 100.000000% of requested trajectory)
[move_group-3] [INFO] [1791532101.147161293] [moveit_move_group_default_capabilities.cartersian_path_service_capability]: Received request to compute Cartesian path
[move_group-3] [INFO] [1791532101.147217407] [moveit_move_group_default_capabilities.cartersian_path_service_capability]: Attempting to follow 1 waypoints for link 'right_fr3_side_suction_tcp' using a step of 0.002000 m and jump threshold 0.000000 (in global reference frame)
[move_group-3] [INFO] [1791532101.163921445] [moveit_move_group_default_capabilities.cartersian_path_service_capability]: Computed Cartesian path with 132 points (followed 100.000000% of requested trajectory)
[move_group-3] [INFO] [1791532101.193015777] [moveit_move_group_default_capabilities.cartersian_path_service_capability]: Received request to compute Cartesian path
[move_group-3] [INFO] [1791532101.193086795] [moveit_move_group_default_capabilities.cartersian_path_service_capability]: Attempting to follow 1 waypoints for link 'left_fr3_side_suction_tcp' using a step of 0.002000 m and jump threshold 0.000000 (in global reference frame)
[move_group-3] [INFO] [1791532101.194764069] [moveit_move_group_default_capabilities.cartersian_path_service_capability]: Computed Cartesian path with 12 points (followed 100.000000% of requested trajectory)
[move_group-3] [INFO] [1791532101.213443855] [moveit_move_group_default_capabilities.cartersian_path_service_capability]: Received request to compute Cartesian path
[move_group-3] [INFO] [1791532101.213527324] [moveit_move_group_default_capabilities.cartersian_path_service_capability]: Attempting to follow 1 waypoints for link 'right_fr3_side_suction_tcp' using a step of 0.002000 m and jump threshold 0.000000 (in global reference frame)
[move_group-3] [INFO] [1791532101.214639097] [moveit_move_group_default_capabilities.cartersian_path_service_capability]: Computed Cartesian path with 11 points (followed 100.000000% of requested trajectory)
[move_group-3] [INFO] [1791532101.239804050] [moveit_move_group_default_capabilities.cartersian_path_service_capability]: Received request to compute Cartesian path
[move_group-3] [INFO] [1791532101.239868110] [moveit_move_group_default_capabilities.cartersian_path_service_capability]: Attempting to follow 1 waypoints for link 'left_fr3_side_suction_tcp' using a step of 0.002000 m and jump threshold 0.000000 (in global reference frame)
[move_group-3] [INFO] [1791532101.293661382] [moveit_move_group_default_capabilities.cartersian_path_service_capability]: Computed Cartesian path with 220 points (followed 100.000000% of requested trajectory)
[move_group-3] [INFO] [1791532101.305157927] [moveit_move_group_default_capabilities.cartersian_path_service_capability]: Received request to compute Cartesian path
[move_group-3] [INFO] [1791532101.305265561] [moveit_move_group_default_capabilities.cartersian_path_service_capability]: Attempting to follow 1 waypoints for link 'right_fr3_side_suction_tcp' using a step of 0.002000 m and jump threshold 0.000000 (in global reference frame)
[move_group-3] [INFO] [1791532101.331907530] [moveit_move_group_default_capabilities.cartersian_path_service_capability]: Computed Cartesian path with 142 points (followed 100.000000% of requested trajectory)
[move_group-3] [INFO] [1791532115.115706923] [moveit_move_group_default_capabilities.cartersian_path_service_capability]: Received request to compute Cartesian path
[move_group-3] [INFO] [1791532115.115810516] [moveit_move_group_default_capabilities.cartersian_path_service_capability]: Attempting to follow 1 waypoints for link 'left_fr3_side_suction_tcp' using a step of 0.002000 m and jump threshold 0.000000 (in global reference frame)
[move_group-3] [INFO] [1791532115.139709797] [moveit_move_group_default_capabilities.cartersian_path_service_capability]: Computed Cartesian path with 141 points (followed 100.000000% of requested trajectory)
[move_group-3] [INFO] [1791532115.163705184] [moveit_move_group_default_capabilities.cartersian_path_service_capability]: Received request to compute Cartesian path
[move_group-3] [INFO] [1791532115.163786433] [moveit_move_group_default_capabilities.cartersian_path_service_capability]: Attempting to follow 1 waypoints for link 'right_fr3_side_suction_tcp' using a step of 0.002000 m and jump threshold 0.000000 (in global reference frame)
[move_group-3] [INFO] [1791532115.188149770] [moveit_move_group_default_capabilities.cartersian_path_service_capability]: Computed Cartesian path with 141 points (followed 100.000000% of requested trajectory)
[move_group-3] [INFO] [1791532115.680440253] [moveit_move_group_default_capabilities.cartersian_path_service_capability]: Received request to compute Cartesian path
[move_group-3] [INFO] [1791532115.680499432] [moveit_move_group_default_capabilities.cartersian_path_service_capability]: Attempting to follow 1 waypoints for link 'left_fr3_side_suction_tcp' using a step of 0.002000 m and jump threshold 0.000000 (in global reference frame)
[move_group-3] [INFO] [1791532115.704718392] [moveit_move_group_default_capabilities.cartersian_path_service_capability]: Computed Cartesian path with 141 points (followed 100.000000% of requested trajectory)
[move_group-3] [INFO] [1791532115.705908721] [moveit_move_group_default_capabilities.cartersian_path_service_capability]: Received request to compute Cartesian path
[move_group-3] [INFO] [1791532115.705960866] [moveit_move_group_default_capabilities.cartersian_path_service_capability]: Attempting to follow 1 waypoints for link 'right_fr3_side_suction_tcp' using a step of 0.002000 m and jump threshold 0.000000 (in global reference frame)
[move_group-3] [INFO] [1791532115.728317750] [moveit_move_group_default_capabilities.cartersian_path_service_capability]: Computed Cartesian path with 141 points (followed 100.000000% of requested trajectory)
[move_group-3] [INFO] [1791532125.925602262] [moveit_move_group_default_capabilities.cartersian_path_service_capability]: Received request to compute Cartesian path
[move_group-3] [INFO] [1791532125.925698748] [moveit_move_group_default_capabilities.cartersian_path_service_capability]: Attempting to follow 1 waypoints for link 'left_fr3_side_suction_tcp' using a step of 0.002000 m and jump threshold 0.000000 (in global reference frame)
[move_group-3] [INFO] [1791532125.941561372] [moveit_move_group_default_capabilities.cartersian_path_service_capability]: Computed Cartesian path with 136 points (followed 100.000000% of requested trajectory)
[move_group-3] [INFO] [1791532125.949740028] [moveit_move_group_default_capabilities.cartersian_path_service_capability]: Received request to compute Cartesian path
[move_group-3] [INFO] [1791532125.949820035] [moveit_move_group_default_capabilities.cartersian_path_service_capability]: Attempting to follow 1 waypoints for link 'right_fr3_side_suction_tcp' using a step of 0.002000 m and jump threshold 0.000000 (in global reference frame)
[move_group-3] [INFO] [1791532125.965701000] [moveit_move_group_default_capabilities.cartersian_path_service_capability]: Computed Cartesian path with 136 points (followed 100.000000% of requested trajectory)
[move_group-3] [INFO] [1791532132.573737390] [moveit_move_group_default_capabilities.cartersian_path_service_capability]: Received request to compute Cartesian path
[move_group-3] [INFO] [1791532132.573809026] [moveit_move_group_default_capabilities.cartersian_path_service_capability]: Attempting to follow 1 waypoints for link 'left_fr3_side_suction_tcp' using a step of 0.002000 m and jump threshold 0.000000 (in global reference frame)
[move_group-3] [INFO] [1791532132.577311079] [moveit_move_group_default_capabilities.cartersian_path_service_capability]: Computed Cartesian path with 32 points (followed 100.000000% of requested trajectory)
[move_group-3] [INFO] [1791532132.598504575] [moveit_move_group_default_capabilities.cartersian_path_service_capability]: Received request to compute Cartesian path
[move_group-3] [INFO] [1791532132.598575480] [moveit_move_group_default_capabilities.cartersian_path_service_capability]: Attempting to follow 1 waypoints for link 'right_fr3_side_suction_tcp' using a step of 0.002000 m and jump threshold 0.000000 (in global reference frame)
[move_group-3] [INFO] [1791532132.602121168] [moveit_move_group_default_capabilities.cartersian_path_service_capability]: Computed Cartesian path with 32 points (followed 100.000000% of requested trajectory)
[move_group-3] [INFO] [1791532137.499150169] [moveit_move_group_default_capabilities.cartersian_path_service_capability]: Received request to compute Cartesian path
[move_group-3] [INFO] [1791532137.499237998] [moveit_move_group_default_capabilities.cartersian_path_service_capability]: Attempting to follow 1 waypoints for link 'left_fr3_side_suction_tcp' using a step of 0.002000 m and jump threshold 0.000000 (in global reference frame)
[move_group-3] [INFO] [1791532137.518530586] [moveit_move_group_default_capabilities.cartersian_path_service_capability]: Computed Cartesian path with 131 points (followed 100.000000% of requested trajectory)
[move_group-3] [INFO] [1791532137.532598006] [moveit_move_group_default_capabilities.cartersian_path_service_capability]: Received request to compute Cartesian path
[move_group-3] [INFO] [1791532137.532679199] [moveit_move_group_default_capabilities.cartersian_path_service_capability]: Attempting to follow 1 waypoints for link 'right_fr3_side_suction_tcp' using a step of 0.002000 m and jump threshold 0.000000 (in global reference frame)
[move_group-3] [INFO] [1791532137.548458724] [moveit_move_group_default_capabilities.cartersian_path_service_capability]: Computed Cartesian path with 131 points (followed 100.000000% of requested trajectory)
[move_group-3] [INFO] [1791532148.596142974] [moveit_move_group_default_capabilities.cartersian_path_service_capability]: Received request to compute Cartesian path
[move_group-3] [INFO] [1791532148.596222409] [moveit_move_group_default_capabilities.cartersian_path_service_capability]: Attempting to follow 1 waypoints for link 'left_fr3_side_suction_tcp' using a step of 0.002000 m and jump threshold 0.000000 (in global reference frame)
[move_group-3] [INFO] [1791532148.597549396] [moveit_move_group_default_capabilities.cartersian_path_service_capability]: Computed Cartesian path with 12 points (followed 100.000000% of requested trajectory)
[move_group-3] [INFO] [1791532148.620038055] [moveit_move_group_default_capabilities.cartersian_path_service_capability]: Received request to compute Cartesian path
[move_group-3] [INFO] [1791532148.620117991] [moveit_move_group_default_capabilities.cartersian_path_service_capability]: Attempting to follow 1 waypoints for link 'right_fr3_side_suction_tcp' using a step of 0.002000 m and jump threshold 0.000000 (in global reference frame)
[move_group-3] [INFO] [1791532148.621239460] [moveit_move_group_default_capabilities.cartersian_path_service_capability]: Computed Cartesian path with 11 points (followed 100.000000% of requested trajectory)
[move_group-3] [INFO] [1791532152.165280773] [moveit_move_group_default_capabilities.cartersian_path_service_capability]: Received request to compute Cartesian path
[move_group-3] [INFO] [1791532152.165384365] [moveit_move_group_default_capabilities.cartersian_path_service_capability]: Attempting to follow 1 waypoints for link 'left_fr3_side_suction_tcp' using a step of 0.002000 m and jump threshold 0.000000 (in global reference frame)
[move_group-3] [INFO] [1791532152.166981136] [moveit_move_group_default_capabilities.cartersian_path_service_capability]: Computed Cartesian path with 16 points (followed 100.000000% of requested trajectory)
[move_group-3] [INFO] [1791532152.189719257] [moveit_move_group_default_capabilities.cartersian_path_service_capability]: Received request to compute Cartesian path
[move_group-3] [INFO] [1791532152.189806801] [moveit_move_group_default_capabilities.cartersian_path_service_capability]: Attempting to follow 1 waypoints for link 'right_fr3_side_suction_tcp' using a step of 0.002000 m and jump threshold 0.000000 (in global reference frame)
[move_group-3] [INFO] [1791532152.191354731] [moveit_move_group_default_capabilities.cartersian_path_service_capability]: Computed Cartesian path with 16 points (followed 100.000000% of requested trajectory)
[move_group-3] [INFO] [1791532156.256411143] [moveit_move_group_default_capabilities.cartersian_path_service_capability]: Received request to compute Cartesian path
[move_group-3] [INFO] [1791532156.256484486] [moveit_move_group_default_capabilities.cartersian_path_service_capability]: Attempting to follow 1 waypoints for link 'left_fr3_side_suction_tcp' using a step of 0.002000 m and jump threshold 0.000000 (in global reference frame)
[move_group-3] [INFO] [1791532156.310926349] [moveit_move_group_default_capabilities.cartersian_path_service_capability]: Computed Cartesian path with 224 points (followed 100.000000% of requested trajectory)
[move_group-3] [INFO] [1791532156.313023574] [moveit_move_group_default_capabilities.cartersian_path_service_capability]: Received request to compute Cartesian path
[move_group-3] [INFO] [1791532156.313078034] [moveit_move_group_default_capabilities.cartersian_path_service_capability]: Attempting to follow 1 waypoints for link 'right_fr3_side_suction_tcp' using a step of 0.002000 m and jump threshold 0.000000 (in global reference frame)
[move_group-3] [INFO] [1791532156.337770316] [moveit_move_group_default_capabilities.cartersian_path_service_capability]: Computed Cartesian path with 152 points (followed 100.000000% of requested trajectory)
[move_group-3] [INFO] [1791532176.238807822] [moveit_move_group_default_capabilities.cartersian_path_service_capability]: Received request to compute Cartesian path
[move_group-3] [INFO] [1791532176.238967982] [moveit_move_group_default_capabilities.cartersian_path_service_capability]: Attempting to follow 1 waypoints for link 'left_fr3_side_suction_tcp' using a step of 0.002000 m and jump threshold 0.000000 (in global reference frame)
[move_group-3] [INFO] [1791532176.239085008] [moveit_move_group_default_capabilities.cartersian_path_service_capability]: Computed Cartesian path with 2 points (followed 100.000000% of requested trajectory)
[move_group-3] [INFO] [1791532176.260739547] [moveit_move_group_default_capabilities.cartersian_path_service_capability]: Received request to compute Cartesian path
[move_group-3] [INFO] [1791532176.260821338] [moveit_move_group_default_capabilities.cartersian_path_service_capability]: Attempting to follow 1 waypoints for link 'right_fr3_side_suction_tcp' using a step of 0.002000 m and jump threshold 0.000000 (in global reference frame)
[move_group-3] [INFO] [1791532176.272458109] [moveit_move_group_default_capabilities.cartersian_path_service_capability]: Computed Cartesian path with 106 points (followed 100.000000% of requested trajectory)
[move_group-3] [INFO] [1791532187.067186980] [moveit_move_group_default_capabilities.move_action_capability]: Received request
[move_group-3] [INFO] [1791532187.067367705] [moveit_move_group_default_capabilities.move_action_capability]: executing..
[move_group-3] [INFO] [1791532187.090952010] [moveit_move_group_default_capabilities.move_action_capability]: Planning request received for MoveGroup action. Forwarding to planning pipeline.
[move_group-3] [INFO] [1791532187.091437871] [moveit.ompl_planning.model_based_planning_context]: Planner configuration 'right_arm[RRTConnectkConfigDefault]' will use planner 'geometric::RRTConnect'. Additional configuration parameters will be set when the planner is constructed.
[move_group-3] [INFO] [1791532187.146142214] [moveit_move_group_default_capabilities.move_action_capability]: Motion plan was computed successfully.
[move_group-3] [INFO] [1791532187.147313511] [moveit_move_group_default_capabilities.move_action_capability]: Received request
[move_group-3] [INFO] [1791532187.147462468] [moveit_move_group_default_capabilities.move_action_capability]: executing..
[move_group-3] [INFO] [1791532187.152267704] [moveit_move_group_default_capabilities.move_action_capability]: Planning request received for MoveGroup action. Forwarding to planning pipeline.
[move_group-3] [INFO] [1791532187.152750900] [moveit.ompl_planning.model_based_planning_context]: Planner configuration 'right_arm[RRTConnectkConfigDefault]' will use planner 'geometric::RRTConnect'. Additional configuration parameters will be set when the planner is constructed.
[move_group-3] [INFO] [1791532187.203080702] [moveit_move_group_default_capabilities.move_action_capability]: Motion plan was computed successfully.
[move_group-3] [INFO] [1791532187.204374234] [moveit_move_group_default_capabilities.move_action_capability]: Received request
[move_group-3] [INFO] [1791532187.204562517] [moveit_move_group_default_capabilities.move_action_capability]: executing..
[move_group-3] [INFO] [1791532187.217084917] [moveit_move_group_default_capabilities.move_action_capability]: Planning request received for MoveGroup action. Forwarding to planning pipeline.
[move_group-3] [INFO] [1791532187.217575337] [moveit.ompl_planning.model_based_planning_context]: Planner configuration 'right_arm[RRTConnectkConfigDefault]' will use planner 'geometric::RRTConnect'. Additional configuration parameters will be set when the planner is constructed.
[move_group-3] [INFO] [1791532187.264318429] [moveit_move_group_default_capabilities.move_action_capability]: Motion plan was computed successfully.
[move_group-3] [INFO] [1791532187.265913749] [moveit_move_group_default_capabilities.move_action_capability]: Received request
[move_group-3] [INFO] [1791532187.266066611] [moveit_move_group_default_capabilities.move_action_capability]: executing..
[move_group-3] [INFO] [1791532187.267510363] [moveit_move_group_default_capabilities.move_action_capability]: Planning request received for MoveGroup action. Forwarding to planning pipeline.
[move_group-3] [INFO] [1791532187.268091659] [moveit.ompl_planning.model_based_planning_context]: Planner configuration 'right_arm[RRTConnectkConfigDefault]' will use planner 'geometric::RRTConnect'. Additional configuration parameters will be set when the planner is constructed.
[move_group-3] [ERROR] [1791532187.331607716] [moveit.ros_planning.planning_pipeline]: Computed path is not valid. Invalid states at index locations: [ 37 38 39 ] out of 100. Explanations follow in command line. Contacts are published on /display_contacts
[move_group-3] [INFO] [1791532187.331667651] [moveit_collision_detection_fcl.collision_common]: Found a contact between 'task26_cube_2' (type 'Object') and 'right_fr3_side_suction' (type 'Robot link'), which constitutes a collision. Contact information is not stored.
[move_group-3] [INFO] [1791532187.331676231] [moveit_collision_detection_fcl.collision_common]: Collision checking is considered complete (collision was found and 0 contacts are stored)
[move_group-3] [INFO] [1791532187.331862858] [moveit_collision_detection_fcl.collision_common]: Found a contact between 'task26_cube_2' (type 'Object') and 'right_fr3_side_suction' (type 'Robot link'), which constitutes a collision. Contact information is not stored.
[move_group-3] [INFO] [1791532187.331872134] [moveit_collision_detection_fcl.collision_common]: Collision checking is considered complete (collision was found and 0 contacts are stored)
[move_group-3] [INFO] [1791532187.331960909] [moveit_collision_detection_fcl.collision_common]: Found a contact between 'task26_cube_2' (type 'Object') and 'right_fr3_side_suction' (type 'Robot link'), which constitutes a collision. Contact information is not stored.
[move_group-3] [INFO] [1791532187.331968018] [moveit_collision_detection_fcl.collision_common]: Collision checking is considered complete (collision was found and 0 contacts are stored)
[move_group-3] [ERROR] [1791532187.332046602] [moveit.ros_planning.planning_pipeline]: Completed listing of explanations for invalid states.
[move_group-3] [INFO] [1791532187.332338091] [moveit_move_group_default_capabilities.move_action_capability]: Motion plan was found but it seems to be invalid (possibly due to postprocessing). Not executing.
[move_group-3] [INFO] [1791532187.333441838] [moveit_move_group_default_capabilities.move_action_capability]: Received request
[move_group-3] [INFO] [1791532187.333586456] [moveit_move_group_default_capabilities.move_action_capability]: executing..
[move_group-3] [INFO] [1791532187.343227139] [moveit_move_group_default_capabilities.move_action_capability]: Planning request received for MoveGroup action. Forwarding to planning pipeline.
[move_group-3] [INFO] [1791532187.343671382] [moveit.ompl_planning.model_based_planning_context]: Planner configuration 'right_arm[RRTConnectkConfigDefault]' will use planner 'geometric::RRTConnect'. Additional configuration parameters will be set when the planner is constructed.
[move_group-3] [INFO] [1791532187.393952598] [moveit_move_group_default_capabilities.move_action_capability]: Motion plan was computed successfully.
[move_group-3] [INFO] [1791532187.395667206] [moveit_move_group_default_capabilities.move_action_capability]: Received request
[move_group-3] [INFO] [1791532187.395831839] [moveit_move_group_default_capabilities.move_action_capability]: executing..
[move_group-3] [INFO] [1791532187.405774031] [moveit_move_group_default_capabilities.move_action_capability]: Planning request received for MoveGroup action. Forwarding to planning pipeline.
[move_group-3] [INFO] [1791532187.406239206] [moveit.ompl_planning.model_based_planning_context]: Planner configuration 'right_arm[RRTConnectkConfigDefault]' will use planner 'geometric::RRTConnect'. Additional configuration parameters will be set when the planner is constructed.
[move_group-3] [INFO] [1791532187.448192995] [moveit_move_group_default_capabilities.move_action_capability]: Motion plan was computed successfully.
[move_group-3] [INFO] [1791532187.449587921] [moveit_move_group_default_capabilities.move_action_capability]: Received request
[move_group-3] [INFO] [1791532187.449701187] [moveit_move_group_default_capabilities.move_action_capability]: executing..
[move_group-3] [INFO] [1791532187.454865952] [moveit_move_group_default_capabilities.move_action_capability]: Planning request received for MoveGroup action. Forwarding to planning pipeline.
[move_group-3] [INFO] [1791532187.455308355] [moveit.ompl_planning.model_based_planning_context]: Planner configuration 'right_arm[RRTConnectkConfigDefault]' will use planner 'geometric::RRTConnect'. Additional configuration parameters will be set when the planner is constructed.
[move_group-3] [INFO] [1791532187.505238780] [moveit_move_group_default_capabilities.move_action_capability]: Motion plan was computed successfully.
[move_group-3] [INFO] [1791532187.506602404] [moveit_move_group_default_capabilities.move_action_capability]: Received request
[move_group-3] [INFO] [1791532187.506718798] [moveit_move_group_default_capabilities.move_action_capability]: executing..
[move_group-3] [INFO] [1791532187.518510016] [moveit_move_group_default_capabilities.move_action_capability]: Planning request received for MoveGroup action. Forwarding to planning pipeline.
[move_group-3] [INFO] [1791532187.518963798] [moveit.ompl_planning.model_based_planning_context]: Planner configuration 'right_arm[RRTConnectkConfigDefault]' will use planner 'geometric::RRTConnect'. Additional configuration parameters will be set when the planner is constructed.
[move_group-3] [INFO] [1791532187.553126280] [moveit_move_group_default_capabilities.move_action_capability]: Motion plan was computed successfully.
[move_group-3] [INFO] [1791532187.555567705] [moveit_move_group_default_capabilities.move_action_capability]: Received request
[move_group-3] [INFO] [1791532187.555707932] [moveit_move_group_default_capabilities.move_action_capability]: executing..
[move_group-3] [INFO] [1791532187.568517912] [moveit_move_group_default_capabilities.move_action_capability]: Planning request received for MoveGroup action. Forwarding to planning pipeline.
[move_group-3] [INFO] [1791532187.568984301] [moveit.ompl_planning.model_based_planning_context]: Planner configuration 'right_arm[RRTConnectkConfigDefault]' will use planner 'geometric::RRTConnect'. Additional configuration parameters will be set when the planner is constructed.
[move_group-3] [ERROR] [1791532187.613421008] [moveit.ros_planning.planning_pipeline]: Computed path is not valid. Invalid states at index locations: [ 79 ] out of 91. Explanations follow in command line. Contacts are published on /display_contacts
[move_group-3] [INFO] [1791532187.613489594] [moveit_collision_detection_fcl.collision_common]: Found a contact between 'task26_cube_2' (type 'Object') and 'right_fr3_side_suction' (type 'Robot link'), which constitutes a collision. Contact information is not stored.
[move_group-3] [INFO] [1791532187.613497569] [moveit_collision_detection_fcl.collision_common]: Collision checking is considered complete (collision was found and 0 contacts are stored)
[move_group-3] [ERROR] [1791532187.613671269] [moveit.ros_planning.planning_pipeline]: Completed listing of explanations for invalid states.
[move_group-3] [INFO] [1791532187.613906661] [moveit_move_group_default_capabilities.move_action_capability]: Motion plan was found but it seems to be invalid (possibly due to postprocessing). Not executing.
[move_group-3] [INFO] [1791532187.614618158] [moveit_move_group_default_capabilities.move_action_capability]: Received request
[move_group-3] [INFO] [1791532187.614733122] [moveit_move_group_default_capabilities.move_action_capability]: executing..
[move_group-3] [INFO] [1791532187.618678874] [moveit_move_group_default_capabilities.move_action_capability]: Planning request received for MoveGroup action. Forwarding to planning pipeline.
[move_group-3] [INFO] [1791532187.619208074] [moveit.ompl_planning.model_based_planning_context]: Planner configuration 'right_arm[RRTConnectkConfigDefault]' will use planner 'geometric::RRTConnect'. Additional configuration parameters will be set when the planner is constructed.
[move_group-3] [ERROR] [1791532187.670002214] [moveit.ros_planning.planning_pipeline]: Computed path is not valid. Invalid states at index locations: [ 83 84 ] out of 96. Explanations follow in command line. Contacts are published on /display_contacts
[move_group-3] [INFO] [1791532187.670041105] [moveit_collision_detection_fcl.collision_common]: Found a contact between 'task26_cube_2' (type 'Object') and 'right_fr3_side_suction' (type 'Robot link'), which constitutes a collision. Contact information is not stored.
[move_group-3] [INFO] [1791532187.670047183] [moveit_collision_detection_fcl.collision_common]: Collision checking is considered complete (collision was found and 0 contacts are stored)
[move_group-3] [INFO] [1791532187.670192578] [moveit_collision_detection_fcl.collision_common]: Found a contact between 'task26_cube_2' (type 'Object') and 'right_fr3_side_suction' (type 'Robot link'), which constitutes a collision. Contact information is not stored.
[move_group-3] [INFO] [1791532187.670197667] [moveit_collision_detection_fcl.collision_common]: Collision checking is considered complete (collision was found and 0 contacts are stored)
[move_group-3] [ERROR] [1791532187.670268030] [moveit.ros_planning.planning_pipeline]: Completed listing of explanations for invalid states.
[move_group-3] [INFO] [1791532187.670526179] [moveit_move_group_default_capabilities.move_action_capability]: Motion plan was found but it seems to be invalid (possibly due to postprocessing). Not executing.
[move_group-3] [INFO] [1791532187.671443684] [moveit_move_group_default_capabilities.move_action_capability]: Received request
[move_group-3] [INFO] [1791532187.671560170] [moveit_move_group_default_capabilities.move_action_capability]: executing..
[move_group-3] [INFO] [1791532187.692678232] [moveit_move_group_default_capabilities.move_action_capability]: Planning request received for MoveGroup action. Forwarding to planning pipeline.
[move_group-3] [INFO] [1791532187.693180013] [moveit.ompl_planning.model_based_planning_context]: Planner configuration 'right_arm[RRTConnectkConfigDefault]' will use planner 'geometric::RRTConnect'. Additional configuration parameters will be set when the planner is constructed.
[move_group-3] [INFO] [1791532187.737947606] [moveit_move_group_default_capabilities.move_action_capability]: Motion plan was computed successfully.
[move_group-3] [INFO] [1791532187.739105391] [moveit_move_group_default_capabilities.move_action_capability]: Received request
[move_group-3] [INFO] [1791532187.739224779] [moveit_move_group_default_capabilities.move_action_capability]: executing..
[move_group-3] [INFO] [1791532187.743369491] [moveit_move_group_default_capabilities.move_action_capability]: Planning request received for MoveGroup action. Forwarding to planning pipeline.
[move_group-3] [INFO] [1791532187.743873308] [moveit.ompl_planning.model_based_planning_context]: Planner configuration 'right_arm[RRTConnectkConfigDefault]' will use planner 'geometric::RRTConnect'. Additional configuration parameters will be set when the planner is constructed.
[move_group-3] [INFO] [1791532187.789355502] [moveit_move_group_default_capabilities.move_action_capability]: Motion plan was computed successfully.
[move_group-3] [INFO] [1791532187.790910676] [moveit_move_group_default_capabilities.move_action_capability]: Received request
[move_group-3] [INFO] [1791532187.791075206] [moveit_move_group_default_capabilities.move_action_capability]: executing..
[move_group-3] [INFO] [1791532187.794569688] [moveit_move_group_default_capabilities.move_action_capability]: Planning request received for MoveGroup action. Forwarding to planning pipeline.
[move_group-3] [INFO] [1791532187.795150805] [moveit.ompl_planning.model_based_planning_context]: Planner configuration 'right_arm[RRTConnectkConfigDefault]' will use planner 'geometric::RRTConnect'. Additional configuration parameters will be set when the planner is constructed.
[move_group-3] [INFO] [1791532187.839189800] [moveit_move_group_default_capabilities.move_action_capability]: Motion plan was computed successfully.
[move_group-3] [INFO] [1791532187.840520642] [moveit_move_group_default_capabilities.move_action_capability]: Received request
[move_group-3] [INFO] [1791532187.840650753] [moveit_move_group_default_capabilities.move_action_capability]: executing..
[move_group-3] [INFO] [1791532187.846322031] [moveit_move_group_default_capabilities.move_action_capability]: Planning request received for MoveGroup action. Forwarding to planning pipeline.
[move_group-3] [INFO] [1791532187.846888553] [moveit.ompl_planning.model_based_planning_context]: Planner configuration 'right_arm[RRTConnectkConfigDefault]' will use planner 'geometric::RRTConnect'. Additional configuration parameters will be set when the planner is constructed.
[move_group-3] [INFO] [1791532187.897658328] [moveit_move_group_default_capabilities.move_action_capability]: Motion plan was computed successfully.
[move_group-3] [INFO] [1791532187.898545861] [moveit_move_group_default_capabilities.move_action_capability]: Received request
[move_group-3] [INFO] [1791532187.898677514] [moveit_move_group_default_capabilities.move_action_capability]: executing..
[move_group-3] [INFO] [1791532187.908581464] [moveit_move_group_default_capabilities.move_action_capability]: Planning request received for MoveGroup action. Forwarding to planning pipeline.
[move_group-3] [INFO] [1791532187.909085785] [moveit.ompl_planning.model_based_planning_context]: Planner configuration 'right_arm[RRTConnectkConfigDefault]' will use planner 'geometric::RRTConnect'. Additional configuration parameters will be set when the planner is constructed.
[move_group-3] [INFO] [1791532187.948818364] [moveit_move_group_default_capabilities.move_action_capability]: Motion plan was computed successfully.
[move_group-3] [INFO] [1791532187.950205905] [moveit_move_group_default_capabilities.move_action_capability]: Received request
[move_group-3] [INFO] [1791532187.950352262] [moveit_move_group_default_capabilities.move_action_capability]: executing..
[move_group-3] [INFO] [1791532187.958233983] [moveit_move_group_default_capabilities.move_action_capability]: Planning request received for MoveGroup action. Forwarding to planning pipeline.
[move_group-3] [INFO] [1791532187.958722197] [moveit.ompl_planning.model_based_planning_context]: Planner configuration 'right_arm[RRTConnectkConfigDefault]' will use planner 'geometric::RRTConnect'. Additional configuration parameters will be set when the planner is constructed.
[move_group-3] [INFO] [1791532188.012537143] [moveit_move_group_default_capabilities.move_action_capability]: Motion plan was computed successfully.
[move_group-3] [INFO] [1791532188.021967470] [moveit_move_group_default_capabilities.move_action_capability]: Received request
[move_group-3] [INFO] [1791532188.022128536] [moveit_move_group_default_capabilities.move_action_capability]: executing..
[move_group-3] [INFO] [1791532188.045957792] [moveit_move_group_default_capabilities.move_action_capability]: Planning request received for MoveGroup action. Forwarding to planning pipeline.
[move_group-3] [INFO] [1791532188.046435234] [moveit.ompl_planning.model_based_planning_context]: Planner configuration 'right_arm[RRTConnectkConfigDefault]' will use planner 'geometric::RRTConnect'. Additional configuration parameters will be set when the planner is constructed.
[move_group-3] [INFO] [1791532188.088743245] [moveit_move_group_default_capabilities.move_action_capability]: Motion plan was computed successfully.
[move_group-3] [INFO] [1791532188.090077607] [moveit_move_group_default_capabilities.move_action_capability]: Received request
[move_group-3] [INFO] [1791532188.090196283] [moveit_move_group_default_capabilities.move_action_capability]: executing..
[move_group-3] [INFO] [1791532188.095954766] [moveit_move_group_default_capabilities.move_action_capability]: Planning request received for MoveGroup action. Forwarding to planning pipeline.
[move_group-3] [INFO] [1791532188.096401911] [moveit.ompl_planning.model_based_planning_context]: Planner configuration 'right_arm[RRTConnectkConfigDefault]' will use planner 'geometric::RRTConnect'. Additional configuration parameters will be set when the planner is constructed.
[move_group-3] [INFO] [1791532188.142664972] [moveit_move_group_default_capabilities.move_action_capability]: Motion plan was computed successfully.
[move_group-3] [INFO] [1791532188.143547944] [moveit_move_group_default_capabilities.move_action_capability]: Received request
[move_group-3] [INFO] [1791532188.143677886] [moveit_move_group_default_capabilities.move_action_capability]: executing..
[move_group-3] [INFO] [1791532188.146026312] [moveit_move_group_default_capabilities.move_action_capability]: Planning request received for MoveGroup action. Forwarding to planning pipeline.
[move_group-3] [INFO] [1791532188.146525066] [moveit.ompl_planning.model_based_planning_context]: Planner configuration 'right_arm[RRTConnectkConfigDefault]' will use planner 'geometric::RRTConnect'. Additional configuration parameters will be set when the planner is constructed.
[move_group-3] [INFO] [1791532188.189669177] [moveit_move_group_default_capabilities.move_action_capability]: Motion plan was computed successfully.
[move_group-3] [INFO] [1791532188.190979402] [moveit_move_group_default_capabilities.move_action_capability]: Received request
[move_group-3] [INFO] [1791532188.191108667] [moveit_move_group_default_capabilities.move_action_capability]: executing..
[move_group-3] [INFO] [1791532188.196107088] [moveit_move_group_default_capabilities.move_action_capability]: Planning request received for MoveGroup action. Forwarding to planning pipeline.
[move_group-3] [INFO] [1791532188.196608321] [moveit.ompl_planning.model_based_planning_context]: Planner configuration 'right_arm[RRTConnectkConfigDefault]' will use planner 'geometric::RRTConnect'. Additional configuration parameters will be set when the planner is constructed.
[move_group-3] [INFO] [1791532188.247594561] [moveit_move_group_default_capabilities.move_action_capability]: Motion plan was computed successfully.
[move_group-3] [INFO] [1791532188.249125836] [moveit_move_group_default_capabilities.move_action_capability]: Received request
[move_group-3] [INFO] [1791532188.249320655] [moveit_move_group_default_capabilities.move_action_capability]: executing..
[move_group-3] [INFO] [1791532188.258138798] [moveit_move_group_default_capabilities.move_action_capability]: Planning request received for MoveGroup action. Forwarding to planning pipeline.
[move_group-3] [INFO] [1791532188.258589293] [moveit.ompl_planning.model_based_planning_context]: Planner configuration 'right_arm[RRTConnectkConfigDefault]' will use planner 'geometric::RRTConnect'. Additional configuration parameters will be set when the planner is constructed.
[move_group-3] [INFO] [1791532188.299834628] [moveit_move_group_default_capabilities.move_action_capability]: Motion plan was computed successfully.
[move_group-3] [INFO] [1791532188.301076809] [moveit_move_group_default_capabilities.move_action_capability]: Received request
[move_group-3] [INFO] [1791532188.301229331] [moveit_move_group_default_capabilities.move_action_capability]: executing..
[move_group-3] [INFO] [1791532188.307923384] [moveit_move_group_default_capabilities.move_action_capability]: Planning request received for MoveGroup action. Forwarding to planning pipeline.
[move_group-3] [INFO] [1791532188.308354573] [moveit.ompl_planning.model_based_planning_context]: Planner configuration 'right_arm[RRTConnectkConfigDefault]' will use planner 'geometric::RRTConnect'. Additional configuration parameters will be set when the planner is constructed.
[move_group-3] [INFO] [1791532188.350653294] [moveit_move_group_default_capabilities.move_action_capability]: Motion plan was computed successfully.
[move_group-3] [INFO] [1791532188.351850174] [moveit_move_group_default_capabilities.move_action_capability]: Received request
[move_group-3] [INFO] [1791532188.351968996] [moveit_move_group_default_capabilities.move_action_capability]: executing..
[move_group-3] [INFO] [1791532188.358391085] [moveit_move_group_default_capabilities.move_action_capability]: Planning request received for MoveGroup action. Forwarding to planning pipeline.
[move_group-3] [INFO] [1791532188.359006176] [moveit.ompl_planning.model_based_planning_context]: Planner configuration 'right_arm[RRTConnectkConfigDefault]' will use planner 'geometric::RRTConnect'. Additional configuration parameters will be set when the planner is constructed.
[move_group-3] [INFO] [1791532188.410973187] [moveit_move_group_default_capabilities.move_action_capability]: Motion plan was computed successfully.
[move_group-3] [INFO] [1791532188.411904730] [moveit_move_group_default_capabilities.move_action_capability]: Received request
[move_group-3] [INFO] [1791532188.412046324] [moveit_move_group_default_capabilities.move_action_capability]: executing..
[move_group-3] [INFO] [1791532188.421945354] [moveit_move_group_default_capabilities.move_action_capability]: Planning request received for MoveGroup action. Forwarding to planning pipeline.
[move_group-3] [INFO] [1791532188.422411641] [moveit.ompl_planning.model_based_planning_context]: Planner configuration 'right_arm[RRTConnectkConfigDefault]' will use planner 'geometric::RRTConnect'. Additional configuration parameters will be set when the planner is constructed.
[move_group-3] [INFO] [1791532188.475560840] [moveit_move_group_default_capabilities.move_action_capability]: Motion plan was computed successfully.
[move_group-3] [INFO] [1791532188.508170539] [moveit_move_group_default_capabilities.cartersian_path_service_capability]: Received request to compute Cartesian path
[move_group-3] [INFO] [1791532188.508246062] [moveit_move_group_default_capabilities.cartersian_path_service_capability]: Attempting to follow 1 waypoints for link 'left_fr3_side_suction_tcp' using a step of 0.002000 m and jump threshold 0.000000 (in global reference frame)
[move_group-3] [INFO] [1791532188.508309224] [moveit_move_group_default_capabilities.cartersian_path_service_capability]: Computed Cartesian path with 2 points (followed 100.000000% of requested trajectory)
[move_group-3] [INFO] [1791532188.521931991] [moveit_move_group_default_capabilities.cartersian_path_service_capability]: Received request to compute Cartesian path
[move_group-3] [INFO] [1791532188.522011667] [moveit_move_group_default_capabilities.cartersian_path_service_capability]: Attempting to follow 1 waypoints for link 'right_fr3_side_suction_tcp' using a step of 0.002000 m and jump threshold 0.000000 (in global reference frame)
[move_group-3] [INFO] [1791532188.554586136] [moveit_move_group_default_capabilities.cartersian_path_service_capability]: Computed Cartesian path with 166 points (followed 100.000000% of requested trajectory)
[move_group-3] [INFO] [1791532188.571889391] [moveit_move_group_default_capabilities.cartersian_path_service_capability]: Received request to compute Cartesian path
[move_group-3] [INFO] [1791532188.571982364] [moveit_move_group_default_capabilities.cartersian_path_service_capability]: Attempting to follow 1 waypoints for link 'left_fr3_side_suction_tcp' using a step of 0.002000 m and jump threshold 0.000000 (in global reference frame)
[move_group-3] [INFO] [1791532188.572047172] [moveit_move_group_default_capabilities.cartersian_path_service_capability]: Computed Cartesian path with 2 points (followed 100.000000% of requested trajectory)
[move_group-3] [INFO] [1791532188.596198676] [moveit_move_group_default_capabilities.cartersian_path_service_capability]: Received request to compute Cartesian path
[move_group-3] [INFO] [1791532188.596270459] [moveit_move_group_default_capabilities.cartersian_path_service_capability]: Attempting to follow 1 waypoints for link 'right_fr3_side_suction_tcp' using a step of 0.002000 m and jump threshold 0.000000 (in global reference frame)
[move_group-3] [INFO] [1791532188.624576221] [moveit_move_group_default_capabilities.cartersian_path_service_capability]: Computed Cartesian path with 166 points (followed 100.000000% of requested trajectory)
[move_group-3] [INFO] [1791532188.896569238] [moveit_move_group_default_capabilities.move_action_capability]: Received request
[move_group-3] [INFO] [1791532188.896757998] [moveit_move_group_default_capabilities.move_action_capability]: executing..
[move_group-3] [INFO] [1791532188.908042212] [moveit_move_group_default_capabilities.move_action_capability]: Planning request received for MoveGroup action. Forwarding to planning pipeline.
[move_group-3] [INFO] [1791532188.908683595] [moveit.ompl_planning.model_based_planning_context]: Planner configuration 'left_arm[RRTConnectkConfigDefault]' will use planner 'geometric::RRTConnect'. Additional configuration parameters will be set when the planner is constructed.
[move_group-3] [INFO] [1791532188.946843652] [moveit_move_group_default_capabilities.move_action_capability]: Motion plan was computed successfully.
[move_group-3] [INFO] [1791532188.948310830] [moveit_move_group_default_capabilities.move_action_capability]: Received request
[move_group-3] [INFO] [1791532188.948481840] [moveit_move_group_default_capabilities.move_action_capability]: executing..
[move_group-3] [INFO] [1791532188.959141147] [moveit_move_group_default_capabilities.move_action_capability]: Planning request received for MoveGroup action. Forwarding to planning pipeline.
[move_group-3] [INFO] [1791532188.959648772] [moveit.ompl_planning.model_based_planning_context]: Planner configuration 'left_arm[RRTConnectkConfigDefault]' will use planner 'geometric::RRTConnect'. Additional configuration parameters will be set when the planner is constructed.
[move_group-3] [INFO] [1791532188.999242979] [moveit_move_group_default_capabilities.move_action_capability]: Motion plan was computed successfully.
[move_group-3] [INFO] [1791532189.000110737] [moveit_move_group_default_capabilities.move_action_capability]: Received request
[move_group-3] [INFO] [1791532189.000335634] [moveit_move_group_default_capabilities.move_action_capability]: executing..
[move_group-3] [INFO] [1791532189.008439763] [moveit_move_group_default_capabilities.move_action_capability]: Planning request received for MoveGroup action. Forwarding to planning pipeline.
[move_group-3] [INFO] [1791532189.008927062] [moveit.ompl_planning.model_based_planning_context]: Planner configuration 'left_arm[RRTConnectkConfigDefault]' will use planner 'geometric::RRTConnect'. Additional configuration parameters will be set when the planner is constructed.
[move_group-3] [INFO] [1791532189.041637703] [moveit_move_group_default_capabilities.move_action_capability]: Motion plan was computed successfully.
[move_group-3] [INFO] [1791532189.042374893] [moveit_move_group_default_capabilities.move_action_capability]: Received request
[move_group-3] [INFO] [1791532189.042496786] [moveit_move_group_default_capabilities.move_action_capability]: executing..
[move_group-3] [INFO] [1791532189.046353376] [moveit_move_group_default_capabilities.move_action_capability]: Planning request received for MoveGroup action. Forwarding to planning pipeline.
[move_group-3] [INFO] [1791532189.046951967] [moveit.ompl_planning.model_based_planning_context]: Planner configuration 'left_arm[RRTConnectkConfigDefault]' will use planner 'geometric::RRTConnect'. Additional configuration parameters will be set when the planner is constructed.
[move_group-3] [INFO] [1791532189.080796583] [moveit_move_group_default_capabilities.move_action_capability]: Motion plan was computed successfully.
[move_group-3] [INFO] [1791532189.082378458] [moveit_move_group_default_capabilities.move_action_capability]: Received request
[move_group-3] [INFO] [1791532189.082482539] [moveit_move_group_default_capabilities.move_action_capability]: executing..
[move_group-3] [INFO] [1791532189.096505046] [moveit_move_group_default_capabilities.move_action_capability]: Planning request received for MoveGroup action. Forwarding to planning pipeline.
[move_group-3] [INFO] [1791532189.097121332] [moveit.ompl_planning.model_based_planning_context]: Planner configuration 'left_arm[RRTConnectkConfigDefault]' will use planner 'geometric::RRTConnect'. Additional configuration parameters will be set when the planner is constructed.
[move_group-3] [INFO] [1791532189.132345221] [moveit_move_group_default_capabilities.move_action_capability]: Motion plan was computed successfully.
[move_group-3] [INFO] [1791532189.133980095] [moveit_move_group_default_capabilities.move_action_capability]: Received request
[move_group-3] [INFO] [1791532189.134092443] [moveit_move_group_default_capabilities.move_action_capability]: executing..
[move_group-3] [INFO] [1791532189.146275653] [moveit_move_group_default_capabilities.move_action_capability]: Planning request received for MoveGroup action. Forwarding to planning pipeline.
[move_group-3] [INFO] [1791532189.146798717] [moveit.ompl_planning.model_based_planning_context]: Planner configuration 'left_arm[RRTConnectkConfigDefault]' will use planner 'geometric::RRTConnect'. Additional configuration parameters will be set when the planner is constructed.
[move_group-3] [INFO] [1791532189.187288986] [moveit_move_group_default_capabilities.move_action_capability]: Motion plan was computed successfully.
[move_group-3] [INFO] [1791532189.188164413] [moveit_move_group_default_capabilities.move_action_capability]: Received request
[move_group-3] [INFO] [1791532189.188308854] [moveit_move_group_default_capabilities.move_action_capability]: executing..
[move_group-3] [INFO] [1791532189.196907088] [moveit_move_group_default_capabilities.move_action_capability]: Planning request received for MoveGroup action. Forwarding to planning pipeline.
[move_group-3] [INFO] [1791532189.197395552] [moveit.ompl_planning.model_based_planning_context]: Planner configuration 'left_arm[RRTConnectkConfigDefault]' will use planner 'geometric::RRTConnect'. Additional configuration parameters will be set when the planner is constructed.
[move_group-3] [INFO] [1791532189.230225624] [moveit_move_group_default_capabilities.move_action_capability]: Motion plan was computed successfully.
[move_group-3] [INFO] [1791532189.231369389] [moveit_move_group_default_capabilities.move_action_capability]: Received request
[move_group-3] [INFO] [1791532189.231487256] [moveit_move_group_default_capabilities.move_action_capability]: executing..
[move_group-3] [INFO] [1791532189.246477773] [moveit_move_group_default_capabilities.move_action_capability]: Planning request received for MoveGroup action. Forwarding to planning pipeline.
[move_group-3] [INFO] [1791532189.247014075] [moveit.ompl_planning.model_based_planning_context]: Planner configuration 'left_arm[RRTConnectkConfigDefault]' will use planner 'geometric::RRTConnect'. Additional configuration parameters will be set when the planner is constructed.
[move_group-3] [INFO] [1791532189.281568210] [moveit_move_group_default_capabilities.move_action_capability]: Motion plan was computed successfully.
[move_group-3] [INFO] [1791532189.308033034] [moveit_move_group_default_capabilities.cartersian_path_service_capability]: Received request to compute Cartesian path
[move_group-3] [INFO] [1791532189.308118603] [moveit_move_group_default_capabilities.cartersian_path_service_capability]: Attempting to follow 1 waypoints for link 'left_fr3_side_suction_tcp' using a step of 0.002000 m and jump threshold 0.000000 (in global reference frame)
[move_group-3] [INFO] [1791532189.324403508] [moveit_move_group_default_capabilities.cartersian_path_service_capability]: Computed Cartesian path with 102 points (followed 100.000000% of requested trajectory)
[move_group-3] [INFO] [1791532189.596451401] [moveit_move_group_default_capabilities.cartersian_path_service_capability]: Received request to compute Cartesian path
[move_group-3] [INFO] [1791532189.596546818] [moveit_move_group_default_capabilities.cartersian_path_service_capability]: Attempting to follow 1 waypoints for link 'left_fr3_side_suction_tcp' using a step of 0.002000 m and jump threshold 0.000000 (in global reference frame)
[move_group-3] [INFO] [1791532189.610361822] [moveit_move_group_default_capabilities.cartersian_path_service_capability]: Computed Cartesian path with 100 points (followed 100.000000% of requested trajectory)
[move_group-3] [INFO] [1791532189.622223296] [moveit_move_group_default_capabilities.cartersian_path_service_capability]: Received request to compute Cartesian path
[move_group-3] [INFO] [1791532189.622315717] [moveit_move_group_default_capabilities.cartersian_path_service_capability]: Attempting to follow 1 waypoints for link 'right_fr3_side_suction_tcp' using a step of 0.002000 m and jump threshold 0.000000 (in global reference frame)
[move_group-3] [INFO] [1791532189.624191659] [moveit_move_group_default_capabilities.cartersian_path_service_capability]: Computed Cartesian path with 14 points (followed 100.000000% of requested trajectory)
[move_group-3] [INFO] [1791532189.646600478] [moveit_move_group_default_capabilities.cartersian_path_service_capability]: Received request to compute Cartesian path
[move_group-3] [INFO] [1791532189.646696251] [moveit_move_group_default_capabilities.cartersian_path_service_capability]: Attempting to follow 1 waypoints for link 'right_fr3_side_suction_tcp' using a step of 0.002000 m and jump threshold 0.000000 (in global reference frame)
[move_group-3] [INFO] [1791532189.648496617] [moveit_move_group_default_capabilities.cartersian_path_service_capability]: Computed Cartesian path with 14 points (followed 100.000000% of requested trajectory)
[move_group-3] [INFO] [1791532189.658885503] [moveit_move_group_default_capabilities.cartersian_path_service_capability]: Received request to compute Cartesian path
[move_group-3] [INFO] [1791532189.659009668] [moveit_move_group_default_capabilities.cartersian_path_service_capability]: Attempting to follow 1 waypoints for link 'right_fr3_side_suction_tcp' using a step of 0.002000 m and jump threshold 0.000000 (in global reference frame)
[move_group-3] [INFO] [1791532189.661298126] [moveit_move_group_default_capabilities.cartersian_path_service_capability]: Computed Cartesian path with 14 points (followed 100.000000% of requested trajectory)
[move_group-3] [INFO] [1791532189.672149574] [moveit_move_group_default_capabilities.cartersian_path_service_capability]: Received request to compute Cartesian path
[move_group-3] [INFO] [1791532189.672237353] [moveit_move_group_default_capabilities.cartersian_path_service_capability]: Attempting to follow 1 waypoints for link 'right_fr3_side_suction_tcp' using a step of 0.002000 m and jump threshold 0.000000 (in global reference frame)
[move_group-3] [INFO] [1791532189.673953698] [moveit_move_group_default_capabilities.cartersian_path_service_capability]: Computed Cartesian path with 14 points (followed 100.000000% of requested trajectory)
[move_group-3] [INFO] [1791532189.696610077] [moveit_move_group_default_capabilities.cartersian_path_service_capability]: Received request to compute Cartesian path
[move_group-3] [INFO] [1791532189.696714274] [moveit_move_group_default_capabilities.cartersian_path_service_capability]: Attempting to follow 1 waypoints for link 'right_fr3_side_suction_tcp' using a step of 0.002000 m and jump threshold 0.000000 (in global reference frame)
[move_group-3] [INFO] [1791532189.698367442] [moveit_move_group_default_capabilities.cartersian_path_service_capability]: Computed Cartesian path with 14 points (followed 100.000000% of requested trajectory)
[move_group-3] [INFO] [1791532189.708377349] [moveit_move_group_default_capabilities.cartersian_path_service_capability]: Received request to compute Cartesian path
[move_group-3] [INFO] [1791532189.708471906] [moveit_move_group_default_capabilities.cartersian_path_service_capability]: Attempting to follow 1 waypoints for link 'right_fr3_side_suction_tcp' using a step of 0.002000 m and jump threshold 0.000000 (in global reference frame)
[move_group-3] [INFO] [1791532189.710178312] [moveit_move_group_default_capabilities.cartersian_path_service_capability]: Computed Cartesian path with 14 points (followed 100.000000% of requested trajectory)
[move_group-3] [INFO] [1791532189.722325723] [moveit_move_group_default_capabilities.cartersian_path_service_capability]: Received request to compute Cartesian path
[move_group-3] [INFO] [1791532189.722428510] [moveit_move_group_default_capabilities.cartersian_path_service_capability]: Attempting to follow 1 waypoints for link 'right_fr3_side_suction_tcp' using a step of 0.002000 m and jump threshold 0.000000 (in global reference frame)
[move_group-3] [INFO] [1791532189.724688464] [moveit_move_group_default_capabilities.cartersian_path_service_capability]: Computed Cartesian path with 14 points (followed 100.000000% of requested trajectory)
[move_group-3] [INFO] [1791532189.746327084] [moveit_move_group_default_capabilities.cartersian_path_service_capability]: Received request to compute Cartesian path
[move_group-3] [INFO] [1791532189.746420341] [moveit_move_group_default_capabilities.cartersian_path_service_capability]: Attempting to follow 1 waypoints for link 'right_fr3_side_suction_tcp' using a step of 0.002000 m and jump threshold 0.000000 (in global reference frame)
[move_group-3] [INFO] [1791532189.748052842] [moveit_move_group_default_capabilities.cartersian_path_service_capability]: Computed Cartesian path with 14 points (followed 100.000000% of requested trajectory)
[move_group-3] [WARN] [1791532189.773990051] [moveit_planning_scene.planning_scene]: Tried to remove world object 'task26_cube_1', but it does not exist in this scene.
[move_group-3] [INFO] [1791532255.942109671] [moveit_move_group_default_capabilities.move_action_capability]: Received request
[move_group-3] [INFO] [1791532255.942281805] [moveit_move_group_default_capabilities.move_action_capability]: executing..
[move_group-3] [INFO] [1791532255.963625767] [moveit_move_group_default_capabilities.move_action_capability]: Planning request received for MoveGroup action. Forwarding to planning pipeline.
[move_group-3] [INFO] [1791532255.964111490] [moveit.ompl_planning.model_based_planning_context]: Planner configuration 'left_arm[RRTConnectkConfigDefault]' will use planner 'geometric::RRTConnect'. Additional configuration parameters will be set when the planner is constructed.
[move_group-3] [INFO] [1791532256.003784979] [moveit_move_group_default_capabilities.move_action_capability]: Motion plan was computed successfully.
[move_group-3] [INFO] [1791532256.005333247] [moveit_move_group_default_capabilities.move_action_capability]: Received request
[move_group-3] [INFO] [1791532256.005518711] [moveit_move_group_default_capabilities.move_action_capability]: executing..
[move_group-3] [INFO] [1791532256.011961314] [moveit_move_group_default_capabilities.move_action_capability]: Planning request received for MoveGroup action. Forwarding to planning pipeline.
[move_group-3] [INFO] [1791532256.012512909] [moveit.ompl_planning.model_based_planning_context]: Planner configuration 'left_arm[RRTConnectkConfigDefault]' will use planner 'geometric::RRTConnect'. Additional configuration parameters will be set when the planner is constructed.
[move_group-3] [INFO] [1791532256.056769417] [moveit_move_group_default_capabilities.move_action_capability]: Motion plan was computed successfully.
[move_group-3] [INFO] [1791532256.058180856] [moveit_move_group_default_capabilities.move_action_capability]: Received request
[move_group-3] [INFO] [1791532256.058324948] [moveit_move_group_default_capabilities.move_action_capability]: executing..
[move_group-3] [INFO] [1791532256.081478746] [moveit_move_group_default_capabilities.move_action_capability]: Planning request received for MoveGroup action. Forwarding to planning pipeline.
[move_group-3] [INFO] [1791532256.081951802] [moveit.ompl_planning.model_based_planning_context]: Planner configuration 'left_arm[RRTConnectkConfigDefault]' will use planner 'geometric::RRTConnect'. Additional configuration parameters will be set when the planner is constructed.
[move_group-3] [INFO] [1791532256.117107241] [moveit_move_group_default_capabilities.move_action_capability]: Motion plan was computed successfully.
[move_group-3] [INFO] [1791532256.118925651] [moveit_move_group_default_capabilities.move_action_capability]: Received request
[move_group-3] [INFO] [1791532256.119044472] [moveit_move_group_default_capabilities.move_action_capability]: executing..
[move_group-3] [INFO] [1791532256.123446441] [moveit_move_group_default_capabilities.move_action_capability]: Planning request received for MoveGroup action. Forwarding to planning pipeline.
[move_group-3] [INFO] [1791532256.123984434] [moveit.ompl_planning.model_based_planning_context]: Planner configuration 'left_arm[RRTConnectkConfigDefault]' will use planner 'geometric::RRTConnect'. Additional configuration parameters will be set when the planner is constructed.
[move_group-3] [INFO] [1791532256.164762692] [moveit_move_group_default_capabilities.move_action_capability]: Motion plan was computed successfully.
[move_group-3] [INFO] [1791532256.166429320] [moveit_move_group_default_capabilities.move_action_capability]: Received request
[move_group-3] [INFO] [1791532256.166550242] [moveit_move_group_default_capabilities.move_action_capability]: executing..
[move_group-3] [INFO] [1791532256.172039214] [moveit_move_group_default_capabilities.move_action_capability]: Planning request received for MoveGroup action. Forwarding to planning pipeline.
[move_group-3] [INFO] [1791532256.172502756] [moveit.ompl_planning.model_based_planning_context]: Planner configuration 'left_arm[RRTConnectkConfigDefault]' will use planner 'geometric::RRTConnect'. Additional configuration parameters will be set when the planner is constructed.
[move_group-3] [INFO] [1791532256.213786840] [moveit_move_group_default_capabilities.move_action_capability]: Motion plan was computed successfully.
[move_group-3] [INFO] [1791532256.216116231] [moveit_move_group_default_capabilities.move_action_capability]: Received request
[move_group-3] [INFO] [1791532256.216263657] [moveit_move_group_default_capabilities.move_action_capability]: executing..
[move_group-3] [INFO] [1791532256.220153189] [moveit_move_group_default_capabilities.move_action_capability]: Planning request received for MoveGroup action. Forwarding to planning pipeline.
[move_group-3] [INFO] [1791532256.220627364] [moveit.ompl_planning.model_based_planning_context]: Planner configuration 'left_arm[RRTConnectkConfigDefault]' will use planner 'geometric::RRTConnect'. Additional configuration parameters will be set when the planner is constructed.
[move_group-3] [INFO] [1791532256.262189276] [moveit_move_group_default_capabilities.move_action_capability]: Motion plan was computed successfully.
[move_group-3] [INFO] [1791532256.263474458] [moveit_move_group_default_capabilities.move_action_capability]: Received request
[move_group-3] [INFO] [1791532256.263601321] [moveit_move_group_default_capabilities.move_action_capability]: executing..
[move_group-3] [INFO] [1791532256.288469634] [moveit_move_group_default_capabilities.move_action_capability]: Planning request received for MoveGroup action. Forwarding to planning pipeline.
[move_group-3] [INFO] [1791532256.288967468] [moveit.ompl_planning.model_based_planning_context]: Planner configuration 'left_arm[RRTConnectkConfigDefault]' will use planner 'geometric::RRTConnect'. Additional configuration parameters will be set when the planner is constructed.
[move_group-3] [INFO] [1791532256.328287813] [moveit_move_group_default_capabilities.move_action_capability]: Motion plan was computed successfully.
[move_group-3] [INFO] [1791532256.330002452] [moveit_move_group_default_capabilities.move_action_capability]: Received request
[move_group-3] [INFO] [1791532256.330176932] [moveit_move_group_default_capabilities.move_action_capability]: executing..
[move_group-3] [INFO] [1791532256.330465887] [moveit_move_group_default_capabilities.move_action_capability]: Planning request received for MoveGroup action. Forwarding to planning pipeline.
[move_group-3] [INFO] [1791532256.330910206] [moveit.ompl_planning.model_based_planning_context]: Planner configuration 'left_arm[RRTConnectkConfigDefault]' will use planner 'geometric::RRTConnect'. Additional configuration parameters will be set when the planner is constructed.
[move_group-3] [INFO] [1791532256.362189341] [moveit_move_group_default_capabilities.move_action_capability]: Motion plan was computed successfully.
[move_group-3] [INFO] [1791532256.398820678] [moveit_move_group_default_capabilities.cartersian_path_service_capability]: Received request to compute Cartesian path
[move_group-3] [INFO] [1791532256.398894583] [moveit_move_group_default_capabilities.cartersian_path_service_capability]: Attempting to follow 1 waypoints for link 'left_fr3_side_suction_tcp' using a step of 0.002000 m and jump threshold 0.000000 (in global reference frame)
[move_group-3] [INFO] [1791532256.416411025] [moveit_move_group_default_capabilities.cartersian_path_service_capability]: Computed Cartesian path with 101 points (followed 100.000000% of requested trajectory)
[move_group-3] [INFO] [1791532256.699314986] [moveit_move_group_default_capabilities.cartersian_path_service_capability]: Received request to compute Cartesian path
[move_group-3] [INFO] [1791532256.699375244] [moveit_move_group_default_capabilities.cartersian_path_service_capability]: Attempting to follow 1 waypoints for link 'left_fr3_side_suction_tcp' using a step of 0.002000 m and jump threshold 0.000000 (in global reference frame)
[move_group-3] [INFO] [1791532256.716344479] [moveit_move_group_default_capabilities.cartersian_path_service_capability]: Computed Cartesian path with 101 points (followed 100.000000% of requested trajectory)
[move_group-3] [INFO] [1791532256.720569546] [moveit_move_group_default_capabilities.cartersian_path_service_capability]: Received request to compute Cartesian path
[move_group-3] [INFO] [1791532256.720650351] [moveit_move_group_default_capabilities.cartersian_path_service_capability]: Attempting to follow 1 waypoints for link 'right_fr3_side_suction_tcp' using a step of 0.002000 m and jump threshold 0.000000 (in global reference frame)
[move_group-3] [INFO] [1791532256.722201557] [moveit_move_group_default_capabilities.cartersian_path_service_capability]: Computed Cartesian path with 13 points (followed 100.000000% of requested trajectory)
[move_group-3] [INFO] [1791532256.741793783] [moveit_move_group_default_capabilities.cartersian_path_service_capability]: Received request to compute Cartesian path
[move_group-3] [INFO] [1791532256.741893152] [moveit_move_group_default_capabilities.cartersian_path_service_capability]: Attempting to follow 1 waypoints for link 'right_fr3_side_suction_tcp' using a step of 0.002000 m and jump threshold 0.000000 (in global reference frame)
[move_group-3] [INFO] [1791532256.743568235] [moveit_move_group_default_capabilities.cartersian_path_service_capability]: Computed Cartesian path with 14 points (followed 100.000000% of requested trajectory)
[move_group-3] [INFO] [1791532256.769766179] [moveit_move_group_default_capabilities.cartersian_path_service_capability]: Received request to compute Cartesian path
[move_group-3] [INFO] [1791532256.769836775] [moveit_move_group_default_capabilities.cartersian_path_service_capability]: Attempting to follow 1 waypoints for link 'right_fr3_side_suction_tcp' using a step of 0.002000 m and jump threshold 0.000000 (in global reference frame)
[move_group-3] [INFO] [1791532256.771522723] [moveit_move_group_default_capabilities.cartersian_path_service_capability]: Computed Cartesian path with 14 points (followed 100.000000% of requested trajectory)
[move_group-3] [INFO] [1791532256.790727662] [moveit_move_group_default_capabilities.cartersian_path_service_capability]: Received request to compute Cartesian path
[move_group-3] [INFO] [1791532256.790826646] [moveit_move_group_default_capabilities.cartersian_path_service_capability]: Attempting to follow 1 waypoints for link 'right_fr3_side_suction_tcp' using a step of 0.002000 m and jump threshold 0.000000 (in global reference frame)
[move_group-3] [INFO] [1791532256.792644975] [moveit_move_group_default_capabilities.cartersian_path_service_capability]: Computed Cartesian path with 14 points (followed 100.000000% of requested trajectory)
[move_group-3] [INFO] [1791532256.811262240] [moveit_move_group_default_capabilities.cartersian_path_service_capability]: Received request to compute Cartesian path
[move_group-3] [INFO] [1791532256.811338555] [moveit_move_group_default_capabilities.cartersian_path_service_capability]: Attempting to follow 1 waypoints for link 'right_fr3_side_suction_tcp' using a step of 0.002000 m and jump threshold 0.000000 (in global reference frame)
[move_group-3] [INFO] [1791532256.812968704] [moveit_move_group_default_capabilities.cartersian_path_service_capability]: Computed Cartesian path with 14 points (followed 100.000000% of requested trajectory)
[move_group-3] [INFO] [1791532256.840191784] [moveit_move_group_default_capabilities.cartersian_path_service_capability]: Received request to compute Cartesian path
[move_group-3] [INFO] [1791532256.840269868] [moveit_move_group_default_capabilities.cartersian_path_service_capability]: Attempting to follow 1 waypoints for link 'right_fr3_side_suction_tcp' using a step of 0.002000 m and jump threshold 0.000000 (in global reference frame)
[move_group-3] [INFO] [1791532256.841940424] [moveit_move_group_default_capabilities.cartersian_path_service_capability]: Computed Cartesian path with 14 points (followed 100.000000% of requested trajectory)
[move_group-3] [INFO] [1791532256.862714623] [moveit_move_group_default_capabilities.cartersian_path_service_capability]: Received request to compute Cartesian path
[move_group-3] [INFO] [1791532256.862793764] [moveit_move_group_default_capabilities.cartersian_path_service_capability]: Attempting to follow 1 waypoints for link 'right_fr3_side_suction_tcp' using a step of 0.002000 m and jump threshold 0.000000 (in global reference frame)
[move_group-3] [INFO] [1791532256.864511739] [moveit_move_group_default_capabilities.cartersian_path_service_capability]: Computed Cartesian path with 14 points (followed 100.000000% of requested trajectory)
[move_group-3] [INFO] [1791532256.884179848] [moveit_move_group_default_capabilities.cartersian_path_service_capability]: Received request to compute Cartesian path
[move_group-3] [INFO] [1791532256.884278589] [moveit_move_group_default_capabilities.cartersian_path_service_capability]: Attempting to follow 1 waypoints for link 'right_fr3_side_suction_tcp' using a step of 0.002000 m and jump threshold 0.000000 (in global reference frame)
[move_group-3] [INFO] [1791532256.885844185] [moveit_move_group_default_capabilities.cartersian_path_service_capability]: Computed Cartesian path with 14 points (followed 100.000000% of requested trajectory)
[move_group-3] [INFO] [1791532352.937852192] [moveit_move_group_default_capabilities.move_action_capability]: Received request
[move_group-3] [INFO] [1791532352.938082008] [moveit_move_group_default_capabilities.move_action_capability]: executing..
[move_group-3] [INFO] [1791532352.954310254] [moveit_move_group_default_capabilities.move_action_capability]: Planning request received for MoveGroup action. Forwarding to planning pipeline.
[move_group-3] [INFO] [1791532352.954802670] [moveit.ompl_planning.model_based_planning_context]: Planner configuration 'left_arm[RRTConnectkConfigDefault]' will use planner 'geometric::RRTConnect'. Additional configuration parameters will be set when the planner is constructed.
[move_group-3] [INFO] [1791532352.985185712] [moveit_move_group_default_capabilities.move_action_capability]: Motion plan was computed successfully.
[move_group-3] [INFO] [1791532352.986227401] [moveit_move_group_default_capabilities.move_action_capability]: Received request
[move_group-3] [INFO] [1791532352.986383430] [moveit_move_group_default_capabilities.move_action_capability]: executing..
[move_group-3] [INFO] [1791532353.004245829] [moveit_move_group_default_capabilities.move_action_capability]: Planning request received for MoveGroup action. Forwarding to planning pipeline.
[move_group-3] [INFO] [1791532353.004729954] [moveit.ompl_planning.model_based_planning_context]: Planner configuration 'left_arm[RRTConnectkConfigDefault]' will use planner 'geometric::RRTConnect'. Additional configuration parameters will be set when the planner is constructed.
[move_group-3] [INFO] [1791532353.040630779] [moveit_move_group_default_capabilities.move_action_capability]: Motion plan was computed successfully.
[move_group-3] [INFO] [1791532353.041987343] [moveit_move_group_default_capabilities.move_action_capability]: Received request
[move_group-3] [INFO] [1791532353.042118664] [moveit_move_group_default_capabilities.move_action_capability]: executing..
[move_group-3] [INFO] [1791532353.054919649] [moveit_move_group_default_capabilities.move_action_capability]: Planning request received for MoveGroup action. Forwarding to planning pipeline.
[move_group-3] [INFO] [1791532353.055356353] [moveit.ompl_planning.model_based_planning_context]: Planner configuration 'left_arm[RRTConnectkConfigDefault]' will use planner 'geometric::RRTConnect'. Additional configuration parameters will be set when the planner is constructed.
[move_group-3] [INFO] [1791532353.092131688] [moveit_move_group_default_capabilities.move_action_capability]: Motion plan was computed successfully.
[move_group-3] [INFO] [1791532353.093584208] [moveit_move_group_default_capabilities.move_action_capability]: Received request
[move_group-3] [INFO] [1791532353.093715117] [moveit_move_group_default_capabilities.move_action_capability]: executing..
[move_group-3] [INFO] [1791532353.104379069] [moveit_move_group_default_capabilities.move_action_capability]: Planning request received for MoveGroup action. Forwarding to planning pipeline.
[move_group-3] [INFO] [1791532353.104839813] [moveit.ompl_planning.model_based_planning_context]: Planner configuration 'left_arm[RRTConnectkConfigDefault]' will use planner 'geometric::RRTConnect'. Additional configuration parameters will be set when the planner is constructed.
[move_group-3] [INFO] [1791532353.145498691] [moveit_move_group_default_capabilities.move_action_capability]: Motion plan was computed successfully.
[move_group-3] [INFO] [1791532353.147342050] [moveit_move_group_default_capabilities.move_action_capability]: Received request
[move_group-3] [INFO] [1791532353.147485573] [moveit_move_group_default_capabilities.move_action_capability]: executing..
[move_group-3] [INFO] [1791532353.154735758] [moveit_move_group_default_capabilities.move_action_capability]: Planning request received for MoveGroup action. Forwarding to planning pipeline.
[move_group-3] [INFO] [1791532353.155162312] [moveit.ompl_planning.model_based_planning_context]: Planner configuration 'left_arm[RRTConnectkConfigDefault]' will use planner 'geometric::RRTConnect'. Additional configuration parameters will be set when the planner is constructed.
[move_group-3] [INFO] [1791532353.180599483] [moveit_move_group_default_capabilities.move_action_capability]: Motion plan was computed successfully.
[move_group-3] [INFO] [1791532353.181682264] [moveit_move_group_default_capabilities.move_action_capability]: Received request
[move_group-3] [INFO] [1791532353.181864523] [moveit_move_group_default_capabilities.move_action_capability]: executing..
[move_group-3] [INFO] [1791532353.204047206] [moveit_move_group_default_capabilities.move_action_capability]: Planning request received for MoveGroup action. Forwarding to planning pipeline.
[move_group-3] [INFO] [1791532353.204474045] [moveit.ompl_planning.model_based_planning_context]: Planner configuration 'left_arm[RRTConnectkConfigDefault]' will use planner 'geometric::RRTConnect'. Additional configuration parameters will be set when the planner is constructed.
[move_group-3] [INFO] [1791532353.243893352] [moveit_move_group_default_capabilities.move_action_capability]: Motion plan was computed successfully.
[move_group-3] [INFO] [1791532353.245573155] [moveit_move_group_default_capabilities.move_action_capability]: Received request
[move_group-3] [INFO] [1791532353.245739144] [moveit_move_group_default_capabilities.move_action_capability]: executing..
[move_group-3] [INFO] [1791532353.254907410] [moveit_move_group_default_capabilities.move_action_capability]: Planning request received for MoveGroup action. Forwarding to planning pipeline.
[move_group-3] [INFO] [1791532353.255394093] [moveit.ompl_planning.model_based_planning_context]: Planner configuration 'left_arm[RRTConnectkConfigDefault]' will use planner 'geometric::RRTConnect'. Additional configuration parameters will be set when the planner is constructed.
[move_group-3] [INFO] [1791532353.286080886] [moveit_move_group_default_capabilities.move_action_capability]: Motion plan was computed successfully.
[move_group-3] [INFO] [1791532353.286749238] [moveit_move_group_default_capabilities.move_action_capability]: Received request
[move_group-3] [INFO] [1791532353.286898204] [moveit_move_group_default_capabilities.move_action_capability]: executing..
[move_group-3] [INFO] [1791532353.304439078] [moveit_move_group_default_capabilities.move_action_capability]: Planning request received for MoveGroup action. Forwarding to planning pipeline.
[move_group-3] [INFO] [1791532353.304972656] [moveit.ompl_planning.model_based_planning_context]: Planner configuration 'left_arm[RRTConnectkConfigDefault]' will use planner 'geometric::RRTConnect'. Additional configuration parameters will be set when the planner is constructed.
[move_group-3] [INFO] [1791532353.338850400] [moveit_move_group_default_capabilities.move_action_capability]: Motion plan was computed successfully.
[move_group-3] [INFO] [1791532353.339614960] [moveit_move_group_default_capabilities.move_action_capability]: Received request
[move_group-3] [INFO] [1791532353.339805495] [moveit_move_group_default_capabilities.move_action_capability]: executing..
[move_group-3] [INFO] [1791532353.354494726] [moveit_move_group_default_capabilities.move_action_capability]: Planning request received for MoveGroup action. Forwarding to planning pipeline.
[move_group-3] [INFO] [1791532353.355046015] [moveit.ompl_planning.model_based_planning_context]: Planner configuration 'right_arm[RRTConnectkConfigDefault]' will use planner 'geometric::RRTConnect'. Additional configuration parameters will be set when the planner is constructed.
[move_group-3] [INFO] [1791532353.388861768] [moveit_move_group_default_capabilities.move_action_capability]: Motion plan was computed successfully.
[move_group-3] [INFO] [1791532353.390322804] [moveit_move_group_default_capabilities.move_action_capability]: Received request
[move_group-3] [INFO] [1791532353.390481816] [moveit_move_group_default_capabilities.move_action_capability]: executing..
[move_group-3] [INFO] [1791532353.404375050] [moveit_move_group_default_capabilities.move_action_capability]: Planning request received for MoveGroup action. Forwarding to planning pipeline.
[move_group-3] [INFO] [1791532353.404857445] [moveit.ompl_planning.model_based_planning_context]: Planner configuration 'right_arm[RRTConnectkConfigDefault]' will use planner 'geometric::RRTConnect'. Additional configuration parameters will be set when the planner is constructed.
[move_group-3] [INFO] [1791532353.434395758] [moveit_move_group_default_capabilities.move_action_capability]: Motion plan was computed successfully.
[move_group-3] [INFO] [1791532353.435748641] [moveit_move_group_default_capabilities.move_action_capability]: Received request
[move_group-3] [INFO] [1791532353.435871749] [moveit_move_group_default_capabilities.move_action_capability]: executing..
[move_group-3] [INFO] [1791532353.454053698] [moveit_move_group_default_capabilities.move_action_capability]: Planning request received for MoveGroup action. Forwarding to planning pipeline.
[move_group-3] [INFO] [1791532353.454543021] [moveit.ompl_planning.model_based_planning_context]: Planner configuration 'right_arm[RRTConnectkConfigDefault]' will use planner 'geometric::RRTConnect'. Additional configuration parameters will be set when the planner is constructed.
[move_group-3] [INFO] [1791532353.485981079] [moveit_move_group_default_capabilities.move_action_capability]: Motion plan was computed successfully.
[move_group-3] [INFO] [1791532353.487407708] [moveit_move_group_default_capabilities.move_action_capability]: Received request
[move_group-3] [INFO] [1791532353.487563273] [moveit_move_group_default_capabilities.move_action_capability]: executing..
[move_group-3] [INFO] [1791532353.504916610] [moveit_move_group_default_capabilities.move_action_capability]: Planning request received for MoveGroup action. Forwarding to planning pipeline.
[move_group-3] [INFO] [1791532353.505412949] [moveit.ompl_planning.model_based_planning_context]: Planner configuration 'right_arm[RRTConnectkConfigDefault]' will use planner 'geometric::RRTConnect'. Additional configuration parameters will be set when the planner is constructed.
[move_group-3] [INFO] [1791532353.560551996] [moveit_move_group_default_capabilities.move_action_capability]: Motion plan was computed successfully.
[move_group-3] [INFO] [1791532353.561326139] [moveit_move_group_default_capabilities.move_action_capability]: Received request
[move_group-3] [INFO] [1791532353.561461495] [moveit_move_group_default_capabilities.move_action_capability]: executing..
[move_group-3] [INFO] [1791532353.566559906] [moveit_move_group_default_capabilities.move_action_capability]: Planning request received for MoveGroup action. Forwarding to planning pipeline.
[move_group-3] [INFO] [1791532353.567019699] [moveit.ompl_planning.model_based_planning_context]: Planner configuration 'right_arm[RRTConnectkConfigDefault]' will use planner 'geometric::RRTConnect'. Additional configuration parameters will be set when the planner is constructed.
[move_group-3] [INFO] [1791532353.609200128] [moveit_move_group_default_capabilities.move_action_capability]: Motion plan was computed successfully.
[move_group-3] [INFO] [1791532353.609820668] [moveit_move_group_default_capabilities.move_action_capability]: Received request
[move_group-3] [INFO] [1791532353.609978808] [moveit_move_group_default_capabilities.move_action_capability]: executing..
[move_group-3] [INFO] [1791532353.616406896] [moveit_move_group_default_capabilities.move_action_capability]: Planning request received for MoveGroup action. Forwarding to planning pipeline.
[move_group-3] [INFO] [1791532353.616912439] [moveit.ompl_planning.model_based_planning_context]: Planner configuration 'right_arm[RRTConnectkConfigDefault]' will use planner 'geometric::RRTConnect'. Additional configuration parameters will be set when the planner is constructed.
[move_group-3] [INFO] [1791532353.647369282] [moveit_move_group_default_capabilities.move_action_capability]: Motion plan was computed successfully.
[move_group-3] [INFO] [1791532353.649165212] [moveit_move_group_default_capabilities.move_action_capability]: Received request
[move_group-3] [INFO] [1791532353.649318153] [moveit_move_group_default_capabilities.move_action_capability]: executing..
[move_group-3] [INFO] [1791532353.655045226] [moveit_move_group_default_capabilities.move_action_capability]: Planning request received for MoveGroup action. Forwarding to planning pipeline.
[move_group-3] [INFO] [1791532353.655492676] [moveit.ompl_planning.model_based_planning_context]: Planner configuration 'right_arm[RRTConnectkConfigDefault]' will use planner 'geometric::RRTConnect'. Additional configuration parameters will be set when the planner is constructed.
[move_group-3] [INFO] [1791532353.702471130] [moveit_move_group_default_capabilities.move_action_capability]: Motion plan was computed successfully.
[move_group-3] [INFO] [1791532353.703977849] [moveit_move_group_default_capabilities.move_action_capability]: Received request
[move_group-3] [INFO] [1791532353.704158283] [moveit_move_group_default_capabilities.move_action_capability]: executing..
[move_group-3] [INFO] [1791532353.704686504] [moveit_move_group_default_capabilities.move_action_capability]: Planning request received for MoveGroup action. Forwarding to planning pipeline.
[move_group-3] [INFO] [1791532353.705117449] [moveit.ompl_planning.model_based_planning_context]: Planner configuration 'right_arm[RRTConnectkConfigDefault]' will use planner 'geometric::RRTConnect'. Additional configuration parameters will be set when the planner is constructed.
[move_group-3] [INFO] [1791532353.739837572] [moveit_move_group_default_capabilities.move_action_capability]: Motion plan was computed successfully.
[move_group-3] [INFO] [1791532354.030408677] [moveit_move_group_default_capabilities.cartersian_path_service_capability]: Received request to compute Cartesian path
[move_group-3] [INFO] [1791532354.030484231] [moveit_move_group_default_capabilities.cartersian_path_service_capability]: Attempting to follow 1 waypoints for link 'left_fr3_side_suction_tcp' using a step of 0.002000 m and jump threshold 0.000000 (in global reference frame)
[move_group-3] [INFO] [1791532354.054185718] [moveit_move_group_default_capabilities.cartersian_path_service_capability]: Computed Cartesian path with 142 points (followed 100.000000% of requested trajectory)
[move_group-3] [INFO] [1791532354.066815712] [moveit_move_group_default_capabilities.cartersian_path_service_capability]: Received request to compute Cartesian path
[move_group-3] [INFO] [1791532354.066908054] [moveit_move_group_default_capabilities.cartersian_path_service_capability]: Attempting to follow 1 waypoints for link 'left_fr3_side_suction_tcp' using a step of 0.002000 m and jump threshold 0.000000 (in global reference frame)
[move_group-3] [INFO] [1791532354.076386188] [moveit_move_group_default_capabilities.cartersian_path_service_capability]: Computed Cartesian path with 52 points (followed 100.000000% of requested trajectory)
[move_group-3] [INFO] [1791532395.652145611] [moveit_move_group_default_capabilities.move_action_capability]: Received request
[move_group-3] [INFO] [1791532395.652312606] [moveit_move_group_default_capabilities.move_action_capability]: executing..
[move_group-3] [INFO] [1791532395.667038055] [moveit_move_group_default_capabilities.move_action_capability]: Planning request received for MoveGroup action. Forwarding to planning pipeline.
[move_group-3] [INFO] [1791532395.667603062] [moveit.ompl_planning.model_based_planning_context]: Planner configuration 'right_arm[RRTConnectkConfigDefault]' will use planner 'geometric::RRTConnect'. Additional configuration parameters will be set when the planner is constructed.
[move_group-3] [INFO] [1791532395.695135243] [moveit_move_group_default_capabilities.move_action_capability]: Motion plan was computed successfully.
[move_group-3] [INFO] [1791532395.696882441] [moveit_move_group_default_capabilities.move_action_capability]: Received request
[move_group-3] [INFO] [1791532395.696955494] [moveit_move_group_default_capabilities.move_action_capability]: executing..
[move_group-3] [INFO] [1791532395.716109111] [moveit_move_group_default_capabilities.move_action_capability]: Planning request received for MoveGroup action. Forwarding to planning pipeline.
[move_group-3] [INFO] [1791532395.716575277] [moveit.ompl_planning.model_based_planning_context]: Planner configuration 'right_arm[RRTConnectkConfigDefault]' will use planner 'geometric::RRTConnect'. Additional configuration parameters will be set when the planner is constructed.
[move_group-3] [INFO] [1791532395.762979496] [moveit_move_group_default_capabilities.move_action_capability]: Motion plan was computed successfully.
[move_group-3] [INFO] [1791532395.764219229] [moveit_move_group_default_capabilities.move_action_capability]: Received request
[move_group-3] [INFO] [1791532395.764328443] [moveit_move_group_default_capabilities.move_action_capability]: executing..
[move_group-3] [INFO] [1791532395.783695441] [moveit_move_group_default_capabilities.move_action_capability]: Planning request received for MoveGroup action. Forwarding to planning pipeline.
[move_group-3] [INFO] [1791532395.784159221] [moveit.ompl_planning.model_based_planning_context]: Planner configuration 'right_arm[RRTConnectkConfigDefault]' will use planner 'geometric::RRTConnect'. Additional configuration parameters will be set when the planner is constructed.
[move_group-3] [INFO] [1791532395.832307597] [moveit_move_group_default_capabilities.move_action_capability]: Motion plan was computed successfully.
[move_group-3] [INFO] [1791532395.834638090] [moveit_move_group_default_capabilities.move_action_capability]: Received request
[move_group-3] [INFO] [1791532395.834817178] [moveit_move_group_default_capabilities.move_action_capability]: executing..
[move_group-3] [INFO] [1791532395.851199205] [moveit_move_group_default_capabilities.move_action_capability]: Planning request received for MoveGroup action. Forwarding to planning pipeline.
[move_group-3] [INFO] [1791532395.851650800] [moveit.ompl_planning.model_based_planning_context]: Planner configuration 'right_arm[RRTConnectkConfigDefault]' will use planner 'geometric::RRTConnect'. Additional configuration parameters will be set when the planner is constructed.
[move_group-3] [INFO] [1791532395.884165242] [moveit_move_group_default_capabilities.move_action_capability]: Motion plan was computed successfully.
[move_group-3] [INFO] [1791532395.886075321] [moveit_move_group_default_capabilities.move_action_capability]: Received request
[move_group-3] [INFO] [1791532395.886170118] [moveit_move_group_default_capabilities.move_action_capability]: executing..
[move_group-3] [INFO] [1791532395.892059318] [moveit_move_group_default_capabilities.move_action_capability]: Planning request received for MoveGroup action. Forwarding to planning pipeline.
[move_group-3] [INFO] [1791532395.892507181] [moveit.ompl_planning.model_based_planning_context]: Planner configuration 'right_arm[RRTConnectkConfigDefault]' will use planner 'geometric::RRTConnect'. Additional configuration parameters will be set when the planner is constructed.
[move_group-3] [INFO] [1791532395.935877059] [moveit_move_group_default_capabilities.move_action_capability]: Motion plan was computed successfully.
[move_group-3] [INFO] [1791532395.937830141] [moveit_move_group_default_capabilities.move_action_capability]: Received request
[move_group-3] [INFO] [1791532395.937946936] [moveit_move_group_default_capabilities.move_action_capability]: executing..
[move_group-3] [INFO] [1791532395.942361480] [moveit_move_group_default_capabilities.move_action_capability]: Planning request received for MoveGroup action. Forwarding to planning pipeline.
[move_group-3] [INFO] [1791532395.942914998] [moveit.ompl_planning.model_based_planning_context]: Planner configuration 'right_arm[RRTConnectkConfigDefault]' will use planner 'geometric::RRTConnect'. Additional configuration parameters will be set when the planner is constructed.
[move_group-3] [INFO] [1791532395.983321319] [moveit_move_group_default_capabilities.move_action_capability]: Motion plan was computed successfully.
[move_group-3] [INFO] [1791532395.984105383] [moveit_move_group_default_capabilities.move_action_capability]: Received request
[move_group-3] [INFO] [1791532395.984200484] [moveit_move_group_default_capabilities.move_action_capability]: executing..
[move_group-3] [INFO] [1791532395.991108200] [moveit_move_group_default_capabilities.move_action_capability]: Planning request received for MoveGroup action. Forwarding to planning pipeline.
[move_group-3] [INFO] [1791532395.991692432] [moveit.ompl_planning.model_based_planning_context]: Planner configuration 'right_arm[RRTConnectkConfigDefault]' will use planner 'geometric::RRTConnect'. Additional configuration parameters will be set when the planner is constructed.
[move_group-3] [INFO] [1791532396.030449984] [moveit_move_group_default_capabilities.move_action_capability]: Motion plan was computed successfully.
[move_group-3] [INFO] [1791532396.031717682] [moveit_move_group_default_capabilities.move_action_capability]: Received request
[move_group-3] [INFO] [1791532396.031806640] [moveit_move_group_default_capabilities.move_action_capability]: executing..
[move_group-3] [INFO] [1791532396.058735317] [moveit_move_group_default_capabilities.move_action_capability]: Planning request received for MoveGroup action. Forwarding to planning pipeline.
[move_group-3] [INFO] [1791532396.059323992] [moveit.ompl_planning.model_based_planning_context]: Planner configuration 'right_arm[RRTConnectkConfigDefault]' will use planner 'geometric::RRTConnect'. Additional configuration parameters will be set when the planner is constructed.
[move_group-3] [INFO] [1791532396.100767697] [moveit_move_group_default_capabilities.move_action_capability]: Motion plan was computed successfully.
[move_group-3] [INFO] [1791532396.101900986] [moveit_move_group_default_capabilities.move_action_capability]: Received request
[move_group-3] [INFO] [1791532396.101992621] [moveit_move_group_default_capabilities.move_action_capability]: executing..
[move_group-3] [INFO] [1791532396.126243423] [moveit_move_group_default_capabilities.move_action_capability]: Planning request received for MoveGroup action. Forwarding to planning pipeline.
[move_group-3] [INFO] [1791532396.126713263] [moveit.ompl_planning.model_based_planning_context]: Planner configuration 'right_arm[RRTConnectkConfigDefault]' will use planner 'geometric::RRTConnect'. Additional configuration parameters will be set when the planner is constructed.
[move_group-3] [INFO] [1791532396.153208455] [moveit_move_group_default_capabilities.move_action_capability]: Motion plan was computed successfully.
[move_group-3] [INFO] [1791532396.153950927] [moveit_move_group_default_capabilities.move_action_capability]: Received request
[move_group-3] [INFO] [1791532396.154032173] [moveit_move_group_default_capabilities.move_action_capability]: executing..
[move_group-3] [INFO] [1791532396.166571241] [moveit_move_group_default_capabilities.move_action_capability]: Planning request received for MoveGroup action. Forwarding to planning pipeline.
[move_group-3] [INFO] [1791532396.167001640] [moveit.ompl_planning.model_based_planning_context]: Planner configuration 'right_arm[RRTConnectkConfigDefault]' will use planner 'geometric::RRTConnect'. Additional configuration parameters will be set when the planner is constructed.
[move_group-3] [INFO] [1791532396.214894416] [moveit_move_group_default_capabilities.move_action_capability]: Motion plan was computed successfully.
[move_group-3] [INFO] [1791532396.215720053] [moveit_move_group_default_capabilities.move_action_capability]: Received request
[move_group-3] [INFO] [1791532396.215838752] [moveit_move_group_default_capabilities.move_action_capability]: executing..
[move_group-3] [INFO] [1791532396.237130492] [moveit_move_group_default_capabilities.move_action_capability]: Planning request received for MoveGroup action. Forwarding to planning pipeline.
[move_group-3] [INFO] [1791532396.237600010] [moveit.ompl_planning.model_based_planning_context]: Planner configuration 'right_arm[RRTConnectkConfigDefault]' will use planner 'geometric::RRTConnect'. Additional configuration parameters will be set when the planner is constructed.
[move_group-3] [INFO] [1791532396.281545605] [moveit_move_group_default_capabilities.move_action_capability]: Motion plan was computed successfully.
[move_group-3] [INFO] [1791532396.284487420] [moveit_move_group_default_capabilities.move_action_capability]: Received request
[move_group-3] [INFO] [1791532396.284575753] [moveit_move_group_default_capabilities.move_action_capability]: executing..
[move_group-3] [INFO] [1791532396.287170521] [moveit_move_group_default_capabilities.move_action_capability]: Planning request received for MoveGroup action. Forwarding to planning pipeline.
[move_group-3] [INFO] [1791532396.287646354] [moveit.ompl_planning.model_based_planning_context]: Planner configuration 'right_arm[RRTConnectkConfigDefault]' will use planner 'geometric::RRTConnect'. Additional configuration parameters will be set when the planner is constructed.
[move_group-3] [INFO] [1791532396.332330976] [moveit_move_group_default_capabilities.move_action_capability]: Motion plan was computed successfully.
[move_group-3] [INFO] [1791532396.333970174] [moveit_move_group_default_capabilities.move_action_capability]: Received request
[move_group-3] [INFO] [1791532396.334104513] [moveit_move_group_default_capabilities.move_action_capability]: executing..
[move_group-3] [INFO] [1791532396.335643895] [moveit_move_group_default_capabilities.move_action_capability]: Planning request received for MoveGroup action. Forwarding to planning pipeline.
[move_group-3] [INFO] [1791532396.336100785] [moveit.ompl_planning.model_based_planning_context]: Planner configuration 'right_arm[RRTConnectkConfigDefault]' will use planner 'geometric::RRTConnect'. Additional configuration parameters will be set when the planner is constructed.
[move_group-3] [INFO] [1791532396.384741058] [moveit_move_group_default_capabilities.move_action_capability]: Motion plan was computed successfully.
[move_group-3] [INFO] [1791532396.386623371] [moveit_move_group_default_capabilities.move_action_capability]: Received request
[move_group-3] [INFO] [1791532396.386743918] [moveit_move_group_default_capabilities.move_action_capability]: executing..
[move_group-3] [INFO] [1791532396.404591754] [moveit_move_group_default_capabilities.move_action_capability]: Planning request received for MoveGroup action. Forwarding to planning pipeline.
[move_group-3] [INFO] [1791532396.405048356] [moveit.ompl_planning.model_based_planning_context]: Planner configuration 'right_arm[RRTConnectkConfigDefault]' will use planner 'geometric::RRTConnect'. Additional configuration parameters will be set when the planner is constructed.
[move_group-3] [ERROR] [1791532396.466815689] [moveit.ros_planning.planning_pipeline]: Computed path is not valid. Invalid states at index locations: [ 98 99 ] out of 109. Explanations follow in command line. Contacts are published on /display_contacts
[move_group-3] [INFO] [1791532396.466872816] [moveit_collision_detection_fcl.collision_common]: Found a contact between 'task26_cube_2' (type 'Object') and 'right_fr3_side_suction' (type 'Robot link'), which constitutes a collision. Contact information is not stored.
[move_group-3] [INFO] [1791532396.466880765] [moveit_collision_detection_fcl.collision_common]: Collision checking is considered complete (collision was found and 0 contacts are stored)
[move_group-3] [INFO] [1791532396.467068808] [moveit_collision_detection_fcl.collision_common]: Found a contact between 'task26_cube_2' (type 'Object') and 'right_fr3_side_suction' (type 'Robot link'), which constitutes a collision. Contact information is not stored.
[move_group-3] [INFO] [1791532396.467075761] [moveit_collision_detection_fcl.collision_common]: Collision checking is considered complete (collision was found and 0 contacts are stored)
[move_group-3] [ERROR] [1791532396.467141583] [moveit.ros_planning.planning_pipeline]: Completed listing of explanations for invalid states.
[move_group-3] [INFO] [1791532396.467311320] [moveit_move_group_default_capabilities.move_action_capability]: Motion plan was found but it seems to be invalid (possibly due to postprocessing). Not executing.
[move_group-3] [INFO] [1791532396.468442355] [moveit_move_group_default_capabilities.move_action_capability]: Received request
[move_group-3] [INFO] [1791532396.468547609] [moveit_move_group_default_capabilities.move_action_capability]: executing..
[move_group-3] [INFO] [1791532396.472996024] [moveit_move_group_default_capabilities.move_action_capability]: Planning request received for MoveGroup action. Forwarding to planning pipeline.
[move_group-3] [INFO] [1791532396.473446922] [moveit.ompl_planning.model_based_planning_context]: Planner configuration 'right_arm[RRTConnectkConfigDefault]' will use planner 'geometric::RRTConnect'. Additional configuration parameters will be set when the planner is constructed.
[move_group-3] [ERROR] [1791532396.527575612] [moveit.ros_planning.planning_pipeline]: Computed path is not valid. Invalid states at index locations: [ 40 ] out of 48. Explanations follow in command line. Contacts are published on /display_contacts
[move_group-3] [INFO] [1791532396.527622240] [moveit_collision_detection_fcl.collision_common]: Found a contact between 'task26_cube_2' (type 'Object') and 'right_fr3_side_suction' (type 'Robot link'), which constitutes a collision. Contact information is not stored.
[move_group-3] [INFO] [1791532396.527628620] [moveit_collision_detection_fcl.collision_common]: Collision checking is considered complete (collision was found and 0 contacts are stored)
[move_group-3] [ERROR] [1791532396.527749807] [moveit.ros_planning.planning_pipeline]: Completed listing of explanations for invalid states.
[move_group-3] [INFO] [1791532396.527868107] [moveit_move_group_default_capabilities.move_action_capability]: Motion plan was found but it seems to be invalid (possibly due to postprocessing). Not executing.
[move_group-3] [INFO] [1791532396.529577924] [moveit_move_group_default_capabilities.move_action_capability]: Received request
[move_group-3] [INFO] [1791532396.529714488] [moveit_move_group_default_capabilities.move_action_capability]: executing..
[move_group-3] [INFO] [1791532396.543979214] [moveit_move_group_default_capabilities.move_action_capability]: Planning request received for MoveGroup action. Forwarding to planning pipeline.
[move_group-3] [INFO] [1791532396.544620083] [moveit.ompl_planning.model_based_planning_context]: Planner configuration 'right_arm[RRTConnectkConfigDefault]' will use planner 'geometric::RRTConnect'. Additional configuration parameters will be set when the planner is constructed.
[move_group-3] [INFO] [1791532396.604627827] [moveit_move_group_default_capabilities.move_action_capability]: Motion plan was computed successfully.
[move_group-3] [INFO] [1791532396.605932573] [moveit_move_group_default_capabilities.move_action_capability]: Received request
[move_group-3] [INFO] [1791532396.606024811] [moveit_move_group_default_capabilities.move_action_capability]: executing..
[move_group-3] [INFO] [1791532396.613659144] [moveit_move_group_default_capabilities.move_action_capability]: Planning request received for MoveGroup action. Forwarding to planning pipeline.
[move_group-3] [INFO] [1791532396.614128493] [moveit.ompl_planning.model_based_planning_context]: Planner configuration 'right_arm[RRTConnectkConfigDefault]' will use planner 'geometric::RRTConnect'. Additional configuration parameters will be set when the planner is constructed.
[move_group-3] [INFO] [1791532396.664852405] [moveit_move_group_default_capabilities.move_action_capability]: Motion plan was computed successfully.
[move_group-3] [INFO] [1791532396.666017807] [moveit_move_group_default_capabilities.move_action_capability]: Received request
[move_group-3] [INFO] [1791532396.666102929] [moveit_move_group_default_capabilities.move_action_capability]: executing..
[move_group-3] [INFO] [1791532396.682113795] [moveit_move_group_default_capabilities.move_action_capability]: Planning request received for MoveGroup action. Forwarding to planning pipeline.
[move_group-3] [INFO] [1791532396.682593518] [moveit.ompl_planning.model_based_planning_context]: Planner configuration 'right_arm[RRTConnectkConfigDefault]' will use planner 'geometric::RRTConnect'. Additional configuration parameters will be set when the planner is constructed.
[move_group-3] [INFO] [1791532396.723236256] [moveit_move_group_default_capabilities.move_action_capability]: Motion plan was computed successfully.
[move_group-3] [INFO] [1791532396.724126587] [moveit_move_group_default_capabilities.move_action_capability]: Received request
[move_group-3] [INFO] [1791532396.724234681] [moveit_move_group_default_capabilities.move_action_capability]: executing..
[move_group-3] [INFO] [1791532396.724652588] [moveit_move_group_default_capabilities.move_action_capability]: Planning request received for MoveGroup action. Forwarding to planning pipeline.
[move_group-3] [INFO] [1791532396.725171423] [moveit.ompl_planning.model_based_planning_context]: Planner configuration 'right_arm[RRTConnectkConfigDefault]' will use planner 'geometric::RRTConnect'. Additional configuration parameters will be set when the planner is constructed.
[move_group-3] [INFO] [1791532396.789737528] [moveit_move_group_default_capabilities.move_action_capability]: Motion plan was computed successfully.
[move_group-3] [INFO] [1791532396.791444235] [moveit_move_group_default_capabilities.move_action_capability]: Received request
[move_group-3] [INFO] [1791532396.791538920] [moveit_move_group_default_capabilities.move_action_capability]: executing..
[move_group-3] [INFO] [1791532396.797059641] [moveit_move_group_default_capabilities.move_action_capability]: Planning request received for MoveGroup action. Forwarding to planning pipeline.
[move_group-3] [INFO] [1791532396.797496989] [moveit.ompl_planning.model_based_planning_context]: Planner configuration 'right_arm[RRTConnectkConfigDefault]' will use planner 'geometric::RRTConnect'. Additional configuration parameters will be set when the planner is constructed.
[move_group-3] [INFO] [1791532396.858718609] [moveit_move_group_default_capabilities.move_action_capability]: Motion plan was computed successfully.
[move_group-3] [INFO] [1791532396.859517661] [moveit_move_group_default_capabilities.move_action_capability]: Received request
[move_group-3] [INFO] [1791532396.859610291] [moveit_move_group_default_capabilities.move_action_capability]: executing..
[move_group-3] [INFO] [1791532396.868120032] [moveit_move_group_default_capabilities.move_action_capability]: Planning request received for MoveGroup action. Forwarding to planning pipeline.
[move_group-3] [INFO] [1791532396.868559187] [moveit.ompl_planning.model_based_planning_context]: Planner configuration 'right_arm[RRTConnectkConfigDefault]' will use planner 'geometric::RRTConnect'. Additional configuration parameters will be set when the planner is constructed.
[move_group-3] [INFO] [1791532396.951306065] [moveit_move_group_default_capabilities.move_action_capability]: Motion plan was computed successfully.
[move_group-3] [INFO] [1791532396.952818118] [moveit_move_group_default_capabilities.move_action_capability]: Received request
[move_group-3] [INFO] [1791532396.952904582] [moveit_move_group_default_capabilities.move_action_capability]: executing..
[move_group-3] [INFO] [1791532396.969751462] [moveit_move_group_default_capabilities.move_action_capability]: Planning request received for MoveGroup action. Forwarding to planning pipeline.
[move_group-3] [INFO] [1791532396.970216803] [moveit.ompl_planning.model_based_planning_context]: Planner configuration 'right_arm[RRTConnectkConfigDefault]' will use planner 'geometric::RRTConnect'. Additional configuration parameters will be set when the planner is constructed.
[move_group-3] [INFO] [1791532397.047226008] [moveit_move_group_default_capabilities.move_action_capability]: Motion plan was computed successfully.
[move_group-3] [INFO] [1791532397.048267791] [moveit_move_group_default_capabilities.move_action_capability]: Received request
[move_group-3] [INFO] [1791532397.048362521] [moveit_move_group_default_capabilities.move_action_capability]: executing..
[move_group-3] [INFO] [1791532397.067642431] [moveit_move_group_default_capabilities.move_action_capability]: Planning request received for MoveGroup action. Forwarding to planning pipeline.
[move_group-3] [INFO] [1791532397.068086378] [moveit.ompl_planning.model_based_planning_context]: Planner configuration 'right_arm[RRTConnectkConfigDefault]' will use planner 'geometric::RRTConnect'. Additional configuration parameters will be set when the planner is constructed.
[move_group-3] [INFO] [1791532397.115035031] [moveit_move_group_default_capabilities.move_action_capability]: Motion plan was computed successfully.
[move_group-3] [INFO] [1791532397.116242750] [moveit_move_group_default_capabilities.move_action_capability]: Received request
[move_group-3] [INFO] [1791532397.116317105] [moveit_move_group_default_capabilities.move_action_capability]: executing..
[move_group-3] [INFO] [1791532397.134557847] [moveit_move_group_default_capabilities.move_action_capability]: Planning request received for MoveGroup action. Forwarding to planning pipeline.
[move_group-3] [INFO] [1791532397.135044942] [moveit.ompl_planning.model_based_planning_context]: Planner configuration 'right_arm[RRTConnectkConfigDefault]' will use planner 'geometric::RRTConnect'. Additional configuration parameters will be set when the planner is constructed.
[move_group-3] [INFO] [1791532397.181666361] [moveit_move_group_default_capabilities.move_action_capability]: Motion plan was computed successfully.
[move_group-3] [INFO] [1791532397.446090222] [moveit_move_group_default_capabilities.cartersian_path_service_capability]: Received request to compute Cartesian path
[move_group-3] [INFO] [1791532397.446190414] [moveit_move_group_default_capabilities.cartersian_path_service_capability]: Attempting to follow 1 waypoints for link 'right_fr3_side_suction_tcp' using a step of 0.002000 m and jump threshold 0.000000 (in global reference frame)
[move_group-3] [INFO] [1791532397.450085286] [moveit_move_group_default_capabilities.cartersian_path_service_capability]: Computed Cartesian path with 22 points (followed 100.000000% of requested trajectory)
[move_group-3] [INFO] [1791532397.465152304] [moveit_move_group_default_capabilities.cartersian_path_service_capability]: Received request to compute Cartesian path
[move_group-3] [INFO] [1791532397.465238621] [moveit_move_group_default_capabilities.cartersian_path_service_capability]: Attempting to follow 1 waypoints for link 'left_fr3_side_suction_tcp' using a step of 0.002000 m and jump threshold 0.000000 (in global reference frame)
[move_group-3] [INFO] [1791532397.498059081] [moveit_move_group_default_capabilities.cartersian_path_service_capability]: Computed Cartesian path with 141 points (followed 100.000000% of requested trajectory)
[move_group-3] [INFO] [1791532397.510924341] [moveit_move_group_default_capabilities.cartersian_path_service_capability]: Received request to compute Cartesian path
[move_group-3] [INFO] [1791532397.510984168] [moveit_move_group_default_capabilities.cartersian_path_service_capability]: Attempting to follow 1 waypoints for link 'right_fr3_side_suction_tcp' using a step of 0.002000 m and jump threshold 0.000000 (in global reference frame)
[move_group-3] [INFO] [1791532397.533775969] [moveit_move_group_default_capabilities.cartersian_path_service_capability]: Computed Cartesian path with 141 points (followed 100.000000% of requested trajectory)
[move_group-3] [INFO] [1791532397.549818471] [moveit_move_group_default_capabilities.cartersian_path_service_capability]: Received request to compute Cartesian path
[move_group-3] [INFO] [1791532397.549915548] [moveit_move_group_default_capabilities.cartersian_path_service_capability]: Attempting to follow 1 waypoints for link 'left_fr3_side_suction_tcp' using a step of 0.002000 m and jump threshold 0.000000 (in global reference frame)
[move_group-3] [INFO] [1791532397.688830650] [moveit_move_group_default_capabilities.cartersian_path_service_capability]: Computed Cartesian path with 212 points (followed 100.000000% of requested trajectory)
[move_group-3] [INFO] [1791532397.708263015] [moveit_move_group_default_capabilities.cartersian_path_service_capability]: Received request to compute Cartesian path
[move_group-3] [INFO] [1791532397.708322132] [moveit_move_group_default_capabilities.cartersian_path_service_capability]: Attempting to follow 1 waypoints for link 'right_fr3_side_suction_tcp' using a step of 0.002000 m and jump threshold 0.000000 (in global reference frame)
[move_group-3] [INFO] [1791532397.817976450] [moveit_move_group_default_capabilities.cartersian_path_service_capability]: Computed Cartesian path with 212 points (followed 100.000000% of requested trajectory)
[move_group-3] [INFO] [1791532397.838079857] [moveit_move_group_default_capabilities.cartersian_path_service_capability]: Received request to compute Cartesian path
[move_group-3] [INFO] [1791532397.838208387] [moveit_move_group_default_capabilities.cartersian_path_service_capability]: Attempting to follow 1 waypoints for link 'left_fr3_side_suction_tcp' using a step of 0.002000 m and jump threshold 0.000000 (in global reference frame)
[move_group-3] [INFO] [1791532397.842086841] [moveit_move_group_default_capabilities.cartersian_path_service_capability]: Computed Cartesian path with 32 points (followed 100.000000% of requested trajectory)
[move_group-3] [INFO] [1791532397.857645169] [moveit_move_group_default_capabilities.cartersian_path_service_capability]: Received request to compute Cartesian path
[move_group-3] [INFO] [1791532397.857732787] [moveit_move_group_default_capabilities.cartersian_path_service_capability]: Attempting to follow 1 waypoints for link 'right_fr3_side_suction_tcp' using a step of 0.002000 m and jump threshold 0.000000 (in global reference frame)
[move_group-3] [INFO] [1791532397.861261641] [moveit_move_group_default_capabilities.cartersian_path_service_capability]: Computed Cartesian path with 32 points (followed 100.000000% of requested trajectory)
[move_group-3] [INFO] [1791532397.877282491] [moveit_move_group_default_capabilities.cartersian_path_service_capability]: Received request to compute Cartesian path
[move_group-3] [INFO] [1791532397.877404417] [moveit_move_group_default_capabilities.cartersian_path_service_capability]: Attempting to follow 1 waypoints for link 'left_fr3_side_suction_tcp' using a step of 0.002000 m and jump threshold 0.000000 (in global reference frame)
[move_group-3] [INFO] [1791532397.895875397] [moveit_move_group_default_capabilities.cartersian_path_service_capability]: Computed Cartesian path with 132 points (followed 100.000000% of requested trajectory)
[move_group-3] [INFO] [1791532397.903511415] [moveit_move_group_default_capabilities.cartersian_path_service_capability]: Received request to compute Cartesian path
[move_group-3] [INFO] [1791532397.903649297] [moveit_move_group_default_capabilities.cartersian_path_service_capability]: Attempting to follow 1 waypoints for link 'right_fr3_side_suction_tcp' using a step of 0.002000 m and jump threshold 0.000000 (in global reference frame)
[move_group-3] [INFO] [1791532397.932321253] [moveit_move_group_default_capabilities.cartersian_path_service_capability]: Computed Cartesian path with 132 points (followed 100.000000% of requested trajectory)
[move_group-3] [INFO] [1791532397.971767753] [moveit_move_group_default_capabilities.cartersian_path_service_capability]: Received request to compute Cartesian path
[move_group-3] [INFO] [1791532397.971832086] [moveit_move_group_default_capabilities.cartersian_path_service_capability]: Attempting to follow 1 waypoints for link 'left_fr3_side_suction_tcp' using a step of 0.002000 m and jump threshold 0.000000 (in global reference frame)
[move_group-3] [INFO] [1791532397.973054010] [moveit_move_group_default_capabilities.cartersian_path_service_capability]: Computed Cartesian path with 12 points (followed 100.000000% of requested trajectory)
[move_group-3] [INFO] [1791532397.991789824] [moveit_move_group_default_capabilities.cartersian_path_service_capability]: Received request to compute Cartesian path
[move_group-3] [INFO] [1791532397.991918479] [moveit_move_group_default_capabilities.cartersian_path_service_capability]: Attempting to follow 1 waypoints for link 'right_fr3_side_suction_tcp' using a step of 0.002000 m and jump threshold 0.000000 (in global reference frame)
[move_group-3] [INFO] [1791532397.993287946] [moveit_move_group_default_capabilities.cartersian_path_service_capability]: Computed Cartesian path with 11 points (followed 100.000000% of requested trajectory)
[move_group-3] [INFO] [1791532398.011950992] [moveit_move_group_default_capabilities.cartersian_path_service_capability]: Received request to compute Cartesian path
[move_group-3] [INFO] [1791532398.012062260] [moveit_move_group_default_capabilities.cartersian_path_service_capability]: Attempting to follow 1 waypoints for link 'left_fr3_side_suction_tcp' using a step of 0.002000 m and jump threshold 0.000000 (in global reference frame)
[move_group-3] [INFO] [1791532398.064906793] [moveit_move_group_default_capabilities.cartersian_path_service_capability]: Computed Cartesian path with 220 points (followed 100.000000% of requested trajectory)
[move_group-3] [INFO] [1791532398.078572297] [moveit_move_group_default_capabilities.cartersian_path_service_capability]: Received request to compute Cartesian path
[move_group-3] [INFO] [1791532398.078666441] [moveit_move_group_default_capabilities.cartersian_path_service_capability]: Attempting to follow 1 waypoints for link 'right_fr3_side_suction_tcp' using a step of 0.002000 m and jump threshold 0.000000 (in global reference frame)
[move_group-3] [INFO] [1791532398.099838313] [moveit_move_group_default_capabilities.cartersian_path_service_capability]: Computed Cartesian path with 141 points (followed 100.000000% of requested trajectory)
[move_group-3] [INFO] [1791532411.361202244] [moveit_move_group_default_capabilities.cartersian_path_service_capability]: Received request to compute Cartesian path
[move_group-3] [INFO] [1791532411.361309635] [moveit_move_group_default_capabilities.cartersian_path_service_capability]: Attempting to follow 1 waypoints for link 'left_fr3_side_suction_tcp' using a step of 0.002000 m and jump threshold 0.000000 (in global reference frame)
[move_group-3] [INFO] [1791532411.394849795] [moveit_move_group_default_capabilities.cartersian_path_service_capability]: Computed Cartesian path with 141 points (followed 100.000000% of requested trajectory)
[move_group-3] [INFO] [1791532411.406460487] [moveit_move_group_default_capabilities.cartersian_path_service_capability]: Received request to compute Cartesian path
[move_group-3] [INFO] [1791532411.406560555] [moveit_move_group_default_capabilities.cartersian_path_service_capability]: Attempting to follow 1 waypoints for link 'right_fr3_side_suction_tcp' using a step of 0.002000 m and jump threshold 0.000000 (in global reference frame)
[move_group-3] [INFO] [1791532411.428515876] [moveit_move_group_default_capabilities.cartersian_path_service_capability]: Computed Cartesian path with 141 points (followed 100.000000% of requested trajectory)
[move_group-3] [INFO] [1791532411.910062382] [moveit_move_group_default_capabilities.cartersian_path_service_capability]: Received request to compute Cartesian path
[move_group-3] [INFO] [1791532411.910162144] [moveit_move_group_default_capabilities.cartersian_path_service_capability]: Attempting to follow 1 waypoints for link 'left_fr3_side_suction_tcp' using a step of 0.002000 m and jump threshold 0.000000 (in global reference frame)
[move_group-3] [INFO] [1791532411.941742004] [moveit_move_group_default_capabilities.cartersian_path_service_capability]: Computed Cartesian path with 142 points (followed 100.000000% of requested trajectory)
[move_group-3] [INFO] [1791532411.966915259] [moveit_move_group_default_capabilities.cartersian_path_service_capability]: Received request to compute Cartesian path
[move_group-3] [INFO] [1791532411.967004780] [moveit_move_group_default_capabilities.cartersian_path_service_capability]: Attempting to follow 1 waypoints for link 'right_fr3_side_suction_tcp' using a step of 0.002000 m and jump threshold 0.000000 (in global reference frame)
[move_group-3] [INFO] [1791532411.989088586] [moveit_move_group_default_capabilities.cartersian_path_service_capability]: Computed Cartesian path with 142 points (followed 100.000000% of requested trajectory)
[move_group-3] [INFO] [1791532422.815153691] [moveit_move_group_default_capabilities.cartersian_path_service_capability]: Received request to compute Cartesian path
[move_group-3] [INFO] [1791532422.815239796] [moveit_move_group_default_capabilities.cartersian_path_service_capability]: Attempting to follow 1 waypoints for link 'left_fr3_side_suction_tcp' using a step of 0.002000 m and jump threshold 0.000000 (in global reference frame)
[move_group-3] [INFO] [1791532422.956833694] [moveit_move_group_default_capabilities.cartersian_path_service_capability]: Computed Cartesian path with 212 points (followed 100.000000% of requested trajectory)
[move_group-3] [INFO] [1791532422.981065961] [moveit_move_group_default_capabilities.cartersian_path_service_capability]: Received request to compute Cartesian path
[move_group-3] [INFO] [1791532422.981143839] [moveit_move_group_default_capabilities.cartersian_path_service_capability]: Attempting to follow 1 waypoints for link 'right_fr3_side_suction_tcp' using a step of 0.002000 m and jump threshold 0.000000 (in global reference frame)
[move_group-3] [INFO] [1791532423.088439353] [moveit_move_group_default_capabilities.cartersian_path_service_capability]: Computed Cartesian path with 212 points (followed 100.000000% of requested trajectory)
[move_group-3] [INFO] [1791532436.666940882] [moveit_move_group_default_capabilities.cartersian_path_service_capability]: Received request to compute Cartesian path
[move_group-3] [INFO] [1791532436.667018674] [moveit_move_group_default_capabilities.cartersian_path_service_capability]: Attempting to follow 1 waypoints for link 'left_fr3_side_suction_tcp' using a step of 0.002000 m and jump threshold 0.000000 (in global reference frame)
[move_group-3] [INFO] [1791532436.670967597] [moveit_move_group_default_capabilities.cartersian_path_service_capability]: Computed Cartesian path with 32 points (followed 100.000000% of requested trajectory)
[move_group-3] [INFO] [1791532436.691924304] [moveit_move_group_default_capabilities.cartersian_path_service_capability]: Received request to compute Cartesian path
[move_group-3] [INFO] [1791532436.692023778] [moveit_move_group_default_capabilities.cartersian_path_service_capability]: Attempting to follow 1 waypoints for link 'right_fr3_side_suction_tcp' using a step of 0.002000 m and jump threshold 0.000000 (in global reference frame)
[move_group-3] [INFO] [1791532436.695800924] [moveit_move_group_default_capabilities.cartersian_path_service_capability]: Computed Cartesian path with 32 points (followed 100.000000% of requested trajectory)
[move_group-3] [INFO] [1791532442.050924072] [moveit_move_group_default_capabilities.cartersian_path_service_capability]: Received request to compute Cartesian path
[move_group-3] [INFO] [1791532442.050991283] [moveit_move_group_default_capabilities.cartersian_path_service_capability]: Attempting to follow 1 waypoints for link 'left_fr3_side_suction_tcp' using a step of 0.002000 m and jump threshold 0.000000 (in global reference frame)
[move_group-3] [INFO] [1791532442.068179418] [moveit_move_group_default_capabilities.cartersian_path_service_capability]: Computed Cartesian path with 132 points (followed 100.000000% of requested trajectory)
[move_group-3] [INFO] [1791532442.082476652] [moveit_move_group_default_capabilities.cartersian_path_service_capability]: Received request to compute Cartesian path
[move_group-3] [INFO] [1791532442.082544451] [moveit_move_group_default_capabilities.cartersian_path_service_capability]: Attempting to follow 1 waypoints for link 'right_fr3_side_suction_tcp' using a step of 0.002000 m and jump threshold 0.000000 (in global reference frame)
[move_group-3] [INFO] [1791532442.107616926] [moveit_move_group_default_capabilities.cartersian_path_service_capability]: Computed Cartesian path with 132 points (followed 100.000000% of requested trajectory)
[move_group-3] [INFO] [1791532452.870781078] [moveit_move_group_default_capabilities.cartersian_path_service_capability]: Received request to compute Cartesian path
[move_group-3] [INFO] [1791532452.870899698] [moveit_move_group_default_capabilities.cartersian_path_service_capability]: Attempting to follow 1 waypoints for link 'left_fr3_side_suction_tcp' using a step of 0.002000 m and jump threshold 0.000000 (in global reference frame)
[move_group-3] [INFO] [1791532452.872705991] [moveit_move_group_default_capabilities.cartersian_path_service_capability]: Computed Cartesian path with 12 points (followed 100.000000% of requested trajectory)
[move_group-3] [INFO] [1791532452.902205762] [moveit_move_group_default_capabilities.cartersian_path_service_capability]: Received request to compute Cartesian path
[move_group-3] [INFO] [1791532452.902321129] [moveit_move_group_default_capabilities.cartersian_path_service_capability]: Attempting to follow 1 waypoints for link 'right_fr3_side_suction_tcp' using a step of 0.002000 m and jump threshold 0.000000 (in global reference frame)
[move_group-3] [INFO] [1791532452.903950788] [moveit_move_group_default_capabilities.cartersian_path_service_capability]: Computed Cartesian path with 11 points (followed 100.000000% of requested trajectory)
[move_group-3] [INFO] [1791532456.552743444] [moveit_move_group_default_capabilities.cartersian_path_service_capability]: Received request to compute Cartesian path
[move_group-3] [INFO] [1791532456.552847927] [moveit_move_group_default_capabilities.cartersian_path_service_capability]: Attempting to follow 1 waypoints for link 'left_fr3_side_suction_tcp' using a step of 0.002000 m and jump threshold 0.000000 (in global reference frame)
[move_group-3] [INFO] [1791532456.554603365] [moveit_move_group_default_capabilities.cartersian_path_service_capability]: Computed Cartesian path with 16 points (followed 100.000000% of requested trajectory)
[move_group-3] [INFO] [1791532456.576653449] [moveit_move_group_default_capabilities.cartersian_path_service_capability]: Received request to compute Cartesian path
[move_group-3] [INFO] [1791532456.576744011] [moveit_move_group_default_capabilities.cartersian_path_service_capability]: Attempting to follow 1 waypoints for link 'right_fr3_side_suction_tcp' using a step of 0.002000 m and jump threshold 0.000000 (in global reference frame)
[move_group-3] [INFO] [1791532456.578545760] [moveit_move_group_default_capabilities.cartersian_path_service_capability]: Computed Cartesian path with 16 points (followed 100.000000% of requested trajectory)
[move_group-3] [INFO] [1791532460.660764241] [moveit_move_group_default_capabilities.cartersian_path_service_capability]: Received request to compute Cartesian path
[move_group-3] [INFO] [1791532460.660839869] [moveit_move_group_default_capabilities.cartersian_path_service_capability]: Attempting to follow 1 waypoints for link 'left_fr3_side_suction_tcp' using a step of 0.002000 m and jump threshold 0.000000 (in global reference frame)
[move_group-3] [INFO] [1791532460.712275252] [moveit_move_group_default_capabilities.cartersian_path_service_capability]: Computed Cartesian path with 224 points (followed 100.000000% of requested trajectory)
[move_group-3] [INFO] [1791532460.741445834] [moveit_move_group_default_capabilities.cartersian_path_service_capability]: Received request to compute Cartesian path
[move_group-3] [INFO] [1791532460.741513583] [moveit_move_group_default_capabilities.cartersian_path_service_capability]: Attempting to follow 1 waypoints for link 'right_fr3_side_suction_tcp' using a step of 0.002000 m and jump threshold 0.000000 (in global reference frame)
[move_group-3] [INFO] [1791532460.765304154] [moveit_move_group_default_capabilities.cartersian_path_service_capability]: Computed Cartesian path with 152 points (followed 100.000000% of requested trajectory)
[move_group-3] [INFO] [1791532479.860396887] [moveit_move_group_default_capabilities.cartersian_path_service_capability]: Received request to compute Cartesian path
[move_group-3] [INFO] [1791532479.860497039] [moveit_move_group_default_capabilities.cartersian_path_service_capability]: Attempting to follow 1 waypoints for link 'left_fr3_side_suction_tcp' using a step of 0.002000 m and jump threshold 0.000000 (in global reference frame)
[move_group-3] [INFO] [1791532479.860599547] [moveit_move_group_default_capabilities.cartersian_path_service_capability]: Computed Cartesian path with 2 points (followed 100.000000% of requested trajectory)
[move_group-3] [INFO] [1791532479.889356025] [moveit_move_group_default_capabilities.cartersian_path_service_capability]: Received request to compute Cartesian path
[move_group-3] [INFO] [1791532479.889436303] [moveit_move_group_default_capabilities.cartersian_path_service_capability]: Attempting to follow 1 waypoints for link 'right_fr3_side_suction_tcp' using a step of 0.002000 m and jump threshold 0.000000 (in global reference frame)
[move_group-3] [INFO] [1791532479.903513833] [moveit_move_group_default_capabilities.cartersian_path_service_capability]: Computed Cartesian path with 106 points (followed 100.000000% of requested trajectory)
[move_group-3] [INFO] [1791532493.607400120] [moveit_move_group_default_capabilities.move_action_capability]: Received request
[move_group-3] [INFO] [1791532493.607541361] [moveit_move_group_default_capabilities.move_action_capability]: executing..
[move_group-3] [INFO] [1791532493.619693197] [moveit_move_group_default_capabilities.move_action_capability]: Planning request received for MoveGroup action. Forwarding to planning pipeline.
[move_group-3] [INFO] [1791532493.620192392] [moveit.ompl_planning.model_based_planning_context]: Planner configuration 'right_arm[RRTConnectkConfigDefault]' will use planner 'geometric::RRTConnect'. Additional configuration parameters will be set when the planner is constructed.
[move_group-3] [INFO] [1791532493.665839616] [moveit_move_group_default_capabilities.move_action_capability]: Motion plan was computed successfully.
[move_group-3] [INFO] [1791532493.667722084] [moveit_move_group_default_capabilities.move_action_capability]: Received request
[move_group-3] [INFO] [1791532493.667813610] [moveit_move_group_default_capabilities.move_action_capability]: executing..
[move_group-3] [INFO] [1791532493.669042002] [moveit_move_group_default_capabilities.move_action_capability]: Planning request received for MoveGroup action. Forwarding to planning pipeline.
[move_group-3] [INFO] [1791532493.669507648] [moveit.ompl_planning.model_based_planning_context]: Planner configuration 'right_arm[RRTConnectkConfigDefault]' will use planner 'geometric::RRTConnect'. Additional configuration parameters will be set when the planner is constructed.
[move_group-3] [INFO] [1791532493.732238279] [moveit_move_group_default_capabilities.move_action_capability]: Motion plan was computed successfully.
[move_group-3] [INFO] [1791532493.734154173] [moveit_move_group_default_capabilities.move_action_capability]: Received request
[move_group-3] [INFO] [1791532493.734255936] [moveit_move_group_default_capabilities.move_action_capability]: executing..
[move_group-3] [INFO] [1791532493.756922868] [moveit_move_group_default_capabilities.move_action_capability]: Planning request received for MoveGroup action. Forwarding to planning pipeline.
[move_group-3] [INFO] [1791532493.757441115] [moveit.ompl_planning.model_based_planning_context]: Planner configuration 'right_arm[RRTConnectkConfigDefault]' will use planner 'geometric::RRTConnect'. Additional configuration parameters will be set when the planner is constructed.
[move_group-3] [INFO] [1791532493.807522264] [moveit_move_group_default_capabilities.move_action_capability]: Motion plan was computed successfully.
[move_group-3] [INFO] [1791532493.808974483] [moveit_move_group_default_capabilities.move_action_capability]: Received request
[move_group-3] [INFO] [1791532493.809070008] [moveit_move_group_default_capabilities.move_action_capability]: executing..
[move_group-3] [INFO] [1791532493.819106532] [moveit_move_group_default_capabilities.move_action_capability]: Planning request received for MoveGroup action. Forwarding to planning pipeline.
[move_group-3] [INFO] [1791532493.819601497] [moveit.ompl_planning.model_based_planning_context]: Planner configuration 'right_arm[RRTConnectkConfigDefault]' will use planner 'geometric::RRTConnect'. Additional configuration parameters will be set when the planner is constructed.
[move_group-3] [INFO] [1791532493.896975177] [moveit_move_group_default_capabilities.move_action_capability]: Motion plan was computed successfully.
[move_group-3] [INFO] [1791532493.898462264] [moveit_move_group_default_capabilities.move_action_capability]: Received request
[move_group-3] [INFO] [1791532493.898535669] [moveit_move_group_default_capabilities.move_action_capability]: executing..
[move_group-3] [INFO] [1791532493.910103627] [moveit_move_group_default_capabilities.move_action_capability]: Planning request received for MoveGroup action. Forwarding to planning pipeline.
[move_group-3] [INFO] [1791532493.910567847] [moveit.ompl_planning.model_based_planning_context]: Planner configuration 'right_arm[RRTConnectkConfigDefault]' will use planner 'geometric::RRTConnect'. Additional configuration parameters will be set when the planner is constructed.
[move_group-3] [INFO] [1791532493.966068142] [moveit_move_group_default_capabilities.move_action_capability]: Motion plan was computed successfully.
[move_group-3] [INFO] [1791532493.967044551] [moveit_move_group_default_capabilities.move_action_capability]: Received request
[move_group-3] [INFO] [1791532493.967147728] [moveit_move_group_default_capabilities.move_action_capability]: executing..
[move_group-3] [INFO] [1791532493.971545053] [moveit_move_group_default_capabilities.move_action_capability]: Planning request received for MoveGroup action. Forwarding to planning pipeline.
[move_group-3] [INFO] [1791532493.972035070] [moveit.ompl_planning.model_based_planning_context]: Planner configuration 'right_arm[RRTConnectkConfigDefault]' will use planner 'geometric::RRTConnect'. Additional configuration parameters will be set when the planner is constructed.
[move_group-3] [INFO] [1791532494.034118532] [moveit_move_group_default_capabilities.move_action_capability]: Motion plan was computed successfully.
[move_group-3] [INFO] [1791532494.035825175] [moveit_move_group_default_capabilities.move_action_capability]: Received request
[move_group-3] [INFO] [1791532494.035937100] [moveit_move_group_default_capabilities.move_action_capability]: executing..
[move_group-3] [INFO] [1791532494.036198037] [moveit_move_group_default_capabilities.move_action_capability]: Planning request received for MoveGroup action. Forwarding to planning pipeline.
[move_group-3] [INFO] [1791532494.036718178] [moveit.ompl_planning.model_based_planning_context]: Planner configuration 'right_arm[RRTConnectkConfigDefault]' will use planner 'geometric::RRTConnect'. Additional configuration parameters will be set when the planner is constructed.
[move_group-3] [INFO] [1791532494.091370840] [moveit_move_group_default_capabilities.move_action_capability]: Motion plan was computed successfully.
[move_group-3] [INFO] [1791532494.093060070] [moveit_move_group_default_capabilities.move_action_capability]: Received request
[move_group-3] [INFO] [1791532494.093159131] [moveit_move_group_default_capabilities.move_action_capability]: executing..
[move_group-3] [INFO] [1791532494.110310047] [moveit_move_group_default_capabilities.move_action_capability]: Planning request received for MoveGroup action. Forwarding to planning pipeline.
[move_group-3] [INFO] [1791532494.110769377] [moveit.ompl_planning.model_based_planning_context]: Planner configuration 'right_arm[RRTConnectkConfigDefault]' will use planner 'geometric::RRTConnect'. Additional configuration parameters will be set when the planner is constructed.
[move_group-3] [INFO] [1791532494.150677740] [moveit_move_group_default_capabilities.move_action_capability]: Motion plan was computed successfully.
[move_group-3] [INFO] [1791532494.160331263] [moveit_move_group_default_capabilities.move_action_capability]: Received request
[move_group-3] [INFO] [1791532494.160473735] [moveit_move_group_default_capabilities.move_action_capability]: executing..
[move_group-3] [INFO] [1791532494.171615285] [moveit_move_group_default_capabilities.move_action_capability]: Planning request received for MoveGroup action. Forwarding to planning pipeline.
[move_group-3] [INFO] [1791532494.172151347] [moveit.ompl_planning.model_based_planning_context]: Planner configuration 'right_arm[RRTConnectkConfigDefault]' will use planner 'geometric::RRTConnect'. Additional configuration parameters will be set when the planner is constructed.
[move_group-3] [INFO] [1791532494.220086427] [moveit_move_group_default_capabilities.move_action_capability]: Motion plan was computed successfully.
[move_group-3] [INFO] [1791532494.221493439] [moveit_move_group_default_capabilities.move_action_capability]: Received request
[move_group-3] [INFO] [1791532494.221588831] [moveit_move_group_default_capabilities.move_action_capability]: executing..
[move_group-3] [INFO] [1791532494.226038430] [moveit_move_group_default_capabilities.move_action_capability]: Planning request received for MoveGroup action. Forwarding to planning pipeline.
[move_group-3] [INFO] [1791532494.226517008] [moveit.ompl_planning.model_based_planning_context]: Planner configuration 'right_arm[RRTConnectkConfigDefault]' will use planner 'geometric::RRTConnect'. Additional configuration parameters will be set when the planner is constructed.
[move_group-3] [INFO] [1791532494.289606363] [moveit_move_group_default_capabilities.move_action_capability]: Motion plan was computed successfully.
[move_group-3] [INFO] [1791532494.291255658] [moveit_move_group_default_capabilities.move_action_capability]: Received request
[move_group-3] [INFO] [1791532494.291362417] [moveit_move_group_default_capabilities.move_action_capability]: executing..
[move_group-3] [INFO] [1791532494.311314425] [moveit_move_group_default_capabilities.move_action_capability]: Planning request received for MoveGroup action. Forwarding to planning pipeline.
[move_group-3] [INFO] [1791532494.311792075] [moveit.ompl_planning.model_based_planning_context]: Planner configuration 'right_arm[RRTConnectkConfigDefault]' will use planner 'geometric::RRTConnect'. Additional configuration parameters will be set when the planner is constructed.
[move_group-3] [INFO] [1791532494.365590601] [moveit_move_group_default_capabilities.move_action_capability]: Motion plan was computed successfully.
[move_group-3] [INFO] [1791532494.366487221] [moveit_move_group_default_capabilities.move_action_capability]: Received request
[move_group-3] [INFO] [1791532494.366580955] [moveit_move_group_default_capabilities.move_action_capability]: executing..
[move_group-3] [INFO] [1791532494.373216747] [moveit_move_group_default_capabilities.move_action_capability]: Planning request received for MoveGroup action. Forwarding to planning pipeline.
[move_group-3] [INFO] [1791532494.373675204] [moveit.ompl_planning.model_based_planning_context]: Planner configuration 'right_arm[RRTConnectkConfigDefault]' will use planner 'geometric::RRTConnect'. Additional configuration parameters will be set when the planner is constructed.
[move_group-3] [INFO] [1791532494.407926135] [moveit_move_group_default_capabilities.move_action_capability]: Motion plan was computed successfully.
[move_group-3] [INFO] [1791532494.408764183] [moveit_move_group_default_capabilities.move_action_capability]: Received request
[move_group-3] [INFO] [1791532494.408855886] [moveit_move_group_default_capabilities.move_action_capability]: executing..
[move_group-3] [INFO] [1791532494.411577260] [moveit_move_group_default_capabilities.move_action_capability]: Planning request received for MoveGroup action. Forwarding to planning pipeline.
[move_group-3] [INFO] [1791532494.412065021] [moveit.ompl_planning.model_based_planning_context]: Planner configuration 'right_arm[RRTConnectkConfigDefault]' will use planner 'geometric::RRTConnect'. Additional configuration parameters will be set when the planner is constructed.
[move_group-3] [INFO] [1791532494.456382797] [moveit_move_group_default_capabilities.move_action_capability]: Motion plan was computed successfully.
[move_group-3] [INFO] [1791532494.457342703] [moveit_move_group_default_capabilities.move_action_capability]: Received request
[move_group-3] [INFO] [1791532494.457420552] [moveit_move_group_default_capabilities.move_action_capability]: executing..
[move_group-3] [INFO] [1791532494.461994030] [moveit_move_group_default_capabilities.move_action_capability]: Planning request received for MoveGroup action. Forwarding to planning pipeline.
[move_group-3] [INFO] [1791532494.462477530] [moveit.ompl_planning.model_based_planning_context]: Planner configuration 'right_arm[RRTConnectkConfigDefault]' will use planner 'geometric::RRTConnect'. Additional configuration parameters will be set when the planner is constructed.
[move_group-3] [INFO] [1791532494.508970491] [moveit_move_group_default_capabilities.move_action_capability]: Motion plan was computed successfully.
[move_group-3] [INFO] [1791532494.510051699] [moveit_move_group_default_capabilities.move_action_capability]: Received request
[move_group-3] [INFO] [1791532494.510133114] [moveit_move_group_default_capabilities.move_action_capability]: executing..
[move_group-3] [INFO] [1791532494.511782583] [moveit_move_group_default_capabilities.move_action_capability]: Planning request received for MoveGroup action. Forwarding to planning pipeline.
[move_group-3] [INFO] [1791532494.512407366] [moveit.ompl_planning.model_based_planning_context]: Planner configuration 'right_arm[RRTConnectkConfigDefault]' will use planner 'geometric::RRTConnect'. Additional configuration parameters will be set when the planner is constructed.
[move_group-3] [INFO] [1791532494.592194866] [moveit_move_group_default_capabilities.move_action_capability]: Motion plan was computed successfully.
[move_group-3] [INFO] [1791532494.593370726] [moveit_move_group_default_capabilities.move_action_capability]: Received request
[move_group-3] [INFO] [1791532494.593478406] [moveit_move_group_default_capabilities.move_action_capability]: executing..
[move_group-3] [INFO] [1791532494.611708285] [moveit_move_group_default_capabilities.move_action_capability]: Planning request received for MoveGroup action. Forwarding to planning pipeline.
[move_group-3] [INFO] [1791532494.612200709] [moveit.ompl_planning.model_based_planning_context]: Planner configuration 'right_arm[RRTConnectkConfigDefault]' will use planner 'geometric::RRTConnect'. Additional configuration parameters will be set when the planner is constructed.
[move_group-3] [INFO] [1791532494.665741562] [moveit_move_group_default_capabilities.move_action_capability]: Motion plan was computed successfully.
[move_group-3] [INFO] [1791532494.672929437] [moveit_move_group_default_capabilities.move_action_capability]: Received request
[move_group-3] [INFO] [1791532494.673058046] [moveit_move_group_default_capabilities.move_action_capability]: executing..
[move_group-3] [INFO] [1791532494.687238353] [moveit_move_group_default_capabilities.move_action_capability]: Planning request received for MoveGroup action. Forwarding to planning pipeline.
[move_group-3] [INFO] [1791532494.687748515] [moveit.ompl_planning.model_based_planning_context]: Planner configuration 'right_arm[RRTConnectkConfigDefault]' will use planner 'geometric::RRTConnect'. Additional configuration parameters will be set when the planner is constructed.
[move_group-3] [INFO] [1791532494.742349393] [moveit_move_group_default_capabilities.move_action_capability]: Motion plan was computed successfully.
[move_group-3] [INFO] [1791532494.743564072] [moveit_move_group_default_capabilities.move_action_capability]: Received request
[move_group-3] [INFO] [1791532494.743654553] [moveit_move_group_default_capabilities.move_action_capability]: executing..
[move_group-3] [INFO] [1791532494.761454661] [moveit_move_group_default_capabilities.move_action_capability]: Planning request received for MoveGroup action. Forwarding to planning pipeline.
[move_group-3] [INFO] [1791532494.761936072] [moveit.ompl_planning.model_based_planning_context]: Planner configuration 'right_arm[RRTConnectkConfigDefault]' will use planner 'geometric::RRTConnect'. Additional configuration parameters will be set when the planner is constructed.
[move_group-3] [INFO] [1791532494.812610993] [moveit_move_group_default_capabilities.move_action_capability]: Motion plan was computed successfully.
[move_group-3] [INFO] [1791532494.813285872] [moveit_move_group_default_capabilities.move_action_capability]: Received request
[move_group-3] [INFO] [1791532494.813375625] [moveit_move_group_default_capabilities.move_action_capability]: executing..
[move_group-3] [INFO] [1791532494.823053950] [moveit_move_group_default_capabilities.move_action_capability]: Planning request received for MoveGroup action. Forwarding to planning pipeline.
[move_group-3] [INFO] [1791532494.823509401] [moveit.ompl_planning.model_based_planning_context]: Planner configuration 'right_arm[RRTConnectkConfigDefault]' will use planner 'geometric::RRTConnect'. Additional configuration parameters will be set when the planner is constructed.
[move_group-3] [INFO] [1791532494.880059876] [moveit_move_group_default_capabilities.move_action_capability]: Motion plan was computed successfully.
[move_group-3] [INFO] [1791532494.880700105] [moveit_move_group_default_capabilities.move_action_capability]: Received request
[move_group-3] [INFO] [1791532494.880778890] [moveit_move_group_default_capabilities.move_action_capability]: executing..
[move_group-3] [INFO] [1791532494.891938271] [moveit_move_group_default_capabilities.move_action_capability]: Planning request received for MoveGroup action. Forwarding to planning pipeline.
[move_group-3] [INFO] [1791532494.892537593] [moveit.ompl_planning.model_based_planning_context]: Planner configuration 'right_arm[RRTConnectkConfigDefault]' will use planner 'geometric::RRTConnect'. Additional configuration parameters will be set when the planner is constructed.
[move_group-3] [INFO] [1791532494.949505924] [moveit_move_group_default_capabilities.move_action_capability]: Motion plan was computed successfully.
[move_group-3] [INFO] [1791532494.950115810] [moveit_move_group_default_capabilities.move_action_capability]: Received request
[move_group-3] [INFO] [1791532494.950192480] [moveit_move_group_default_capabilities.move_action_capability]: executing..
[move_group-3] [INFO] [1791532494.961967427] [moveit_move_group_default_capabilities.move_action_capability]: Planning request received for MoveGroup action. Forwarding to planning pipeline.
[move_group-3] [INFO] [1791532494.962478480] [moveit.ompl_planning.model_based_planning_context]: Planner configuration 'right_arm[RRTConnectkConfigDefault]' will use planner 'geometric::RRTConnect'. Additional configuration parameters will be set when the planner is constructed.
[move_group-3] [INFO] [1791532495.009701978] [moveit_move_group_default_capabilities.move_action_capability]: Motion plan was computed successfully.
[move_group-3] [INFO] [1791532495.011204149] [moveit_move_group_default_capabilities.move_action_capability]: Received request
[move_group-3] [INFO] [1791532495.011324544] [moveit_move_group_default_capabilities.move_action_capability]: executing..
[move_group-3] [INFO] [1791532495.012021663] [moveit_move_group_default_capabilities.move_action_capability]: Planning request received for MoveGroup action. Forwarding to planning pipeline.
[move_group-3] [INFO] [1791532495.012495015] [moveit.ompl_planning.model_based_planning_context]: Planner configuration 'right_arm[RRTConnectkConfigDefault]' will use planner 'geometric::RRTConnect'. Additional configuration parameters will be set when the planner is constructed.
[move_group-3] [INFO] [1791532495.062547009] [moveit_move_group_default_capabilities.move_action_capability]: Motion plan was computed successfully.
[move_group-3] [INFO] [1791532495.063974231] [moveit_move_group_default_capabilities.move_action_capability]: Received request
[move_group-3] [INFO] [1791532495.064087787] [moveit_move_group_default_capabilities.move_action_capability]: executing..
[move_group-3] [INFO] [1791532495.076180247] [moveit_move_group_default_capabilities.move_action_capability]: Planning request received for MoveGroup action. Forwarding to planning pipeline.
[move_group-3] [INFO] [1791532495.076790223] [moveit.ompl_planning.model_based_planning_context]: Planner configuration 'right_arm[RRTConnectkConfigDefault]' will use planner 'geometric::RRTConnect'. Additional configuration parameters will be set when the planner is constructed.
[move_group-3] [INFO] [1791532495.123399121] [moveit_move_group_default_capabilities.move_action_capability]: Motion plan was computed successfully.
[move_group-3] [INFO] [1791532495.124163326] [moveit_move_group_default_capabilities.move_action_capability]: Received request
[move_group-3] [INFO] [1791532495.124254110] [moveit_move_group_default_capabilities.move_action_capability]: executing..
[move_group-3] [INFO] [1791532495.124767228] [moveit_move_group_default_capabilities.move_action_capability]: Planning request received for MoveGroup action. Forwarding to planning pipeline.
[move_group-3] [INFO] [1791532495.125245396] [moveit.ompl_planning.model_based_planning_context]: Planner configuration 'right_arm[RRTConnectkConfigDefault]' will use planner 'geometric::RRTConnect'. Additional configuration parameters will be set when the planner is constructed.
[move_group-3] [INFO] [1791532495.166785288] [moveit_move_group_default_capabilities.move_action_capability]: Motion plan was computed successfully.
[move_group-3] [INFO] [1791532495.188804001] [moveit_move_group_default_capabilities.cartersian_path_service_capability]: Received request to compute Cartesian path
[move_group-3] [INFO] [1791532495.188866437] [moveit_move_group_default_capabilities.cartersian_path_service_capability]: Attempting to follow 1 waypoints for link 'left_fr3_side_suction_tcp' using a step of 0.002000 m and jump threshold 0.000000 (in global reference frame)
[move_group-3] [INFO] [1791532495.188948756] [moveit_move_group_default_capabilities.cartersian_path_service_capability]: Computed Cartesian path with 2 points (followed 100.000000% of requested trajectory)
[move_group-3] [INFO] [1791532495.213327787] [moveit_move_group_default_capabilities.cartersian_path_service_capability]: Received request to compute Cartesian path
[move_group-3] [INFO] [1791532495.213419334] [moveit_move_group_default_capabilities.cartersian_path_service_capability]: Attempting to follow 1 waypoints for link 'right_fr3_side_suction_tcp' using a step of 0.002000 m and jump threshold 0.000000 (in global reference frame)
[move_group-3] [INFO] [1791532495.228166665] [moveit_move_group_default_capabilities.cartersian_path_service_capability]: Computed Cartesian path with 106 points (followed 100.000000% of requested trajectory)
[move_group-3] [INFO] [1791532495.239322598] [moveit_move_group_default_capabilities.cartersian_path_service_capability]: Received request to compute Cartesian path
[move_group-3] [INFO] [1791532495.239407633] [moveit_move_group_default_capabilities.cartersian_path_service_capability]: Attempting to follow 1 waypoints for link 'left_fr3_side_suction_tcp' using a step of 0.002000 m and jump threshold 0.000000 (in global reference frame)
[move_group-3] [INFO] [1791532495.239473258] [moveit_move_group_default_capabilities.cartersian_path_service_capability]: Computed Cartesian path with 2 points (followed 100.000000% of requested trajectory)
[move_group-3] [INFO] [1791532495.262923466] [moveit_move_group_default_capabilities.cartersian_path_service_capability]: Received request to compute Cartesian path
[move_group-3] [INFO] [1791532495.263004091] [moveit_move_group_default_capabilities.cartersian_path_service_capability]: Attempting to follow 1 waypoints for link 'right_fr3_side_suction_tcp' using a step of 0.002000 m and jump threshold 0.000000 (in global reference frame)
[move_group-3] [INFO] [1791532495.278077493] [moveit_move_group_default_capabilities.cartersian_path_service_capability]: Computed Cartesian path with 106 points (followed 100.000000% of requested trajectory)
[move_group-3] [INFO] [1791532495.563160139] [moveit_move_group_default_capabilities.move_action_capability]: Received request
[move_group-3] [INFO] [1791532495.563309069] [moveit_move_group_default_capabilities.move_action_capability]: executing..
[move_group-3] [INFO] [1791532495.574912687] [moveit_move_group_default_capabilities.move_action_capability]: Planning request received for MoveGroup action. Forwarding to planning pipeline.
[move_group-3] [INFO] [1791532495.575395684] [moveit.ompl_planning.model_based_planning_context]: Planner configuration 'left_arm[RRTConnectkConfigDefault]' will use planner 'geometric::RRTConnect'. Additional configuration parameters will be set when the planner is constructed.
[move_group-3] [INFO] [1791532495.605294233] [moveit_move_group_default_capabilities.move_action_capability]: Motion plan was computed successfully.
[move_group-3] [INFO] [1791532495.606378170] [moveit_move_group_default_capabilities.move_action_capability]: Received request
[move_group-3] [INFO] [1791532495.606508507] [moveit_move_group_default_capabilities.move_action_capability]: executing..
[move_group-3] [INFO] [1791532495.612940610] [moveit_move_group_default_capabilities.move_action_capability]: Planning request received for MoveGroup action. Forwarding to planning pipeline.
[move_group-3] [INFO] [1791532495.613394617] [moveit.ompl_planning.model_based_planning_context]: Planner configuration 'left_arm[RRTConnectkConfigDefault]' will use planner 'geometric::RRTConnect'. Additional configuration parameters will be set when the planner is constructed.
[move_group-3] [INFO] [1791532495.641952459] [moveit_move_group_default_capabilities.move_action_capability]: Motion plan was computed successfully.
[move_group-3] [INFO] [1791532495.643295074] [moveit_move_group_default_capabilities.move_action_capability]: Received request
[move_group-3] [INFO] [1791532495.643393629] [moveit_move_group_default_capabilities.move_action_capability]: executing..
[move_group-3] [INFO] [1791532495.662859986] [moveit_move_group_default_capabilities.move_action_capability]: Planning request received for MoveGroup action. Forwarding to planning pipeline.
[move_group-3] [INFO] [1791532495.663466579] [moveit.ompl_planning.model_based_planning_context]: Planner configuration 'left_arm[RRTConnectkConfigDefault]' will use planner 'geometric::RRTConnect'. Additional configuration parameters will be set when the planner is constructed.
[move_group-3] [INFO] [1791532495.697086375] [moveit_move_group_default_capabilities.move_action_capability]: Motion plan was computed successfully.
[move_group-3] [INFO] [1791532495.698214920] [moveit_move_group_default_capabilities.move_action_capability]: Received request
[move_group-3] [INFO] [1791532495.698303495] [moveit_move_group_default_capabilities.move_action_capability]: executing..
[move_group-3] [INFO] [1791532495.712800570] [moveit_move_group_default_capabilities.move_action_capability]: Planning request received for MoveGroup action. Forwarding to planning pipeline.
[move_group-3] [INFO] [1791532495.713306322] [moveit.ompl_planning.model_based_planning_context]: Planner configuration 'left_arm[RRTConnectkConfigDefault]' will use planner 'geometric::RRTConnect'. Additional configuration parameters will be set when the planner is constructed.
[move_group-3] [INFO] [1791532495.741985378] [moveit_move_group_default_capabilities.move_action_capability]: Motion plan was computed successfully.
[move_group-3] [INFO] [1791532495.743665116] [moveit_move_group_default_capabilities.move_action_capability]: Received request
[move_group-3] [INFO] [1791532495.743763588] [moveit_move_group_default_capabilities.move_action_capability]: executing..
[move_group-3] [INFO] [1791532495.763215316] [moveit_move_group_default_capabilities.move_action_capability]: Planning request received for MoveGroup action. Forwarding to planning pipeline.
[move_group-3] [INFO] [1791532495.763685308] [moveit.ompl_planning.model_based_planning_context]: Planner configuration 'left_arm[RRTConnectkConfigDefault]' will use planner 'geometric::RRTConnect'. Additional configuration parameters will be set when the planner is constructed.
[move_group-3] [INFO] [1791532495.796104063] [moveit_move_group_default_capabilities.move_action_capability]: Motion plan was computed successfully.
[move_group-3] [INFO] [1791532495.797416847] [moveit_move_group_default_capabilities.move_action_capability]: Received request
[move_group-3] [INFO] [1791532495.797499290] [moveit_move_group_default_capabilities.move_action_capability]: executing..
[move_group-3] [INFO] [1791532495.813622237] [moveit_move_group_default_capabilities.move_action_capability]: Planning request received for MoveGroup action. Forwarding to planning pipeline.
[move_group-3] [INFO] [1791532495.814167219] [moveit.ompl_planning.model_based_planning_context]: Planner configuration 'left_arm[RRTConnectkConfigDefault]' will use planner 'geometric::RRTConnect'. Additional configuration parameters will be set when the planner is constructed.
[move_group-3] [INFO] [1791532495.849536769] [moveit_move_group_default_capabilities.move_action_capability]: Motion plan was computed successfully.
[move_group-3] [INFO] [1791532495.850792142] [moveit_move_group_default_capabilities.move_action_capability]: Received request
[move_group-3] [INFO] [1791532495.850914193] [moveit_move_group_default_capabilities.move_action_capability]: executing..
[move_group-3] [INFO] [1791532495.863594063] [moveit_move_group_default_capabilities.move_action_capability]: Planning request received for MoveGroup action. Forwarding to planning pipeline.
[move_group-3] [INFO] [1791532495.864130503] [moveit.ompl_planning.model_based_planning_context]: Planner configuration 'left_arm[RRTConnectkConfigDefault]' will use planner 'geometric::RRTConnect'. Additional configuration parameters will be set when the planner is constructed.
[move_group-3] [INFO] [1791532495.894635567] [moveit_move_group_default_capabilities.move_action_capability]: Motion plan was computed successfully.
[move_group-3] [INFO] [1791532495.896014438] [moveit_move_group_default_capabilities.move_action_capability]: Received request
[move_group-3] [INFO] [1791532495.896108420] [moveit_move_group_default_capabilities.move_action_capability]: executing..
[move_group-3] [INFO] [1791532495.913093703] [moveit_move_group_default_capabilities.move_action_capability]: Planning request received for MoveGroup action. Forwarding to planning pipeline.
[move_group-3] [INFO] [1791532495.913611069] [moveit.ompl_planning.model_based_planning_context]: Planner configuration 'left_arm[RRTConnectkConfigDefault]' will use planner 'geometric::RRTConnect'. Additional configuration parameters will be set when the planner is constructed.
[move_group-3] [INFO] [1791532495.941238714] [moveit_move_group_default_capabilities.move_action_capability]: Motion plan was computed successfully.
[move_group-3] [INFO] [1791532495.963775526] [moveit_move_group_default_capabilities.cartersian_path_service_capability]: Received request to compute Cartesian path
[move_group-3] [INFO] [1791532495.963889205] [moveit_move_group_default_capabilities.cartersian_path_service_capability]: Attempting to follow 1 waypoints for link 'left_fr3_side_suction_tcp' using a step of 0.002000 m and jump threshold 0.000000 (in global reference frame)
[move_group-3] [INFO] [1791532495.979514411] [moveit_move_group_default_capabilities.cartersian_path_service_capability]: Computed Cartesian path with 102 points (followed 100.000000% of requested trajectory)
[move_group-3] [INFO] [1791532496.239118394] [moveit_move_group_default_capabilities.cartersian_path_service_capability]: Received request to compute Cartesian path
[move_group-3] [INFO] [1791532496.239216394] [moveit_move_group_default_capabilities.cartersian_path_service_capability]: Attempting to follow 1 waypoints for link 'left_fr3_side_suction_tcp' using a step of 0.002000 m and jump threshold 0.000000 (in global reference frame)
[move_group-3] [INFO] [1791532496.252286293] [moveit_move_group_default_capabilities.cartersian_path_service_capability]: Computed Cartesian path with 100 points (followed 100.000000% of requested trajectory)
[move_group-3] [INFO] [1791532496.263295057] [moveit_move_group_default_capabilities.cartersian_path_service_capability]: Received request to compute Cartesian path
[move_group-3] [INFO] [1791532496.263400762] [moveit_move_group_default_capabilities.cartersian_path_service_capability]: Attempting to follow 1 waypoints for link 'right_fr3_side_suction_tcp' using a step of 0.002000 m and jump threshold 0.000000 (in global reference frame)
[move_group-3] [INFO] [1791532496.265480653] [moveit_move_group_default_capabilities.cartersian_path_service_capability]: Computed Cartesian path with 14 points (followed 100.000000% of requested trajectory)
[move_group-3] [INFO] [1791532496.275340765] [moveit_move_group_default_capabilities.cartersian_path_service_capability]: Received request to compute Cartesian path
[move_group-3] [INFO] [1791532496.275427199] [moveit_move_group_default_capabilities.cartersian_path_service_capability]: Attempting to follow 1 waypoints for link 'right_fr3_side_suction_tcp' using a step of 0.002000 m and jump threshold 0.000000 (in global reference frame)
[move_group-3] [INFO] [1791532496.277266663] [moveit_move_group_default_capabilities.cartersian_path_service_capability]: Computed Cartesian path with 14 points (followed 100.000000% of requested trajectory)
[move_group-3] [INFO] [1791532496.289082857] [moveit_move_group_default_capabilities.cartersian_path_service_capability]: Received request to compute Cartesian path
[move_group-3] [INFO] [1791532496.289164939] [moveit_move_group_default_capabilities.cartersian_path_service_capability]: Attempting to follow 1 waypoints for link 'right_fr3_side_suction_tcp' using a step of 0.002000 m and jump threshold 0.000000 (in global reference frame)
[move_group-3] [INFO] [1791532496.290870968] [moveit_move_group_default_capabilities.cartersian_path_service_capability]: Computed Cartesian path with 14 points (followed 100.000000% of requested trajectory)
[move_group-3] [INFO] [1791532496.313497891] [moveit_move_group_default_capabilities.cartersian_path_service_capability]: Received request to compute Cartesian path
[move_group-3] [INFO] [1791532496.313586159] [moveit_move_group_default_capabilities.cartersian_path_service_capability]: Attempting to follow 1 waypoints for link 'right_fr3_side_suction_tcp' using a step of 0.002000 m and jump threshold 0.000000 (in global reference frame)
[move_group-3] [INFO] [1791532496.315238082] [moveit_move_group_default_capabilities.cartersian_path_service_capability]: Computed Cartesian path with 14 points (followed 100.000000% of requested trajectory)
[move_group-3] [INFO] [1791532496.326093118] [moveit_move_group_default_capabilities.cartersian_path_service_capability]: Received request to compute Cartesian path
[move_group-3] [INFO] [1791532496.326202154] [moveit_move_group_default_capabilities.cartersian_path_service_capability]: Attempting to follow 1 waypoints for link 'right_fr3_side_suction_tcp' using a step of 0.002000 m and jump threshold 0.000000 (in global reference frame)
[move_group-3] [INFO] [1791532496.327867308] [moveit_move_group_default_capabilities.cartersian_path_service_capability]: Computed Cartesian path with 14 points (followed 100.000000% of requested trajectory)
[move_group-3] [INFO] [1791532496.339166119] [moveit_move_group_default_capabilities.cartersian_path_service_capability]: Received request to compute Cartesian path
[move_group-3] [INFO] [1791532496.339259779] [moveit_move_group_default_capabilities.cartersian_path_service_capability]: Attempting to follow 1 waypoints for link 'right_fr3_side_suction_tcp' using a step of 0.002000 m and jump threshold 0.000000 (in global reference frame)
[move_group-3] [INFO] [1791532496.340775573] [moveit_move_group_default_capabilities.cartersian_path_service_capability]: Computed Cartesian path with 14 points (followed 100.000000% of requested trajectory)
[move_group-3] [INFO] [1791532496.363331710] [moveit_move_group_default_capabilities.cartersian_path_service_capability]: Received request to compute Cartesian path
[move_group-3] [INFO] [1791532496.363416213] [moveit_move_group_default_capabilities.cartersian_path_service_capability]: Attempting to follow 1 waypoints for link 'right_fr3_side_suction_tcp' using a step of 0.002000 m and jump threshold 0.000000 (in global reference frame)
[move_group-3] [INFO] [1791532496.364939556] [moveit_move_group_default_capabilities.cartersian_path_service_capability]: Computed Cartesian path with 14 points (followed 100.000000% of requested trajectory)
[move_group-3] [INFO] [1791532496.375466088] [moveit_move_group_default_capabilities.cartersian_path_service_capability]: Received request to compute Cartesian path
[move_group-3] [INFO] [1791532496.375532420] [moveit_move_group_default_capabilities.cartersian_path_service_capability]: Attempting to follow 1 waypoints for link 'right_fr3_side_suction_tcp' using a step of 0.002000 m and jump threshold 0.000000 (in global reference frame)
[move_group-3] [INFO] [1791532496.377040715] [moveit_move_group_default_capabilities.cartersian_path_service_capability]: Computed Cartesian path with 14 points (followed 100.000000% of requested trajectory)
[move_group-3] [WARN] [1791532496.397621598] [moveit_planning_scene.planning_scene]: Tried to remove world object 'task26_cube_2', but it does not exist in this scene.
[move_group-3] [INFO] [1791532557.022670971] [moveit_move_group_default_capabilities.move_action_capability]: Received request
[move_group-3] [INFO] [1791532557.022854182] [moveit_move_group_default_capabilities.move_action_capability]: executing..
[move_group-3] [INFO] [1791532557.042747407] [moveit_move_group_default_capabilities.move_action_capability]: Planning request received for MoveGroup action. Forwarding to planning pipeline.
[move_group-3] [INFO] [1791532557.043329394] [moveit.ompl_planning.model_based_planning_context]: Planner configuration 'left_arm[RRTConnectkConfigDefault]' will use planner 'geometric::RRTConnect'. Additional configuration parameters will be set when the planner is constructed.
[move_group-3] [INFO] [1791532557.078600434] [moveit_move_group_default_capabilities.move_action_capability]: Motion plan was computed successfully.
[move_group-3] [INFO] [1791532557.080935597] [moveit_move_group_default_capabilities.move_action_capability]: Received request
[move_group-3] [INFO] [1791532557.081032670] [moveit_move_group_default_capabilities.move_action_capability]: executing..
[move_group-3] [INFO] [1791532557.090827334] [moveit_move_group_default_capabilities.move_action_capability]: Planning request received for MoveGroup action. Forwarding to planning pipeline.
[move_group-3] [INFO] [1791532557.091405139] [moveit.ompl_planning.model_based_planning_context]: Planner configuration 'left_arm[RRTConnectkConfigDefault]' will use planner 'geometric::RRTConnect'. Additional configuration parameters will be set when the planner is constructed.
[move_group-3] [INFO] [1791532557.123007288] [moveit_move_group_default_capabilities.move_action_capability]: Motion plan was computed successfully.
[move_group-3] [INFO] [1791532557.124338259] [moveit_move_group_default_capabilities.move_action_capability]: Received request
[move_group-3] [INFO] [1791532557.124438010] [moveit_move_group_default_capabilities.move_action_capability]: executing..
[move_group-3] [INFO] [1791532557.130917593] [moveit_move_group_default_capabilities.move_action_capability]: Planning request received for MoveGroup action. Forwarding to planning pipeline.
[move_group-3] [INFO] [1791532557.131404331] [moveit.ompl_planning.model_based_planning_context]: Planner configuration 'left_arm[RRTConnectkConfigDefault]' will use planner 'geometric::RRTConnect'. Additional configuration parameters will be set when the planner is constructed.
[move_group-3] [INFO] [1791532557.161031289] [moveit_move_group_default_capabilities.move_action_capability]: Motion plan was computed successfully.
[move_group-3] [INFO] [1791532557.161902642] [moveit_move_group_default_capabilities.move_action_capability]: Received request
[move_group-3] [INFO] [1791532557.161980465] [moveit_move_group_default_capabilities.move_action_capability]: executing..
[move_group-3] [INFO] [1791532557.178504560] [moveit_move_group_default_capabilities.move_action_capability]: Planning request received for MoveGroup action. Forwarding to planning pipeline.
[move_group-3] [INFO] [1791532557.179114803] [moveit.ompl_planning.model_based_planning_context]: Planner configuration 'left_arm[RRTConnectkConfigDefault]' will use planner 'geometric::RRTConnect'. Additional configuration parameters will be set when the planner is constructed.
[move_group-3] [INFO] [1791532557.222121936] [moveit_move_group_default_capabilities.move_action_capability]: Motion plan was computed successfully.
[move_group-3] [INFO] [1791532557.223057495] [moveit_move_group_default_capabilities.move_action_capability]: Received request
[move_group-3] [INFO] [1791532557.223172016] [moveit_move_group_default_capabilities.move_action_capability]: executing..
[move_group-3] [INFO] [1791532557.225828317] [moveit_move_group_default_capabilities.move_action_capability]: Planning request received for MoveGroup action. Forwarding to planning pipeline.
[move_group-3] [INFO] [1791532557.226325583] [moveit.ompl_planning.model_based_planning_context]: Planner configuration 'left_arm[RRTConnectkConfigDefault]' will use planner 'geometric::RRTConnect'. Additional configuration parameters will be set when the planner is constructed.
[move_group-3] [INFO] [1791532557.272632528] [moveit_move_group_default_capabilities.move_action_capability]: Motion plan was computed successfully.
[move_group-3] [INFO] [1791532557.273387625] [moveit_move_group_default_capabilities.move_action_capability]: Received request
[move_group-3] [INFO] [1791532557.273550031] [moveit_move_group_default_capabilities.move_action_capability]: executing..
[move_group-3] [INFO] [1791532557.294438435] [moveit_move_group_default_capabilities.move_action_capability]: Planning request received for MoveGroup action. Forwarding to planning pipeline.
[move_group-3] [INFO] [1791532557.294948880] [moveit.ompl_planning.model_based_planning_context]: Planner configuration 'left_arm[RRTConnectkConfigDefault]' will use planner 'geometric::RRTConnect'. Additional configuration parameters will be set when the planner is constructed.
[move_group-3] [INFO] [1791532557.330999948] [moveit_move_group_default_capabilities.move_action_capability]: Motion plan was computed successfully.
[move_group-3] [INFO] [1791532557.333462884] [moveit_move_group_default_capabilities.move_action_capability]: Received request
[move_group-3] [INFO] [1791532557.333603223] [moveit_move_group_default_capabilities.move_action_capability]: executing..
[move_group-3] [INFO] [1791532557.335350348] [moveit_move_group_default_capabilities.move_action_capability]: Planning request received for MoveGroup action. Forwarding to planning pipeline.
[move_group-3] [INFO] [1791532557.335948345] [moveit.ompl_planning.model_based_planning_context]: Planner configuration 'left_arm[RRTConnectkConfigDefault]' will use planner 'geometric::RRTConnect'. Additional configuration parameters will be set when the planner is constructed.
[move_group-3] [INFO] [1791532557.364161131] [moveit_move_group_default_capabilities.move_action_capability]: Motion plan was computed successfully.
[move_group-3] [INFO] [1791532557.365314994] [moveit_move_group_default_capabilities.move_action_capability]: Received request
[move_group-3] [INFO] [1791532557.365416461] [moveit_move_group_default_capabilities.move_action_capability]: executing..
[move_group-3] [INFO] [1791532557.383299491] [moveit_move_group_default_capabilities.move_action_capability]: Planning request received for MoveGroup action. Forwarding to planning pipeline.
[move_group-3] [INFO] [1791532557.383802776] [moveit.ompl_planning.model_based_planning_context]: Planner configuration 'left_arm[RRTConnectkConfigDefault]' will use planner 'geometric::RRTConnect'. Additional configuration parameters will be set when the planner is constructed.
[move_group-3] [ERROR] [1791532557.452727199] [moveit.ros_planning.planning_pipeline]: Computed path is not valid. Invalid states at index locations: [ 109 110 111 ] out of 133. Explanations follow in command line. Contacts are published on /display_contacts
[move_group-3] [INFO] [1791532557.453135651] [moveit_collision_detection_fcl.collision_common]: Found a contact between 'task26_box_wall_deep' (type 'Object') and 'left_fr3_side_suction' (type 'Robot link'), which constitutes a collision. Contact information is not stored.
[move_group-3] [INFO] [1791532557.453144327] [moveit_collision_detection_fcl.collision_common]: Collision checking is considered complete (collision was found and 0 contacts are stored)
[move_group-3] [INFO] [1791532557.453364688] [moveit_collision_detection_fcl.collision_common]: Found a contact between 'task26_box_wall_deep' (type 'Object') and 'left_fr3_side_suction' (type 'Robot link'), which constitutes a collision. Contact information is not stored.
[move_group-3] [INFO] [1791532557.453371833] [moveit_collision_detection_fcl.collision_common]: Collision checking is considered complete (collision was found and 0 contacts are stored)
[move_group-3] [INFO] [1791532557.453457041] [moveit_collision_detection_fcl.collision_common]: Found a contact between 'task26_box_wall_deep' (type 'Object') and 'left_fr3_side_suction' (type 'Robot link'), which constitutes a collision. Contact information is not stored.
[move_group-3] [INFO] [1791532557.453461577] [moveit_collision_detection_fcl.collision_common]: Collision checking is considered complete (collision was found and 0 contacts are stored)
[move_group-3] [ERROR] [1791532557.453519742] [moveit.ros_planning.planning_pipeline]: Completed listing of explanations for invalid states.
[move_group-3] [INFO] [1791532557.453680477] [moveit_move_group_default_capabilities.move_action_capability]: Motion plan was found but it seems to be invalid (possibly due to postprocessing). Not executing.
[move_group-3] [INFO] [1791532557.496370986] [moveit_move_group_default_capabilities.cartersian_path_service_capability]: Received request to compute Cartesian path
[move_group-3] [INFO] [1791532557.496429575] [moveit_move_group_default_capabilities.cartersian_path_service_capability]: Attempting to follow 1 waypoints for link 'left_fr3_side_suction_tcp' using a step of 0.002000 m and jump threshold 0.000000 (in global reference frame)
[move_group-3] [INFO] [1791532557.514887140] [moveit_move_group_default_capabilities.cartersian_path_service_capability]: Computed Cartesian path with 102 points (followed 100.000000% of requested trajectory)
[move_group-3] [INFO] [1791532557.784352018] [moveit_move_group_default_capabilities.cartersian_path_service_capability]: Received request to compute Cartesian path
[move_group-3] [INFO] [1791532557.784454127] [moveit_move_group_default_capabilities.cartersian_path_service_capability]: Attempting to follow 1 waypoints for link 'left_fr3_side_suction_tcp' using a step of 0.002000 m and jump threshold 0.000000 (in global reference frame)
[move_group-3] [INFO] [1791532557.799256711] [moveit_move_group_default_capabilities.cartersian_path_service_capability]: Computed Cartesian path with 100 points (followed 100.000000% of requested trajectory)
[move_group-3] [INFO] [1791532557.805416961] [moveit_move_group_default_capabilities.cartersian_path_service_capability]: Received request to compute Cartesian path
[move_group-3] [INFO] [1791532557.805522585] [moveit_move_group_default_capabilities.cartersian_path_service_capability]: Attempting to follow 1 waypoints for link 'right_fr3_side_suction_tcp' using a step of 0.002000 m and jump threshold 0.000000 (in global reference frame)
[move_group-3] [INFO] [1791532557.807269005] [moveit_move_group_default_capabilities.cartersian_path_service_capability]: Computed Cartesian path with 14 points (followed 100.000000% of requested trajectory)
[move_group-3] [INFO] [1791532557.832688835] [moveit_move_group_default_capabilities.cartersian_path_service_capability]: Received request to compute Cartesian path
[move_group-3] [INFO] [1791532557.832767406] [moveit_move_group_default_capabilities.cartersian_path_service_capability]: Attempting to follow 1 waypoints for link 'right_fr3_side_suction_tcp' using a step of 0.002000 m and jump threshold 0.000000 (in global reference frame)
[move_group-3] [INFO] [1791532557.834596763] [moveit_move_group_default_capabilities.cartersian_path_service_capability]: Computed Cartesian path with 14 points (followed 100.000000% of requested trajectory)
[move_group-3] [INFO] [1791532557.853192390] [moveit_move_group_default_capabilities.cartersian_path_service_capability]: Received request to compute Cartesian path
[move_group-3] [INFO] [1791532557.853289472] [moveit_move_group_default_capabilities.cartersian_path_service_capability]: Attempting to follow 1 waypoints for link 'right_fr3_side_suction_tcp' using a step of 0.002000 m and jump threshold 0.000000 (in global reference frame)
[move_group-3] [INFO] [1791532557.854866193] [moveit_move_group_default_capabilities.cartersian_path_service_capability]: Computed Cartesian path with 14 points (followed 100.000000% of requested trajectory)
[move_group-3] [INFO] [1791532557.873983559] [moveit_move_group_default_capabilities.cartersian_path_service_capability]: Received request to compute Cartesian path
[move_group-3] [INFO] [1791532557.874044797] [moveit_move_group_default_capabilities.cartersian_path_service_capability]: Attempting to follow 1 waypoints for link 'right_fr3_side_suction_tcp' using a step of 0.002000 m and jump threshold 0.000000 (in global reference frame)
[move_group-3] [INFO] [1791532557.875641739] [moveit_move_group_default_capabilities.cartersian_path_service_capability]: Computed Cartesian path with 14 points (followed 100.000000% of requested trajectory)
[move_group-3] [INFO] [1791532557.901376680] [moveit_move_group_default_capabilities.cartersian_path_service_capability]: Received request to compute Cartesian path
[move_group-3] [INFO] [1791532557.901485019] [moveit_move_group_default_capabilities.cartersian_path_service_capability]: Attempting to follow 1 waypoints for link 'right_fr3_side_suction_tcp' using a step of 0.002000 m and jump threshold 0.000000 (in global reference frame)
[move_group-3] [INFO] [1791532557.903164482] [moveit_move_group_default_capabilities.cartersian_path_service_capability]: Computed Cartesian path with 14 points (followed 100.000000% of requested trajectory)
[move_group-3] [INFO] [1791532557.921790454] [moveit_move_group_default_capabilities.cartersian_path_service_capability]: Received request to compute Cartesian path
[move_group-3] [INFO] [1791532557.921864049] [moveit_move_group_default_capabilities.cartersian_path_service_capability]: Attempting to follow 1 waypoints for link 'right_fr3_side_suction_tcp' using a step of 0.002000 m and jump threshold 0.000000 (in global reference frame)
[move_group-3] [INFO] [1791532557.923421822] [moveit_move_group_default_capabilities.cartersian_path_service_capability]: Computed Cartesian path with 14 points (followed 100.000000% of requested trajectory)
[move_group-3] [INFO] [1791532557.941870775] [moveit_move_group_default_capabilities.cartersian_path_service_capability]: Received request to compute Cartesian path
[move_group-3] [INFO] [1791532557.941996764] [moveit_move_group_default_capabilities.cartersian_path_service_capability]: Attempting to follow 1 waypoints for link 'right_fr3_side_suction_tcp' using a step of 0.002000 m and jump threshold 0.000000 (in global reference frame)
[move_group-3] [INFO] [1791532557.944040084] [moveit_move_group_default_capabilities.cartersian_path_service_capability]: Computed Cartesian path with 14 points (followed 100.000000% of requested trajectory)
[move_group-3] [INFO] [1791532557.969171672] [moveit_move_group_default_capabilities.cartersian_path_service_capability]: Received request to compute Cartesian path
[move_group-3] [INFO] [1791532557.969249324] [moveit_move_group_default_capabilities.cartersian_path_service_capability]: Attempting to follow 1 waypoints for link 'right_fr3_side_suction_tcp' using a step of 0.002000 m and jump threshold 0.000000 (in global reference frame)
[move_group-3] [INFO] [1791532557.970766784] [moveit_move_group_default_capabilities.cartersian_path_service_capability]: Computed Cartesian path with 14 points (followed 100.000000% of requested trajectory)
[move_group-3] [INFO] [1791532644.631707905] [moveit_move_group_default_capabilities.move_action_capability]: Received request
[move_group-3] [INFO] [1791532644.631861956] [moveit_move_group_default_capabilities.move_action_capability]: executing..
[move_group-3] [INFO] [1791532644.641534249] [moveit_move_group_default_capabilities.move_action_capability]: Planning request received for MoveGroup action. Forwarding to planning pipeline.
[move_group-3] [INFO] [1791532644.641999524] [moveit.ompl_planning.model_based_planning_context]: Planner configuration 'left_arm[RRTConnectkConfigDefault]' will use planner 'geometric::RRTConnect'. Additional configuration parameters will be set when the planner is constructed.
[move_group-3] [INFO] [1791532644.661691542] [moveit_move_group_default_capabilities.move_action_capability]: Motion plan was computed successfully.
[move_group-3] [INFO] [1791532644.662373892] [moveit_move_group_default_capabilities.move_action_capability]: Received request
[move_group-3] [INFO] [1791532644.662514428] [moveit_move_group_default_capabilities.move_action_capability]: executing..
[move_group-3] [INFO] [1791532644.678871315] [moveit_move_group_default_capabilities.move_action_capability]: Planning request received for MoveGroup action. Forwarding to planning pipeline.
[move_group-3] [INFO] [1791532644.679447705] [moveit.ompl_planning.model_based_planning_context]: Planner configuration 'right_arm[RRTConnectkConfigDefault]' will use planner 'geometric::RRTConnect'. Additional configuration parameters will be set when the planner is constructed.
[move_group-3] [INFO] [1791532644.706675986] [moveit_move_group_default_capabilities.move_action_capability]: Motion plan was computed successfully.
