[INFO] [launch]: All log files can be found below /home/ubuntu2004/.ros/log/2026-10-09-15-36-17-897462-ubuntu2004-163296
[INFO] [launch]: Default logging verbosity is set to INFO
[INFO] [dual_joint_state_bridge.py-1]: process started with pid [163311]
[INFO] [robot_state_publisher-2]: process started with pid [163313]
[INFO] [move_group-3]: process started with pid [163315]
[INFO] [task06_environment_publisher.py-4]: process started with pid [163317]
[move_group-3] [WARN] [1791531378.453148136] [move_group.move_group]: Falling back to using the the move_group node namespace (deprecated behavior).
[robot_state_publisher-2] [INFO] [1791531378.465823822] [dual_robot_state_publisher]: got segment left_fr3_link0
[robot_state_publisher-2] [INFO] [1791531378.465949738] [dual_robot_state_publisher]: got segment left_fr3_link0_accelerometer_bottom
[robot_state_publisher-2] [INFO] [1791531378.465958472] [dual_robot_state_publisher]: got segment left_fr3_link0_accelerometer_top
[robot_state_publisher-2] [INFO] [1791531378.465964022] [dual_robot_state_publisher]: got segment left_fr3_link1
[robot_state_publisher-2] [INFO] [1791531378.465969467] [dual_robot_state_publisher]: got segment left_fr3_link1_accelerometer_bottom
[robot_state_publisher-2] [INFO] [1791531378.465974686] [dual_robot_state_publisher]: got segment left_fr3_link1_accelerometer_top
[robot_state_publisher-2] [INFO] [1791531378.465979903] [dual_robot_state_publisher]: got segment left_fr3_link2
[robot_state_publisher-2] [INFO] [1791531378.465985058] [dual_robot_state_publisher]: got segment left_fr3_link2_accelerometer_bottom
[robot_state_publisher-2] [INFO] [1791531378.465990430] [dual_robot_state_publisher]: got segment left_fr3_link2_accelerometer_top
[robot_state_publisher-2] [INFO] [1791531378.465995572] [dual_robot_state_publisher]: got segment left_fr3_link3
[robot_state_publisher-2] [INFO] [1791531378.466000789] [dual_robot_state_publisher]: got segment left_fr3_link3_accelerometer_bottom
[robot_state_publisher-2] [INFO] [1791531378.466005976] [dual_robot_state_publisher]: got segment left_fr3_link3_accelerometer_top
[robot_state_publisher-2] [INFO] [1791531378.466011279] [dual_robot_state_publisher]: got segment left_fr3_link4
[robot_state_publisher-2] [INFO] [1791531378.466016344] [dual_robot_state_publisher]: got segment left_fr3_link4_accelerometer_bottom
[robot_state_publisher-2] [INFO] [1791531378.466021554] [dual_robot_state_publisher]: got segment left_fr3_link4_accelerometer_top
[robot_state_publisher-2] [INFO] [1791531378.466026488] [dual_robot_state_publisher]: got segment left_fr3_link5
[robot_state_publisher-2] [INFO] [1791531378.466031723] [dual_robot_state_publisher]: got segment left_fr3_link5_accelerometer_bottom
[robot_state_publisher-2] [INFO] [1791531378.466036879] [dual_robot_state_publisher]: got segment left_fr3_link5_accelerometer_top
[robot_state_publisher-2] [INFO] [1791531378.466041670] [dual_robot_state_publisher]: got segment left_fr3_link6
[robot_state_publisher-2] [INFO] [1791531378.466046979] [dual_robot_state_publisher]: got segment left_fr3_link7
[robot_state_publisher-2] [INFO] [1791531378.466051808] [dual_robot_state_publisher]: got segment left_fr3_link8
[robot_state_publisher-2] [INFO] [1791531378.466056513] [dual_robot_state_publisher]: got segment left_fr3_side_suction
[robot_state_publisher-2] [INFO] [1791531378.466061394] [dual_robot_state_publisher]: got segment left_fr3_side_suction_tcp
[robot_state_publisher-2] [INFO] [1791531378.466066401] [dual_robot_state_publisher]: got segment right_fr3_link0
[robot_state_publisher-2] [INFO] [1791531378.466071660] [dual_robot_state_publisher]: got segment right_fr3_link0_accelerometer_bottom
[robot_state_publisher-2] [INFO] [1791531378.466076349] [dual_robot_state_publisher]: got segment right_fr3_link0_accelerometer_top
[robot_state_publisher-2] [INFO] [1791531378.466080924] [dual_robot_state_publisher]: got segment right_fr3_link1
[robot_state_publisher-2] [INFO] [1791531378.466085907] [dual_robot_state_publisher]: got segment right_fr3_link1_accelerometer_bottom
[robot_state_publisher-2] [INFO] [1791531378.466091022] [dual_robot_state_publisher]: got segment right_fr3_link1_accelerometer_top
[robot_state_publisher-2] [INFO] [1791531378.466095697] [dual_robot_state_publisher]: got segment right_fr3_link2
[robot_state_publisher-2] [INFO] [1791531378.466100929] [dual_robot_state_publisher]: got segment right_fr3_link2_accelerometer_bottom
[robot_state_publisher-2] [INFO] [1791531378.466105370] [dual_robot_state_publisher]: got segment right_fr3_link2_accelerometer_top
[robot_state_publisher-2] [INFO] [1791531378.466110402] [dual_robot_state_publisher]: got segment right_fr3_link3
[robot_state_publisher-2] [INFO] [1791531378.466115346] [dual_robot_state_publisher]: got segment right_fr3_link3_accelerometer_bottom
[robot_state_publisher-2] [INFO] [1791531378.466119689] [dual_robot_state_publisher]: got segment right_fr3_link3_accelerometer_top
[robot_state_publisher-2] [INFO] [1791531378.466124316] [dual_robot_state_publisher]: got segment right_fr3_link4
[robot_state_publisher-2] [INFO] [1791531378.466128988] [dual_robot_state_publisher]: got segment right_fr3_link4_accelerometer_bottom
[robot_state_publisher-2] [INFO] [1791531378.466133473] [dual_robot_state_publisher]: got segment right_fr3_link4_accelerometer_top
[robot_state_publisher-2] [INFO] [1791531378.466138000] [dual_robot_state_publisher]: got segment right_fr3_link5
[robot_state_publisher-2] [INFO] [1791531378.466142380] [dual_robot_state_publisher]: got segment right_fr3_link5_accelerometer_bottom
[robot_state_publisher-2] [INFO] [1791531378.466147947] [dual_robot_state_publisher]: got segment right_fr3_link5_accelerometer_top
[robot_state_publisher-2] [INFO] [1791531378.466152510] [dual_robot_state_publisher]: got segment right_fr3_link6
[robot_state_publisher-2] [INFO] [1791531378.466179197] [dual_robot_state_publisher]: got segment right_fr3_link7
[robot_state_publisher-2] [INFO] [1791531378.466187233] [dual_robot_state_publisher]: got segment right_fr3_link8
[robot_state_publisher-2] [INFO] [1791531378.466191776] [dual_robot_state_publisher]: got segment right_fr3_side_suction
[robot_state_publisher-2] [INFO] [1791531378.466196067] [dual_robot_state_publisher]: got segment right_fr3_side_suction_tcp
[robot_state_publisher-2] [INFO] [1791531378.466200521] [dual_robot_state_publisher]: got segment world
[move_group-3] [INFO] [1791531378.497277814] [moveit_rdf_loader.rdf_loader]: Loaded robot model in 0.0439867 seconds
[move_group-3] [INFO] [1791531378.497316629] [moveit_robot_model.robot_model]: Loading robot model 'dual_fr3_side_suction'...
[move_group-3] [INFO] [1791531378.497324047] [moveit_robot_model.robot_model]: No root/virtual joint specified in SRDF. Assuming fixed joint
[move_group-3] [INFO] [1791531378.543734662] [moveit_ros.planning_scene_monitor.planning_scene_monitor]: Publishing maintained planning scene on 'monitored_planning_scene'
[move_group-3] [INFO] [1791531378.544643202] [moveit.ros_planning_interface.moveit_cpp]: Listening to 'joint_states' for joint states
[move_group-3] [INFO] [1791531378.546184516] [moveit_ros.current_state_monitor]: Listening to joint states on topic 'joint_states'
[move_group-3] [INFO] [1791531378.546650102] [moveit_ros.planning_scene_monitor.planning_scene_monitor]: Listening to '/attached_collision_object' for attached collision objects
[move_group-3] [INFO] [1791531378.546664625] [moveit_ros.planning_scene_monitor.planning_scene_monitor]: Starting planning scene monitor
[move_group-3] [INFO] [1791531378.547040584] [moveit_ros.planning_scene_monitor.planning_scene_monitor]: Listening to '/planning_scene'
[move_group-3] [INFO] [1791531378.547051174] [moveit_ros.planning_scene_monitor.planning_scene_monitor]: Starting world geometry update monitor for collision objects, attached objects, octomap updates.
[move_group-3] [INFO] [1791531378.547516866] [moveit_ros.planning_scene_monitor.planning_scene_monitor]: Listening to 'collision_object'
[move_group-3] [INFO] [1791531378.547955155] [moveit_ros.planning_scene_monitor.planning_scene_monitor]: Listening to 'planning_scene_world' for planning scene world geometry
[move_group-3] [WARN] [1791531378.548260441] [moveit.ros.occupancy_map_monitor.middleware_handle]: Resolution not specified for Octomap. Assuming resolution = 0.1 instead
[move_group-3] [ERROR] [1791531378.548272273] [moveit.ros.occupancy_map_monitor.middleware_handle]: No 3D sensor plugin(s) defined for octomap updates
[move_group-3] [INFO] [1791531378.551034090] [moveit.ros_planning_interface.moveit_cpp]: Loading planning pipeline 'move_group'
[move_group-3] [INFO] [1791531378.565212526] [moveit.ros_planning.planning_pipeline]: Using planning interface 'OMPL'
[move_group-3] [INFO] [1791531378.568819246] [moveit_ros.add_time_optimal_parameterization]: Param 'move_group.path_tolerance' was not set. Using default value: 0.100000
[move_group-3] [INFO] [1791531378.569331057] [moveit_ros.add_time_optimal_parameterization]: Param 'move_group.resample_dt' was not set. Using default value: 0.100000
[move_group-3] [INFO] [1791531378.570141434] [moveit_ros.add_time_optimal_parameterization]: Param 'move_group.min_angle_change' was not set. Using default value: 0.001000
[move_group-3] [INFO] [1791531378.570966989] [moveit_ros.fix_workspace_bounds]: Param 'move_group.default_workspace_bounds' was not set. Using default value: 10.000000
[move_group-3] [INFO] [1791531378.572096927] [moveit_ros.fix_start_state_bounds]: Param 'move_group.start_state_max_bounds_error' was set to 0.100000
[move_group-3] [INFO] [1791531378.572105136] [moveit_ros.fix_start_state_bounds]: Param 'move_group.start_state_max_dt' was not set. Using default value: 0.500000
[move_group-3] [INFO] [1791531378.572118812] [moveit_ros.fix_start_state_collision]: Param 'move_group.start_state_max_dt' was not set. Using default value: 0.500000
[move_group-3] [INFO] [1791531378.572124385] [moveit_ros.fix_start_state_collision]: Param 'move_group.jiggle_fraction' was not set. Using default value: 0.020000
[move_group-3] [INFO] [1791531378.572130149] [moveit_ros.fix_start_state_collision]: Param 'move_group.max_sampling_attempts' was not set. Using default value: 100
[move_group-3] [INFO] [1791531378.572142964] [moveit.ros_planning.planning_pipeline]: Using planning request adapter 'Add Time Optimal Parameterization'
[move_group-3] [INFO] [1791531378.572147530] [moveit.ros_planning.planning_pipeline]: Using planning request adapter 'Resolve constraint frames to robot links'
[move_group-3] [INFO] [1791531378.572151204] [moveit.ros_planning.planning_pipeline]: Using planning request adapter 'Fix Workspace Bounds'
[move_group-3] [INFO] [1791531378.572154852] [moveit.ros_planning.planning_pipeline]: Using planning request adapter 'Fix Start State Bounds'
[move_group-3] [INFO] [1791531378.572158311] [moveit.ros_planning.planning_pipeline]: Using planning request adapter 'Fix Start State In Collision'
[move_group-3] [INFO] [1791531378.572161834] [moveit.ros_planning.planning_pipeline]: Using planning request adapter 'Fix Start State Path Constraints'
[move_group-3] [WARN] [1791531378.581897399] [moveit_ros.trajectory_execution_manager]: Parameter '~moveit_controller_manager' is not specified but only one matching plugin was found: 'moveit_simple_controller_manager/MoveItSimpleControllerManager'. Using that one.
[move_group-3] [WARN] [1791531378.582097624] [rcl.logging_rosout]: Publisher already registered for provided node name. If this is due to multiple nodes with the same name then all logs for that logger name will go out over the existing publisher. As soon as any node with that name is destructed it will unregister the publisher, preventing any further logs for that name from being published on the rosout topic.
[move_group-3] [ERROR] [1791531378.604949364] [moveit.plugins.moveit_simple_controller_manager]: No controller_names specified.
[move_group-3] [INFO] [1791531378.607049266] [moveit.plugins.moveit_simple_controller_manager]: Returned 0 controllers in list
[move_group-3] [INFO] [1791531378.607349404] [moveit.plugins.moveit_simple_controller_manager]: Returned 0 controllers in list
[move_group-3] [INFO] [1791531378.609344755] [moveit_ros.trajectory_execution_manager]: Trajectory execution is not managing controllers
[move_group-3] [INFO] [1791531378.609360547] [move_group.move_group]: MoveGroup debug mode is ON
[move_group-3] [INFO] [1791531378.633276690] [move_group.move_group]: 
[move_group-3] 
[move_group-3] ********************************************************
[move_group-3] * MoveGroup using: 
[move_group-3] *     - ApplyPlanningSceneService
[move_group-3] *     - ClearOctomapService
[move_group-3] *     - CartesianPathService
[move_group-3] *     - ExecuteTrajectoryAction
[move_group-3] *     - GetPlanningSceneService
[move_group-3] *     - KinematicsService
[move_group-3] *     - MoveAction
[move_group-3] *     - MotionPlanService
[move_group-3] *     - QueryPlannersService
[move_group-3] *     - StateValidationService
[move_group-3] ********************************************************
[move_group-3] 
[move_group-3] [INFO] [1791531378.633320233] [moveit_move_group_capabilities_base.move_group_context]: MoveGroup context using planning plugin ompl_interface/OMPLPlanner
[move_group-3] [INFO] [1791531378.633329323] [moveit_move_group_capabilities_base.move_group_context]: MoveGroup context initialization complete
[move_group-3] [96mLoading 'move_group/ApplyPlanningSceneService'...
[move_group-3] [0m[96mLoading 'move_group/ClearOctomapService'...
[move_group-3] [0m[96mLoading 'move_group/MoveGroupCartesianPathService'...
[move_group-3] [0m[96mLoading 'move_group/MoveGroupExecuteTrajectoryAction'...
[move_group-3] [0m[96mLoading 'move_group/MoveGroupGetPlanningSceneService'...
[move_group-3] [0m[96mLoading 'move_group/MoveGroupKinematicsService'...
[move_group-3] [0m[96mLoading 'move_group/MoveGroupMoveAction'...
[move_group-3] [0m[96mLoading 'move_group/MoveGroupPlanService'...
[move_group-3] [0m[96mLoading 'move_group/MoveGroupQueryPlannersService'...
[move_group-3] [0m[96mLoading 'move_group/MoveGroupStateValidationService'...
[move_group-3] [0m[92m
[move_group-3] You can start planning now!
[move_group-3] 
[dual_joint_state_bridge.py-1] [INFO] [1791531378.708467949] [dual_joint_state_bridge]: Task06-C joint-state bridge started: /left/joint_states + /right/joint_states -> /joint_states
[task06_environment_publisher.py-4] [INFO] [1791531378.840974197] [task24_environment_publisher]: 等待 MoveIt /apply_planning_scene 服务，用于加载 Task06 环境。
[task06_environment_publisher.py-4] [INFO] [1791531378.842747116] [task24_environment_publisher]: Task06 MoveIt 环境加载完成: id=task24_table, frame=world, center=(0.55, 0.0, 0.1), size=(1.2, 0.8, 0.2)
[INFO] [task06_environment_publisher.py-4]: process has finished cleanly [pid 163317]
[move_group-3] [WARN] [1791531404.799473672] [moveit_planning_scene.planning_scene]: Tried to remove world object 'task26_table', but it does not exist in this scene.
[move_group-3] [WARN] [1791531404.799502411] [moveit_planning_scene.planning_scene]: Tried to remove world object 'task26_box_wall_deep', but it does not exist in this scene.
[move_group-3] [WARN] [1791531404.799505580] [moveit_planning_scene.planning_scene]: Tried to remove world object 'task26_box_wall_minus_y', but it does not exist in this scene.
[move_group-3] [WARN] [1791531404.799507794] [moveit_planning_scene.planning_scene]: Tried to remove world object 'task26_box_wall_plus_y', but it does not exist in this scene.
[move_group-3] [WARN] [1791531404.799509786] [moveit_planning_scene.planning_scene]: Tried to remove world object 'task26_cube_1', but it does not exist in this scene.
[move_group-3] [WARN] [1791531404.799511784] [moveit_planning_scene.planning_scene]: Tried to remove world object 'task26_cube_2', but it does not exist in this scene.
[move_group-3] [WARN] [1791531404.799513855] [moveit_planning_scene.planning_scene]: Tried to remove world object 'task26_cube_3', but it does not exist in this scene.
[move_group-3] [WARN] [1791531404.799515831] [moveit_planning_scene.planning_scene]: Tried to remove world object 'task26_cube_4', but it does not exist in this scene.
[move_group-3] [WARN] [1791531404.799517783] [moveit_planning_scene.planning_scene]: Tried to remove world object 'task26_cube_5', but it does not exist in this scene.
[move_group-3] [INFO] [1791531405.900697223] [moveit_move_group_default_capabilities.move_action_capability]: Received request
[move_group-3] [INFO] [1791531405.900871895] [moveit_move_group_default_capabilities.move_action_capability]: executing..
[move_group-3] [INFO] [1791531405.916671725] [moveit_move_group_default_capabilities.move_action_capability]: Planning request received for MoveGroup action. Forwarding to planning pipeline.
[move_group-3] [INFO] [1791531405.917689852] [moveit.ompl_planning.model_based_planning_context]: Planner configuration 'left_arm[RRTConnectkConfigDefault]' will use planner 'geometric::RRTConnect'. Additional configuration parameters will be set when the planner is constructed.
[move_group-3] [WARN] [1791531405.949222281] [moveit_trajectory_processing.time_optimal_trajectory_generation]: Joint acceleration limits are not defined. Using the default 1 rad/s^2. You can define acceleration limits in the URDF or joint_limits.yaml.
[move_group-3] [INFO] [1791531405.956141705] [moveit_move_group_default_capabilities.move_action_capability]: Motion plan was computed successfully.
[move_group-3] [INFO] [1791531405.957539513] [moveit_move_group_default_capabilities.move_action_capability]: Received request
[move_group-3] [INFO] [1791531405.957590671] [moveit_move_group_default_capabilities.move_action_capability]: executing..
[move_group-3] [INFO] [1791531405.966706150] [moveit_move_group_default_capabilities.move_action_capability]: Planning request received for MoveGroup action. Forwarding to planning pipeline.
[move_group-3] [INFO] [1791531405.967242378] [moveit.ompl_planning.model_based_planning_context]: Planner configuration 'left_arm[RRTConnectkConfigDefault]' will use planner 'geometric::RRTConnect'. Additional configuration parameters will be set when the planner is constructed.
[move_group-3] [INFO] [1791531406.004446608] [moveit_move_group_default_capabilities.move_action_capability]: Motion plan was computed successfully.
[move_group-3] [INFO] [1791531406.004987059] [moveit_move_group_default_capabilities.move_action_capability]: Received request
[move_group-3] [INFO] [1791531406.005028235] [moveit_move_group_default_capabilities.move_action_capability]: executing..
[move_group-3] [INFO] [1791531406.016751971] [moveit_move_group_default_capabilities.move_action_capability]: Planning request received for MoveGroup action. Forwarding to planning pipeline.
[move_group-3] [INFO] [1791531406.017222209] [moveit.ompl_planning.model_based_planning_context]: Planner configuration 'left_arm[RRTConnectkConfigDefault]' will use planner 'geometric::RRTConnect'. Additional configuration parameters will be set when the planner is constructed.
[move_group-3] [INFO] [1791531406.045083323] [moveit_move_group_default_capabilities.move_action_capability]: Motion plan was computed successfully.
[move_group-3] [INFO] [1791531406.046223201] [moveit_move_group_default_capabilities.move_action_capability]: Received request
[move_group-3] [INFO] [1791531406.046313497] [moveit_move_group_default_capabilities.move_action_capability]: executing..
[move_group-3] [INFO] [1791531406.050174480] [moveit_move_group_default_capabilities.move_action_capability]: Planning request received for MoveGroup action. Forwarding to planning pipeline.
[move_group-3] [INFO] [1791531406.050629703] [moveit.ompl_planning.model_based_planning_context]: Planner configuration 'left_arm[RRTConnectkConfigDefault]' will use planner 'geometric::RRTConnect'. Additional configuration parameters will be set when the planner is constructed.
[move_group-3] [INFO] [1791531406.091520457] [moveit_move_group_default_capabilities.move_action_capability]: Motion plan was computed successfully.
[move_group-3] [INFO] [1791531406.092637780] [moveit_move_group_default_capabilities.move_action_capability]: Received request
[move_group-3] [INFO] [1791531406.092685957] [moveit_move_group_default_capabilities.move_action_capability]: executing..
[move_group-3] [INFO] [1791531406.099906047] [moveit_move_group_default_capabilities.move_action_capability]: Planning request received for MoveGroup action. Forwarding to planning pipeline.
[move_group-3] [INFO] [1791531406.100528559] [moveit.ompl_planning.model_based_planning_context]: Planner configuration 'left_arm[RRTConnectkConfigDefault]' will use planner 'geometric::RRTConnect'. Additional configuration parameters will be set when the planner is constructed.
[move_group-3] [INFO] [1791531406.130907701] [moveit_move_group_default_capabilities.move_action_capability]: Motion plan was computed successfully.
[move_group-3] [INFO] [1791531406.131877919] [moveit_move_group_default_capabilities.move_action_capability]: Received request
[move_group-3] [INFO] [1791531406.131935073] [moveit_move_group_default_capabilities.move_action_capability]: executing..
[move_group-3] [INFO] [1791531406.141163750] [moveit_move_group_default_capabilities.move_action_capability]: Planning request received for MoveGroup action. Forwarding to planning pipeline.
[move_group-3] [INFO] [1791531406.141669685] [moveit.ompl_planning.model_based_planning_context]: Planner configuration 'left_arm[RRTConnectkConfigDefault]' will use planner 'geometric::RRTConnect'. Additional configuration parameters will be set when the planner is constructed.
[move_group-3] [INFO] [1791531406.188144185] [moveit_move_group_default_capabilities.move_action_capability]: Motion plan was computed successfully.
[move_group-3] [INFO] [1791531406.189780789] [moveit_move_group_default_capabilities.move_action_capability]: Received request
[move_group-3] [INFO] [1791531406.189841708] [moveit_move_group_default_capabilities.move_action_capability]: executing..
[move_group-3] [INFO] [1791531406.190694072] [moveit_move_group_default_capabilities.move_action_capability]: Planning request received for MoveGroup action. Forwarding to planning pipeline.
[move_group-3] [INFO] [1791531406.191184994] [moveit.ompl_planning.model_based_planning_context]: Planner configuration 'left_arm[RRTConnectkConfigDefault]' will use planner 'geometric::RRTConnect'. Additional configuration parameters will be set when the planner is constructed.
[move_group-3] [INFO] [1791531406.219848471] [moveit_move_group_default_capabilities.move_action_capability]: Motion plan was computed successfully.
[move_group-3] [INFO] [1791531406.220476747] [moveit_move_group_default_capabilities.move_action_capability]: Received request
[move_group-3] [INFO] [1791531406.220522451] [moveit_move_group_default_capabilities.move_action_capability]: executing..
[move_group-3] [INFO] [1791531406.240415223] [moveit_move_group_default_capabilities.move_action_capability]: Planning request received for MoveGroup action. Forwarding to planning pipeline.
[move_group-3] [INFO] [1791531406.241007940] [moveit.ompl_planning.model_based_planning_context]: Planner configuration 'left_arm[RRTConnectkConfigDefault]' will use planner 'geometric::RRTConnect'. Additional configuration parameters will be set when the planner is constructed.
[move_group-3] [INFO] [1791531406.284673700] [moveit_move_group_default_capabilities.move_action_capability]: Motion plan was computed successfully.
[move_group-3] [INFO] [1791531406.285976974] [moveit_move_group_default_capabilities.move_action_capability]: Received request
[move_group-3] [INFO] [1791531406.286019888] [moveit_move_group_default_capabilities.move_action_capability]: executing..
[move_group-3] [INFO] [1791531406.291501800] [moveit_move_group_default_capabilities.move_action_capability]: Planning request received for MoveGroup action. Forwarding to planning pipeline.
[move_group-3] [INFO] [1791531406.291907506] [moveit.ompl_planning.model_based_planning_context]: Planner configuration 'right_arm[RRTConnectkConfigDefault]' will use planner 'geometric::RRTConnect'. Additional configuration parameters will be set when the planner is constructed.
[move_group-3] [INFO] [1791531406.348826443] [moveit_move_group_default_capabilities.move_action_capability]: Motion plan was computed successfully.
[move_group-3] [INFO] [1791531406.350200654] [moveit_move_group_default_capabilities.move_action_capability]: Received request
[move_group-3] [INFO] [1791531406.350271266] [moveit_move_group_default_capabilities.move_action_capability]: executing..
[move_group-3] [INFO] [1791531406.350657018] [moveit_move_group_default_capabilities.move_action_capability]: Planning request received for MoveGroup action. Forwarding to planning pipeline.
[move_group-3] [INFO] [1791531406.351174487] [moveit.ompl_planning.model_based_planning_context]: Planner configuration 'right_arm[RRTConnectkConfigDefault]' will use planner 'geometric::RRTConnect'. Additional configuration parameters will be set when the planner is constructed.
[move_group-3] [INFO] [1791531406.382275889] [moveit_move_group_default_capabilities.move_action_capability]: Motion plan was computed successfully.
[move_group-3] [INFO] [1791531406.384020653] [moveit_move_group_default_capabilities.move_action_capability]: Received request
[move_group-3] [INFO] [1791531406.384076434] [moveit_move_group_default_capabilities.move_action_capability]: executing..
[move_group-3] [INFO] [1791531406.391182312] [moveit_move_group_default_capabilities.move_action_capability]: Planning request received for MoveGroup action. Forwarding to planning pipeline.
[move_group-3] [INFO] [1791531406.391653955] [moveit.ompl_planning.model_based_planning_context]: Planner configuration 'right_arm[RRTConnectkConfigDefault]' will use planner 'geometric::RRTConnect'. Additional configuration parameters will be set when the planner is constructed.
[move_group-3] [INFO] [1791531406.426783472] [moveit_move_group_default_capabilities.move_action_capability]: Motion plan was computed successfully.
[move_group-3] [INFO] [1791531406.427329148] [moveit_move_group_default_capabilities.move_action_capability]: Received request
[move_group-3] [INFO] [1791531406.427370087] [moveit_move_group_default_capabilities.move_action_capability]: executing..
[move_group-3] [INFO] [1791531406.440696648] [moveit_move_group_default_capabilities.move_action_capability]: Planning request received for MoveGroup action. Forwarding to planning pipeline.
[move_group-3] [INFO] [1791531406.441192478] [moveit.ompl_planning.model_based_planning_context]: Planner configuration 'right_arm[RRTConnectkConfigDefault]' will use planner 'geometric::RRTConnect'. Additional configuration parameters will be set when the planner is constructed.
[move_group-3] [INFO] [1791531406.473222682] [moveit_move_group_default_capabilities.move_action_capability]: Motion plan was computed successfully.
[move_group-3] [INFO] [1791531406.473771024] [moveit_move_group_default_capabilities.move_action_capability]: Received request
[move_group-3] [INFO] [1791531406.473813264] [moveit_move_group_default_capabilities.move_action_capability]: executing..
[move_group-3] [INFO] [1791531406.490749954] [moveit_move_group_default_capabilities.move_action_capability]: Planning request received for MoveGroup action. Forwarding to planning pipeline.
[move_group-3] [INFO] [1791531406.491245720] [moveit.ompl_planning.model_based_planning_context]: Planner configuration 'right_arm[RRTConnectkConfigDefault]' will use planner 'geometric::RRTConnect'. Additional configuration parameters will be set when the planner is constructed.
[move_group-3] [INFO] [1791531406.524978067] [moveit_move_group_default_capabilities.move_action_capability]: Motion plan was computed successfully.
[move_group-3] [INFO] [1791531406.525504617] [moveit_move_group_default_capabilities.move_action_capability]: Received request
[move_group-3] [INFO] [1791531406.525553686] [moveit_move_group_default_capabilities.move_action_capability]: executing..
[move_group-3] [INFO] [1791531406.540514591] [moveit_move_group_default_capabilities.move_action_capability]: Planning request received for MoveGroup action. Forwarding to planning pipeline.
[move_group-3] [INFO] [1791531406.541047922] [moveit.ompl_planning.model_based_planning_context]: Planner configuration 'right_arm[RRTConnectkConfigDefault]' will use planner 'geometric::RRTConnect'. Additional configuration parameters will be set when the planner is constructed.
[move_group-3] [INFO] [1791531406.573546297] [moveit_move_group_default_capabilities.move_action_capability]: Motion plan was computed successfully.
[move_group-3] [INFO] [1791531406.574046354] [moveit_move_group_default_capabilities.move_action_capability]: Received request
[move_group-3] [INFO] [1791531406.574089093] [moveit_move_group_default_capabilities.move_action_capability]: executing..
[move_group-3] [INFO] [1791531406.590632923] [moveit_move_group_default_capabilities.move_action_capability]: Planning request received for MoveGroup action. Forwarding to planning pipeline.
[move_group-3] [INFO] [1791531406.591121446] [moveit.ompl_planning.model_based_planning_context]: Planner configuration 'right_arm[RRTConnectkConfigDefault]' will use planner 'geometric::RRTConnect'. Additional configuration parameters will be set when the planner is constructed.
[move_group-3] [INFO] [1791531406.632839748] [moveit_move_group_default_capabilities.move_action_capability]: Motion plan was computed successfully.
[move_group-3] [INFO] [1791531406.634292467] [moveit_move_group_default_capabilities.move_action_capability]: Received request
[move_group-3] [INFO] [1791531406.634361681] [moveit_move_group_default_capabilities.move_action_capability]: executing..
[move_group-3] [INFO] [1791531406.640964252] [moveit_move_group_default_capabilities.move_action_capability]: Planning request received for MoveGroup action. Forwarding to planning pipeline.
[move_group-3] [INFO] [1791531406.641448470] [moveit.ompl_planning.model_based_planning_context]: Planner configuration 'right_arm[RRTConnectkConfigDefault]' will use planner 'geometric::RRTConnect'. Additional configuration parameters will be set when the planner is constructed.
[move_group-3] [ERROR] [1791531406.696892706] [moveit.ros_planning.planning_pipeline]: Computed path is not valid. Invalid states at index locations: [ 86 87 88 ] out of 128. Explanations follow in command line. Contacts are published on /display_contacts
[move_group-3] [INFO] [1791531406.696948823] [moveit_collision_detection_fcl.collision_common]: Found a contact between 'task26_box_wall_deep' (type 'Object') and 'right_fr3_side_suction' (type 'Robot link'), which constitutes a collision. Contact information is not stored.
[move_group-3] [INFO] [1791531406.696955057] [moveit_collision_detection_fcl.collision_common]: Collision checking is considered complete (collision was found and 0 contacts are stored)
[move_group-3] [INFO] [1791531406.697149086] [moveit_collision_detection_fcl.collision_common]: Found a contact between 'task26_box_wall_deep' (type 'Object') and 'right_fr3_side_suction' (type 'Robot link'), which constitutes a collision. Contact information is not stored.
[move_group-3] [INFO] [1791531406.697155709] [moveit_collision_detection_fcl.collision_common]: Collision checking is considered complete (collision was found and 0 contacts are stored)
[move_group-3] [INFO] [1791531406.697215376] [moveit_collision_detection_fcl.collision_common]: Found a contact between 'task26_box_wall_deep' (type 'Object') and 'right_fr3_side_suction' (type 'Robot link'), which constitutes a collision. Contact information is not stored.
[move_group-3] [INFO] [1791531406.697219260] [moveit_collision_detection_fcl.collision_common]: Collision checking is considered complete (collision was found and 0 contacts are stored)
[move_group-3] [ERROR] [1791531406.697272029] [moveit.ros_planning.planning_pipeline]: Completed listing of explanations for invalid states.
[move_group-3] [INFO] [1791531406.697455470] [moveit_move_group_default_capabilities.move_action_capability]: Motion plan was found but it seems to be invalid (possibly due to postprocessing). Not executing.
[move_group-3] [INFO] [1791531407.000366499] [moveit_move_group_default_capabilities.cartersian_path_service_capability]: Received request to compute Cartesian path
[move_group-3] [INFO] [1791531407.000475256] [moveit_move_group_default_capabilities.cartersian_path_service_capability]: Attempting to follow 1 waypoints for link 'left_fr3_side_suction_tcp' using a step of 0.002000 m and jump threshold 0.000000 (in global reference frame)
[move_group-3] [INFO] [1791531407.044776698] [moveit_move_group_default_capabilities.cartersian_path_service_capability]: Computed Cartesian path with 141 points (followed 100.000000% of requested trajectory)
[move_group-3] [INFO] [1791531407.067216368] [moveit_move_group_default_capabilities.cartersian_path_service_capability]: Received request to compute Cartesian path
[move_group-3] [INFO] [1791531407.067305020] [moveit_move_group_default_capabilities.cartersian_path_service_capability]: Attempting to follow 1 waypoints for link 'left_fr3_side_suction_tcp' using a step of 0.002000 m and jump threshold 0.000000 (in global reference frame)
[move_group-3] [INFO] [1791531407.076753369] [moveit_move_group_default_capabilities.cartersian_path_service_capability]: Computed Cartesian path with 52 points (followed 100.000000% of requested trajectory)
[move_group-3] [INFO] [1791531407.335885617] [moveit_move_group_default_capabilities.move_action_capability]: Received request
[move_group-3] [INFO] [1791531407.335952400] [moveit_move_group_default_capabilities.move_action_capability]: executing..
[move_group-3] [INFO] [1791531407.340719733] [moveit_move_group_default_capabilities.move_action_capability]: Planning request received for MoveGroup action. Forwarding to planning pipeline.
[move_group-3] [INFO] [1791531407.341231349] [moveit.ompl_planning.model_based_planning_context]: Planner configuration 'right_arm[RRTConnectkConfigDefault]' will use planner 'geometric::RRTConnect'. Additional configuration parameters will be set when the planner is constructed.
[move_group-3] [INFO] [1791531407.384170346] [moveit_move_group_default_capabilities.move_action_capability]: Motion plan was computed successfully.
[move_group-3] [INFO] [1791531407.385524103] [moveit_move_group_default_capabilities.move_action_capability]: Received request
[move_group-3] [INFO] [1791531407.385568763] [moveit_move_group_default_capabilities.move_action_capability]: executing..
[move_group-3] [INFO] [1791531407.391476581] [moveit_move_group_default_capabilities.move_action_capability]: Planning request received for MoveGroup action. Forwarding to planning pipeline.
[move_group-3] [INFO] [1791531407.391895022] [moveit.ompl_planning.model_based_planning_context]: Planner configuration 'right_arm[RRTConnectkConfigDefault]' will use planner 'geometric::RRTConnect'. Additional configuration parameters will be set when the planner is constructed.
[move_group-3] [ERROR] [1791531407.461718394] [moveit.ros_planning.planning_pipeline]: Computed path is not valid. Invalid states at index locations: [ 45 81 82 ] out of 95. Explanations follow in command line. Contacts are published on /display_contacts
[move_group-3] [INFO] [1791531407.461772418] [moveit_collision_detection_fcl.collision_common]: Found a contact between 'task26_box_wall_deep' (type 'Object') and 'right_fr3_side_suction' (type 'Robot link'), which constitutes a collision. Contact information is not stored.
[move_group-3] [INFO] [1791531407.461778929] [moveit_collision_detection_fcl.collision_common]: Collision checking is considered complete (collision was found and 0 contacts are stored)
[move_group-3] [INFO] [1791531407.461927630] [moveit_collision_detection_fcl.collision_common]: Found a contact between 'task26_cube_1' (type 'Object') and 'right_fr3_side_suction' (type 'Robot link'), which constitutes a collision. Contact information is not stored.
[move_group-3] [INFO] [1791531407.461932597] [moveit_collision_detection_fcl.collision_common]: Collision checking is considered complete (collision was found and 0 contacts are stored)
[move_group-3] [INFO] [1791531407.461994844] [moveit_collision_detection_fcl.collision_common]: Found a contact between 'task26_cube_1' (type 'Object') and 'right_fr3_side_suction' (type 'Robot link'), which constitutes a collision. Contact information is not stored.
[move_group-3] [INFO] [1791531407.461998729] [moveit_collision_detection_fcl.collision_common]: Collision checking is considered complete (collision was found and 0 contacts are stored)
[move_group-3] [ERROR] [1791531407.462046173] [moveit.ros_planning.planning_pipeline]: Completed listing of explanations for invalid states.
[move_group-3] [INFO] [1791531407.462185528] [moveit_move_group_default_capabilities.move_action_capability]: Motion plan was found but it seems to be invalid (possibly due to postprocessing). Not executing.
[move_group-3] [INFO] [1791531407.463529646] [moveit_move_group_default_capabilities.move_action_capability]: Received request
[move_group-3] [INFO] [1791531407.463582411] [moveit_move_group_default_capabilities.move_action_capability]: executing..
[move_group-3] [INFO] [1791531407.467537960] [moveit_move_group_default_capabilities.move_action_capability]: Planning request received for MoveGroup action. Forwarding to planning pipeline.
[move_group-3] [INFO] [1791531407.467952433] [moveit.ompl_planning.model_based_planning_context]: Planner configuration 'right_arm[RRTConnectkConfigDefault]' will use planner 'geometric::RRTConnect'. Additional configuration parameters will be set when the planner is constructed.
[move_group-3] [INFO] [1791531407.522344729] [moveit_move_group_default_capabilities.move_action_capability]: Motion plan was computed successfully.
[move_group-3] [INFO] [1791531407.523660610] [moveit_move_group_default_capabilities.move_action_capability]: Received request
[move_group-3] [INFO] [1791531407.523706754] [moveit_move_group_default_capabilities.move_action_capability]: executing..
[move_group-3] [INFO] [1791531407.544702051] [moveit_move_group_default_capabilities.move_action_capability]: Planning request received for MoveGroup action. Forwarding to planning pipeline.
[move_group-3] [INFO] [1791531407.545322881] [moveit.ompl_planning.model_based_planning_context]: Planner configuration 'right_arm[RRTConnectkConfigDefault]' will use planner 'geometric::RRTConnect'. Additional configuration parameters will be set when the planner is constructed.
[move_group-3] [INFO] [1791531407.582817216] [moveit_move_group_default_capabilities.move_action_capability]: Motion plan was computed successfully.
[move_group-3] [INFO] [1791531407.584178072] [moveit_move_group_default_capabilities.move_action_capability]: Received request
[move_group-3] [INFO] [1791531407.584245696] [moveit_move_group_default_capabilities.move_action_capability]: executing..
[move_group-3] [INFO] [1791531407.596057977] [moveit_move_group_default_capabilities.move_action_capability]: Planning request received for MoveGroup action. Forwarding to planning pipeline.
[move_group-3] [INFO] [1791531407.596589861] [moveit.ompl_planning.model_based_planning_context]: Planner configuration 'right_arm[RRTConnectkConfigDefault]' will use planner 'geometric::RRTConnect'. Additional configuration parameters will be set when the planner is constructed.
[move_group-3] [ERROR] [1791531407.659419824] [moveit.ros_planning.planning_pipeline]: Computed path is not valid. Invalid states at index locations: [ 65 66 ] out of 73. Explanations follow in command line. Contacts are published on /display_contacts
[move_group-3] [INFO] [1791531407.659470038] [moveit_collision_detection_fcl.collision_common]: Found a contact between 'task26_cube_1' (type 'Object') and 'right_fr3_side_suction' (type 'Robot link'), which constitutes a collision. Contact information is not stored.
[move_group-3] [INFO] [1791531407.659476002] [moveit_collision_detection_fcl.collision_common]: Collision checking is considered complete (collision was found and 0 contacts are stored)
[move_group-3] [INFO] [1791531407.659587879] [moveit_collision_detection_fcl.collision_common]: Found a contact between 'task26_cube_1' (type 'Object') and 'right_fr3_side_suction' (type 'Robot link'), which constitutes a collision. Contact information is not stored.
[move_group-3] [INFO] [1791531407.659592309] [moveit_collision_detection_fcl.collision_common]: Collision checking is considered complete (collision was found and 0 contacts are stored)
[move_group-3] [ERROR] [1791531407.659640734] [moveit.ros_planning.planning_pipeline]: Completed listing of explanations for invalid states.
[move_group-3] [INFO] [1791531407.659744821] [moveit_move_group_default_capabilities.move_action_capability]: Motion plan was found but it seems to be invalid (possibly due to postprocessing). Not executing.
[move_group-3] [INFO] [1791531407.661197891] [moveit_move_group_default_capabilities.move_action_capability]: Received request
[move_group-3] [INFO] [1791531407.661254903] [moveit_move_group_default_capabilities.move_action_capability]: executing..
[move_group-3] [INFO] [1791531407.670309171] [moveit_move_group_default_capabilities.move_action_capability]: Planning request received for MoveGroup action. Forwarding to planning pipeline.
[move_group-3] [INFO] [1791531407.670871651] [moveit.ompl_planning.model_based_planning_context]: Planner configuration 'right_arm[RRTConnectkConfigDefault]' will use planner 'geometric::RRTConnect'. Additional configuration parameters will be set when the planner is constructed.
[move_group-3] [INFO] [1791531407.702412644] [moveit_move_group_default_capabilities.move_action_capability]: Motion plan was computed successfully.
[move_group-3] [INFO] [1791531407.703683663] [moveit_move_group_default_capabilities.move_action_capability]: Received request
[move_group-3] [INFO] [1791531407.703731385] [moveit_move_group_default_capabilities.move_action_capability]: executing..
[move_group-3] [INFO] [1791531407.704157011] [moveit_move_group_default_capabilities.move_action_capability]: Planning request received for MoveGroup action. Forwarding to planning pipeline.
[move_group-3] [INFO] [1791531407.704706623] [moveit.ompl_planning.model_based_planning_context]: Planner configuration 'right_arm[RRTConnectkConfigDefault]' will use planner 'geometric::RRTConnect'. Additional configuration parameters will be set when the planner is constructed.
[move_group-3] [INFO] [1791531407.768815455] [moveit_move_group_default_capabilities.move_action_capability]: Motion plan was computed successfully.
[move_group-3] [INFO] [1791531407.770157772] [moveit_move_group_default_capabilities.move_action_capability]: Received request
[move_group-3] [INFO] [1791531407.770206987] [moveit_move_group_default_capabilities.move_action_capability]: executing..
[move_group-3] [INFO] [1791531407.770691286] [moveit_move_group_default_capabilities.move_action_capability]: Planning request received for MoveGroup action. Forwarding to planning pipeline.
[move_group-3] [INFO] [1791531407.771089488] [moveit.ompl_planning.model_based_planning_context]: Planner configuration 'right_arm[RRTConnectkConfigDefault]' will use planner 'geometric::RRTConnect'. Additional configuration parameters will be set when the planner is constructed.
[move_group-3] [INFO] [1791531407.833053431] [moveit_move_group_default_capabilities.move_action_capability]: Motion plan was computed successfully.
[move_group-3] [INFO] [1791531407.834438202] [moveit_move_group_default_capabilities.move_action_capability]: Received request
[move_group-3] [INFO] [1791531407.834502255] [moveit_move_group_default_capabilities.move_action_capability]: executing..
[move_group-3] [INFO] [1791531407.845039652] [moveit_move_group_default_capabilities.move_action_capability]: Planning request received for MoveGroup action. Forwarding to planning pipeline.
[move_group-3] [INFO] [1791531407.845493462] [moveit.ompl_planning.model_based_planning_context]: Planner configuration 'right_arm[RRTConnectkConfigDefault]' will use planner 'geometric::RRTConnect'. Additional configuration parameters will be set when the planner is constructed.
[move_group-3] [INFO] [1791531407.901254541] [moveit_move_group_default_capabilities.move_action_capability]: Motion plan was computed successfully.
[move_group-3] [INFO] [1791531407.901995757] [moveit_move_group_default_capabilities.move_action_capability]: Received request
[move_group-3] [INFO] [1791531407.902059805] [moveit_move_group_default_capabilities.move_action_capability]: executing..
[move_group-3] [INFO] [1791531407.903822460] [moveit_move_group_default_capabilities.move_action_capability]: Planning request received for MoveGroup action. Forwarding to planning pipeline.
[move_group-3] [INFO] [1791531407.904231661] [moveit.ompl_planning.model_based_planning_context]: Planner configuration 'right_arm[RRTConnectkConfigDefault]' will use planner 'geometric::RRTConnect'. Additional configuration parameters will be set when the planner is constructed.
[move_group-3] [INFO] [1791531407.965062639] [moveit_move_group_default_capabilities.move_action_capability]: Motion plan was computed successfully.
[move_group-3] [INFO] [1791531407.966240986] [moveit_move_group_default_capabilities.move_action_capability]: Received request
[move_group-3] [INFO] [1791531407.966298562] [moveit_move_group_default_capabilities.move_action_capability]: executing..
[move_group-3] [INFO] [1791531407.970379765] [moveit_move_group_default_capabilities.move_action_capability]: Planning request received for MoveGroup action. Forwarding to planning pipeline.
[move_group-3] [INFO] [1791531407.970810892] [moveit.ompl_planning.model_based_planning_context]: Planner configuration 'right_arm[RRTConnectkConfigDefault]' will use planner 'geometric::RRTConnect'. Additional configuration parameters will be set when the planner is constructed.
[move_group-3] [INFO] [1791531408.015056384] [moveit_move_group_default_capabilities.move_action_capability]: Motion plan was computed successfully.
[move_group-3] [INFO] [1791531408.016288161] [moveit_move_group_default_capabilities.move_action_capability]: Received request
[move_group-3] [INFO] [1791531408.016334013] [moveit_move_group_default_capabilities.move_action_capability]: executing..
[move_group-3] [INFO] [1791531408.020470724] [moveit_move_group_default_capabilities.move_action_capability]: Planning request received for MoveGroup action. Forwarding to planning pipeline.
[move_group-3] [INFO] [1791531408.020904225] [moveit.ompl_planning.model_based_planning_context]: Planner configuration 'right_arm[RRTConnectkConfigDefault]' will use planner 'geometric::RRTConnect'. Additional configuration parameters will be set when the planner is constructed.
[move_group-3] [INFO] [1791531408.084366722] [moveit_move_group_default_capabilities.move_action_capability]: Motion plan was computed successfully.
[move_group-3] [INFO] [1791531408.086121859] [moveit_move_group_default_capabilities.move_action_capability]: Received request
[move_group-3] [INFO] [1791531408.086176492] [moveit_move_group_default_capabilities.move_action_capability]: executing..
[move_group-3] [INFO] [1791531408.094254959] [moveit_move_group_default_capabilities.move_action_capability]: Planning request received for MoveGroup action. Forwarding to planning pipeline.
[move_group-3] [INFO] [1791531408.094694939] [moveit.ompl_planning.model_based_planning_context]: Planner configuration 'right_arm[RRTConnectkConfigDefault]' will use planner 'geometric::RRTConnect'. Additional configuration parameters will be set when the planner is constructed.
[move_group-3] [INFO] [1791531408.128545302] [moveit_move_group_default_capabilities.move_action_capability]: Motion plan was computed successfully.
[move_group-3] [INFO] [1791531408.129305714] [moveit_move_group_default_capabilities.move_action_capability]: Received request
[move_group-3] [INFO] [1791531408.129357684] [moveit_move_group_default_capabilities.move_action_capability]: executing..
[move_group-3] [INFO] [1791531408.147043127] [moveit_move_group_default_capabilities.move_action_capability]: Planning request received for MoveGroup action. Forwarding to planning pipeline.
[move_group-3] [INFO] [1791531408.147518316] [moveit.ompl_planning.model_based_planning_context]: Planner configuration 'right_arm[RRTConnectkConfigDefault]' will use planner 'geometric::RRTConnect'. Additional configuration parameters will be set when the planner is constructed.
[move_group-3] [INFO] [1791531408.181228017] [moveit_move_group_default_capabilities.move_action_capability]: Motion plan was computed successfully.
[move_group-3] [INFO] [1791531408.182167285] [moveit_move_group_default_capabilities.move_action_capability]: Received request
[move_group-3] [INFO] [1791531408.182209921] [moveit_move_group_default_capabilities.move_action_capability]: executing..
[move_group-3] [INFO] [1791531408.195034469] [moveit_move_group_default_capabilities.move_action_capability]: Planning request received for MoveGroup action. Forwarding to planning pipeline.
[move_group-3] [INFO] [1791531408.195486026] [moveit.ompl_planning.model_based_planning_context]: Planner configuration 'right_arm[RRTConnectkConfigDefault]' will use planner 'geometric::RRTConnect'. Additional configuration parameters will be set when the planner is constructed.
[move_group-3] [INFO] [1791531408.260877924] [moveit_move_group_default_capabilities.move_action_capability]: Motion plan was computed successfully.
[move_group-3] [INFO] [1791531408.262192899] [moveit_move_group_default_capabilities.move_action_capability]: Received request
[move_group-3] [INFO] [1791531408.262270703] [moveit_move_group_default_capabilities.move_action_capability]: executing..
[move_group-3] [INFO] [1791531408.270994500] [moveit_move_group_default_capabilities.move_action_capability]: Planning request received for MoveGroup action. Forwarding to planning pipeline.
[move_group-3] [INFO] [1791531408.271420000] [moveit.ompl_planning.model_based_planning_context]: Planner configuration 'right_arm[RRTConnectkConfigDefault]' will use planner 'geometric::RRTConnect'. Additional configuration parameters will be set when the planner is constructed.
[move_group-3] [ERROR] [1791531408.325801247] [moveit.ros_planning.planning_pipeline]: Computed path is not valid. Invalid states at index locations: [ 80 ] out of 87. Explanations follow in command line. Contacts are published on /display_contacts
[move_group-3] [INFO] [1791531408.325836019] [moveit_collision_detection_fcl.collision_common]: Found a contact between 'task26_cube_1' (type 'Object') and 'right_fr3_side_suction' (type 'Robot link'), which constitutes a collision. Contact information is not stored.
[move_group-3] [INFO] [1791531408.325841609] [moveit_collision_detection_fcl.collision_common]: Collision checking is considered complete (collision was found and 0 contacts are stored)
[move_group-3] [ERROR] [1791531408.325961844] [moveit.ros_planning.planning_pipeline]: Completed listing of explanations for invalid states.
[move_group-3] [INFO] [1791531408.326075044] [moveit_move_group_default_capabilities.move_action_capability]: Motion plan was found but it seems to be invalid (possibly due to postprocessing). Not executing.
[move_group-3] [INFO] [1791531408.326600274] [moveit_move_group_default_capabilities.move_action_capability]: Received request
[move_group-3] [INFO] [1791531408.326660599] [moveit_move_group_default_capabilities.move_action_capability]: executing..
[move_group-3] [INFO] [1791531408.344819397] [moveit_move_group_default_capabilities.move_action_capability]: Planning request received for MoveGroup action. Forwarding to planning pipeline.
[move_group-3] [INFO] [1791531408.345392314] [moveit.ompl_planning.model_based_planning_context]: Planner configuration 'right_arm[RRTConnectkConfigDefault]' will use planner 'geometric::RRTConnect'. Additional configuration parameters will be set when the planner is constructed.
[move_group-3] [INFO] [1791531408.387123936] [moveit_move_group_default_capabilities.move_action_capability]: Motion plan was computed successfully.
[move_group-3] [INFO] [1791531408.388793536] [moveit_move_group_default_capabilities.move_action_capability]: Received request
[move_group-3] [INFO] [1791531408.388850793] [moveit_move_group_default_capabilities.move_action_capability]: executing..
[move_group-3] [INFO] [1791531408.395316252] [moveit_move_group_default_capabilities.move_action_capability]: Planning request received for MoveGroup action. Forwarding to planning pipeline.
[move_group-3] [INFO] [1791531408.395751227] [moveit.ompl_planning.model_based_planning_context]: Planner configuration 'right_arm[RRTConnectkConfigDefault]' will use planner 'geometric::RRTConnect'. Additional configuration parameters will be set when the planner is constructed.
[move_group-3] [INFO] [1791531408.430251914] [moveit_move_group_default_capabilities.move_action_capability]: Motion plan was computed successfully.
[move_group-3] [INFO] [1791531408.431021358] [moveit_move_group_default_capabilities.move_action_capability]: Received request
[move_group-3] [INFO] [1791531408.431061884] [moveit_move_group_default_capabilities.move_action_capability]: executing..
[move_group-3] [INFO] [1791531408.445094114] [moveit_move_group_default_capabilities.move_action_capability]: Planning request received for MoveGroup action. Forwarding to planning pipeline.
[move_group-3] [INFO] [1791531408.445581807] [moveit.ompl_planning.model_based_planning_context]: Planner configuration 'right_arm[RRTConnectkConfigDefault]' will use planner 'geometric::RRTConnect'. Additional configuration parameters will be set when the planner is constructed.
[move_group-3] [INFO] [1791531408.477010035] [moveit_move_group_default_capabilities.move_action_capability]: Motion plan was computed successfully.
[move_group-3] [INFO] [1791531408.477531951] [moveit_move_group_default_capabilities.move_action_capability]: Received request
[move_group-3] [INFO] [1791531408.477586061] [moveit_move_group_default_capabilities.move_action_capability]: executing..
[move_group-3] [INFO] [1791531408.495074985] [moveit_move_group_default_capabilities.move_action_capability]: Planning request received for MoveGroup action. Forwarding to planning pipeline.
[move_group-3] [INFO] [1791531408.495687815] [moveit.ompl_planning.model_based_planning_context]: Planner configuration 'right_arm[RRTConnectkConfigDefault]' will use planner 'geometric::RRTConnect'. Additional configuration parameters will be set when the planner is constructed.
[move_group-3] [INFO] [1791531408.540555170] [moveit_move_group_default_capabilities.move_action_capability]: Motion plan was computed successfully.
[move_group-3] [INFO] [1791531408.542013049] [moveit_move_group_default_capabilities.move_action_capability]: Received request
[move_group-3] [INFO] [1791531408.542074335] [moveit_move_group_default_capabilities.move_action_capability]: executing..
[move_group-3] [INFO] [1791531408.545467611] [moveit_move_group_default_capabilities.move_action_capability]: Planning request received for MoveGroup action. Forwarding to planning pipeline.
[move_group-3] [INFO] [1791531408.545979840] [moveit.ompl_planning.model_based_planning_context]: Planner configuration 'right_arm[RRTConnectkConfigDefault]' will use planner 'geometric::RRTConnect'. Additional configuration parameters will be set when the planner is constructed.
[move_group-3] [INFO] [1791531408.590023517] [moveit_move_group_default_capabilities.move_action_capability]: Motion plan was computed successfully.
[move_group-3] [INFO] [1791531408.590579554] [moveit_move_group_default_capabilities.move_action_capability]: Received request
[move_group-3] [INFO] [1791531408.590633307] [moveit_move_group_default_capabilities.move_action_capability]: executing..
[move_group-3] [INFO] [1791531408.595081393] [moveit_move_group_default_capabilities.move_action_capability]: Planning request received for MoveGroup action. Forwarding to planning pipeline.
[move_group-3] [INFO] [1791531408.595594618] [moveit.ompl_planning.model_based_planning_context]: Planner configuration 'right_arm[RRTConnectkConfigDefault]' will use planner 'geometric::RRTConnect'. Additional configuration parameters will be set when the planner is constructed.
[move_group-3] [INFO] [1791531408.642249893] [moveit_move_group_default_capabilities.move_action_capability]: Motion plan was computed successfully.
[move_group-3] [INFO] [1791531408.643403754] [moveit_move_group_default_capabilities.move_action_capability]: Received request
[move_group-3] [INFO] [1791531408.643455103] [moveit_move_group_default_capabilities.move_action_capability]: executing..
[move_group-3] [INFO] [1791531408.645035442] [moveit_move_group_default_capabilities.move_action_capability]: Planning request received for MoveGroup action. Forwarding to planning pipeline.
[move_group-3] [INFO] [1791531408.645515277] [moveit.ompl_planning.model_based_planning_context]: Planner configuration 'right_arm[RRTConnectkConfigDefault]' will use planner 'geometric::RRTConnect'. Additional configuration parameters will be set when the planner is constructed.
[move_group-3] [INFO] [1791531408.699542250] [moveit_move_group_default_capabilities.move_action_capability]: Motion plan was computed successfully.
[move_group-3] [INFO] [1791531408.700372419] [moveit_move_group_default_capabilities.move_action_capability]: Received request
[move_group-3] [INFO] [1791531408.700414473] [moveit_move_group_default_capabilities.move_action_capability]: executing..
[move_group-3] [INFO] [1791531408.705400102] [moveit_move_group_default_capabilities.move_action_capability]: Planning request received for MoveGroup action. Forwarding to planning pipeline.
[move_group-3] [INFO] [1791531408.705911423] [moveit.ompl_planning.model_based_planning_context]: Planner configuration 'right_arm[RRTConnectkConfigDefault]' will use planner 'geometric::RRTConnect'. Additional configuration parameters will be set when the planner is constructed.
[move_group-3] [INFO] [1791531408.765131360] [moveit_move_group_default_capabilities.move_action_capability]: Motion plan was computed successfully.
[move_group-3] [INFO] [1791531409.046330270] [moveit_move_group_default_capabilities.cartersian_path_service_capability]: Received request to compute Cartesian path
[move_group-3] [INFO] [1791531409.046414127] [moveit_move_group_default_capabilities.cartersian_path_service_capability]: Attempting to follow 1 waypoints for link 'right_fr3_side_suction_tcp' using a step of 0.002000 m and jump threshold 0.000000 (in global reference frame)
[move_group-3] [INFO] [1791531409.049437811] [moveit_move_group_default_capabilities.cartersian_path_service_capability]: Computed Cartesian path with 21 points (followed 100.000000% of requested trajectory)
[move_group-3] [INFO] [1791531409.055577655] [moveit_move_group_default_capabilities.cartersian_path_service_capability]: Received request to compute Cartesian path
[move_group-3] [INFO] [1791531409.055654494] [moveit_move_group_default_capabilities.cartersian_path_service_capability]: Attempting to follow 1 waypoints for link 'left_fr3_side_suction_tcp' using a step of 0.002000 m and jump threshold 0.000000 (in global reference frame)
[move_group-3] [INFO] [1791531409.076560860] [moveit_move_group_default_capabilities.cartersian_path_service_capability]: Computed Cartesian path with 141 points (followed 100.000000% of requested trajectory)
[move_group-3] [INFO] [1791531409.096021422] [moveit_move_group_default_capabilities.cartersian_path_service_capability]: Received request to compute Cartesian path
[move_group-3] [INFO] [1791531409.096079124] [moveit_move_group_default_capabilities.cartersian_path_service_capability]: Attempting to follow 1 waypoints for link 'right_fr3_side_suction_tcp' using a step of 0.002000 m and jump threshold 0.000000 (in global reference frame)
[move_group-3] [INFO] [1791531409.117356552] [moveit_move_group_default_capabilities.cartersian_path_service_capability]: Computed Cartesian path with 141 points (followed 100.000000% of requested trajectory)
[move_group-3] [INFO] [1791531409.146665859] [moveit_move_group_default_capabilities.cartersian_path_service_capability]: Received request to compute Cartesian path
[move_group-3] [INFO] [1791531409.146724598] [moveit_move_group_default_capabilities.cartersian_path_service_capability]: Attempting to follow 1 waypoints for link 'left_fr3_side_suction_tcp' using a step of 0.002000 m and jump threshold 0.000000 (in global reference frame)
[move_group-3] [INFO] [1791531409.170178615] [moveit_move_group_default_capabilities.cartersian_path_service_capability]: Computed Cartesian path with 136 points (followed 100.000000% of requested trajectory)
[move_group-3] [INFO] [1791531409.172240986] [moveit_move_group_default_capabilities.cartersian_path_service_capability]: Received request to compute Cartesian path
[move_group-3] [INFO] [1791531409.172313071] [moveit_move_group_default_capabilities.cartersian_path_service_capability]: Attempting to follow 1 waypoints for link 'right_fr3_side_suction_tcp' using a step of 0.002000 m and jump threshold 0.000000 (in global reference frame)
[move_group-3] [INFO] [1791531409.186999917] [moveit_move_group_default_capabilities.cartersian_path_service_capability]: Computed Cartesian path with 136 points (followed 100.000000% of requested trajectory)
[move_group-3] [INFO] [1791531409.205778085] [moveit_move_group_default_capabilities.cartersian_path_service_capability]: Received request to compute Cartesian path
[move_group-3] [INFO] [1791531409.205852102] [moveit_move_group_default_capabilities.cartersian_path_service_capability]: Attempting to follow 1 waypoints for link 'left_fr3_side_suction_tcp' using a step of 0.002000 m and jump threshold 0.000000 (in global reference frame)
[move_group-3] [INFO] [1791531409.209886615] [moveit_move_group_default_capabilities.cartersian_path_service_capability]: Computed Cartesian path with 32 points (followed 100.000000% of requested trajectory)
[move_group-3] [INFO] [1791531409.222545022] [moveit_move_group_default_capabilities.cartersian_path_service_capability]: Received request to compute Cartesian path
[move_group-3] [INFO] [1791531409.222650567] [moveit_move_group_default_capabilities.cartersian_path_service_capability]: Attempting to follow 1 waypoints for link 'right_fr3_side_suction_tcp' using a step of 0.002000 m and jump threshold 0.000000 (in global reference frame)
[move_group-3] [INFO] [1791531409.225991971] [moveit_move_group_default_capabilities.cartersian_path_service_capability]: Computed Cartesian path with 31 points (followed 100.000000% of requested trajectory)
[move_group-3] [INFO] [1791531409.246766176] [moveit_move_group_default_capabilities.cartersian_path_service_capability]: Received request to compute Cartesian path
[move_group-3] [INFO] [1791531409.246857629] [moveit_move_group_default_capabilities.cartersian_path_service_capability]: Attempting to follow 1 waypoints for link 'left_fr3_side_suction_tcp' using a step of 0.002000 m and jump threshold 0.000000 (in global reference frame)
[move_group-3] [INFO] [1791531409.263642674] [moveit_move_group_default_capabilities.cartersian_path_service_capability]: Computed Cartesian path with 132 points (followed 100.000000% of requested trajectory)
[move_group-3] [INFO] [1791531409.272502269] [moveit_move_group_default_capabilities.cartersian_path_service_capability]: Received request to compute Cartesian path
[move_group-3] [INFO] [1791531409.272575319] [moveit_move_group_default_capabilities.cartersian_path_service_capability]: Attempting to follow 1 waypoints for link 'right_fr3_side_suction_tcp' using a step of 0.002000 m and jump threshold 0.000000 (in global reference frame)
[move_group-3] [INFO] [1791531409.286864094] [moveit_move_group_default_capabilities.cartersian_path_service_capability]: Computed Cartesian path with 132 points (followed 100.000000% of requested trajectory)
[move_group-3] [INFO] [1791531409.305774394] [moveit_move_group_default_capabilities.cartersian_path_service_capability]: Received request to compute Cartesian path
[move_group-3] [INFO] [1791531409.305843652] [moveit_move_group_default_capabilities.cartersian_path_service_capability]: Attempting to follow 1 waypoints for link 'left_fr3_side_suction_tcp' using a step of 0.002000 m and jump threshold 0.000000 (in global reference frame)
[move_group-3] [INFO] [1791531409.307014777] [moveit_move_group_default_capabilities.cartersian_path_service_capability]: Computed Cartesian path with 11 points (followed 100.000000% of requested trajectory)
[move_group-3] [INFO] [1791531409.322601136] [moveit_move_group_default_capabilities.cartersian_path_service_capability]: Received request to compute Cartesian path
[move_group-3] [INFO] [1791531409.322656593] [moveit_move_group_default_capabilities.cartersian_path_service_capability]: Attempting to follow 1 waypoints for link 'right_fr3_side_suction_tcp' using a step of 0.002000 m and jump threshold 0.000000 (in global reference frame)
[move_group-3] [INFO] [1791531409.323851255] [moveit_move_group_default_capabilities.cartersian_path_service_capability]: Computed Cartesian path with 12 points (followed 100.000000% of requested trajectory)
[move_group-3] [INFO] [1791531409.346590882] [moveit_move_group_default_capabilities.cartersian_path_service_capability]: Received request to compute Cartesian path
[move_group-3] [INFO] [1791531409.346692292] [moveit_move_group_default_capabilities.cartersian_path_service_capability]: Attempting to follow 1 waypoints for link 'left_fr3_side_suction_tcp' using a step of 0.002000 m and jump threshold 0.000000 (in global reference frame)
[move_group-3] [INFO] [1791531409.399920713] [moveit_move_group_default_capabilities.cartersian_path_service_capability]: Computed Cartesian path with 220 points (followed 100.000000% of requested trajectory)
[move_group-3] [INFO] [1791531409.405910714] [moveit_move_group_default_capabilities.cartersian_path_service_capability]: Received request to compute Cartesian path
[move_group-3] [INFO] [1791531409.405963876] [moveit_move_group_default_capabilities.cartersian_path_service_capability]: Attempting to follow 1 waypoints for link 'right_fr3_side_suction_tcp' using a step of 0.002000 m and jump threshold 0.000000 (in global reference frame)
[move_group-3] [INFO] [1791531409.427963554] [moveit_move_group_default_capabilities.cartersian_path_service_capability]: Computed Cartesian path with 141 points (followed 100.000000% of requested trajectory)
[move_group-3] [INFO] [1791531409.455940832] [moveit_move_group_default_capabilities.cartersian_path_service_capability]: Received request to compute Cartesian path
[move_group-3] [INFO] [1791531409.456017030] [moveit_move_group_default_capabilities.cartersian_path_service_capability]: Attempting to follow 1 waypoints for link 'left_fr3_side_suction_tcp' using a step of 0.002000 m and jump threshold 0.000000 (in global reference frame)
[move_group-3] [INFO] [1791531409.456085540] [moveit_move_group_default_capabilities.cartersian_path_service_capability]: Computed Cartesian path with 2 points (followed 100.000000% of requested trajectory)
[move_group-3] [INFO] [1791531409.472634659] [moveit_move_group_default_capabilities.cartersian_path_service_capability]: Received request to compute Cartesian path
[move_group-3] [INFO] [1791531409.472690129] [moveit_move_group_default_capabilities.cartersian_path_service_capability]: Attempting to follow 1 waypoints for link 'right_fr3_side_suction_tcp' using a step of 0.002000 m and jump threshold 0.000000 (in global reference frame)
[move_group-3] [INFO] [1791531409.483244913] [moveit_move_group_default_capabilities.cartersian_path_service_capability]: Computed Cartesian path with 97 points (followed 100.000000% of requested trajectory)
[move_group-3] [INFO] [1791531409.746295379] [moveit_move_group_default_capabilities.move_action_capability]: Received request
[move_group-3] [INFO] [1791531409.746414278] [moveit_move_group_default_capabilities.move_action_capability]: executing..
[move_group-3] [INFO] [1791531409.755765197] [moveit_move_group_default_capabilities.move_action_capability]: Planning request received for MoveGroup action. Forwarding to planning pipeline.
[move_group-3] [INFO] [1791531409.756254588] [moveit.ompl_planning.model_based_planning_context]: Planner configuration 'right_arm[RRTConnectkConfigDefault]' will use planner 'geometric::RRTConnect'. Additional configuration parameters will be set when the planner is constructed.
[move_group-3] [ERROR] [1791531409.847174130] [moveit.ros_planning.planning_pipeline]: Computed path is not valid. Invalid states at index locations: [ 120 121 122 ] out of 125. Explanations follow in command line. Contacts are published on /display_contacts
[move_group-3] [INFO] [1791531409.847210491] [moveit_collision_detection_fcl.collision_common]: Found a contact between 'task26_cube_1' (type 'Object') and 'right_fr3_side_suction' (type 'Robot link'), which constitutes a collision. Contact information is not stored.
[move_group-3] [INFO] [1791531409.847216152] [moveit_collision_detection_fcl.collision_common]: Collision checking is considered complete (collision was found and 0 contacts are stored)
[move_group-3] [INFO] [1791531409.847375416] [moveit_collision_detection_fcl.collision_common]: Found a contact between 'task26_cube_1' (type 'Object') and 'right_fr3_side_suction' (type 'Robot link'), which constitutes a collision. Contact information is not stored.
[move_group-3] [INFO] [1791531409.847380139] [moveit_collision_detection_fcl.collision_common]: Collision checking is considered complete (collision was found and 0 contacts are stored)
[move_group-3] [INFO] [1791531409.847439002] [moveit_collision_detection_fcl.collision_common]: Found a contact between 'task26_cube_1' (type 'Object') and 'right_fr3_side_suction' (type 'Robot link'), which constitutes a collision. Contact information is not stored.
[move_group-3] [INFO] [1791531409.847442784] [moveit_collision_detection_fcl.collision_common]: Collision checking is considered complete (collision was found and 0 contacts are stored)
[move_group-3] [ERROR] [1791531409.847502172] [moveit.ros_planning.planning_pipeline]: Completed listing of explanations for invalid states.
[move_group-3] [INFO] [1791531409.847770154] [moveit_move_group_default_capabilities.move_action_capability]: Motion plan was found but it seems to be invalid (possibly due to postprocessing). Not executing.
[move_group-3] [INFO] [1791531409.849307431] [moveit_move_group_default_capabilities.move_action_capability]: Received request
[move_group-3] [INFO] [1791531409.849361971] [moveit_move_group_default_capabilities.move_action_capability]: executing..
[move_group-3] [INFO] [1791531409.855828656] [moveit_move_group_default_capabilities.move_action_capability]: Planning request received for MoveGroup action. Forwarding to planning pipeline.
[move_group-3] [INFO] [1791531409.856286812] [moveit.ompl_planning.model_based_planning_context]: Planner configuration 'right_arm[RRTConnectkConfigDefault]' will use planner 'geometric::RRTConnect'. Additional configuration parameters will be set when the planner is constructed.
[move_group-3] [INFO] [1791531409.903253905] [moveit_move_group_default_capabilities.move_action_capability]: Motion plan was computed successfully.
[move_group-3] [INFO] [1791531409.904198714] [moveit_move_group_default_capabilities.move_action_capability]: Received request
[move_group-3] [INFO] [1791531409.904254273] [moveit_move_group_default_capabilities.move_action_capability]: executing..
[move_group-3] [INFO] [1791531409.906171481] [moveit_move_group_default_capabilities.move_action_capability]: Planning request received for MoveGroup action. Forwarding to planning pipeline.
[move_group-3] [INFO] [1791531409.906631741] [moveit.ompl_planning.model_based_planning_context]: Planner configuration 'right_arm[RRTConnectkConfigDefault]' will use planner 'geometric::RRTConnect'. Additional configuration parameters will be set when the planner is constructed.
[move_group-3] [INFO] [1791531409.972958326] [moveit_move_group_default_capabilities.move_action_capability]: Motion plan was computed successfully.
[move_group-3] [INFO] [1791531409.973802185] [moveit_move_group_default_capabilities.move_action_capability]: Received request
[move_group-3] [INFO] [1791531409.973888414] [moveit_move_group_default_capabilities.move_action_capability]: executing..
[move_group-3] [INFO] [1791531409.996627936] [moveit_move_group_default_capabilities.move_action_capability]: Planning request received for MoveGroup action. Forwarding to planning pipeline.
[move_group-3] [INFO] [1791531409.997109672] [moveit.ompl_planning.model_based_planning_context]: Planner configuration 'right_arm[RRTConnectkConfigDefault]' will use planner 'geometric::RRTConnect'. Additional configuration parameters will be set when the planner is constructed.
[move_group-3] [INFO] [1791531410.086054543] [moveit_move_group_default_capabilities.move_action_capability]: Motion plan was computed successfully.
[move_group-3] [INFO] [1791531410.087468460] [moveit_move_group_default_capabilities.move_action_capability]: Received request
[move_group-3] [INFO] [1791531410.087528746] [moveit_move_group_default_capabilities.move_action_capability]: executing..
[move_group-3] [INFO] [1791531410.096700266] [moveit_move_group_default_capabilities.move_action_capability]: Planning request received for MoveGroup action. Forwarding to planning pipeline.
[move_group-3] [INFO] [1791531410.097148768] [moveit.ompl_planning.model_based_planning_context]: Planner configuration 'right_arm[RRTConnectkConfigDefault]' will use planner 'geometric::RRTConnect'. Additional configuration parameters will be set when the planner is constructed.
[move_group-3] [INFO] [1791531410.147884652] [moveit_move_group_default_capabilities.move_action_capability]: Motion plan was computed successfully.
[move_group-3] [INFO] [1791531410.148730199] [moveit_move_group_default_capabilities.move_action_capability]: Received request
[move_group-3] [INFO] [1791531410.148794947] [moveit_move_group_default_capabilities.move_action_capability]: executing..
[move_group-3] [INFO] [1791531410.155862563] [moveit_move_group_default_capabilities.move_action_capability]: Planning request received for MoveGroup action. Forwarding to planning pipeline.
[move_group-3] [INFO] [1791531410.156314103] [moveit.ompl_planning.model_based_planning_context]: Planner configuration 'right_arm[RRTConnectkConfigDefault]' will use planner 'geometric::RRTConnect'. Additional configuration parameters will be set when the planner is constructed.
[move_group-3] [INFO] [1791531410.261857917] [moveit_move_group_default_capabilities.move_action_capability]: Motion plan was computed successfully.
[move_group-3] [INFO] [1791531410.262616948] [moveit_move_group_default_capabilities.move_action_capability]: Received request
[move_group-3] [INFO] [1791531410.262659872] [moveit_move_group_default_capabilities.move_action_capability]: executing..
[move_group-3] [INFO] [1791531410.272792306] [moveit_move_group_default_capabilities.move_action_capability]: Planning request received for MoveGroup action. Forwarding to planning pipeline.
[move_group-3] [INFO] [1791531410.273228014] [moveit.ompl_planning.model_based_planning_context]: Planner configuration 'right_arm[RRTConnectkConfigDefault]' will use planner 'geometric::RRTConnect'. Additional configuration parameters will be set when the planner is constructed.
[move_group-3] [INFO] [1791531410.331821701] [moveit_move_group_default_capabilities.move_action_capability]: Motion plan was computed successfully.
[move_group-3] [INFO] [1791531410.333211285] [moveit_move_group_default_capabilities.move_action_capability]: Received request
[move_group-3] [INFO] [1791531410.333274086] [moveit_move_group_default_capabilities.move_action_capability]: executing..
[move_group-3] [INFO] [1791531410.346996418] [moveit_move_group_default_capabilities.move_action_capability]: Planning request received for MoveGroup action. Forwarding to planning pipeline.
[move_group-3] [INFO] [1791531410.347457236] [moveit.ompl_planning.model_based_planning_context]: Planner configuration 'right_arm[RRTConnectkConfigDefault]' will use planner 'geometric::RRTConnect'. Additional configuration parameters will be set when the planner is constructed.
[move_group-3] [ERROR] [1791531410.417841431] [moveit.ros_planning.planning_pipeline]: Computed path is not valid. Invalid states at index locations: [ 126 127 128 129 ] out of 131. Explanations follow in command line. Contacts are published on /display_contacts
[move_group-3] [INFO] [1791531410.417885386] [moveit_collision_detection_fcl.collision_common]: Found a contact between 'task26_cube_1' (type 'Object') and 'right_fr3_side_suction' (type 'Robot link'), which constitutes a collision. Contact information is not stored.
[move_group-3] [INFO] [1791531410.417891562] [moveit_collision_detection_fcl.collision_common]: Collision checking is considered complete (collision was found and 0 contacts are stored)
[move_group-3] [INFO] [1791531410.418050863] [moveit_collision_detection_fcl.collision_common]: Found a contact between 'task26_cube_1' (type 'Object') and 'right_fr3_side_suction' (type 'Robot link'), which constitutes a collision. Contact information is not stored.
[move_group-3] [INFO] [1791531410.418055575] [moveit_collision_detection_fcl.collision_common]: Collision checking is considered complete (collision was found and 0 contacts are stored)
[move_group-3] [INFO] [1791531410.418144504] [moveit_collision_detection_fcl.collision_common]: Found a contact between 'task26_cube_1' (type 'Object') and 'right_fr3_side_suction' (type 'Robot link'), which constitutes a collision. Contact information is not stored.
[move_group-3] [INFO] [1791531410.418150617] [moveit_collision_detection_fcl.collision_common]: Collision checking is considered complete (collision was found and 0 contacts are stored)
[move_group-3] [INFO] [1791531410.418225788] [moveit_collision_detection_fcl.collision_common]: Found a contact between 'task26_cube_1' (type 'Object') and 'right_fr3_side_suction' (type 'Robot link'), which constitutes a collision. Contact information is not stored.
[move_group-3] [INFO] [1791531410.418230367] [moveit_collision_detection_fcl.collision_common]: Collision checking is considered complete (collision was found and 0 contacts are stored)
[move_group-3] [ERROR] [1791531410.418287287] [moveit.ros_planning.planning_pipeline]: Completed listing of explanations for invalid states.
[move_group-3] [INFO] [1791531410.418458615] [moveit_move_group_default_capabilities.move_action_capability]: Motion plan was found but it seems to be invalid (possibly due to postprocessing). Not executing.
[move_group-3] [INFO] [1791531410.423041600] [moveit_move_group_default_capabilities.move_action_capability]: Received request
[move_group-3] [INFO] [1791531410.423125052] [moveit_move_group_default_capabilities.move_action_capability]: executing..
[move_group-3] [INFO] [1791531410.446917873] [moveit_move_group_default_capabilities.move_action_capability]: Planning request received for MoveGroup action. Forwarding to planning pipeline.
[move_group-3] [INFO] [1791531410.447444747] [moveit.ompl_planning.model_based_planning_context]: Planner configuration 'right_arm[RRTConnectkConfigDefault]' will use planner 'geometric::RRTConnect'. Additional configuration parameters will be set when the planner is constructed.
[move_group-3] [ERROR] [1791531410.587837635] [moveit.ros_planning.planning_pipeline]: Computed path is not valid. Invalid states at index locations: [ 119 120 121 122 ] out of 124. Explanations follow in command line. Contacts are published on /display_contacts
[move_group-3] [INFO] [1791531410.587882820] [moveit_collision_detection_fcl.collision_common]: Found a contact between 'task26_cube_1' (type 'Object') and 'right_fr3_side_suction' (type 'Robot link'), which constitutes a collision. Contact information is not stored.
[move_group-3] [INFO] [1791531410.587889757] [moveit_collision_detection_fcl.collision_common]: Collision checking is considered complete (collision was found and 0 contacts are stored)
[move_group-3] [INFO] [1791531410.588084312] [moveit_collision_detection_fcl.collision_common]: Found a contact between 'task26_cube_1' (type 'Object') and 'right_fr3_side_suction' (type 'Robot link'), which constitutes a collision. Contact information is not stored.
[move_group-3] [INFO] [1791531410.588092850] [moveit_collision_detection_fcl.collision_common]: Collision checking is considered complete (collision was found and 0 contacts are stored)
[move_group-3] [INFO] [1791531410.588195660] [moveit_collision_detection_fcl.collision_common]: Found a contact between 'task26_cube_1' (type 'Object') and 'right_fr3_side_suction' (type 'Robot link'), which constitutes a collision. Contact information is not stored.
[move_group-3] [INFO] [1791531410.588203165] [moveit_collision_detection_fcl.collision_common]: Collision checking is considered complete (collision was found and 0 contacts are stored)
[move_group-3] [INFO] [1791531410.588296339] [moveit_collision_detection_fcl.collision_common]: Found a contact between 'task26_cube_1' (type 'Object') and 'right_fr3_side_suction' (type 'Robot link'), which constitutes a collision. Contact information is not stored.
[move_group-3] [INFO] [1791531410.588302415] [moveit_collision_detection_fcl.collision_common]: Collision checking is considered complete (collision was found and 0 contacts are stored)
[move_group-3] [ERROR] [1791531410.588381560] [moveit.ros_planning.planning_pipeline]: Completed listing of explanations for invalid states.
[move_group-3] [INFO] [1791531410.588657605] [moveit_move_group_default_capabilities.move_action_capability]: Motion plan was found but it seems to be invalid (possibly due to postprocessing). Not executing.
[move_group-3] [INFO] [1791531410.590290209] [moveit_move_group_default_capabilities.move_action_capability]: Received request
[move_group-3] [INFO] [1791531410.590358723] [moveit_move_group_default_capabilities.move_action_capability]: executing..
[move_group-3] [INFO] [1791531410.597246817] [moveit_move_group_default_capabilities.move_action_capability]: Planning request received for MoveGroup action. Forwarding to planning pipeline.
[move_group-3] [INFO] [1791531410.597687538] [moveit.ompl_planning.model_based_planning_context]: Planner configuration 'right_arm[RRTConnectkConfigDefault]' will use planner 'geometric::RRTConnect'. Additional configuration parameters will be set when the planner is constructed.
[move_group-3] [INFO] [1791531410.695451174] [moveit_move_group_default_capabilities.move_action_capability]: Motion plan was computed successfully.
[move_group-3] [INFO] [1791531410.696726845] [moveit_move_group_default_capabilities.move_action_capability]: Received request
[move_group-3] [INFO] [1791531410.696802353] [moveit_move_group_default_capabilities.move_action_capability]: executing..
[move_group-3] [INFO] [1791531410.697236791] [moveit_move_group_default_capabilities.move_action_capability]: Planning request received for MoveGroup action. Forwarding to planning pipeline.
[move_group-3] [INFO] [1791531410.697632863] [moveit.ompl_planning.model_based_planning_context]: Planner configuration 'right_arm[RRTConnectkConfigDefault]' will use planner 'geometric::RRTConnect'. Additional configuration parameters will be set when the planner is constructed.
[move_group-3] [ERROR] [1791531410.820756395] [moveit.ros_planning.planning_pipeline]: Computed path is not valid. Invalid states at index locations: [ 101 102 103 ] out of 108. Explanations follow in command line. Contacts are published on /display_contacts
[move_group-3] [INFO] [1791531410.820810045] [moveit_collision_detection_fcl.collision_common]: Found a contact between 'task26_cube_1' (type 'Object') and 'right_fr3_side_suction' (type 'Robot link'), which constitutes a collision. Contact information is not stored.
[move_group-3] [INFO] [1791531410.820816534] [moveit_collision_detection_fcl.collision_common]: Collision checking is considered complete (collision was found and 0 contacts are stored)
[move_group-3] [INFO] [1791531410.820974740] [moveit_collision_detection_fcl.collision_common]: Found a contact between 'task26_cube_1' (type 'Object') and 'right_fr3_side_suction' (type 'Robot link'), which constitutes a collision. Contact information is not stored.
[move_group-3] [INFO] [1791531410.820980987] [moveit_collision_detection_fcl.collision_common]: Collision checking is considered complete (collision was found and 0 contacts are stored)
[move_group-3] [INFO] [1791531410.821063128] [moveit_collision_detection_fcl.collision_common]: Found a contact between 'task26_cube_1' (type 'Object') and 'right_fr3_side_suction' (type 'Robot link'), which constitutes a collision. Contact information is not stored.
[move_group-3] [INFO] [1791531410.821067827] [moveit_collision_detection_fcl.collision_common]: Collision checking is considered complete (collision was found and 0 contacts are stored)
[move_group-3] [ERROR] [1791531410.821135232] [moveit.ros_planning.planning_pipeline]: Completed listing of explanations for invalid states.
[move_group-3] [INFO] [1791531410.821316131] [moveit_move_group_default_capabilities.move_action_capability]: Motion plan was found but it seems to be invalid (possibly due to postprocessing). Not executing.
[move_group-3] [INFO] [1791531410.822599733] [moveit_move_group_default_capabilities.move_action_capability]: Received request
[move_group-3] [INFO] [1791531410.822653604] [moveit_move_group_default_capabilities.move_action_capability]: executing..
[move_group-3] [INFO] [1791531410.823095173] [moveit_move_group_default_capabilities.move_action_capability]: Planning request received for MoveGroup action. Forwarding to planning pipeline.
[move_group-3] [INFO] [1791531410.823559914] [moveit.ompl_planning.model_based_planning_context]: Planner configuration 'right_arm[RRTConnectkConfigDefault]' will use planner 'geometric::RRTConnect'. Additional configuration parameters will be set when the planner is constructed.
[move_group-3] [ERROR] [1791531410.883150701] [moveit.ros_planning.planning_pipeline]: Computed path is not valid. Invalid states at index locations: [ 113 114 115 116 ] out of 118. Explanations follow in command line. Contacts are published on /display_contacts
[move_group-3] [INFO] [1791531410.883191852] [moveit_collision_detection_fcl.collision_common]: Found a contact between 'task26_cube_1' (type 'Object') and 'right_fr3_side_suction' (type 'Robot link'), which constitutes a collision. Contact information is not stored.
[move_group-3] [INFO] [1791531410.883200233] [moveit_collision_detection_fcl.collision_common]: Collision checking is considered complete (collision was found and 0 contacts are stored)
[move_group-3] [INFO] [1791531410.883412055] [moveit_collision_detection_fcl.collision_common]: Found a contact between 'task26_cube_1' (type 'Object') and 'right_fr3_side_suction' (type 'Robot link'), which constitutes a collision. Contact information is not stored.
[move_group-3] [INFO] [1791531410.883418065] [moveit_collision_detection_fcl.collision_common]: Collision checking is considered complete (collision was found and 0 contacts are stored)
[move_group-3] [INFO] [1791531410.883504595] [moveit_collision_detection_fcl.collision_common]: Found a contact between 'task26_cube_1' (type 'Object') and 'right_fr3_side_suction' (type 'Robot link'), which constitutes a collision. Contact information is not stored.
[move_group-3] [INFO] [1791531410.883509544] [moveit_collision_detection_fcl.collision_common]: Collision checking is considered complete (collision was found and 0 contacts are stored)
[move_group-3] [INFO] [1791531410.883588260] [moveit_collision_detection_fcl.collision_common]: Found a contact between 'task26_cube_1' (type 'Object') and 'right_fr3_side_suction' (type 'Robot link'), which constitutes a collision. Contact information is not stored.
[move_group-3] [INFO] [1791531410.883593071] [moveit_collision_detection_fcl.collision_common]: Collision checking is considered complete (collision was found and 0 contacts are stored)
[move_group-3] [ERROR] [1791531410.883661821] [moveit.ros_planning.planning_pipeline]: Completed listing of explanations for invalid states.
[move_group-3] [INFO] [1791531410.883995696] [moveit_move_group_default_capabilities.move_action_capability]: Motion plan was found but it seems to be invalid (possibly due to postprocessing). Not executing.
[move_group-3] [INFO] [1791531410.884986303] [moveit_move_group_default_capabilities.move_action_capability]: Received request
[move_group-3] [INFO] [1791531410.885038539] [moveit_move_group_default_capabilities.move_action_capability]: executing..
[move_group-3] [INFO] [1791531410.896765894] [moveit_move_group_default_capabilities.move_action_capability]: Planning request received for MoveGroup action. Forwarding to planning pipeline.
[move_group-3] [INFO] [1791531410.897240883] [moveit.ompl_planning.model_based_planning_context]: Planner configuration 'right_arm[RRTConnectkConfigDefault]' will use planner 'geometric::RRTConnect'. Additional configuration parameters will be set when the planner is constructed.
[move_group-3] [INFO] [1791531410.964816788] [moveit_move_group_default_capabilities.move_action_capability]: Motion plan was computed successfully.
[move_group-3] [INFO] [1791531410.966070455] [moveit_move_group_default_capabilities.move_action_capability]: Received request
[move_group-3] [INFO] [1791531410.966125658] [moveit_move_group_default_capabilities.move_action_capability]: executing..
[move_group-3] [INFO] [1791531410.974192898] [moveit_move_group_default_capabilities.move_action_capability]: Planning request received for MoveGroup action. Forwarding to planning pipeline.
[move_group-3] [INFO] [1791531410.974649453] [moveit.ompl_planning.model_based_planning_context]: Planner configuration 'right_arm[RRTConnectkConfigDefault]' will use planner 'geometric::RRTConnect'. Additional configuration parameters will be set when the planner is constructed.
[move_group-3] [INFO] [1791531411.052619966] [moveit_move_group_default_capabilities.move_action_capability]: Motion plan was computed successfully.
[move_group-3] [INFO] [1791531411.053590139] [moveit_move_group_default_capabilities.move_action_capability]: Received request
[move_group-3] [INFO] [1791531411.053636180] [moveit_move_group_default_capabilities.move_action_capability]: executing..
[move_group-3] [INFO] [1791531411.057578946] [moveit_move_group_default_capabilities.move_action_capability]: Planning request received for MoveGroup action. Forwarding to planning pipeline.
[move_group-3] [INFO] [1791531411.058057357] [moveit.ompl_planning.model_based_planning_context]: Planner configuration 'right_arm[RRTConnectkConfigDefault]' will use planner 'geometric::RRTConnect'. Additional configuration parameters will be set when the planner is constructed.
[move_group-3] [INFO] [1791531411.152980261] [moveit_move_group_default_capabilities.move_action_capability]: Motion plan was computed successfully.
[move_group-3] [INFO] [1791531411.153707019] [moveit_move_group_default_capabilities.move_action_capability]: Received request
[move_group-3] [INFO] [1791531411.153755500] [moveit_move_group_default_capabilities.move_action_capability]: executing..
[move_group-3] [INFO] [1791531411.157615560] [moveit_move_group_default_capabilities.move_action_capability]: Planning request received for MoveGroup action. Forwarding to planning pipeline.
[move_group-3] [INFO] [1791531411.158028038] [moveit.ompl_planning.model_based_planning_context]: Planner configuration 'right_arm[RRTConnectkConfigDefault]' will use planner 'geometric::RRTConnect'. Additional configuration parameters will be set when the planner is constructed.
[move_group-3] [INFO] [1791531411.208606085] [moveit_move_group_default_capabilities.move_action_capability]: Motion plan was computed successfully.
[move_group-3] [INFO] [1791531411.224481182] [moveit_move_group_default_capabilities.move_action_capability]: Received request
[move_group-3] [INFO] [1791531411.224556248] [moveit_move_group_default_capabilities.move_action_capability]: executing..
[move_group-3] [INFO] [1791531411.248390075] [moveit_move_group_default_capabilities.move_action_capability]: Planning request received for MoveGroup action. Forwarding to planning pipeline.
[move_group-3] [INFO] [1791531411.248884584] [moveit.ompl_planning.model_based_planning_context]: Planner configuration 'right_arm[RRTConnectkConfigDefault]' will use planner 'geometric::RRTConnect'. Additional configuration parameters will be set when the planner is constructed.
[move_group-3] [INFO] [1791531411.358220571] [moveit_move_group_default_capabilities.move_action_capability]: Motion plan was computed successfully.
[move_group-3] [INFO] [1791531411.359272861] [moveit_move_group_default_capabilities.move_action_capability]: Received request
[move_group-3] [INFO] [1791531411.359330782] [moveit_move_group_default_capabilities.move_action_capability]: executing..
[move_group-3] [INFO] [1791531411.374252429] [moveit_move_group_default_capabilities.move_action_capability]: Planning request received for MoveGroup action. Forwarding to planning pipeline.
[move_group-3] [INFO] [1791531411.374719933] [moveit.ompl_planning.model_based_planning_context]: Planner configuration 'right_arm[RRTConnectkConfigDefault]' will use planner 'geometric::RRTConnect'. Additional configuration parameters will be set when the planner is constructed.
[move_group-3] [INFO] [1791531411.434734755] [moveit_move_group_default_capabilities.move_action_capability]: Motion plan was computed successfully.
[move_group-3] [INFO] [1791531411.435995093] [moveit_move_group_default_capabilities.move_action_capability]: Received request
[move_group-3] [INFO] [1791531411.436055293] [moveit_move_group_default_capabilities.move_action_capability]: executing..
[move_group-3] [INFO] [1791531411.448318202] [moveit_move_group_default_capabilities.move_action_capability]: Planning request received for MoveGroup action. Forwarding to planning pipeline.
[move_group-3] [INFO] [1791531411.448869120] [moveit.ompl_planning.model_based_planning_context]: Planner configuration 'right_arm[RRTConnectkConfigDefault]' will use planner 'geometric::RRTConnect'. Additional configuration parameters will be set when the planner is constructed.
[move_group-3] [INFO] [1791531411.549103464] [moveit_move_group_default_capabilities.move_action_capability]: Motion plan was computed successfully.
[move_group-3] [INFO] [1791531411.549955013] [moveit_move_group_default_capabilities.move_action_capability]: Received request
[move_group-3] [INFO] [1791531411.550032435] [moveit_move_group_default_capabilities.move_action_capability]: executing..
[move_group-3] [INFO] [1791531411.557711980] [moveit_move_group_default_capabilities.move_action_capability]: Planning request received for MoveGroup action. Forwarding to planning pipeline.
[move_group-3] [INFO] [1791531411.558179039] [moveit.ompl_planning.model_based_planning_context]: Planner configuration 'right_arm[RRTConnectkConfigDefault]' will use planner 'geometric::RRTConnect'. Additional configuration parameters will be set when the planner is constructed.
[move_group-3] [ERROR] [1791531411.679901600] [moveit.ros_planning.planning_pipeline]: Computed path is not valid. Invalid states at index locations: [ 125 126 127 128 ] out of 130. Explanations follow in command line. Contacts are published on /display_contacts
[move_group-3] [INFO] [1791531411.679946149] [moveit_collision_detection_fcl.collision_common]: Found a contact between 'task26_cube_1' (type 'Object') and 'right_fr3_side_suction' (type 'Robot link'), which constitutes a collision. Contact information is not stored.
[move_group-3] [INFO] [1791531411.679952339] [moveit_collision_detection_fcl.collision_common]: Collision checking is considered complete (collision was found and 0 contacts are stored)
[move_group-3] [INFO] [1791531411.680118274] [moveit_collision_detection_fcl.collision_common]: Found a contact between 'task26_cube_1' (type 'Object') and 'right_fr3_side_suction' (type 'Robot link'), which constitutes a collision. Contact information is not stored.
[move_group-3] [INFO] [1791531411.680123182] [moveit_collision_detection_fcl.collision_common]: Collision checking is considered complete (collision was found and 0 contacts are stored)
[move_group-3] [INFO] [1791531411.680183608] [moveit_collision_detection_fcl.collision_common]: Found a contact between 'task26_cube_1' (type 'Object') and 'right_fr3_side_suction' (type 'Robot link'), which constitutes a collision. Contact information is not stored.
[move_group-3] [INFO] [1791531411.680187762] [moveit_collision_detection_fcl.collision_common]: Collision checking is considered complete (collision was found and 0 contacts are stored)
[move_group-3] [INFO] [1791531411.680243980] [moveit_collision_detection_fcl.collision_common]: Found a contact between 'task26_cube_1' (type 'Object') and 'right_fr3_side_suction' (type 'Robot link'), which constitutes a collision. Contact information is not stored.
[move_group-3] [INFO] [1791531411.680247700] [moveit_collision_detection_fcl.collision_common]: Collision checking is considered complete (collision was found and 0 contacts are stored)
[move_group-3] [ERROR] [1791531411.680296890] [moveit.ros_planning.planning_pipeline]: Completed listing of explanations for invalid states.
[move_group-3] [INFO] [1791531411.680538696] [moveit_move_group_default_capabilities.move_action_capability]: Motion plan was found but it seems to be invalid (possibly due to postprocessing). Not executing.
[move_group-3] [INFO] [1791531411.681583281] [moveit_move_group_default_capabilities.move_action_capability]: Received request
[move_group-3] [INFO] [1791531411.681635835] [moveit_move_group_default_capabilities.move_action_capability]: executing..
[move_group-3] [INFO] [1791531411.698195581] [moveit_move_group_default_capabilities.move_action_capability]: Planning request received for MoveGroup action. Forwarding to planning pipeline.
[move_group-3] [INFO] [1791531411.698649401] [moveit.ompl_planning.model_based_planning_context]: Planner configuration 'right_arm[RRTConnectkConfigDefault]' will use planner 'geometric::RRTConnect'. Additional configuration parameters will be set when the planner is constructed.
[move_group-3] [INFO] [1791531411.867202483] [moveit_move_group_default_capabilities.move_action_capability]: Motion plan was computed successfully.
[move_group-3] [INFO] [1791531411.868411539] [moveit_move_group_default_capabilities.move_action_capability]: Received request
[move_group-3] [INFO] [1791531411.868464942] [moveit_move_group_default_capabilities.move_action_capability]: executing..
[move_group-3] [INFO] [1791531411.874554539] [moveit_move_group_default_capabilities.move_action_capability]: Planning request received for MoveGroup action. Forwarding to planning pipeline.
[move_group-3] [INFO] [1791531411.875016565] [moveit.ompl_planning.model_based_planning_context]: Planner configuration 'right_arm[RRTConnectkConfigDefault]' will use planner 'geometric::RRTConnect'. Additional configuration parameters will be set when the planner is constructed.
[move_group-3] [INFO] [1791531411.956805835] [moveit_move_group_default_capabilities.move_action_capability]: Motion plan was computed successfully.
[move_group-3] [INFO] [1791531411.958033014] [moveit_move_group_default_capabilities.move_action_capability]: Received request
[move_group-3] [INFO] [1791531411.958108453] [moveit_move_group_default_capabilities.move_action_capability]: executing..
[move_group-3] [INFO] [1791531411.974418726] [moveit_move_group_default_capabilities.move_action_capability]: Planning request received for MoveGroup action. Forwarding to planning pipeline.
[move_group-3] [INFO] [1791531411.974876595] [moveit.ompl_planning.model_based_planning_context]: Planner configuration 'right_arm[RRTConnectkConfigDefault]' will use planner 'geometric::RRTConnect'. Additional configuration parameters will be set when the planner is constructed.
[move_group-3] [ERROR] [1791531412.091943152] [moveit.ros_planning.planning_pipeline]: Computed path is not valid. Invalid states at index locations: [ 120 121 122 123 ] out of 125. Explanations follow in command line. Contacts are published on /display_contacts
[move_group-3] [INFO] [1791531412.091995457] [moveit_collision_detection_fcl.collision_common]: Found a contact between 'task26_cube_1' (type 'Object') and 'right_fr3_side_suction' (type 'Robot link'), which constitutes a collision. Contact information is not stored.
[move_group-3] [INFO] [1791531412.092002611] [moveit_collision_detection_fcl.collision_common]: Collision checking is considered complete (collision was found and 0 contacts are stored)
[move_group-3] [INFO] [1791531412.092194120] [moveit_collision_detection_fcl.collision_common]: Found a contact between 'task26_cube_1' (type 'Object') and 'right_fr3_side_suction' (type 'Robot link'), which constitutes a collision. Contact information is not stored.
[move_group-3] [INFO] [1791531412.092200107] [moveit_collision_detection_fcl.collision_common]: Collision checking is considered complete (collision was found and 0 contacts are stored)
[move_group-3] [INFO] [1791531412.092277946] [moveit_collision_detection_fcl.collision_common]: Found a contact between 'task26_cube_1' (type 'Object') and 'right_fr3_side_suction' (type 'Robot link'), which constitutes a collision. Contact information is not stored.
[move_group-3] [INFO] [1791531412.092282683] [moveit_collision_detection_fcl.collision_common]: Collision checking is considered complete (collision was found and 0 contacts are stored)
[move_group-3] [INFO] [1791531412.092353725] [moveit_collision_detection_fcl.collision_common]: Found a contact between 'task26_cube_1' (type 'Object') and 'right_fr3_side_suction' (type 'Robot link'), which constitutes a collision. Contact information is not stored.
[move_group-3] [INFO] [1791531412.092358902] [moveit_collision_detection_fcl.collision_common]: Collision checking is considered complete (collision was found and 0 contacts are stored)
[move_group-3] [ERROR] [1791531412.092417670] [moveit.ros_planning.planning_pipeline]: Completed listing of explanations for invalid states.
[move_group-3] [INFO] [1791531412.092701817] [moveit_move_group_default_capabilities.move_action_capability]: Motion plan was found but it seems to be invalid (possibly due to postprocessing). Not executing.
[move_group-3] [INFO] [1791531412.093617742] [moveit_move_group_default_capabilities.move_action_capability]: Received request
[move_group-3] [INFO] [1791531412.093682798] [moveit_move_group_default_capabilities.move_action_capability]: executing..
[move_group-3] [INFO] [1791531412.098631632] [moveit_move_group_default_capabilities.move_action_capability]: Planning request received for MoveGroup action. Forwarding to planning pipeline.
[move_group-3] [INFO] [1791531412.099250058] [moveit.ompl_planning.model_based_planning_context]: Planner configuration 'right_arm[RRTConnectkConfigDefault]' will use planner 'geometric::RRTConnect'. Additional configuration parameters will be set when the planner is constructed.
[move_group-3] [INFO] [1791531412.262808358] [moveit_move_group_default_capabilities.move_action_capability]: Motion plan was computed successfully.
[move_group-3] [INFO] [1791531412.298717072] [moveit_move_group_default_capabilities.cartersian_path_service_capability]: Received request to compute Cartesian path
[move_group-3] [INFO] [1791531412.298799154] [moveit_move_group_default_capabilities.cartersian_path_service_capability]: Attempting to follow 1 waypoints for link 'left_fr3_side_suction_tcp' using a step of 0.002000 m and jump threshold 0.000000 (in global reference frame)
[move_group-3] [INFO] [1791531412.298871401] [moveit_move_group_default_capabilities.cartersian_path_service_capability]: Computed Cartesian path with 2 points (followed 100.000000% of requested trajectory)
[move_group-3] [INFO] [1791531412.307829739] [moveit_move_group_default_capabilities.cartersian_path_service_capability]: Received request to compute Cartesian path
[move_group-3] [INFO] [1791531412.307888608] [moveit_move_group_default_capabilities.cartersian_path_service_capability]: Attempting to follow 1 waypoints for link 'right_fr3_side_suction_tcp' using a step of 0.002000 m and jump threshold 0.000000 (in global reference frame)
[move_group-3] [INFO] [1791531412.338647124] [moveit_move_group_default_capabilities.cartersian_path_service_capability]: Computed Cartesian path with 156 points (followed 100.000000% of requested trajectory)
[move_group-3] [INFO] [1791531412.357831666] [moveit_move_group_default_capabilities.cartersian_path_service_capability]: Received request to compute Cartesian path
[move_group-3] [INFO] [1791531412.357901441] [moveit_move_group_default_capabilities.cartersian_path_service_capability]: Attempting to follow 1 waypoints for link 'left_fr3_side_suction_tcp' using a step of 0.002000 m and jump threshold 0.000000 (in global reference frame)
[move_group-3] [INFO] [1791531412.357967907] [moveit_move_group_default_capabilities.cartersian_path_service_capability]: Computed Cartesian path with 2 points (followed 100.000000% of requested trajectory)
[move_group-3] [INFO] [1791531412.374516962] [moveit_move_group_default_capabilities.cartersian_path_service_capability]: Received request to compute Cartesian path
[move_group-3] [INFO] [1791531412.374584712] [moveit_move_group_default_capabilities.cartersian_path_service_capability]: Attempting to follow 1 waypoints for link 'right_fr3_side_suction_tcp' using a step of 0.002000 m and jump threshold 0.000000 (in global reference frame)
[move_group-3] [INFO] [1791531412.399875175] [moveit_move_group_default_capabilities.cartersian_path_service_capability]: Computed Cartesian path with 156 points (followed 100.000000% of requested trajectory)
[move_group-3] [INFO] [1791531412.674700994] [moveit_move_group_default_capabilities.move_action_capability]: Received request
[move_group-3] [INFO] [1791531412.674774727] [moveit_move_group_default_capabilities.move_action_capability]: executing..
[move_group-3] [INFO] [1791531412.698463595] [moveit_move_group_default_capabilities.move_action_capability]: Planning request received for MoveGroup action. Forwarding to planning pipeline.
[move_group-3] [INFO] [1791531412.699058498] [moveit.ompl_planning.model_based_planning_context]: Planner configuration 'left_arm[RRTConnectkConfigDefault]' will use planner 'geometric::RRTConnect'. Additional configuration parameters will be set when the planner is constructed.
[move_group-3] [INFO] [1791531412.736416052] [moveit_move_group_default_capabilities.move_action_capability]: Motion plan was computed successfully.
[move_group-3] [INFO] [1791531412.736990400] [moveit_move_group_default_capabilities.move_action_capability]: Received request
[move_group-3] [INFO] [1791531412.737043724] [moveit_move_group_default_capabilities.move_action_capability]: executing..
[move_group-3] [INFO] [1791531412.748449539] [moveit_move_group_default_capabilities.move_action_capability]: Planning request received for MoveGroup action. Forwarding to planning pipeline.
[move_group-3] [INFO] [1791531412.748877097] [moveit.ompl_planning.model_based_planning_context]: Planner configuration 'left_arm[RRTConnectkConfigDefault]' will use planner 'geometric::RRTConnect'. Additional configuration parameters will be set when the planner is constructed.
[move_group-3] [INFO] [1791531412.791018093] [moveit_move_group_default_capabilities.move_action_capability]: Motion plan was computed successfully.
[move_group-3] [INFO] [1791531412.792491680] [moveit_move_group_default_capabilities.move_action_capability]: Received request
[move_group-3] [INFO] [1791531412.792559278] [moveit_move_group_default_capabilities.move_action_capability]: executing..
[move_group-3] [INFO] [1791531412.799160583] [moveit_move_group_default_capabilities.move_action_capability]: Planning request received for MoveGroup action. Forwarding to planning pipeline.
[move_group-3] [INFO] [1791531412.799580473] [moveit.ompl_planning.model_based_planning_context]: Planner configuration 'left_arm[RRTConnectkConfigDefault]' will use planner 'geometric::RRTConnect'. Additional configuration parameters will be set when the planner is constructed.
[move_group-3] [INFO] [1791531412.836898075] [moveit_move_group_default_capabilities.move_action_capability]: Motion plan was computed successfully.
[move_group-3] [INFO] [1791531412.837835922] [moveit_move_group_default_capabilities.move_action_capability]: Received request
[move_group-3] [INFO] [1791531412.837895534] [moveit_move_group_default_capabilities.move_action_capability]: executing..
[move_group-3] [INFO] [1791531412.848888803] [moveit_move_group_default_capabilities.move_action_capability]: Planning request received for MoveGroup action. Forwarding to planning pipeline.
[move_group-3] [INFO] [1791531412.849353017] [moveit.ompl_planning.model_based_planning_context]: Planner configuration 'left_arm[RRTConnectkConfigDefault]' will use planner 'geometric::RRTConnect'. Additional configuration parameters will be set when the planner is constructed.
[move_group-3] [INFO] [1791531412.892300796] [moveit_move_group_default_capabilities.move_action_capability]: Motion plan was computed successfully.
[move_group-3] [INFO] [1791531412.893881583] [moveit_move_group_default_capabilities.move_action_capability]: Received request
[move_group-3] [INFO] [1791531412.893946412] [moveit_move_group_default_capabilities.move_action_capability]: executing..
[move_group-3] [INFO] [1791531412.899381293] [moveit_move_group_default_capabilities.move_action_capability]: Planning request received for MoveGroup action. Forwarding to planning pipeline.
[move_group-3] [INFO] [1791531412.899889040] [moveit.ompl_planning.model_based_planning_context]: Planner configuration 'left_arm[RRTConnectkConfigDefault]' will use planner 'geometric::RRTConnect'. Additional configuration parameters will be set when the planner is constructed.
[move_group-3] [INFO] [1791531412.938468759] [moveit_move_group_default_capabilities.move_action_capability]: Motion plan was computed successfully.
[move_group-3] [INFO] [1791531412.939264224] [moveit_move_group_default_capabilities.move_action_capability]: Received request
[move_group-3] [INFO] [1791531412.939324640] [moveit_move_group_default_capabilities.move_action_capability]: executing..
[move_group-3] [INFO] [1791531412.948765025] [moveit_move_group_default_capabilities.move_action_capability]: Planning request received for MoveGroup action. Forwarding to planning pipeline.
[move_group-3] [INFO] [1791531412.949218028] [moveit.ompl_planning.model_based_planning_context]: Planner configuration 'left_arm[RRTConnectkConfigDefault]' will use planner 'geometric::RRTConnect'. Additional configuration parameters will be set when the planner is constructed.
[move_group-3] [INFO] [1791531412.981061625] [moveit_move_group_default_capabilities.move_action_capability]: Motion plan was computed successfully.
[move_group-3] [INFO] [1791531412.981615597] [moveit_move_group_default_capabilities.move_action_capability]: Received request
[move_group-3] [INFO] [1791531412.981670925] [moveit_move_group_default_capabilities.move_action_capability]: executing..
[move_group-3] [INFO] [1791531412.998880157] [moveit_move_group_default_capabilities.move_action_capability]: Planning request received for MoveGroup action. Forwarding to planning pipeline.
[move_group-3] [INFO] [1791531412.999311733] [moveit.ompl_planning.model_based_planning_context]: Planner configuration 'left_arm[RRTConnectkConfigDefault]' will use planner 'geometric::RRTConnect'. Additional configuration parameters will be set when the planner is constructed.
[move_group-3] [INFO] [1791531413.032716603] [moveit_move_group_default_capabilities.move_action_capability]: Motion plan was computed successfully.
[move_group-3] [INFO] [1791531413.033535216] [moveit_move_group_default_capabilities.move_action_capability]: Received request
[move_group-3] [INFO] [1791531413.033592839] [moveit_move_group_default_capabilities.move_action_capability]: executing..
[move_group-3] [INFO] [1791531413.048917690] [moveit_move_group_default_capabilities.move_action_capability]: Planning request received for MoveGroup action. Forwarding to planning pipeline.
[move_group-3] [INFO] [1791531413.049389417] [moveit.ompl_planning.model_based_planning_context]: Planner configuration 'left_arm[RRTConnectkConfigDefault]' will use planner 'geometric::RRTConnect'. Additional configuration parameters will be set when the planner is constructed.
[move_group-3] [INFO] [1791531413.089386746] [moveit_move_group_default_capabilities.move_action_capability]: Motion plan was computed successfully.
[move_group-3] [INFO] [1791531413.125043437] [moveit_move_group_default_capabilities.cartersian_path_service_capability]: Received request to compute Cartesian path
[move_group-3] [INFO] [1791531413.125101316] [moveit_move_group_default_capabilities.cartersian_path_service_capability]: Attempting to follow 1 waypoints for link 'left_fr3_side_suction_tcp' using a step of 0.002000 m and jump threshold 0.000000 (in global reference frame)
[move_group-3] [INFO] [1791531413.141234539] [moveit_move_group_default_capabilities.cartersian_path_service_capability]: Computed Cartesian path with 102 points (followed 100.000000% of requested trajectory)
[move_group-3] [INFO] [1791531413.408115598] [moveit_move_group_default_capabilities.cartersian_path_service_capability]: Received request to compute Cartesian path
[move_group-3] [INFO] [1791531413.408203023] [moveit_move_group_default_capabilities.cartersian_path_service_capability]: Attempting to follow 1 waypoints for link 'left_fr3_side_suction_tcp' using a step of 0.002000 m and jump threshold 0.000000 (in global reference frame)
[move_group-3] [INFO] [1791531413.422440694] [moveit_move_group_default_capabilities.cartersian_path_service_capability]: Computed Cartesian path with 101 points (followed 100.000000% of requested trajectory)
[move_group-3] [INFO] [1791531413.425132575] [moveit_move_group_default_capabilities.cartersian_path_service_capability]: Received request to compute Cartesian path
[move_group-3] [INFO] [1791531413.425202437] [moveit_move_group_default_capabilities.cartersian_path_service_capability]: Attempting to follow 1 waypoints for link 'right_fr3_side_suction_tcp' using a step of 0.002000 m and jump threshold 0.000000 (in global reference frame)
[move_group-3] [INFO] [1791531413.426976974] [moveit_move_group_default_capabilities.cartersian_path_service_capability]: Computed Cartesian path with 14 points (followed 100.000000% of requested trajectory)
[move_group-3] [INFO] [1791531413.448698851] [moveit_move_group_default_capabilities.cartersian_path_service_capability]: Received request to compute Cartesian path
[move_group-3] [INFO] [1791531413.448750763] [moveit_move_group_default_capabilities.cartersian_path_service_capability]: Attempting to follow 1 waypoints for link 'right_fr3_side_suction_tcp' using a step of 0.002000 m and jump threshold 0.000000 (in global reference frame)
[move_group-3] [INFO] [1791531413.450522888] [moveit_move_group_default_capabilities.cartersian_path_service_capability]: Computed Cartesian path with 14 points (followed 100.000000% of requested trajectory)
[move_group-3] [INFO] [1791531413.458281420] [moveit_move_group_default_capabilities.cartersian_path_service_capability]: Received request to compute Cartesian path
[move_group-3] [INFO] [1791531413.458350195] [moveit_move_group_default_capabilities.cartersian_path_service_capability]: Attempting to follow 1 waypoints for link 'right_fr3_side_suction_tcp' using a step of 0.002000 m and jump threshold 0.000000 (in global reference frame)
[move_group-3] [INFO] [1791531413.460160676] [moveit_move_group_default_capabilities.cartersian_path_service_capability]: Computed Cartesian path with 14 points (followed 100.000000% of requested trajectory)
[move_group-3] [INFO] [1791531413.475024513] [moveit_move_group_default_capabilities.cartersian_path_service_capability]: Received request to compute Cartesian path
[move_group-3] [INFO] [1791531413.475099995] [moveit_move_group_default_capabilities.cartersian_path_service_capability]: Attempting to follow 1 waypoints for link 'right_fr3_side_suction_tcp' using a step of 0.002000 m and jump threshold 0.000000 (in global reference frame)
[move_group-3] [INFO] [1791531413.476866550] [moveit_move_group_default_capabilities.cartersian_path_service_capability]: Computed Cartesian path with 14 points (followed 100.000000% of requested trajectory)
[move_group-3] [INFO] [1791531413.498636816] [moveit_move_group_default_capabilities.cartersian_path_service_capability]: Received request to compute Cartesian path
[move_group-3] [INFO] [1791531413.498699015] [moveit_move_group_default_capabilities.cartersian_path_service_capability]: Attempting to follow 1 waypoints for link 'right_fr3_side_suction_tcp' using a step of 0.002000 m and jump threshold 0.000000 (in global reference frame)
[move_group-3] [INFO] [1791531413.500509881] [moveit_move_group_default_capabilities.cartersian_path_service_capability]: Computed Cartesian path with 14 points (followed 100.000000% of requested trajectory)
[move_group-3] [INFO] [1791531413.508257788] [moveit_move_group_default_capabilities.cartersian_path_service_capability]: Received request to compute Cartesian path
[move_group-3] [INFO] [1791531413.508322101] [moveit_move_group_default_capabilities.cartersian_path_service_capability]: Attempting to follow 1 waypoints for link 'right_fr3_side_suction_tcp' using a step of 0.002000 m and jump threshold 0.000000 (in global reference frame)
[move_group-3] [INFO] [1791531413.509997751] [moveit_move_group_default_capabilities.cartersian_path_service_capability]: Computed Cartesian path with 14 points (followed 100.000000% of requested trajectory)
[move_group-3] [INFO] [1791531413.525178845] [moveit_move_group_default_capabilities.cartersian_path_service_capability]: Received request to compute Cartesian path
[move_group-3] [INFO] [1791531413.525272184] [moveit_move_group_default_capabilities.cartersian_path_service_capability]: Attempting to follow 1 waypoints for link 'right_fr3_side_suction_tcp' using a step of 0.002000 m and jump threshold 0.000000 (in global reference frame)
[move_group-3] [INFO] [1791531413.526960480] [moveit_move_group_default_capabilities.cartersian_path_service_capability]: Computed Cartesian path with 14 points (followed 100.000000% of requested trajectory)
[move_group-3] [INFO] [1791531413.550273491] [moveit_move_group_default_capabilities.cartersian_path_service_capability]: Received request to compute Cartesian path
[move_group-3] [INFO] [1791531413.550340525] [moveit_move_group_default_capabilities.cartersian_path_service_capability]: Attempting to follow 1 waypoints for link 'right_fr3_side_suction_tcp' using a step of 0.002000 m and jump threshold 0.000000 (in global reference frame)
[move_group-3] [INFO] [1791531413.551878919] [moveit_move_group_default_capabilities.cartersian_path_service_capability]: Computed Cartesian path with 14 points (followed 100.000000% of requested trajectory)
[move_group-3] [WARN] [1791531413.581262243] [moveit_planning_scene.planning_scene]: Tried to remove world object 'task26_cube_1', but it does not exist in this scene.
[move_group-3] [INFO] [1791531414.099205238] [moveit_move_group_default_capabilities.move_action_capability]: Received request
[move_group-3] [INFO] [1791531414.099292907] [moveit_move_group_default_capabilities.move_action_capability]: executing..
[move_group-3] [INFO] [1791531414.108339245] [moveit_move_group_default_capabilities.move_action_capability]: Planning request received for MoveGroup action. Forwarding to planning pipeline.
[move_group-3] [INFO] [1791531414.108785103] [moveit.ompl_planning.model_based_planning_context]: Planner configuration 'left_arm[RRTConnectkConfigDefault]' will use planner 'geometric::RRTConnect'. Additional configuration parameters will be set when the planner is constructed.
[move_group-3] [INFO] [1791531414.150080822] [moveit_move_group_default_capabilities.move_action_capability]: Motion plan was computed successfully.
[move_group-3] [INFO] [1791531414.150905039] [moveit_move_group_default_capabilities.move_action_capability]: Received request
[move_group-3] [INFO] [1791531414.150995944] [moveit_move_group_default_capabilities.move_action_capability]: executing..
[move_group-3] [INFO] [1791531414.158396368] [moveit_move_group_default_capabilities.move_action_capability]: Planning request received for MoveGroup action. Forwarding to planning pipeline.
[move_group-3] [INFO] [1791531414.158851092] [moveit.ompl_planning.model_based_planning_context]: Planner configuration 'left_arm[RRTConnectkConfigDefault]' will use planner 'geometric::RRTConnect'. Additional configuration parameters will be set when the planner is constructed.
[move_group-3] [INFO] [1791531414.189890861] [moveit_move_group_default_capabilities.move_action_capability]: Motion plan was computed successfully.
[move_group-3] [INFO] [1791531414.191030606] [moveit_move_group_default_capabilities.move_action_capability]: Received request
[move_group-3] [INFO] [1791531414.191095674] [moveit_move_group_default_capabilities.move_action_capability]: executing..
[move_group-3] [INFO] [1791531414.199168610] [moveit_move_group_default_capabilities.move_action_capability]: Planning request received for MoveGroup action. Forwarding to planning pipeline.
[move_group-3] [INFO] [1791531414.199629328] [moveit.ompl_planning.model_based_planning_context]: Planner configuration 'left_arm[RRTConnectkConfigDefault]' will use planner 'geometric::RRTConnect'. Additional configuration parameters will be set when the planner is constructed.
[move_group-3] [INFO] [1791531414.233079133] [moveit_move_group_default_capabilities.move_action_capability]: Motion plan was computed successfully.
[move_group-3] [INFO] [1791531414.234239942] [moveit_move_group_default_capabilities.move_action_capability]: Received request
[move_group-3] [INFO] [1791531414.234300261] [moveit_move_group_default_capabilities.move_action_capability]: executing..
[move_group-3] [INFO] [1791531414.249118976] [moveit_move_group_default_capabilities.move_action_capability]: Planning request received for MoveGroup action. Forwarding to planning pipeline.
[move_group-3] [INFO] [1791531414.249725196] [moveit.ompl_planning.model_based_planning_context]: Planner configuration 'left_arm[RRTConnectkConfigDefault]' will use planner 'geometric::RRTConnect'. Additional configuration parameters will be set when the planner is constructed.
[move_group-3] [INFO] [1791531414.288743509] [moveit_move_group_default_capabilities.move_action_capability]: Motion plan was computed successfully.
[move_group-3] [INFO] [1791531414.289489397] [moveit_move_group_default_capabilities.move_action_capability]: Received request
[move_group-3] [INFO] [1791531414.289562706] [moveit_move_group_default_capabilities.move_action_capability]: executing..
[move_group-3] [INFO] [1791531414.300012796] [moveit_move_group_default_capabilities.move_action_capability]: Planning request received for MoveGroup action. Forwarding to planning pipeline.
[move_group-3] [INFO] [1791531414.300481687] [moveit.ompl_planning.model_based_planning_context]: Planner configuration 'left_arm[RRTConnectkConfigDefault]' will use planner 'geometric::RRTConnect'. Additional configuration parameters will be set when the planner is constructed.
[move_group-3] [INFO] [1791531414.354236100] [moveit_move_group_default_capabilities.move_action_capability]: Motion plan was computed successfully.
[move_group-3] [INFO] [1791531414.354835729] [moveit_move_group_default_capabilities.move_action_capability]: Received request
[move_group-3] [INFO] [1791531414.354892808] [moveit_move_group_default_capabilities.move_action_capability]: executing..
[move_group-3] [INFO] [1791531414.358560482] [moveit_move_group_default_capabilities.move_action_capability]: Planning request received for MoveGroup action. Forwarding to planning pipeline.
[move_group-3] [INFO] [1791531414.359012481] [moveit.ompl_planning.model_based_planning_context]: Planner configuration 'left_arm[RRTConnectkConfigDefault]' will use planner 'geometric::RRTConnect'. Additional configuration parameters will be set when the planner is constructed.
[move_group-3] [INFO] [1791531414.408140024] [moveit_move_group_default_capabilities.move_action_capability]: Motion plan was computed successfully.
[move_group-3] [INFO] [1791531414.409791560] [moveit_move_group_default_capabilities.move_action_capability]: Received request
[move_group-3] [INFO] [1791531414.409854256] [moveit_move_group_default_capabilities.move_action_capability]: executing..
[move_group-3] [INFO] [1791531414.425145812] [moveit_move_group_default_capabilities.move_action_capability]: Planning request received for MoveGroup action. Forwarding to planning pipeline.
[move_group-3] [INFO] [1791531414.425604670] [moveit.ompl_planning.model_based_planning_context]: Planner configuration 'left_arm[RRTConnectkConfigDefault]' will use planner 'geometric::RRTConnect'. Additional configuration parameters will be set when the planner is constructed.
[move_group-3] [INFO] [1791531414.465777702] [moveit_move_group_default_capabilities.move_action_capability]: Motion plan was computed successfully.
[move_group-3] [INFO] [1791531414.466768833] [moveit_move_group_default_capabilities.move_action_capability]: Received request
[move_group-3] [INFO] [1791531414.466825838] [moveit_move_group_default_capabilities.move_action_capability]: executing..
[move_group-3] [INFO] [1791531414.475223429] [moveit_move_group_default_capabilities.move_action_capability]: Planning request received for MoveGroup action. Forwarding to planning pipeline.
[move_group-3] [INFO] [1791531414.475697754] [moveit.ompl_planning.model_based_planning_context]: Planner configuration 'left_arm[RRTConnectkConfigDefault]' will use planner 'geometric::RRTConnect'. Additional configuration parameters will be set when the planner is constructed.
[move_group-3] [INFO] [1791531414.530754909] [moveit_move_group_default_capabilities.move_action_capability]: Motion plan was computed successfully.
[move_group-3] [INFO] [1791531414.558662050] [moveit_move_group_default_capabilities.cartersian_path_service_capability]: Received request to compute Cartesian path
[move_group-3] [INFO] [1791531414.558723948] [moveit_move_group_default_capabilities.cartersian_path_service_capability]: Attempting to follow 1 waypoints for link 'left_fr3_side_suction_tcp' using a step of 0.002000 m and jump threshold 0.000000 (in global reference frame)
[move_group-3] [INFO] [1791531414.575270955] [moveit_move_group_default_capabilities.cartersian_path_service_capability]: Computed Cartesian path with 101 points (followed 100.000000% of requested trajectory)
[move_group-3] [INFO] [1791531414.849286551] [moveit_move_group_default_capabilities.cartersian_path_service_capability]: Received request to compute Cartesian path
[move_group-3] [INFO] [1791531414.849375740] [moveit_move_group_default_capabilities.cartersian_path_service_capability]: Attempting to follow 1 waypoints for link 'left_fr3_side_suction_tcp' using a step of 0.002000 m and jump threshold 0.000000 (in global reference frame)
[move_group-3] [INFO] [1791531414.864292318] [moveit_move_group_default_capabilities.cartersian_path_service_capability]: Computed Cartesian path with 101 points (followed 100.000000% of requested trajectory)
[move_group-3] [INFO] [1791531414.875575918] [moveit_move_group_default_capabilities.cartersian_path_service_capability]: Received request to compute Cartesian path
[move_group-3] [INFO] [1791531414.875666668] [moveit_move_group_default_capabilities.cartersian_path_service_capability]: Attempting to follow 1 waypoints for link 'right_fr3_side_suction_tcp' using a step of 0.002000 m and jump threshold 0.000000 (in global reference frame)
[move_group-3] [INFO] [1791531414.877547725] [moveit_move_group_default_capabilities.cartersian_path_service_capability]: Computed Cartesian path with 14 points (followed 100.000000% of requested trajectory)
[move_group-3] [INFO] [1791531414.899375025] [moveit_move_group_default_capabilities.cartersian_path_service_capability]: Received request to compute Cartesian path
[move_group-3] [INFO] [1791531414.899450245] [moveit_move_group_default_capabilities.cartersian_path_service_capability]: Attempting to follow 1 waypoints for link 'right_fr3_side_suction_tcp' using a step of 0.002000 m and jump threshold 0.000000 (in global reference frame)
[move_group-3] [INFO] [1791531414.901361798] [moveit_move_group_default_capabilities.cartersian_path_service_capability]: Computed Cartesian path with 14 points (followed 100.000000% of requested trajectory)
[move_group-3] [INFO] [1791531414.908692233] [moveit_move_group_default_capabilities.cartersian_path_service_capability]: Received request to compute Cartesian path
[move_group-3] [INFO] [1791531414.908772808] [moveit_move_group_default_capabilities.cartersian_path_service_capability]: Attempting to follow 1 waypoints for link 'right_fr3_side_suction_tcp' using a step of 0.002000 m and jump threshold 0.000000 (in global reference frame)
[move_group-3] [INFO] [1791531414.910505919] [moveit_move_group_default_capabilities.cartersian_path_service_capability]: Computed Cartesian path with 14 points (followed 100.000000% of requested trajectory)
[move_group-3] [INFO] [1791531414.925399389] [moveit_move_group_default_capabilities.cartersian_path_service_capability]: Received request to compute Cartesian path
[move_group-3] [INFO] [1791531414.925465028] [moveit_move_group_default_capabilities.cartersian_path_service_capability]: Attempting to follow 1 waypoints for link 'right_fr3_side_suction_tcp' using a step of 0.002000 m and jump threshold 0.000000 (in global reference frame)
[move_group-3] [INFO] [1791531414.927392500] [moveit_move_group_default_capabilities.cartersian_path_service_capability]: Computed Cartesian path with 14 points (followed 100.000000% of requested trajectory)
[move_group-3] [INFO] [1791531414.949318266] [moveit_move_group_default_capabilities.cartersian_path_service_capability]: Received request to compute Cartesian path
[move_group-3] [INFO] [1791531414.949378550] [moveit_move_group_default_capabilities.cartersian_path_service_capability]: Attempting to follow 1 waypoints for link 'right_fr3_side_suction_tcp' using a step of 0.002000 m and jump threshold 0.000000 (in global reference frame)
[move_group-3] [INFO] [1791531414.951220661] [moveit_move_group_default_capabilities.cartersian_path_service_capability]: Computed Cartesian path with 14 points (followed 100.000000% of requested trajectory)
[move_group-3] [INFO] [1791531414.958653802] [moveit_move_group_default_capabilities.cartersian_path_service_capability]: Received request to compute Cartesian path
[move_group-3] [INFO] [1791531414.958723791] [moveit_move_group_default_capabilities.cartersian_path_service_capability]: Attempting to follow 1 waypoints for link 'right_fr3_side_suction_tcp' using a step of 0.002000 m and jump threshold 0.000000 (in global reference frame)
[move_group-3] [INFO] [1791531414.960585047] [moveit_move_group_default_capabilities.cartersian_path_service_capability]: Computed Cartesian path with 14 points (followed 100.000000% of requested trajectory)
[move_group-3] [INFO] [1791531414.975416628] [moveit_move_group_default_capabilities.cartersian_path_service_capability]: Received request to compute Cartesian path
[move_group-3] [INFO] [1791531414.975496030] [moveit_move_group_default_capabilities.cartersian_path_service_capability]: Attempting to follow 1 waypoints for link 'right_fr3_side_suction_tcp' using a step of 0.002000 m and jump threshold 0.000000 (in global reference frame)
[move_group-3] [INFO] [1791531414.977119408] [moveit_move_group_default_capabilities.cartersian_path_service_capability]: Computed Cartesian path with 14 points (followed 100.000000% of requested trajectory)
[move_group-3] [INFO] [1791531414.999211008] [moveit_move_group_default_capabilities.cartersian_path_service_capability]: Received request to compute Cartesian path
[move_group-3] [INFO] [1791531414.999276769] [moveit_move_group_default_capabilities.cartersian_path_service_capability]: Attempting to follow 1 waypoints for link 'right_fr3_side_suction_tcp' using a step of 0.002000 m and jump threshold 0.000000 (in global reference frame)
[move_group-3] [INFO] [1791531415.000872199] [moveit_move_group_default_capabilities.cartersian_path_service_capability]: Computed Cartesian path with 14 points (followed 100.000000% of requested trajectory)
[move_group-3] [INFO] [1791531415.129068195] [moveit_move_group_default_capabilities.move_action_capability]: Received request
[move_group-3] [INFO] [1791531415.129145970] [moveit_move_group_default_capabilities.move_action_capability]: executing..
[move_group-3] [INFO] [1791531415.149444353] [moveit_move_group_default_capabilities.move_action_capability]: Planning request received for MoveGroup action. Forwarding to planning pipeline.
[move_group-3] [INFO] [1791531415.149930227] [moveit.ompl_planning.model_based_planning_context]: Planner configuration 'left_arm[RRTConnectkConfigDefault]' will use planner 'geometric::RRTConnect'. Additional configuration parameters will be set when the planner is constructed.
[move_group-3] [INFO] [1791531415.188423375] [moveit_move_group_default_capabilities.move_action_capability]: Motion plan was computed successfully.
[move_group-3] [INFO] [1791531415.189167197] [moveit_move_group_default_capabilities.move_action_capability]: Received request
[move_group-3] [INFO] [1791531415.189225538] [moveit_move_group_default_capabilities.move_action_capability]: executing..
[move_group-3] [INFO] [1791531415.199440450] [moveit_move_group_default_capabilities.move_action_capability]: Planning request received for MoveGroup action. Forwarding to planning pipeline.
[move_group-3] [INFO] [1791531415.199856267] [moveit.ompl_planning.model_based_planning_context]: Planner configuration 'left_arm[RRTConnectkConfigDefault]' will use planner 'geometric::RRTConnect'. Additional configuration parameters will be set when the planner is constructed.
[move_group-3] [INFO] [1791531415.236131394] [moveit_move_group_default_capabilities.move_action_capability]: Motion plan was computed successfully.
[move_group-3] [INFO] [1791531415.236723913] [moveit_move_group_default_capabilities.move_action_capability]: Received request
[move_group-3] [INFO] [1791531415.236777624] [moveit_move_group_default_capabilities.move_action_capability]: executing..
[move_group-3] [INFO] [1791531415.249518022] [moveit_move_group_default_capabilities.move_action_capability]: Planning request received for MoveGroup action. Forwarding to planning pipeline.
[move_group-3] [INFO] [1791531415.249925535] [moveit.ompl_planning.model_based_planning_context]: Planner configuration 'left_arm[RRTConnectkConfigDefault]' will use planner 'geometric::RRTConnect'. Additional configuration parameters will be set when the planner is constructed.
[move_group-3] [INFO] [1791531415.276789512] [moveit_move_group_default_capabilities.move_action_capability]: Motion plan was computed successfully.
[move_group-3] [INFO] [1791531415.278125582] [moveit_move_group_default_capabilities.move_action_capability]: Received request
[move_group-3] [INFO] [1791531415.278208158] [moveit_move_group_default_capabilities.move_action_capability]: executing..
[move_group-3] [INFO] [1791531415.299540798] [moveit_move_group_default_capabilities.move_action_capability]: Planning request received for MoveGroup action. Forwarding to planning pipeline.
[move_group-3] [INFO] [1791531415.299993289] [moveit.ompl_planning.model_based_planning_context]: Planner configuration 'left_arm[RRTConnectkConfigDefault]' will use planner 'geometric::RRTConnect'. Additional configuration parameters will be set when the planner is constructed.
[move_group-3] [INFO] [1791531415.335300929] [moveit_move_group_default_capabilities.move_action_capability]: Motion plan was computed successfully.
[move_group-3] [INFO] [1791531415.336017588] [moveit_move_group_default_capabilities.move_action_capability]: Received request
[move_group-3] [INFO] [1791531415.336063308] [moveit_move_group_default_capabilities.move_action_capability]: executing..
[move_group-3] [INFO] [1791531415.349294146] [moveit_move_group_default_capabilities.move_action_capability]: Planning request received for MoveGroup action. Forwarding to planning pipeline.
[move_group-3] [INFO] [1791531415.349717853] [moveit.ompl_planning.model_based_planning_context]: Planner configuration 'left_arm[RRTConnectkConfigDefault]' will use planner 'geometric::RRTConnect'. Additional configuration parameters will be set when the planner is constructed.
[move_group-3] [INFO] [1791531415.393003953] [moveit_move_group_default_capabilities.move_action_capability]: Motion plan was computed successfully.
[move_group-3] [INFO] [1791531415.394104656] [moveit_move_group_default_capabilities.move_action_capability]: Received request
[move_group-3] [INFO] [1791531415.394349448] [moveit_move_group_default_capabilities.move_action_capability]: executing..
[move_group-3] [INFO] [1791531415.399536188] [moveit_move_group_default_capabilities.move_action_capability]: Planning request received for MoveGroup action. Forwarding to planning pipeline.
[move_group-3] [INFO] [1791531415.399981327] [moveit.ompl_planning.model_based_planning_context]: Planner configuration 'left_arm[RRTConnectkConfigDefault]' will use planner 'geometric::RRTConnect'. Additional configuration parameters will be set when the planner is constructed.
[move_group-3] [INFO] [1791531415.426847552] [moveit_move_group_default_capabilities.move_action_capability]: Motion plan was computed successfully.
[move_group-3] [INFO] [1791531415.428057543] [moveit_move_group_default_capabilities.move_action_capability]: Received request
[move_group-3] [INFO] [1791531415.428124960] [moveit_move_group_default_capabilities.move_action_capability]: executing..
[move_group-3] [INFO] [1791531415.449483539] [moveit_move_group_default_capabilities.move_action_capability]: Planning request received for MoveGroup action. Forwarding to planning pipeline.
[move_group-3] [INFO] [1791531415.450040012] [moveit.ompl_planning.model_based_planning_context]: Planner configuration 'left_arm[RRTConnectkConfigDefault]' will use planner 'geometric::RRTConnect'. Additional configuration parameters will be set when the planner is constructed.
[move_group-3] [INFO] [1791531415.490302873] [moveit_move_group_default_capabilities.move_action_capability]: Motion plan was computed successfully.
[move_group-3] [INFO] [1791531415.491486839] [moveit_move_group_default_capabilities.move_action_capability]: Received request
[move_group-3] [INFO] [1791531415.491565345] [moveit_move_group_default_capabilities.move_action_capability]: executing..
[move_group-3] [INFO] [1791531415.499390020] [moveit_move_group_default_capabilities.move_action_capability]: Planning request received for MoveGroup action. Forwarding to planning pipeline.
[move_group-3] [INFO] [1791531415.499868574] [moveit.ompl_planning.model_based_planning_context]: Planner configuration 'left_arm[RRTConnectkConfigDefault]' will use planner 'geometric::RRTConnect'. Additional configuration parameters will be set when the planner is constructed.
[move_group-3] [INFO] [1791531415.534148616] [moveit_move_group_default_capabilities.move_action_capability]: Motion plan was computed successfully.
[move_group-3] [INFO] [1791531415.534801153] [moveit_move_group_default_capabilities.move_action_capability]: Received request
[move_group-3] [INFO] [1791531415.534854000] [moveit_move_group_default_capabilities.move_action_capability]: executing..
[move_group-3] [INFO] [1791531415.549694298] [moveit_move_group_default_capabilities.move_action_capability]: Planning request received for MoveGroup action. Forwarding to planning pipeline.
[move_group-3] [INFO] [1791531415.550143572] [moveit.ompl_planning.model_based_planning_context]: Planner configuration 'right_arm[RRTConnectkConfigDefault]' will use planner 'geometric::RRTConnect'. Additional configuration parameters will be set when the planner is constructed.
[move_group-3] [INFO] [1791531415.587498524] [moveit_move_group_default_capabilities.move_action_capability]: Motion plan was computed successfully.
[move_group-3] [INFO] [1791531415.588439838] [moveit_move_group_default_capabilities.move_action_capability]: Received request
[move_group-3] [INFO] [1791531415.588488363] [moveit_move_group_default_capabilities.move_action_capability]: executing..
[move_group-3] [INFO] [1791531415.599293447] [moveit_move_group_default_capabilities.move_action_capability]: Planning request received for MoveGroup action. Forwarding to planning pipeline.
[move_group-3] [INFO] [1791531415.599742917] [moveit.ompl_planning.model_based_planning_context]: Planner configuration 'right_arm[RRTConnectkConfigDefault]' will use planner 'geometric::RRTConnect'. Additional configuration parameters will be set when the planner is constructed.
[move_group-3] [INFO] [1791531415.635080347] [moveit_move_group_default_capabilities.move_action_capability]: Motion plan was computed successfully.
[move_group-3] [INFO] [1791531415.636044593] [moveit_move_group_default_capabilities.move_action_capability]: Received request
[move_group-3] [INFO] [1791531415.636117375] [moveit_move_group_default_capabilities.move_action_capability]: executing..
[move_group-3] [INFO] [1791531415.650043359] [moveit_move_group_default_capabilities.move_action_capability]: Planning request received for MoveGroup action. Forwarding to planning pipeline.
[move_group-3] [INFO] [1791531415.650484571] [moveit.ompl_planning.model_based_planning_context]: Planner configuration 'right_arm[RRTConnectkConfigDefault]' will use planner 'geometric::RRTConnect'. Additional configuration parameters will be set when the planner is constructed.
[move_group-3] [INFO] [1791531415.679435128] [moveit_move_group_default_capabilities.move_action_capability]: Motion plan was computed successfully.
[move_group-3] [INFO] [1791531415.680380693] [moveit_move_group_default_capabilities.move_action_capability]: Received request
[move_group-3] [INFO] [1791531415.680439620] [moveit_move_group_default_capabilities.move_action_capability]: executing..
[move_group-3] [INFO] [1791531415.699233300] [moveit_move_group_default_capabilities.move_action_capability]: Planning request received for MoveGroup action. Forwarding to planning pipeline.
[move_group-3] [INFO] [1791531415.699677636] [moveit.ompl_planning.model_based_planning_context]: Planner configuration 'right_arm[RRTConnectkConfigDefault]' will use planner 'geometric::RRTConnect'. Additional configuration parameters will be set when the planner is constructed.
[move_group-3] [INFO] [1791531415.731766585] [moveit_move_group_default_capabilities.move_action_capability]: Motion plan was computed successfully.
[move_group-3] [INFO] [1791531415.733099616] [moveit_move_group_default_capabilities.move_action_capability]: Received request
[move_group-3] [INFO] [1791531415.733147020] [moveit_move_group_default_capabilities.move_action_capability]: executing..
[move_group-3] [INFO] [1791531415.749441795] [moveit_move_group_default_capabilities.move_action_capability]: Planning request received for MoveGroup action. Forwarding to planning pipeline.
[move_group-3] [INFO] [1791531415.749901140] [moveit.ompl_planning.model_based_planning_context]: Planner configuration 'right_arm[RRTConnectkConfigDefault]' will use planner 'geometric::RRTConnect'. Additional configuration parameters will be set when the planner is constructed.
[move_group-3] [INFO] [1791531415.780998421] [moveit_move_group_default_capabilities.move_action_capability]: Motion plan was computed successfully.
[move_group-3] [INFO] [1791531415.782021268] [moveit_move_group_default_capabilities.move_action_capability]: Received request
[move_group-3] [INFO] [1791531415.782073876] [moveit_move_group_default_capabilities.move_action_capability]: executing..
[move_group-3] [INFO] [1791531415.800190606] [moveit_move_group_default_capabilities.move_action_capability]: Planning request received for MoveGroup action. Forwarding to planning pipeline.
[move_group-3] [INFO] [1791531415.800654940] [moveit.ompl_planning.model_based_planning_context]: Planner configuration 'right_arm[RRTConnectkConfigDefault]' will use planner 'geometric::RRTConnect'. Additional configuration parameters will be set when the planner is constructed.
[move_group-3] [INFO] [1791531415.838961613] [moveit_move_group_default_capabilities.move_action_capability]: Motion plan was computed successfully.
[move_group-3] [INFO] [1791531415.839704749] [moveit_move_group_default_capabilities.move_action_capability]: Received request
[move_group-3] [INFO] [1791531415.839775903] [moveit_move_group_default_capabilities.move_action_capability]: executing..
[move_group-3] [INFO] [1791531415.850473343] [moveit_move_group_default_capabilities.move_action_capability]: Planning request received for MoveGroup action. Forwarding to planning pipeline.
[move_group-3] [INFO] [1791531415.851170983] [moveit.ompl_planning.model_based_planning_context]: Planner configuration 'right_arm[RRTConnectkConfigDefault]' will use planner 'geometric::RRTConnect'. Additional configuration parameters will be set when the planner is constructed.
[move_group-3] [INFO] [1791531415.894800738] [moveit_move_group_default_capabilities.move_action_capability]: Motion plan was computed successfully.
[move_group-3] [INFO] [1791531415.898906327] [moveit_move_group_default_capabilities.move_action_capability]: Received request
[move_group-3] [INFO] [1791531415.899010219] [moveit_move_group_default_capabilities.move_action_capability]: executing..
[move_group-3] [INFO] [1791531415.902770966] [moveit_move_group_default_capabilities.move_action_capability]: Planning request received for MoveGroup action. Forwarding to planning pipeline.
[move_group-3] [INFO] [1791531415.903393862] [moveit.ompl_planning.model_based_planning_context]: Planner configuration 'right_arm[RRTConnectkConfigDefault]' will use planner 'geometric::RRTConnect'. Additional configuration parameters will be set when the planner is constructed.
[move_group-3] [INFO] [1791531415.943090416] [moveit_move_group_default_capabilities.move_action_capability]: Motion plan was computed successfully.
[move_group-3] [INFO] [1791531416.229680014] [moveit_move_group_default_capabilities.cartersian_path_service_capability]: Received request to compute Cartesian path
[move_group-3] [INFO] [1791531416.229754385] [moveit_move_group_default_capabilities.cartersian_path_service_capability]: Attempting to follow 1 waypoints for link 'left_fr3_side_suction_tcp' using a step of 0.002000 m and jump threshold 0.000000 (in global reference frame)
[move_group-3] [INFO] [1791531416.259392215] [moveit_move_group_default_capabilities.cartersian_path_service_capability]: Computed Cartesian path with 142 points (followed 100.000000% of requested trajectory)
[move_group-3] [INFO] [1791531416.279897574] [moveit_move_group_default_capabilities.cartersian_path_service_capability]: Received request to compute Cartesian path
[move_group-3] [INFO] [1791531416.279987142] [moveit_move_group_default_capabilities.cartersian_path_service_capability]: Attempting to follow 1 waypoints for link 'left_fr3_side_suction_tcp' using a step of 0.002000 m and jump threshold 0.000000 (in global reference frame)
[move_group-3] [INFO] [1791531416.287959744] [moveit_move_group_default_capabilities.cartersian_path_service_capability]: Computed Cartesian path with 51 points (followed 100.000000% of requested trajectory)
[move_group-3] [INFO] [1791531416.544418507] [moveit_move_group_default_capabilities.move_action_capability]: Received request
[move_group-3] [INFO] [1791531416.544502184] [moveit_move_group_default_capabilities.move_action_capability]: executing..
[move_group-3] [INFO] [1791531416.554119001] [moveit_move_group_default_capabilities.move_action_capability]: Planning request received for MoveGroup action. Forwarding to planning pipeline.
[move_group-3] [INFO] [1791531416.554548689] [moveit.ompl_planning.model_based_planning_context]: Planner configuration 'right_arm[RRTConnectkConfigDefault]' will use planner 'geometric::RRTConnect'. Additional configuration parameters will be set when the planner is constructed.
[move_group-3] [ERROR] [1791531416.623710511] [moveit.ros_planning.planning_pipeline]: Computed path is not valid. Invalid states at index locations: [ 52 53 ] out of 61. Explanations follow in command line. Contacts are published on /display_contacts
[move_group-3] [INFO] [1791531416.623742498] [moveit_collision_detection_fcl.collision_common]: Found a contact between 'task26_cube_2' (type 'Object') and 'right_fr3_side_suction' (type 'Robot link'), which constitutes a collision. Contact information is not stored.
[move_group-3] [INFO] [1791531416.623747801] [moveit_collision_detection_fcl.collision_common]: Collision checking is considered complete (collision was found and 0 contacts are stored)
[move_group-3] [INFO] [1791531416.623854746] [moveit_collision_detection_fcl.collision_common]: Found a contact between 'task26_cube_2' (type 'Object') and 'right_fr3_side_suction' (type 'Robot link'), which constitutes a collision. Contact information is not stored.
[move_group-3] [INFO] [1791531416.623859477] [moveit_collision_detection_fcl.collision_common]: Collision checking is considered complete (collision was found and 0 contacts are stored)
[move_group-3] [ERROR] [1791531416.623912008] [moveit.ros_planning.planning_pipeline]: Completed listing of explanations for invalid states.
[move_group-3] [INFO] [1791531416.624013969] [moveit_move_group_default_capabilities.move_action_capability]: Motion plan was found but it seems to be invalid (possibly due to postprocessing). Not executing.
[move_group-3] [INFO] [1791531416.624805676] [moveit_move_group_default_capabilities.move_action_capability]: Received request
[move_group-3] [INFO] [1791531416.624888885] [moveit_move_group_default_capabilities.move_action_capability]: executing..
[move_group-3] [INFO] [1791531416.629927942] [moveit_move_group_default_capabilities.move_action_capability]: Planning request received for MoveGroup action. Forwarding to planning pipeline.
[move_group-3] [INFO] [1791531416.630383146] [moveit.ompl_planning.model_based_planning_context]: Planner configuration 'right_arm[RRTConnectkConfigDefault]' will use planner 'geometric::RRTConnect'. Additional configuration parameters will be set when the planner is constructed.
[move_group-3] [INFO] [1791531416.697162064] [moveit_move_group_default_capabilities.move_action_capability]: Motion plan was computed successfully.
[move_group-3] [INFO] [1791531416.698648309] [moveit_move_group_default_capabilities.move_action_capability]: Received request
[move_group-3] [INFO] [1791531416.698713844] [moveit_move_group_default_capabilities.move_action_capability]: executing..
[move_group-3] [INFO] [1791531416.704391364] [moveit_move_group_default_capabilities.move_action_capability]: Planning request received for MoveGroup action. Forwarding to planning pipeline.
[move_group-3] [INFO] [1791531416.704872334] [moveit.ompl_planning.model_based_planning_context]: Planner configuration 'right_arm[RRTConnectkConfigDefault]' will use planner 'geometric::RRTConnect'. Additional configuration parameters will be set when the planner is constructed.
[move_group-3] [ERROR] [1791531416.767143473] [moveit.ros_planning.planning_pipeline]: Computed path is not valid. Invalid states at index locations: [ 78 79 ] out of 86. Explanations follow in command line. Contacts are published on /display_contacts
[move_group-3] [INFO] [1791531416.767191898] [moveit_collision_detection_fcl.collision_common]: Found a contact between 'task26_cube_2' (type 'Object') and 'right_fr3_side_suction' (type 'Robot link'), which constitutes a collision. Contact information is not stored.
[move_group-3] [INFO] [1791531416.767200555] [moveit_collision_detection_fcl.collision_common]: Collision checking is considered complete (collision was found and 0 contacts are stored)
[move_group-3] [INFO] [1791531416.767418846] [moveit_collision_detection_fcl.collision_common]: Found a contact between 'task26_cube_2' (type 'Object') and 'right_fr3_side_suction' (type 'Robot link'), which constitutes a collision. Contact information is not stored.
[move_group-3] [INFO] [1791531416.767426764] [moveit_collision_detection_fcl.collision_common]: Collision checking is considered complete (collision was found and 0 contacts are stored)
[move_group-3] [ERROR] [1791531416.767514614] [moveit.ros_planning.planning_pipeline]: Completed listing of explanations for invalid states.
[move_group-3] [INFO] [1791531416.767727676] [moveit_move_group_default_capabilities.move_action_capability]: Motion plan was found but it seems to be invalid (possibly due to postprocessing). Not executing.
[move_group-3] [INFO] [1791531416.768351285] [moveit_move_group_default_capabilities.move_action_capability]: Received request
[move_group-3] [INFO] [1791531416.768418219] [moveit_move_group_default_capabilities.move_action_capability]: executing..
[move_group-3] [INFO] [1791531416.780533436] [moveit_move_group_default_capabilities.move_action_capability]: Planning request received for MoveGroup action. Forwarding to planning pipeline.
[move_group-3] [INFO] [1791531416.781167480] [moveit.ompl_planning.model_based_planning_context]: Planner configuration 'right_arm[RRTConnectkConfigDefault]' will use planner 'geometric::RRTConnect'. Additional configuration parameters will be set when the planner is constructed.
[move_group-3] [INFO] [1791531416.822964301] [moveit_move_group_default_capabilities.move_action_capability]: Motion plan was computed successfully.
[move_group-3] [INFO] [1791531416.824288872] [moveit_move_group_default_capabilities.move_action_capability]: Received request
[move_group-3] [INFO] [1791531416.824357875] [moveit_move_group_default_capabilities.move_action_capability]: executing..
[move_group-3] [INFO] [1791531416.829976268] [moveit_move_group_default_capabilities.move_action_capability]: Planning request received for MoveGroup action. Forwarding to planning pipeline.
[move_group-3] [INFO] [1791531416.830426143] [moveit.ompl_planning.model_based_planning_context]: Planner configuration 'right_arm[RRTConnectkConfigDefault]' will use planner 'geometric::RRTConnect'. Additional configuration parameters will be set when the planner is constructed.
[move_group-3] [ERROR] [1791531416.877325786] [moveit.ros_planning.planning_pipeline]: Computed path is not valid. Invalid states at index locations: [ 57 58 59 60 ] out of 78. Explanations follow in command line. Contacts are published on /display_contacts
[move_group-3] [INFO] [1791531416.877386591] [moveit_collision_detection_fcl.collision_common]: Found a contact between 'task26_table' (type 'Object') and 'right_fr3_side_suction' (type 'Robot link'), which constitutes a collision. Contact information is not stored.
[move_group-3] [INFO] [1791531416.877395934] [moveit_collision_detection_fcl.collision_common]: Collision checking is considered complete (collision was found and 0 contacts are stored)
[move_group-3] [INFO] [1791531416.877577020] [moveit_collision_detection_fcl.collision_common]: Found a contact between 'task26_table' (type 'Object') and 'right_fr3_side_suction' (type 'Robot link'), which constitutes a collision. Contact information is not stored.
[move_group-3] [INFO] [1791531416.877585802] [moveit_collision_detection_fcl.collision_common]: Collision checking is considered complete (collision was found and 0 contacts are stored)
[move_group-3] [INFO] [1791531416.877692841] [moveit_collision_detection_fcl.collision_common]: Found a contact between 'task26_table' (type 'Object') and 'right_fr3_side_suction' (type 'Robot link'), which constitutes a collision. Contact information is not stored.
[move_group-3] [INFO] [1791531416.877701158] [moveit_collision_detection_fcl.collision_common]: Collision checking is considered complete (collision was found and 0 contacts are stored)
[move_group-3] [INFO] [1791531416.877804322] [moveit_collision_detection_fcl.collision_common]: Found a contact between 'task26_table' (type 'Object') and 'right_fr3_side_suction' (type 'Robot link'), which constitutes a collision. Contact information is not stored.
[move_group-3] [INFO] [1791531416.877811804] [moveit_collision_detection_fcl.collision_common]: Collision checking is considered complete (collision was found and 0 contacts are stored)
[move_group-3] [ERROR] [1791531416.877892222] [moveit.ros_planning.planning_pipeline]: Completed listing of explanations for invalid states.
[move_group-3] [INFO] [1791531416.878145337] [moveit_move_group_default_capabilities.move_action_capability]: Motion plan was found but it seems to be invalid (possibly due to postprocessing). Not executing.
[move_group-3] [INFO] [1791531416.879660977] [moveit_move_group_default_capabilities.move_action_capability]: Received request
[move_group-3] [INFO] [1791531416.879754772] [moveit_move_group_default_capabilities.move_action_capability]: executing..
[move_group-3] [INFO] [1791531416.881095131] [moveit_move_group_default_capabilities.move_action_capability]: Planning request received for MoveGroup action. Forwarding to planning pipeline.
[move_group-3] [INFO] [1791531416.881575883] [moveit.ompl_planning.model_based_planning_context]: Planner configuration 'right_arm[RRTConnectkConfigDefault]' will use planner 'geometric::RRTConnect'. Additional configuration parameters will be set when the planner is constructed.
[move_group-3] [INFO] [1791531416.952985163] [moveit_move_group_default_capabilities.move_action_capability]: Motion plan was computed successfully.
[move_group-3] [INFO] [1791531416.954090211] [moveit_move_group_default_capabilities.move_action_capability]: Received request
[move_group-3] [INFO] [1791531416.954207218] [moveit_move_group_default_capabilities.move_action_capability]: executing..
[move_group-3] [INFO] [1791531416.963180909] [moveit_move_group_default_capabilities.move_action_capability]: Planning request received for MoveGroup action. Forwarding to planning pipeline.
[move_group-3] [INFO] [1791531416.963679277] [moveit.ompl_planning.model_based_planning_context]: Planner configuration 'right_arm[RRTConnectkConfigDefault]' will use planner 'geometric::RRTConnect'. Additional configuration parameters will be set when the planner is constructed.
[move_group-3] [ERROR] [1791531417.019741113] [moveit.ros_planning.planning_pipeline]: Computed path is not valid. Invalid states at index locations: [ 54 ] out of 68. Explanations follow in command line. Contacts are published on /display_contacts
[move_group-3] [INFO] [1791531417.019795708] [moveit_collision_detection_fcl.collision_common]: Found a contact between 'task26_cube_2' (type 'Object') and 'right_fr3_side_suction' (type 'Robot link'), which constitutes a collision. Contact information is not stored.
[move_group-3] [INFO] [1791531417.019801867] [moveit_collision_detection_fcl.collision_common]: Collision checking is considered complete (collision was found and 0 contacts are stored)
[move_group-3] [ERROR] [1791531417.019905952] [moveit.ros_planning.planning_pipeline]: Completed listing of explanations for invalid states.
[move_group-3] [INFO] [1791531417.020005906] [moveit_move_group_default_capabilities.move_action_capability]: Motion plan was found but it seems to be invalid (possibly due to postprocessing). Not executing.
[move_group-3] [INFO] [1791531417.021556325] [moveit_move_group_default_capabilities.move_action_capability]: Received request
[move_group-3] [INFO] [1791531417.021610099] [moveit_move_group_default_capabilities.move_action_capability]: executing..
[move_group-3] [INFO] [1791531417.031216315] [moveit_move_group_default_capabilities.move_action_capability]: Planning request received for MoveGroup action. Forwarding to planning pipeline.
[move_group-3] [INFO] [1791531417.031678338] [moveit.ompl_planning.model_based_planning_context]: Planner configuration 'right_arm[RRTConnectkConfigDefault]' will use planner 'geometric::RRTConnect'. Additional configuration parameters will be set when the planner is constructed.
[move_group-3] [INFO] [1791531417.090999208] [moveit_move_group_default_capabilities.move_action_capability]: Motion plan was computed successfully.
[move_group-3] [INFO] [1791531417.091743335] [moveit_move_group_default_capabilities.move_action_capability]: Received request
[move_group-3] [INFO] [1791531417.091807089] [moveit_move_group_default_capabilities.move_action_capability]: executing..
[move_group-3] [INFO] [1791531417.103968799] [moveit_move_group_default_capabilities.move_action_capability]: Planning request received for MoveGroup action. Forwarding to planning pipeline.
[move_group-3] [INFO] [1791531417.104444984] [moveit.ompl_planning.model_based_planning_context]: Planner configuration 'right_arm[RRTConnectkConfigDefault]' will use planner 'geometric::RRTConnect'. Additional configuration parameters will be set when the planner is constructed.
[move_group-3] [INFO] [1791531417.149924834] [moveit_move_group_default_capabilities.move_action_capability]: Motion plan was computed successfully.
[move_group-3] [INFO] [1791531417.150999854] [moveit_move_group_default_capabilities.move_action_capability]: Received request
[move_group-3] [INFO] [1791531417.151119687] [moveit_move_group_default_capabilities.move_action_capability]: executing..
[move_group-3] [INFO] [1791531417.154335773] [moveit_move_group_default_capabilities.move_action_capability]: Planning request received for MoveGroup action. Forwarding to planning pipeline.
[move_group-3] [INFO] [1791531417.154795264] [moveit.ompl_planning.model_based_planning_context]: Planner configuration 'right_arm[RRTConnectkConfigDefault]' will use planner 'geometric::RRTConnect'. Additional configuration parameters will be set when the planner is constructed.
[move_group-3] [ERROR] [1791531417.211957612] [moveit.ros_planning.planning_pipeline]: Computed path is not valid. Invalid states at index locations: [ 64 ] out of 70. Explanations follow in command line. Contacts are published on /display_contacts
[move_group-3] [INFO] [1791531417.212020805] [moveit_collision_detection_fcl.collision_common]: Found a contact between 'task26_cube_2' (type 'Object') and 'right_fr3_side_suction' (type 'Robot link'), which constitutes a collision. Contact information is not stored.
[move_group-3] [INFO] [1791531417.212029375] [moveit_collision_detection_fcl.collision_common]: Collision checking is considered complete (collision was found and 0 contacts are stored)
[move_group-3] [ERROR] [1791531417.212186744] [moveit.ros_planning.planning_pipeline]: Completed listing of explanations for invalid states.
[move_group-3] [INFO] [1791531417.212361445] [moveit_move_group_default_capabilities.move_action_capability]: Motion plan was found but it seems to be invalid (possibly due to postprocessing). Not executing.
[move_group-3] [INFO] [1791531417.214149200] [moveit_move_group_default_capabilities.move_action_capability]: Received request
[move_group-3] [INFO] [1791531417.214226245] [moveit_move_group_default_capabilities.move_action_capability]: executing..
[move_group-3] [INFO] [1791531417.230382853] [moveit_move_group_default_capabilities.move_action_capability]: Planning request received for MoveGroup action. Forwarding to planning pipeline.
[move_group-3] [INFO] [1791531417.230853147] [moveit.ompl_planning.model_based_planning_context]: Planner configuration 'right_arm[RRTConnectkConfigDefault]' will use planner 'geometric::RRTConnect'. Additional configuration parameters will be set when the planner is constructed.
[move_group-3] [INFO] [1791531417.278551720] [moveit_move_group_default_capabilities.move_action_capability]: Motion plan was computed successfully.
[move_group-3] [INFO] [1791531417.279613361] [moveit_move_group_default_capabilities.move_action_capability]: Received request
[move_group-3] [INFO] [1791531417.279686014] [moveit_move_group_default_capabilities.move_action_capability]: executing..
[move_group-3] [INFO] [1791531417.280277616] [moveit_move_group_default_capabilities.move_action_capability]: Planning request received for MoveGroup action. Forwarding to planning pipeline.
[move_group-3] [INFO] [1791531417.280777218] [moveit.ompl_planning.model_based_planning_context]: Planner configuration 'right_arm[RRTConnectkConfigDefault]' will use planner 'geometric::RRTConnect'. Additional configuration parameters will be set when the planner is constructed.
[move_group-3] [INFO] [1791531417.320183469] [moveit_move_group_default_capabilities.move_action_capability]: Motion plan was computed successfully.
[move_group-3] [INFO] [1791531417.320821222] [moveit_move_group_default_capabilities.move_action_capability]: Received request
[move_group-3] [INFO] [1791531417.320886943] [moveit_move_group_default_capabilities.move_action_capability]: executing..
[move_group-3] [INFO] [1791531417.330133192] [moveit_move_group_default_capabilities.move_action_capability]: Planning request received for MoveGroup action. Forwarding to planning pipeline.
[move_group-3] [INFO] [1791531417.330586084] [moveit.ompl_planning.model_based_planning_context]: Planner configuration 'right_arm[RRTConnectkConfigDefault]' will use planner 'geometric::RRTConnect'. Additional configuration parameters will be set when the planner is constructed.
[move_group-3] [INFO] [1791531417.364647218] [moveit_move_group_default_capabilities.move_action_capability]: Motion plan was computed successfully.
[move_group-3] [INFO] [1791531417.366216517] [moveit_move_group_default_capabilities.move_action_capability]: Received request
[move_group-3] [INFO] [1791531417.366299467] [moveit_move_group_default_capabilities.move_action_capability]: executing..
[move_group-3] [INFO] [1791531417.380204935] [moveit_move_group_default_capabilities.move_action_capability]: Planning request received for MoveGroup action. Forwarding to planning pipeline.
[move_group-3] [INFO] [1791531417.380679984] [moveit.ompl_planning.model_based_planning_context]: Planner configuration 'right_arm[RRTConnectkConfigDefault]' will use planner 'geometric::RRTConnect'. Additional configuration parameters will be set when the planner is constructed.
[move_group-3] [INFO] [1791531417.429615546] [moveit_move_group_default_capabilities.move_action_capability]: Motion plan was computed successfully.
[move_group-3] [INFO] [1791531417.430705948] [moveit_move_group_default_capabilities.move_action_capability]: Received request
[move_group-3] [INFO] [1791531417.430796534] [moveit_move_group_default_capabilities.move_action_capability]: executing..
[move_group-3] [INFO] [1791531417.454082565] [moveit_move_group_default_capabilities.move_action_capability]: Planning request received for MoveGroup action. Forwarding to planning pipeline.
[move_group-3] [INFO] [1791531417.454530296] [moveit.ompl_planning.model_based_planning_context]: Planner configuration 'right_arm[RRTConnectkConfigDefault]' will use planner 'geometric::RRTConnect'. Additional configuration parameters will be set when the planner is constructed.
[move_group-3] [INFO] [1791531417.502243579] [moveit_move_group_default_capabilities.move_action_capability]: Motion plan was computed successfully.
[move_group-3] [INFO] [1791531417.503417836] [moveit_move_group_default_capabilities.move_action_capability]: Received request
[move_group-3] [INFO] [1791531417.503507765] [moveit_move_group_default_capabilities.move_action_capability]: executing..
[move_group-3] [INFO] [1791531417.504486474] [moveit_move_group_default_capabilities.move_action_capability]: Planning request received for MoveGroup action. Forwarding to planning pipeline.
[move_group-3] [INFO] [1791531417.504923824] [moveit.ompl_planning.model_based_planning_context]: Planner configuration 'right_arm[RRTConnectkConfigDefault]' will use planner 'geometric::RRTConnect'. Additional configuration parameters will be set when the planner is constructed.
[move_group-3] [INFO] [1791531417.572954018] [moveit_move_group_default_capabilities.move_action_capability]: Motion plan was computed successfully.
[move_group-3] [INFO] [1791531417.574376507] [moveit_move_group_default_capabilities.move_action_capability]: Received request
[move_group-3] [INFO] [1791531417.574429810] [moveit_move_group_default_capabilities.move_action_capability]: executing..
[move_group-3] [INFO] [1791531417.580566662] [moveit_move_group_default_capabilities.move_action_capability]: Planning request received for MoveGroup action. Forwarding to planning pipeline.
[move_group-3] [INFO] [1791531417.581044336] [moveit.ompl_planning.model_based_planning_context]: Planner configuration 'right_arm[RRTConnectkConfigDefault]' will use planner 'geometric::RRTConnect'. Additional configuration parameters will be set when the planner is constructed.
[move_group-3] [INFO] [1791531417.631290953] [moveit_move_group_default_capabilities.move_action_capability]: Motion plan was computed successfully.
[move_group-3] [INFO] [1791531417.632340795] [moveit_move_group_default_capabilities.move_action_capability]: Received request
[move_group-3] [INFO] [1791531417.632405919] [moveit_move_group_default_capabilities.move_action_capability]: executing..
[move_group-3] [INFO] [1791531417.654742471] [moveit_move_group_default_capabilities.move_action_capability]: Planning request received for MoveGroup action. Forwarding to planning pipeline.
[move_group-3] [INFO] [1791531417.655207119] [moveit.ompl_planning.model_based_planning_context]: Planner configuration 'right_arm[RRTConnectkConfigDefault]' will use planner 'geometric::RRTConnect'. Additional configuration parameters will be set when the planner is constructed.
[move_group-3] [INFO] [1791531417.705942385] [moveit_move_group_default_capabilities.move_action_capability]: Motion plan was computed successfully.
[move_group-3] [INFO] [1791531417.707854447] [moveit_move_group_default_capabilities.move_action_capability]: Received request
[move_group-3] [INFO] [1791531417.707919887] [moveit_move_group_default_capabilities.move_action_capability]: executing..
[move_group-3] [INFO] [1791531417.713818078] [moveit_move_group_default_capabilities.move_action_capability]: Planning request received for MoveGroup action. Forwarding to planning pipeline.
[move_group-3] [INFO] [1791531417.714268176] [moveit.ompl_planning.model_based_planning_context]: Planner configuration 'right_arm[RRTConnectkConfigDefault]' will use planner 'geometric::RRTConnect'. Additional configuration parameters will be set when the planner is constructed.
[move_group-3] [INFO] [1791531417.759383995] [moveit_move_group_default_capabilities.move_action_capability]: Motion plan was computed successfully.
[move_group-3] [INFO] [1791531417.760001068] [moveit_move_group_default_capabilities.move_action_capability]: Received request
[move_group-3] [INFO] [1791531417.760053146] [moveit_move_group_default_capabilities.move_action_capability]: executing..
[move_group-3] [INFO] [1791531417.763900403] [moveit_move_group_default_capabilities.move_action_capability]: Planning request received for MoveGroup action. Forwarding to planning pipeline.
[move_group-3] [INFO] [1791531417.764380269] [moveit.ompl_planning.model_based_planning_context]: Planner configuration 'right_arm[RRTConnectkConfigDefault]' will use planner 'geometric::RRTConnect'. Additional configuration parameters will be set when the planner is constructed.
[move_group-3] [ERROR] [1791531417.820244843] [moveit.ros_planning.planning_pipeline]: Computed path is not valid. Invalid states at index locations: [ 62 63 ] out of 72. Explanations follow in command line. Contacts are published on /display_contacts
[move_group-3] [INFO] [1791531417.820291758] [moveit_collision_detection_fcl.collision_common]: Found a contact between 'task26_cube_2' (type 'Object') and 'right_fr3_side_suction' (type 'Robot link'), which constitutes a collision. Contact information is not stored.
[move_group-3] [INFO] [1791531417.820297697] [moveit_collision_detection_fcl.collision_common]: Collision checking is considered complete (collision was found and 0 contacts are stored)
[move_group-3] [INFO] [1791531417.820404936] [moveit_collision_detection_fcl.collision_common]: Found a contact between 'task26_cube_2' (type 'Object') and 'right_fr3_side_suction' (type 'Robot link'), which constitutes a collision. Contact information is not stored.
[move_group-3] [INFO] [1791531417.820409173] [moveit_collision_detection_fcl.collision_common]: Collision checking is considered complete (collision was found and 0 contacts are stored)
[move_group-3] [ERROR] [1791531417.820457768] [moveit.ros_planning.planning_pipeline]: Completed listing of explanations for invalid states.
[move_group-3] [INFO] [1791531417.820559854] [moveit_move_group_default_capabilities.move_action_capability]: Motion plan was found but it seems to be invalid (possibly due to postprocessing). Not executing.
[move_group-3] [INFO] [1791531417.821217637] [moveit_move_group_default_capabilities.move_action_capability]: Received request
[move_group-3] [INFO] [1791531417.821282908] [moveit_move_group_default_capabilities.move_action_capability]: executing..
[move_group-3] [INFO] [1791531417.831503222] [moveit_move_group_default_capabilities.move_action_capability]: Planning request received for MoveGroup action. Forwarding to planning pipeline.
[move_group-3] [INFO] [1791531417.832137634] [moveit.ompl_planning.model_based_planning_context]: Planner configuration 'right_arm[RRTConnectkConfigDefault]' will use planner 'geometric::RRTConnect'. Additional configuration parameters will be set when the planner is constructed.
[move_group-3] [INFO] [1791531417.873576129] [moveit_move_group_default_capabilities.move_action_capability]: Motion plan was computed successfully.
[move_group-3] [INFO] [1791531417.874501207] [moveit_move_group_default_capabilities.move_action_capability]: Received request
[move_group-3] [INFO] [1791531417.874560380] [moveit_move_group_default_capabilities.move_action_capability]: executing..
[move_group-3] [INFO] [1791531417.880621544] [moveit_move_group_default_capabilities.move_action_capability]: Planning request received for MoveGroup action. Forwarding to planning pipeline.
[move_group-3] [INFO] [1791531417.881233080] [moveit.ompl_planning.model_based_planning_context]: Planner configuration 'right_arm[RRTConnectkConfigDefault]' will use planner 'geometric::RRTConnect'. Additional configuration parameters will be set when the planner is constructed.
[move_group-3] [INFO] [1791531417.919136412] [moveit_move_group_default_capabilities.move_action_capability]: Motion plan was computed successfully.
[move_group-3] [INFO] [1791531417.920120498] [moveit_move_group_default_capabilities.move_action_capability]: Received request
[move_group-3] [INFO] [1791531417.920184480] [moveit_move_group_default_capabilities.move_action_capability]: executing..
[move_group-3] [INFO] [1791531417.930325456] [moveit_move_group_default_capabilities.move_action_capability]: Planning request received for MoveGroup action. Forwarding to planning pipeline.
[move_group-3] [INFO] [1791531417.930881737] [moveit.ompl_planning.model_based_planning_context]: Planner configuration 'right_arm[RRTConnectkConfigDefault]' will use planner 'geometric::RRTConnect'. Additional configuration parameters will be set when the planner is constructed.
[move_group-3] [ERROR] [1791531417.983977173] [moveit.ros_planning.planning_pipeline]: Computed path is not valid. Invalid states at index locations: [ 93 ] out of 106. Explanations follow in command line. Contacts are published on /display_contacts
[move_group-3] [INFO] [1791531417.984041337] [moveit_collision_detection_fcl.collision_common]: Found a contact between 'task26_cube_2' (type 'Object') and 'right_fr3_side_suction' (type 'Robot link'), which constitutes a collision. Contact information is not stored.
[move_group-3] [INFO] [1791531417.984050508] [moveit_collision_detection_fcl.collision_common]: Collision checking is considered complete (collision was found and 0 contacts are stored)
[move_group-3] [ERROR] [1791531417.984242738] [moveit.ros_planning.planning_pipeline]: Completed listing of explanations for invalid states.
[move_group-3] [INFO] [1791531417.984492495] [moveit_move_group_default_capabilities.move_action_capability]: Motion plan was found but it seems to be invalid (possibly due to postprocessing). Not executing.
[move_group-3] [INFO] [1791531417.985471982] [moveit_move_group_default_capabilities.move_action_capability]: Received request
[move_group-3] [INFO] [1791531417.985533488] [moveit_move_group_default_capabilities.move_action_capability]: executing..
[move_group-3] [INFO] [1791531418.004263617] [moveit_move_group_default_capabilities.move_action_capability]: Planning request received for MoveGroup action. Forwarding to planning pipeline.
[move_group-3] [INFO] [1791531418.004740817] [moveit.ompl_planning.model_based_planning_context]: Planner configuration 'right_arm[RRTConnectkConfigDefault]' will use planner 'geometric::RRTConnect'. Additional configuration parameters will be set when the planner is constructed.
[move_group-3] [INFO] [1791531418.041220491] [moveit_move_group_default_capabilities.move_action_capability]: Motion plan was computed successfully.
[move_group-3] [INFO] [1791531418.330708214] [moveit_move_group_default_capabilities.cartersian_path_service_capability]: Received request to compute Cartesian path
[move_group-3] [INFO] [1791531418.330794365] [moveit_move_group_default_capabilities.cartersian_path_service_capability]: Attempting to follow 1 waypoints for link 'right_fr3_side_suction_tcp' using a step of 0.002000 m and jump threshold 0.000000 (in global reference frame)
[move_group-3] [INFO] [1791531418.334330474] [moveit_move_group_default_capabilities.cartersian_path_service_capability]: Computed Cartesian path with 22 points (followed 100.000000% of requested trajectory)
[move_group-3] [INFO] [1791531418.354678899] [moveit_move_group_default_capabilities.cartersian_path_service_capability]: Received request to compute Cartesian path
[move_group-3] [INFO] [1791531418.354772665] [moveit_move_group_default_capabilities.cartersian_path_service_capability]: Attempting to follow 1 waypoints for link 'left_fr3_side_suction_tcp' using a step of 0.002000 m and jump threshold 0.000000 (in global reference frame)
[move_group-3] [INFO] [1791531418.376485978] [moveit_move_group_default_capabilities.cartersian_path_service_capability]: Computed Cartesian path with 141 points (followed 100.000000% of requested trajectory)
[move_group-3] [INFO] [1791531418.380666561] [moveit_move_group_default_capabilities.cartersian_path_service_capability]: Received request to compute Cartesian path
[move_group-3] [INFO] [1791531418.380754299] [moveit_move_group_default_capabilities.cartersian_path_service_capability]: Attempting to follow 1 waypoints for link 'right_fr3_side_suction_tcp' using a step of 0.002000 m and jump threshold 0.000000 (in global reference frame)
[move_group-3] [INFO] [1791531418.411316983] [moveit_move_group_default_capabilities.cartersian_path_service_capability]: Computed Cartesian path with 142 points (followed 100.000000% of requested trajectory)
[move_group-3] [INFO] [1791531418.414177354] [moveit_move_group_default_capabilities.cartersian_path_service_capability]: Received request to compute Cartesian path
[move_group-3] [INFO] [1791531418.414279035] [moveit_move_group_default_capabilities.cartersian_path_service_capability]: Attempting to follow 1 waypoints for link 'right_fr3_side_suction_tcp' using a step of 0.001500 m and jump threshold 0.000000 (in global reference frame)
[move_group-3] [INFO] [1791531418.469528321] [moveit_move_group_default_capabilities.cartersian_path_service_capability]: Computed Cartesian path with 188 points (followed 100.000000% of requested trajectory)
[move_group-3] [INFO] [1791531418.480874514] [moveit_move_group_default_capabilities.cartersian_path_service_capability]: Received request to compute Cartesian path
[move_group-3] [INFO] [1791531418.480962649] [moveit_move_group_default_capabilities.cartersian_path_service_capability]: Attempting to follow 1 waypoints for link 'right_fr3_side_suction_tcp' using a step of 0.003000 m and jump threshold 0.000000 (in global reference frame)
[move_group-3] [INFO] [1791531418.499850826] [moveit_move_group_default_capabilities.cartersian_path_service_capability]: Computed Cartesian path with 95 points (followed 100.000000% of requested trajectory)
[move_group-3] [INFO] [1791531418.504281320] [moveit_move_group_default_capabilities.cartersian_path_service_capability]: Received request to compute Cartesian path
[move_group-3] [INFO] [1791531418.504361323] [moveit_move_group_default_capabilities.cartersian_path_service_capability]: Attempting to follow 1 waypoints for link 'right_fr3_side_suction_tcp' using a step of 0.001000 m and jump threshold 0.000000 (in global reference frame)
[move_group-3] [INFO] [1791531418.571403755] [moveit_move_group_default_capabilities.cartersian_path_service_capability]: Computed Cartesian path with 282 points (followed 100.000000% of requested trajectory)
[move_group-3] [INFO] [1791531418.630728325] [moveit_move_group_default_capabilities.cartersian_path_service_capability]: Received request to compute Cartesian path
[move_group-3] [INFO] [1791531418.630795560] [moveit_move_group_default_capabilities.cartersian_path_service_capability]: Attempting to follow 1 waypoints for link 'right_fr3_side_suction_tcp' using a step of 0.002000 m and jump threshold 0.000000 (in global reference frame)
[move_group-3] [INFO] [1791531418.634762128] [moveit_move_group_default_capabilities.cartersian_path_service_capability]: Computed Cartesian path with 22 points (followed 100.000000% of requested trajectory)
[move_group-3] [INFO] [1791531418.654298796] [moveit_move_group_default_capabilities.cartersian_path_service_capability]: Received request to compute Cartesian path
[move_group-3] [INFO] [1791531418.654398246] [moveit_move_group_default_capabilities.cartersian_path_service_capability]: Attempting to follow 1 waypoints for link 'left_fr3_side_suction_tcp' using a step of 0.002000 m and jump threshold 0.000000 (in global reference frame)
[move_group-3] [INFO] [1791531418.676552405] [moveit_move_group_default_capabilities.cartersian_path_service_capability]: Computed Cartesian path with 141 points (followed 100.000000% of requested trajectory)
[move_group-3] [INFO] [1791531418.680792262] [moveit_move_group_default_capabilities.cartersian_path_service_capability]: Received request to compute Cartesian path
[move_group-3] [INFO] [1791531418.680869559] [moveit_move_group_default_capabilities.cartersian_path_service_capability]: Attempting to follow 1 waypoints for link 'right_fr3_side_suction_tcp' using a step of 0.002000 m and jump threshold 0.000000 (in global reference frame)
[move_group-3] [INFO] [1791531418.705610989] [moveit_move_group_default_capabilities.cartersian_path_service_capability]: Computed Cartesian path with 141 points (followed 100.000000% of requested trajectory)
[move_group-3] [INFO] [1791531418.730662960] [moveit_move_group_default_capabilities.cartersian_path_service_capability]: Received request to compute Cartesian path
[move_group-3] [INFO] [1791531418.730776549] [moveit_move_group_default_capabilities.cartersian_path_service_capability]: Attempting to follow 1 waypoints for link 'left_fr3_side_suction_tcp' using a step of 0.002000 m and jump threshold 0.000000 (in global reference frame)
[move_group-3] [INFO] [1791531418.817194416] [moveit_move_group_default_capabilities.cartersian_path_service_capability]: Computed Cartesian path with 211 points (followed 100.000000% of requested trajectory)
[move_group-3] [INFO] [1791531418.831489267] [moveit_move_group_default_capabilities.cartersian_path_service_capability]: Received request to compute Cartesian path
[move_group-3] [INFO] [1791531418.831571650] [moveit_move_group_default_capabilities.cartersian_path_service_capability]: Attempting to follow 1 waypoints for link 'right_fr3_side_suction_tcp' using a step of 0.002000 m and jump threshold 0.000000 (in global reference frame)
[move_group-3] [INFO] [1791531418.871664975] [moveit_move_group_default_capabilities.cartersian_path_service_capability]: Computed Cartesian path with 212 points (followed 100.000000% of requested trajectory)
[move_group-3] [INFO] [1791531418.905698282] [moveit_move_group_default_capabilities.cartersian_path_service_capability]: Received request to compute Cartesian path
[move_group-3] [INFO] [1791531418.905788758] [moveit_move_group_default_capabilities.cartersian_path_service_capability]: Attempting to follow 1 waypoints for link 'left_fr3_side_suction_tcp' using a step of 0.002000 m and jump threshold 0.000000 (in global reference frame)
[move_group-3] [INFO] [1791531418.909917845] [moveit_move_group_default_capabilities.cartersian_path_service_capability]: Computed Cartesian path with 32 points (followed 100.000000% of requested trajectory)
[move_group-3] [INFO] [1791531418.915012298] [moveit_move_group_default_capabilities.cartersian_path_service_capability]: Received request to compute Cartesian path
[move_group-3] [INFO] [1791531418.915085467] [moveit_move_group_default_capabilities.cartersian_path_service_capability]: Attempting to follow 1 waypoints for link 'right_fr3_side_suction_tcp' using a step of 0.002000 m and jump threshold 0.000000 (in global reference frame)
[move_group-3] [INFO] [1791531418.918393600] [moveit_move_group_default_capabilities.cartersian_path_service_capability]: Computed Cartesian path with 31 points (followed 100.000000% of requested trajectory)
[move_group-3] [INFO] [1791531418.931670509] [moveit_move_group_default_capabilities.cartersian_path_service_capability]: Received request to compute Cartesian path
[move_group-3] [INFO] [1791531418.931729596] [moveit_move_group_default_capabilities.cartersian_path_service_capability]: Attempting to follow 1 waypoints for link 'left_fr3_side_suction_tcp' using a step of 0.002000 m and jump threshold 0.000000 (in global reference frame)
[move_group-3] [INFO] [1791531418.947574935] [moveit_move_group_default_capabilities.cartersian_path_service_capability]: Computed Cartesian path with 132 points (followed 100.000000% of requested trajectory)
[move_group-3] [INFO] [1791531418.955780680] [moveit_move_group_default_capabilities.cartersian_path_service_capability]: Received request to compute Cartesian path
[move_group-3] [INFO] [1791531418.955840227] [moveit_move_group_default_capabilities.cartersian_path_service_capability]: Attempting to follow 1 waypoints for link 'right_fr3_side_suction_tcp' using a step of 0.002000 m and jump threshold 0.000000 (in global reference frame)
[move_group-3] [INFO] [1791531418.970480561] [moveit_move_group_default_capabilities.cartersian_path_service_capability]: Computed Cartesian path with 132 points (followed 100.000000% of requested trajectory)
[move_group-3] [INFO] [1791531418.982141302] [moveit_move_group_default_capabilities.cartersian_path_service_capability]: Received request to compute Cartesian path
[move_group-3] [INFO] [1791531418.982207207] [moveit_move_group_default_capabilities.cartersian_path_service_capability]: Attempting to follow 1 waypoints for link 'left_fr3_side_suction_tcp' using a step of 0.002000 m and jump threshold 0.000000 (in global reference frame)
[move_group-3] [INFO] [1791531418.983525961] [moveit_move_group_default_capabilities.cartersian_path_service_capability]: Computed Cartesian path with 12 points (followed 100.000000% of requested trajectory)
[move_group-3] [INFO] [1791531419.005325500] [moveit_move_group_default_capabilities.cartersian_path_service_capability]: Received request to compute Cartesian path
[move_group-3] [INFO] [1791531419.005389842] [moveit_move_group_default_capabilities.cartersian_path_service_capability]: Attempting to follow 1 waypoints for link 'right_fr3_side_suction_tcp' using a step of 0.002000 m and jump threshold 0.000000 (in global reference frame)
[move_group-3] [INFO] [1791531419.006701605] [moveit_move_group_default_capabilities.cartersian_path_service_capability]: Computed Cartesian path with 12 points (followed 100.000000% of requested trajectory)
[move_group-3] [INFO] [1791531419.014896675] [moveit_move_group_default_capabilities.cartersian_path_service_capability]: Received request to compute Cartesian path
[move_group-3] [INFO] [1791531419.014989250] [moveit_move_group_default_capabilities.cartersian_path_service_capability]: Attempting to follow 1 waypoints for link 'left_fr3_side_suction_tcp' using a step of 0.002000 m and jump threshold 0.000000 (in global reference frame)
[move_group-3] [INFO] [1791531419.066782398] [moveit_move_group_default_capabilities.cartersian_path_service_capability]: Computed Cartesian path with 220 points (followed 100.000000% of requested trajectory)
[move_group-3] [INFO] [1791531419.081616808] [moveit_move_group_default_capabilities.cartersian_path_service_capability]: Received request to compute Cartesian path
[move_group-3] [INFO] [1791531419.081691974] [moveit_move_group_default_capabilities.cartersian_path_service_capability]: Attempting to follow 1 waypoints for link 'right_fr3_side_suction_tcp' using a step of 0.002000 m and jump threshold 0.000000 (in global reference frame)
[move_group-3] [INFO] [1791531419.099459919] [moveit_move_group_default_capabilities.cartersian_path_service_capability]: Computed Cartesian path with 141 points (followed 100.000000% of requested trajectory)
[move_group-3] [INFO] [1791531419.131778498] [moveit_move_group_default_capabilities.cartersian_path_service_capability]: Received request to compute Cartesian path
[move_group-3] [INFO] [1791531419.131860258] [moveit_move_group_default_capabilities.cartersian_path_service_capability]: Attempting to follow 1 waypoints for link 'left_fr3_side_suction_tcp' using a step of 0.002000 m and jump threshold 0.000000 (in global reference frame)
[move_group-3] [INFO] [1791531419.131935838] [moveit_move_group_default_capabilities.cartersian_path_service_capability]: Computed Cartesian path with 2 points (followed 100.000000% of requested trajectory)
[move_group-3] [INFO] [1791531419.155558375] [moveit_move_group_default_capabilities.cartersian_path_service_capability]: Received request to compute Cartesian path
[move_group-3] [INFO] [1791531419.155616811] [moveit_move_group_default_capabilities.cartersian_path_service_capability]: Attempting to follow 1 waypoints for link 'right_fr3_side_suction_tcp' using a step of 0.002000 m and jump threshold 0.000000 (in global reference frame)
[move_group-3] [INFO] [1791531419.165677945] [moveit_move_group_default_capabilities.cartersian_path_service_capability]: Computed Cartesian path with 97 points (followed 100.000000% of requested trajectory)
[move_group-3] [INFO] [1791531419.431745983] [moveit_move_group_default_capabilities.move_action_capability]: Received request
[move_group-3] [INFO] [1791531419.431864235] [moveit_move_group_default_capabilities.move_action_capability]: executing..
[move_group-3] [INFO] [1791531419.455820755] [moveit_move_group_default_capabilities.move_action_capability]: Planning request received for MoveGroup action. Forwarding to planning pipeline.
[move_group-3] [INFO] [1791531419.456423603] [moveit.ompl_planning.model_based_planning_context]: Planner configuration 'right_arm[RRTConnectkConfigDefault]' will use planner 'geometric::RRTConnect'. Additional configuration parameters will be set when the planner is constructed.
[move_group-3] [INFO] [1791531419.501460189] [moveit_move_group_default_capabilities.move_action_capability]: Motion plan was computed successfully.
[move_group-3] [INFO] [1791531419.502354078] [moveit_move_group_default_capabilities.move_action_capability]: Received request
[move_group-3] [INFO] [1791531419.502414987] [moveit_move_group_default_capabilities.move_action_capability]: executing..
[move_group-3] [INFO] [1791531419.505626261] [moveit_move_group_default_capabilities.move_action_capability]: Planning request received for MoveGroup action. Forwarding to planning pipeline.
[move_group-3] [INFO] [1791531419.506108019] [moveit.ompl_planning.model_based_planning_context]: Planner configuration 'right_arm[RRTConnectkConfigDefault]' will use planner 'geometric::RRTConnect'. Additional configuration parameters will be set when the planner is constructed.
[move_group-3] [INFO] [1791531419.545500355] [moveit_move_group_default_capabilities.move_action_capability]: Motion plan was computed successfully.
[move_group-3] [INFO] [1791531419.546771167] [moveit_move_group_default_capabilities.move_action_capability]: Received request
[move_group-3] [INFO] [1791531419.546841844] [moveit_move_group_default_capabilities.move_action_capability]: executing..
[move_group-3] [INFO] [1791531419.555953973] [moveit_move_group_default_capabilities.move_action_capability]: Planning request received for MoveGroup action. Forwarding to planning pipeline.
[move_group-3] [INFO] [1791531419.556434729] [moveit.ompl_planning.model_based_planning_context]: Planner configuration 'right_arm[RRTConnectkConfigDefault]' will use planner 'geometric::RRTConnect'. Additional configuration parameters will be set when the planner is constructed.
[move_group-3] [INFO] [1791531419.589430981] [moveit_move_group_default_capabilities.move_action_capability]: Motion plan was computed successfully.
[move_group-3] [INFO] [1791531419.590138897] [moveit_move_group_default_capabilities.move_action_capability]: Received request
[move_group-3] [INFO] [1791531419.590201048] [moveit_move_group_default_capabilities.move_action_capability]: executing..
[move_group-3] [INFO] [1791531419.605569561] [moveit_move_group_default_capabilities.move_action_capability]: Planning request received for MoveGroup action. Forwarding to planning pipeline.
[move_group-3] [INFO] [1791531419.606161545] [moveit.ompl_planning.model_based_planning_context]: Planner configuration 'right_arm[RRTConnectkConfigDefault]' will use planner 'geometric::RRTConnect'. Additional configuration parameters will be set when the planner is constructed.
[move_group-3] [INFO] [1791531419.638616243] [moveit_move_group_default_capabilities.move_action_capability]: Motion plan was computed successfully.
[move_group-3] [INFO] [1791531419.639777579] [moveit_move_group_default_capabilities.move_action_capability]: Received request
[move_group-3] [INFO] [1791531419.639829929] [moveit_move_group_default_capabilities.move_action_capability]: executing..
[move_group-3] [INFO] [1791531419.655826374] [moveit_move_group_default_capabilities.move_action_capability]: Planning request received for MoveGroup action. Forwarding to planning pipeline.
[move_group-3] [INFO] [1791531419.656337489] [moveit.ompl_planning.model_based_planning_context]: Planner configuration 'right_arm[RRTConnectkConfigDefault]' will use planner 'geometric::RRTConnect'. Additional configuration parameters will be set when the planner is constructed.
[move_group-3] [INFO] [1791531419.697796976] [moveit_move_group_default_capabilities.move_action_capability]: Motion plan was computed successfully.
[move_group-3] [INFO] [1791531419.699001023] [moveit_move_group_default_capabilities.move_action_capability]: Received request
[move_group-3] [INFO] [1791531419.699080198] [moveit_move_group_default_capabilities.move_action_capability]: executing..
[move_group-3] [INFO] [1791531419.706301014] [moveit_move_group_default_capabilities.move_action_capability]: Planning request received for MoveGroup action. Forwarding to planning pipeline.
[move_group-3] [INFO] [1791531419.706788492] [moveit.ompl_planning.model_based_planning_context]: Planner configuration 'right_arm[RRTConnectkConfigDefault]' will use planner 'geometric::RRTConnect'. Additional configuration parameters will be set when the planner is constructed.
[move_group-3] [INFO] [1791531419.743497628] [moveit_move_group_default_capabilities.move_action_capability]: Motion plan was computed successfully.
[move_group-3] [INFO] [1791531419.744349079] [moveit_move_group_default_capabilities.move_action_capability]: Received request
[move_group-3] [INFO] [1791531419.744423235] [moveit_move_group_default_capabilities.move_action_capability]: executing..
[move_group-3] [INFO] [1791531419.755912193] [moveit_move_group_default_capabilities.move_action_capability]: Planning request received for MoveGroup action. Forwarding to planning pipeline.
[move_group-3] [INFO] [1791531419.756383757] [moveit.ompl_planning.model_based_planning_context]: Planner configuration 'right_arm[RRTConnectkConfigDefault]' will use planner 'geometric::RRTConnect'. Additional configuration parameters will be set when the planner is constructed.
[move_group-3] [INFO] [1791531419.788708520] [moveit_move_group_default_capabilities.move_action_capability]: Motion plan was computed successfully.
[move_group-3] [INFO] [1791531419.789917144] [moveit_move_group_default_capabilities.move_action_capability]: Received request
[move_group-3] [INFO] [1791531419.790050381] [moveit_move_group_default_capabilities.move_action_capability]: executing..
[move_group-3] [INFO] [1791531419.806330957] [moveit_move_group_default_capabilities.move_action_capability]: Planning request received for MoveGroup action. Forwarding to planning pipeline.
[move_group-3] [INFO] [1791531419.806831489] [moveit.ompl_planning.model_based_planning_context]: Planner configuration 'right_arm[RRTConnectkConfigDefault]' will use planner 'geometric::RRTConnect'. Additional configuration parameters will be set when the planner is constructed.
[move_group-3] [INFO] [1791531419.850853701] [moveit_move_group_default_capabilities.move_action_capability]: Motion plan was computed successfully.
[move_group-3] [INFO] [1791531419.856369567] [moveit_move_group_default_capabilities.move_action_capability]: Received request
[move_group-3] [INFO] [1791531419.856472854] [moveit_move_group_default_capabilities.move_action_capability]: executing..
[move_group-3] [INFO] [1791531419.865125315] [moveit_move_group_default_capabilities.move_action_capability]: Planning request received for MoveGroup action. Forwarding to planning pipeline.
[move_group-3] [INFO] [1791531419.865733370] [moveit.ompl_planning.model_based_planning_context]: Planner configuration 'right_arm[RRTConnectkConfigDefault]' will use planner 'geometric::RRTConnect'. Additional configuration parameters will be set when the planner is constructed.
[move_group-3] [INFO] [1791531419.908846499] [moveit_move_group_default_capabilities.move_action_capability]: Motion plan was computed successfully.
[move_group-3] [INFO] [1791531419.910274958] [moveit_move_group_default_capabilities.move_action_capability]: Received request
[move_group-3] [INFO] [1791531419.910366674] [moveit_move_group_default_capabilities.move_action_capability]: executing..
[move_group-3] [INFO] [1791531419.915179435] [moveit_move_group_default_capabilities.move_action_capability]: Planning request received for MoveGroup action. Forwarding to planning pipeline.
[move_group-3] [INFO] [1791531419.915705077] [moveit.ompl_planning.model_based_planning_context]: Planner configuration 'right_arm[RRTConnectkConfigDefault]' will use planner 'geometric::RRTConnect'. Additional configuration parameters will be set when the planner is constructed.
[move_group-3] [INFO] [1791531419.968698216] [moveit_move_group_default_capabilities.move_action_capability]: Motion plan was computed successfully.
[move_group-3] [INFO] [1791531419.969352363] [moveit_move_group_default_capabilities.move_action_capability]: Received request
[move_group-3] [INFO] [1791531419.969423376] [moveit_move_group_default_capabilities.move_action_capability]: executing..
[move_group-3] [INFO] [1791531419.981934357] [moveit_move_group_default_capabilities.move_action_capability]: Planning request received for MoveGroup action. Forwarding to planning pipeline.
[move_group-3] [INFO] [1791531419.982391315] [moveit.ompl_planning.model_based_planning_context]: Planner configuration 'right_arm[RRTConnectkConfigDefault]' will use planner 'geometric::RRTConnect'. Additional configuration parameters will be set when the planner is constructed.
[move_group-3] [INFO] [1791531420.025602920] [moveit_move_group_default_capabilities.move_action_capability]: Motion plan was computed successfully.
[move_group-3] [INFO] [1791531420.026345828] [moveit_move_group_default_capabilities.move_action_capability]: Received request
[move_group-3] [INFO] [1791531420.026426769] [moveit_move_group_default_capabilities.move_action_capability]: executing..
[move_group-3] [INFO] [1791531420.032600019] [moveit_move_group_default_capabilities.move_action_capability]: Planning request received for MoveGroup action. Forwarding to planning pipeline.
[move_group-3] [INFO] [1791531420.033247430] [moveit.ompl_planning.model_based_planning_context]: Planner configuration 'right_arm[RRTConnectkConfigDefault]' will use planner 'geometric::RRTConnect'. Additional configuration parameters will be set when the planner is constructed.
[move_group-3] [INFO] [1791531420.073813781] [moveit_move_group_default_capabilities.move_action_capability]: Motion plan was computed successfully.
[move_group-3] [INFO] [1791531420.074944703] [moveit_move_group_default_capabilities.move_action_capability]: Received request
[move_group-3] [INFO] [1791531420.075024800] [moveit_move_group_default_capabilities.move_action_capability]: executing..
[move_group-3] [INFO] [1791531420.082007712] [moveit_move_group_default_capabilities.move_action_capability]: Planning request received for MoveGroup action. Forwarding to planning pipeline.
[move_group-3] [INFO] [1791531420.082481718] [moveit.ompl_planning.model_based_planning_context]: Planner configuration 'right_arm[RRTConnectkConfigDefault]' will use planner 'geometric::RRTConnect'. Additional configuration parameters will be set when the planner is constructed.
[move_group-3] [ERROR] [1791531420.136835587] [moveit.ros_planning.planning_pipeline]: Computed path is not valid. Invalid states at index locations: [ 72 ] out of 94. Explanations follow in command line. Contacts are published on /display_contacts
[move_group-3] [INFO] [1791531420.136875399] [moveit_collision_detection_fcl.collision_common]: Found a contact between 'task26_cube_2' (type 'Object') and 'right_fr3_side_suction' (type 'Robot link'), which constitutes a collision. Contact information is not stored.
[move_group-3] [INFO] [1791531420.136881262] [moveit_collision_detection_fcl.collision_common]: Collision checking is considered complete (collision was found and 0 contacts are stored)
[move_group-3] [ERROR] [1791531420.137010029] [moveit.ros_planning.planning_pipeline]: Completed listing of explanations for invalid states.
[move_group-3] [INFO] [1791531420.137140042] [moveit_move_group_default_capabilities.move_action_capability]: Motion plan was found but it seems to be invalid (possibly due to postprocessing). Not executing.
[move_group-3] [INFO] [1791531420.138112976] [moveit_move_group_default_capabilities.move_action_capability]: Received request
[move_group-3] [INFO] [1791531420.138209626] [moveit_move_group_default_capabilities.move_action_capability]: executing..
[move_group-3] [INFO] [1791531420.155505374] [moveit_move_group_default_capabilities.move_action_capability]: Planning request received for MoveGroup action. Forwarding to planning pipeline.
[move_group-3] [INFO] [1791531420.155992126] [moveit.ompl_planning.model_based_planning_context]: Planner configuration 'right_arm[RRTConnectkConfigDefault]' will use planner 'geometric::RRTConnect'. Additional configuration parameters will be set when the planner is constructed.
[move_group-3] [INFO] [1791531420.198854465] [moveit_move_group_default_capabilities.move_action_capability]: Motion plan was computed successfully.
[move_group-3] [INFO] [1791531420.200616696] [moveit_move_group_default_capabilities.move_action_capability]: Received request
[move_group-3] [INFO] [1791531420.200709098] [moveit_move_group_default_capabilities.move_action_capability]: executing..
[move_group-3] [INFO] [1791531420.205791019] [moveit_move_group_default_capabilities.move_action_capability]: Planning request received for MoveGroup action. Forwarding to planning pipeline.
[move_group-3] [INFO] [1791531420.206248449] [moveit.ompl_planning.model_based_planning_context]: Planner configuration 'right_arm[RRTConnectkConfigDefault]' will use planner 'geometric::RRTConnect'. Additional configuration parameters will be set when the planner is constructed.
[move_group-3] [INFO] [1791531420.256035986] [moveit_move_group_default_capabilities.move_action_capability]: Motion plan was computed successfully.
[move_group-3] [INFO] [1791531420.257396194] [moveit_move_group_default_capabilities.move_action_capability]: Received request
[move_group-3] [INFO] [1791531420.257527060] [moveit_move_group_default_capabilities.move_action_capability]: executing..
[move_group-3] [INFO] [1791531420.265180500] [moveit_move_group_default_capabilities.move_action_capability]: Planning request received for MoveGroup action. Forwarding to planning pipeline.
[move_group-3] [INFO] [1791531420.265641476] [moveit.ompl_planning.model_based_planning_context]: Planner configuration 'right_arm[RRTConnectkConfigDefault]' will use planner 'geometric::RRTConnect'. Additional configuration parameters will be set when the planner is constructed.
[move_group-3] [INFO] [1791531420.315484926] [moveit_move_group_default_capabilities.move_action_capability]: Motion plan was computed successfully.
[move_group-3] [INFO] [1791531420.317631189] [moveit_move_group_default_capabilities.move_action_capability]: Received request
[move_group-3] [INFO] [1791531420.317754104] [moveit_move_group_default_capabilities.move_action_capability]: executing..
[move_group-3] [INFO] [1791531420.333797410] [moveit_move_group_default_capabilities.move_action_capability]: Planning request received for MoveGroup action. Forwarding to planning pipeline.
[move_group-3] [INFO] [1791531420.334282676] [moveit.ompl_planning.model_based_planning_context]: Planner configuration 'right_arm[RRTConnectkConfigDefault]' will use planner 'geometric::RRTConnect'. Additional configuration parameters will be set when the planner is constructed.
[move_group-3] [INFO] [1791531420.401711960] [moveit_move_group_default_capabilities.move_action_capability]: Motion plan was computed successfully.
[move_group-3] [INFO] [1791531420.402882190] [moveit_move_group_default_capabilities.move_action_capability]: Received request
[move_group-3] [INFO] [1791531420.402991395] [moveit_move_group_default_capabilities.move_action_capability]: executing..
[move_group-3] [INFO] [1791531420.408034167] [moveit_move_group_default_capabilities.move_action_capability]: Planning request received for MoveGroup action. Forwarding to planning pipeline.
[move_group-3] [INFO] [1791531420.408501072] [moveit.ompl_planning.model_based_planning_context]: Planner configuration 'right_arm[RRTConnectkConfigDefault]' will use planner 'geometric::RRTConnect'. Additional configuration parameters will be set when the planner is constructed.
[move_group-3] [INFO] [1791531420.458917714] [moveit_move_group_default_capabilities.move_action_capability]: Motion plan was computed successfully.
[move_group-3] [INFO] [1791531420.459700862] [moveit_move_group_default_capabilities.move_action_capability]: Received request
[move_group-3] [INFO] [1791531420.459788746] [moveit_move_group_default_capabilities.move_action_capability]: executing..
[move_group-3] [INFO] [1791531420.467085191] [moveit_move_group_default_capabilities.move_action_capability]: Planning request received for MoveGroup action. Forwarding to planning pipeline.
[move_group-3] [INFO] [1791531420.467566824] [moveit.ompl_planning.model_based_planning_context]: Planner configuration 'right_arm[RRTConnectkConfigDefault]' will use planner 'geometric::RRTConnect'. Additional configuration parameters will be set when the planner is constructed.
[move_group-3] [INFO] [1791531420.512808722] [moveit_move_group_default_capabilities.move_action_capability]: Motion plan was computed successfully.
[move_group-3] [INFO] [1791531420.513495070] [moveit_move_group_default_capabilities.move_action_capability]: Received request
[move_group-3] [INFO] [1791531420.513580665] [moveit_move_group_default_capabilities.move_action_capability]: executing..
[move_group-3] [INFO] [1791531420.517187117] [moveit_move_group_default_capabilities.move_action_capability]: Planning request received for MoveGroup action. Forwarding to planning pipeline.
[move_group-3] [INFO] [1791531420.517642350] [moveit.ompl_planning.model_based_planning_context]: Planner configuration 'right_arm[RRTConnectkConfigDefault]' will use planner 'geometric::RRTConnect'. Additional configuration parameters will be set when the planner is constructed.
[move_group-3] [INFO] [1791531420.564044910] [moveit_move_group_default_capabilities.move_action_capability]: Motion plan was computed successfully.
[move_group-3] [INFO] [1791531420.565175856] [moveit_move_group_default_capabilities.move_action_capability]: Received request
[move_group-3] [INFO] [1791531420.565285910] [moveit_move_group_default_capabilities.move_action_capability]: executing..
[move_group-3] [INFO] [1791531420.567688441] [moveit_move_group_default_capabilities.move_action_capability]: Planning request received for MoveGroup action. Forwarding to planning pipeline.
[move_group-3] [INFO] [1791531420.568193561] [moveit.ompl_planning.model_based_planning_context]: Planner configuration 'right_arm[RRTConnectkConfigDefault]' will use planner 'geometric::RRTConnect'. Additional configuration parameters will be set when the planner is constructed.
[move_group-3] [ERROR] [1791531420.607779862] [moveit.ros_planning.planning_pipeline]: Computed path is not valid. Invalid states at index locations: [ 58 59 ] out of 69. Explanations follow in command line. Contacts are published on /display_contacts
[move_group-3] [INFO] [1791531420.607815919] [moveit_collision_detection_fcl.collision_common]: Found a contact between 'task26_table' (type 'Object') and 'right_fr3_side_suction' (type 'Robot link'), which constitutes a collision. Contact information is not stored.
[move_group-3] [INFO] [1791531420.607821672] [moveit_collision_detection_fcl.collision_common]: Collision checking is considered complete (collision was found and 0 contacts are stored)
[move_group-3] [INFO] [1791531420.607948867] [moveit_collision_detection_fcl.collision_common]: Found a contact between 'task26_table' (type 'Object') and 'right_fr3_side_suction' (type 'Robot link'), which constitutes a collision. Contact information is not stored.
[move_group-3] [INFO] [1791531420.607953520] [moveit_collision_detection_fcl.collision_common]: Collision checking is considered complete (collision was found and 0 contacts are stored)
[move_group-3] [ERROR] [1791531420.608011969] [moveit.ros_planning.planning_pipeline]: Completed listing of explanations for invalid states.
[move_group-3] [INFO] [1791531420.608124618] [moveit_move_group_default_capabilities.move_action_capability]: Motion plan was found but it seems to be invalid (possibly due to postprocessing). Not executing.
[move_group-3] [INFO] [1791531420.609598380] [moveit_move_group_default_capabilities.move_action_capability]: Received request
[move_group-3] [INFO] [1791531420.609728788] [moveit_move_group_default_capabilities.move_action_capability]: executing..
[move_group-3] [INFO] [1791531420.617222145] [moveit_move_group_default_capabilities.move_action_capability]: Planning request received for MoveGroup action. Forwarding to planning pipeline.
[move_group-3] [INFO] [1791531420.617708116] [moveit.ompl_planning.model_based_planning_context]: Planner configuration 'right_arm[RRTConnectkConfigDefault]' will use planner 'geometric::RRTConnect'. Additional configuration parameters will be set when the planner is constructed.
[move_group-3] [INFO] [1791531420.664892306] [moveit_move_group_default_capabilities.move_action_capability]: Motion plan was computed successfully.
[move_group-3] [INFO] [1791531420.665592724] [moveit_move_group_default_capabilities.move_action_capability]: Received request
[move_group-3] [INFO] [1791531420.665719314] [moveit_move_group_default_capabilities.move_action_capability]: executing..
[move_group-3] [INFO] [1791531420.667305103] [moveit_move_group_default_capabilities.move_action_capability]: Planning request received for MoveGroup action. Forwarding to planning pipeline.
[move_group-3] [INFO] [1791531420.667925159] [moveit.ompl_planning.model_based_planning_context]: Planner configuration 'right_arm[RRTConnectkConfigDefault]' will use planner 'geometric::RRTConnect'. Additional configuration parameters will be set when the planner is constructed.
[move_group-3] [INFO] [1791531420.745970622] [moveit_move_group_default_capabilities.move_action_capability]: Motion plan was computed successfully.
[move_group-3] [INFO] [1791531420.747629162] [moveit_move_group_default_capabilities.move_action_capability]: Received request
[move_group-3] [INFO] [1791531420.747720556] [moveit_move_group_default_capabilities.move_action_capability]: executing..
[move_group-3] [INFO] [1791531420.757987430] [moveit_move_group_default_capabilities.move_action_capability]: Planning request received for MoveGroup action. Forwarding to planning pipeline.
[move_group-3] [INFO] [1791531420.758469100] [moveit.ompl_planning.model_based_planning_context]: Planner configuration 'right_arm[RRTConnectkConfigDefault]' will use planner 'geometric::RRTConnect'. Additional configuration parameters will be set when the planner is constructed.
[move_group-3] [INFO] [1791531420.822235474] [moveit_move_group_default_capabilities.move_action_capability]: Motion plan was computed successfully.
[move_group-3] [INFO] [1791531420.857774477] [moveit_move_group_default_capabilities.cartersian_path_service_capability]: Received request to compute Cartesian path
[move_group-3] [INFO] [1791531420.857898892] [moveit_move_group_default_capabilities.cartersian_path_service_capability]: Attempting to follow 1 waypoints for link 'left_fr3_side_suction_tcp' using a step of 0.002000 m and jump threshold 0.000000 (in global reference frame)
[move_group-3] [INFO] [1791531420.857987501] [moveit_move_group_default_capabilities.cartersian_path_service_capability]: Computed Cartesian path with 2 points (followed 100.000000% of requested trajectory)
[move_group-3] [INFO] [1791531420.867259796] [moveit_move_group_default_capabilities.cartersian_path_service_capability]: Received request to compute Cartesian path
[move_group-3] [INFO] [1791531420.867338068] [moveit_move_group_default_capabilities.cartersian_path_service_capability]: Attempting to follow 1 waypoints for link 'right_fr3_side_suction_tcp' using a step of 0.002000 m and jump threshold 0.000000 (in global reference frame)
[move_group-3] [INFO] [1791531420.879769574] [moveit_move_group_default_capabilities.cartersian_path_service_capability]: Computed Cartesian path with 96 points (followed 100.000000% of requested trajectory)
[move_group-3] [INFO] [1791531420.907770517] [moveit_move_group_default_capabilities.cartersian_path_service_capability]: Received request to compute Cartesian path
[move_group-3] [INFO] [1791531420.907852901] [moveit_move_group_default_capabilities.cartersian_path_service_capability]: Attempting to follow 1 waypoints for link 'left_fr3_side_suction_tcp' using a step of 0.002000 m and jump threshold 0.000000 (in global reference frame)
[move_group-3] [INFO] [1791531420.907953799] [moveit_move_group_default_capabilities.cartersian_path_service_capability]: Computed Cartesian path with 2 points (followed 100.000000% of requested trajectory)
[move_group-3] [INFO] [1791531420.917359461] [moveit_move_group_default_capabilities.cartersian_path_service_capability]: Received request to compute Cartesian path
[move_group-3] [INFO] [1791531420.917464855] [moveit_move_group_default_capabilities.cartersian_path_service_capability]: Attempting to follow 1 waypoints for link 'right_fr3_side_suction_tcp' using a step of 0.002000 m and jump threshold 0.000000 (in global reference frame)
[move_group-3] [INFO] [1791531420.929508316] [moveit_move_group_default_capabilities.cartersian_path_service_capability]: Computed Cartesian path with 96 points (followed 100.000000% of requested trajectory)
[move_group-3] [INFO] [1791531421.207880263] [moveit_move_group_default_capabilities.move_action_capability]: Received request
[move_group-3] [INFO] [1791531421.208004993] [moveit_move_group_default_capabilities.move_action_capability]: executing..
[move_group-3] [INFO] [1791531421.217402047] [moveit_move_group_default_capabilities.move_action_capability]: Planning request received for MoveGroup action. Forwarding to planning pipeline.
[move_group-3] [INFO] [1791531421.217918567] [moveit.ompl_planning.model_based_planning_context]: Planner configuration 'left_arm[RRTConnectkConfigDefault]' will use planner 'geometric::RRTConnect'. Additional configuration parameters will be set when the planner is constructed.
[move_group-3] [INFO] [1791531421.255093000] [moveit_move_group_default_capabilities.move_action_capability]: Motion plan was computed successfully.
[move_group-3] [INFO] [1791531421.256410917] [moveit_move_group_default_capabilities.move_action_capability]: Received request
[move_group-3] [INFO] [1791531421.256517266] [moveit_move_group_default_capabilities.move_action_capability]: executing..
[move_group-3] [INFO] [1791531421.257918319] [moveit_move_group_default_capabilities.move_action_capability]: Planning request received for MoveGroup action. Forwarding to planning pipeline.
[move_group-3] [INFO] [1791531421.258381483] [moveit.ompl_planning.model_based_planning_context]: Planner configuration 'left_arm[RRTConnectkConfigDefault]' will use planner 'geometric::RRTConnect'. Additional configuration parameters will be set when the planner is constructed.
[move_group-3] [INFO] [1791531421.301870231] [moveit_move_group_default_capabilities.move_action_capability]: Motion plan was computed successfully.
[move_group-3] [INFO] [1791531421.302837807] [moveit_move_group_default_capabilities.move_action_capability]: Received request
[move_group-3] [INFO] [1791531421.302940418] [moveit_move_group_default_capabilities.move_action_capability]: executing..
[move_group-3] [INFO] [1791531421.309375681] [moveit_move_group_default_capabilities.move_action_capability]: Planning request received for MoveGroup action. Forwarding to planning pipeline.
[move_group-3] [INFO] [1791531421.309887847] [moveit.ompl_planning.model_based_planning_context]: Planner configuration 'left_arm[RRTConnectkConfigDefault]' will use planner 'geometric::RRTConnect'. Additional configuration parameters will be set when the planner is constructed.
[move_group-3] [INFO] [1791531421.338482511] [moveit_move_group_default_capabilities.move_action_capability]: Motion plan was computed successfully.
[move_group-3] [INFO] [1791531421.339887709] [moveit_move_group_default_capabilities.move_action_capability]: Received request
[move_group-3] [INFO] [1791531421.340011103] [moveit_move_group_default_capabilities.move_action_capability]: executing..
[move_group-3] [INFO] [1791531421.358438985] [moveit_move_group_default_capabilities.move_action_capability]: Planning request received for MoveGroup action. Forwarding to planning pipeline.
[move_group-3] [INFO] [1791531421.358927574] [moveit.ompl_planning.model_based_planning_context]: Planner configuration 'left_arm[RRTConnectkConfigDefault]' will use planner 'geometric::RRTConnect'. Additional configuration parameters will be set when the planner is constructed.
[move_group-3] [INFO] [1791531421.390576751] [moveit_move_group_default_capabilities.move_action_capability]: Motion plan was computed successfully.
[move_group-3] [INFO] [1791531421.391289289] [moveit_move_group_default_capabilities.move_action_capability]: Received request
[move_group-3] [INFO] [1791531421.391399835] [moveit_move_group_default_capabilities.move_action_capability]: executing..
[move_group-3] [INFO] [1791531421.407984043] [moveit_move_group_default_capabilities.move_action_capability]: Planning request received for MoveGroup action. Forwarding to planning pipeline.
[move_group-3] [INFO] [1791531421.408482461] [moveit.ompl_planning.model_based_planning_context]: Planner configuration 'left_arm[RRTConnectkConfigDefault]' will use planner 'geometric::RRTConnect'. Additional configuration parameters will be set when the planner is constructed.
[move_group-3] [INFO] [1791531421.442019082] [moveit_move_group_default_capabilities.move_action_capability]: Motion plan was computed successfully.
[move_group-3] [INFO] [1791531421.442976419] [moveit_move_group_default_capabilities.move_action_capability]: Received request
[move_group-3] [INFO] [1791531421.443068175] [moveit_move_group_default_capabilities.move_action_capability]: executing..
[move_group-3] [INFO] [1791531421.457920060] [moveit_move_group_default_capabilities.move_action_capability]: Planning request received for MoveGroup action. Forwarding to planning pipeline.
[move_group-3] [INFO] [1791531421.458389881] [moveit.ompl_planning.model_based_planning_context]: Planner configuration 'left_arm[RRTConnectkConfigDefault]' will use planner 'geometric::RRTConnect'. Additional configuration parameters will be set when the planner is constructed.
[move_group-3] [INFO] [1791531421.498722284] [moveit_move_group_default_capabilities.move_action_capability]: Motion plan was computed successfully.
[move_group-3] [INFO] [1791531421.500006870] [moveit_move_group_default_capabilities.move_action_capability]: Received request
[move_group-3] [INFO] [1791531421.500104845] [moveit_move_group_default_capabilities.move_action_capability]: executing..
[move_group-3] [INFO] [1791531421.508127443] [moveit_move_group_default_capabilities.move_action_capability]: Planning request received for MoveGroup action. Forwarding to planning pipeline.
[move_group-3] [INFO] [1791531421.508608687] [moveit.ompl_planning.model_based_planning_context]: Planner configuration 'left_arm[RRTConnectkConfigDefault]' will use planner 'geometric::RRTConnect'. Additional configuration parameters will be set when the planner is constructed.
[move_group-3] [INFO] [1791531421.538231244] [moveit_move_group_default_capabilities.move_action_capability]: Motion plan was computed successfully.
[move_group-3] [INFO] [1791531421.539222109] [moveit_move_group_default_capabilities.move_action_capability]: Received request
[move_group-3] [INFO] [1791531421.539320671] [moveit_move_group_default_capabilities.move_action_capability]: executing..
[move_group-3] [INFO] [1791531421.558038557] [moveit_move_group_default_capabilities.move_action_capability]: Planning request received for MoveGroup action. Forwarding to planning pipeline.
[move_group-3] [INFO] [1791531421.558553996] [moveit.ompl_planning.model_based_planning_context]: Planner configuration 'left_arm[RRTConnectkConfigDefault]' will use planner 'geometric::RRTConnect'. Additional configuration parameters will be set when the planner is constructed.
[move_group-3] [INFO] [1791531421.595144401] [moveit_move_group_default_capabilities.move_action_capability]: Motion plan was computed successfully.
[move_group-3] [INFO] [1791531421.617637197] [moveit_move_group_default_capabilities.cartersian_path_service_capability]: Received request to compute Cartesian path
[move_group-3] [INFO] [1791531421.617697497] [moveit_move_group_default_capabilities.cartersian_path_service_capability]: Attempting to follow 1 waypoints for link 'left_fr3_side_suction_tcp' using a step of 0.002000 m and jump threshold 0.000000 (in global reference frame)
[move_group-3] [INFO] [1791531421.632771439] [moveit_move_group_default_capabilities.cartersian_path_service_capability]: Computed Cartesian path with 101 points (followed 100.000000% of requested trajectory)
[move_group-3] [INFO] [1791531421.907839279] [moveit_move_group_default_capabilities.cartersian_path_service_capability]: Received request to compute Cartesian path
[move_group-3] [INFO] [1791531421.907933381] [moveit_move_group_default_capabilities.cartersian_path_service_capability]: Attempting to follow 1 waypoints for link 'left_fr3_side_suction_tcp' using a step of 0.002000 m and jump threshold 0.000000 (in global reference frame)
[move_group-3] [INFO] [1791531421.921362041] [moveit_move_group_default_capabilities.cartersian_path_service_capability]: Computed Cartesian path with 101 points (followed 100.000000% of requested trajectory)
[move_group-3] [INFO] [1791531421.934339381] [moveit_move_group_default_capabilities.cartersian_path_service_capability]: Received request to compute Cartesian path
[move_group-3] [INFO] [1791531421.934423607] [moveit_move_group_default_capabilities.cartersian_path_service_capability]: Attempting to follow 1 waypoints for link 'right_fr3_side_suction_tcp' using a step of 0.002000 m and jump threshold 0.000000 (in global reference frame)
[move_group-3] [INFO] [1791531421.936220573] [moveit_move_group_default_capabilities.cartersian_path_service_capability]: Computed Cartesian path with 14 points (followed 100.000000% of requested trajectory)
[move_group-3] [INFO] [1791531421.958110552] [moveit_move_group_default_capabilities.cartersian_path_service_capability]: Received request to compute Cartesian path
[move_group-3] [INFO] [1791531421.958192402] [moveit_move_group_default_capabilities.cartersian_path_service_capability]: Attempting to follow 1 waypoints for link 'right_fr3_side_suction_tcp' using a step of 0.002000 m and jump threshold 0.000000 (in global reference frame)
[move_group-3] [INFO] [1791531421.960625267] [moveit_move_group_default_capabilities.cartersian_path_service_capability]: Computed Cartesian path with 14 points (followed 100.000000% of requested trajectory)
[move_group-3] [INFO] [1791531421.967643404] [moveit_move_group_default_capabilities.cartersian_path_service_capability]: Received request to compute Cartesian path
[move_group-3] [INFO] [1791531421.967733282] [moveit_move_group_default_capabilities.cartersian_path_service_capability]: Attempting to follow 1 waypoints for link 'right_fr3_side_suction_tcp' using a step of 0.002000 m and jump threshold 0.000000 (in global reference frame)
[move_group-3] [INFO] [1791531421.969811456] [moveit_move_group_default_capabilities.cartersian_path_service_capability]: Computed Cartesian path with 14 points (followed 100.000000% of requested trajectory)
[move_group-3] [INFO] [1791531421.984431955] [moveit_move_group_default_capabilities.cartersian_path_service_capability]: Received request to compute Cartesian path
[move_group-3] [INFO] [1791531421.984500895] [moveit_move_group_default_capabilities.cartersian_path_service_capability]: Attempting to follow 1 waypoints for link 'right_fr3_side_suction_tcp' using a step of 0.002000 m and jump threshold 0.000000 (in global reference frame)
[move_group-3] [INFO] [1791531421.986391301] [moveit_move_group_default_capabilities.cartersian_path_service_capability]: Computed Cartesian path with 14 points (followed 100.000000% of requested trajectory)
[move_group-3] [INFO] [1791531422.008216198] [moveit_move_group_default_capabilities.cartersian_path_service_capability]: Received request to compute Cartesian path
[move_group-3] [INFO] [1791531422.008311004] [moveit_move_group_default_capabilities.cartersian_path_service_capability]: Attempting to follow 1 waypoints for link 'right_fr3_side_suction_tcp' using a step of 0.002000 m and jump threshold 0.000000 (in global reference frame)
[move_group-3] [INFO] [1791531422.010092373] [moveit_move_group_default_capabilities.cartersian_path_service_capability]: Computed Cartesian path with 14 points (followed 100.000000% of requested trajectory)
[move_group-3] [INFO] [1791531422.017778980] [moveit_move_group_default_capabilities.cartersian_path_service_capability]: Received request to compute Cartesian path
[move_group-3] [INFO] [1791531422.017894711] [moveit_move_group_default_capabilities.cartersian_path_service_capability]: Attempting to follow 1 waypoints for link 'right_fr3_side_suction_tcp' using a step of 0.002000 m and jump threshold 0.000000 (in global reference frame)
[move_group-3] [INFO] [1791531422.019694920] [moveit_move_group_default_capabilities.cartersian_path_service_capability]: Computed Cartesian path with 14 points (followed 100.000000% of requested trajectory)
[move_group-3] [INFO] [1791531422.034420626] [moveit_move_group_default_capabilities.cartersian_path_service_capability]: Received request to compute Cartesian path
[move_group-3] [INFO] [1791531422.034509255] [moveit_move_group_default_capabilities.cartersian_path_service_capability]: Attempting to follow 1 waypoints for link 'right_fr3_side_suction_tcp' using a step of 0.002000 m and jump threshold 0.000000 (in global reference frame)
[move_group-3] [INFO] [1791531422.036187000] [moveit_move_group_default_capabilities.cartersian_path_service_capability]: Computed Cartesian path with 14 points (followed 100.000000% of requested trajectory)
[move_group-3] [INFO] [1791531422.058333032] [moveit_move_group_default_capabilities.cartersian_path_service_capability]: Received request to compute Cartesian path
[move_group-3] [INFO] [1791531422.058473633] [moveit_move_group_default_capabilities.cartersian_path_service_capability]: Attempting to follow 1 waypoints for link 'right_fr3_side_suction_tcp' using a step of 0.002000 m and jump threshold 0.000000 (in global reference frame)
[move_group-3] [INFO] [1791531422.060293750] [moveit_move_group_default_capabilities.cartersian_path_service_capability]: Computed Cartesian path with 14 points (followed 100.000000% of requested trajectory)
[move_group-3] [WARN] [1791531422.085730453] [moveit_planning_scene.planning_scene]: Tried to remove world object 'task26_cube_2', but it does not exist in this scene.
[move_group-3] [INFO] [1791531422.608201660] [moveit_move_group_default_capabilities.move_action_capability]: Received request
[move_group-3] [INFO] [1791531422.608351275] [moveit_move_group_default_capabilities.move_action_capability]: executing..
[move_group-3] [INFO] [1791531422.617799365] [moveit_move_group_default_capabilities.move_action_capability]: Planning request received for MoveGroup action. Forwarding to planning pipeline.
[move_group-3] [INFO] [1791531422.618357909] [moveit.ompl_planning.model_based_planning_context]: Planner configuration 'left_arm[RRTConnectkConfigDefault]' will use planner 'geometric::RRTConnect'. Additional configuration parameters will be set when the planner is constructed.
[move_group-3] [INFO] [1791531422.648249282] [moveit_move_group_default_capabilities.move_action_capability]: Motion plan was computed successfully.
[move_group-3] [INFO] [1791531422.649428614] [moveit_move_group_default_capabilities.move_action_capability]: Received request
[move_group-3] [INFO] [1791531422.649562729] [moveit_move_group_default_capabilities.move_action_capability]: executing..
[move_group-3] [INFO] [1791531422.658289993] [moveit_move_group_default_capabilities.move_action_capability]: Planning request received for MoveGroup action. Forwarding to planning pipeline.
[move_group-3] [INFO] [1791531422.658783882] [moveit.ompl_planning.model_based_planning_context]: Planner configuration 'left_arm[RRTConnectkConfigDefault]' will use planner 'geometric::RRTConnect'. Additional configuration parameters will be set when the planner is constructed.
[move_group-3] [INFO] [1791531422.693023325] [moveit_move_group_default_capabilities.move_action_capability]: Motion plan was computed successfully.
[move_group-3] [INFO] [1791531422.693691612] [moveit_move_group_default_capabilities.move_action_capability]: Received request
[move_group-3] [INFO] [1791531422.693785529] [moveit_move_group_default_capabilities.move_action_capability]: executing..
[move_group-3] [INFO] [1791531422.708376261] [moveit_move_group_default_capabilities.move_action_capability]: Planning request received for MoveGroup action. Forwarding to planning pipeline.
[move_group-3] [INFO] [1791531422.708845671] [moveit.ompl_planning.model_based_planning_context]: Planner configuration 'left_arm[RRTConnectkConfigDefault]' will use planner 'geometric::RRTConnect'. Additional configuration parameters will be set when the planner is constructed.
[move_group-3] [INFO] [1791531422.739698376] [moveit_move_group_default_capabilities.move_action_capability]: Motion plan was computed successfully.
[move_group-3] [INFO] [1791531422.740532518] [moveit_move_group_default_capabilities.move_action_capability]: Received request
[move_group-3] [INFO] [1791531422.740637278] [moveit_move_group_default_capabilities.move_action_capability]: executing..
[move_group-3] [INFO] [1791531422.758433067] [moveit_move_group_default_capabilities.move_action_capability]: Planning request received for MoveGroup action. Forwarding to planning pipeline.
[move_group-3] [INFO] [1791531422.758911791] [moveit.ompl_planning.model_based_planning_context]: Planner configuration 'left_arm[RRTConnectkConfigDefault]' will use planner 'geometric::RRTConnect'. Additional configuration parameters will be set when the planner is constructed.
[move_group-3] [INFO] [1791531422.804033074] [moveit_move_group_default_capabilities.move_action_capability]: Motion plan was computed successfully.
[move_group-3] [INFO] [1791531422.804956539] [moveit_move_group_default_capabilities.move_action_capability]: Received request
[move_group-3] [INFO] [1791531422.805056410] [moveit_move_group_default_capabilities.move_action_capability]: executing..
[move_group-3] [INFO] [1791531422.810040601] [moveit_move_group_default_capabilities.move_action_capability]: Planning request received for MoveGroup action. Forwarding to planning pipeline.
[move_group-3] [INFO] [1791531422.810720511] [moveit.ompl_planning.model_based_planning_context]: Planner configuration 'left_arm[RRTConnectkConfigDefault]' will use planner 'geometric::RRTConnect'. Additional configuration parameters will be set when the planner is constructed.
[move_group-3] [INFO] [1791531422.832902728] [moveit_move_group_default_capabilities.move_action_capability]: Motion plan was computed successfully.
[move_group-3] [INFO] [1791531422.833789111] [moveit_move_group_default_capabilities.move_action_capability]: Received request
[move_group-3] [INFO] [1791531422.833906049] [moveit_move_group_default_capabilities.move_action_capability]: executing..
[move_group-3] [INFO] [1791531422.837051345] [moveit_move_group_default_capabilities.move_action_capability]: Planning request received for MoveGroup action. Forwarding to planning pipeline.
[move_group-3] [INFO] [1791531422.837693260] [moveit.ompl_planning.model_based_planning_context]: Planner configuration 'left_arm[RRTConnectkConfigDefault]' will use planner 'geometric::RRTConnect'. Additional configuration parameters will be set when the planner is constructed.
[move_group-3] [INFO] [1791531422.869984550] [moveit_move_group_default_capabilities.move_action_capability]: Motion plan was computed successfully.
[move_group-3] [INFO] [1791531422.870693461] [moveit_move_group_default_capabilities.move_action_capability]: Received request
[move_group-3] [INFO] [1791531422.870785559] [moveit_move_group_default_capabilities.move_action_capability]: executing..
[move_group-3] [INFO] [1791531422.885393956] [moveit_move_group_default_capabilities.move_action_capability]: Planning request received for MoveGroup action. Forwarding to planning pipeline.
[move_group-3] [INFO] [1791531422.885877957] [moveit.ompl_planning.model_based_planning_context]: Planner configuration 'left_arm[RRTConnectkConfigDefault]' will use planner 'geometric::RRTConnect'. Additional configuration parameters will be set when the planner is constructed.
[move_group-3] [INFO] [1791531422.932054202] [moveit_move_group_default_capabilities.move_action_capability]: Motion plan was computed successfully.
[move_group-3] [INFO] [1791531422.932886091] [moveit_move_group_default_capabilities.move_action_capability]: Received request
[move_group-3] [INFO] [1791531422.932969208] [moveit_move_group_default_capabilities.move_action_capability]: executing..
[move_group-3] [INFO] [1791531422.936595421] [moveit_move_group_default_capabilities.move_action_capability]: Planning request received for MoveGroup action. Forwarding to planning pipeline.
[move_group-3] [INFO] [1791531422.937070188] [moveit.ompl_planning.model_based_planning_context]: Planner configuration 'left_arm[RRTConnectkConfigDefault]' will use planner 'geometric::RRTConnect'. Additional configuration parameters will be set when the planner is constructed.
[move_group-3] [INFO] [1791531422.969230541] [moveit_move_group_default_capabilities.move_action_capability]: Motion plan was computed successfully.
[move_group-3] [INFO] [1791531423.009270205] [moveit_move_group_default_capabilities.cartersian_path_service_capability]: Received request to compute Cartesian path
[move_group-3] [INFO] [1791531423.009346889] [moveit_move_group_default_capabilities.cartersian_path_service_capability]: Attempting to follow 1 waypoints for link 'left_fr3_side_suction_tcp' using a step of 0.002000 m and jump threshold 0.000000 (in global reference frame)
[move_group-3] [INFO] [1791531423.024730071] [moveit_move_group_default_capabilities.cartersian_path_service_capability]: Computed Cartesian path with 101 points (followed 100.000000% of requested trajectory)
[move_group-3] [INFO] [1791531423.285596855] [moveit_move_group_default_capabilities.cartersian_path_service_capability]: Received request to compute Cartesian path
[move_group-3] [INFO] [1791531423.285686897] [moveit_move_group_default_capabilities.cartersian_path_service_capability]: Attempting to follow 1 waypoints for link 'left_fr3_side_suction_tcp' using a step of 0.002000 m and jump threshold 0.000000 (in global reference frame)
[move_group-3] [INFO] [1791531423.298438518] [moveit_move_group_default_capabilities.cartersian_path_service_capability]: Computed Cartesian path with 100 points (followed 100.000000% of requested trajectory)
[move_group-3] [INFO] [1791531423.310074889] [moveit_move_group_default_capabilities.cartersian_path_service_capability]: Received request to compute Cartesian path
[move_group-3] [INFO] [1791531423.310144543] [moveit_move_group_default_capabilities.cartersian_path_service_capability]: Attempting to follow 1 waypoints for link 'right_fr3_side_suction_tcp' using a step of 0.002000 m and jump threshold 0.000000 (in global reference frame)
[move_group-3] [INFO] [1791531423.312549648] [moveit_move_group_default_capabilities.cartersian_path_service_capability]: Computed Cartesian path with 14 points (followed 100.000000% of requested trajectory)
[move_group-3] [INFO] [1791531423.319249876] [moveit_move_group_default_capabilities.cartersian_path_service_capability]: Received request to compute Cartesian path
[move_group-3] [INFO] [1791531423.319309123] [moveit_move_group_default_capabilities.cartersian_path_service_capability]: Attempting to follow 1 waypoints for link 'right_fr3_side_suction_tcp' using a step of 0.002000 m and jump threshold 0.000000 (in global reference frame)
[move_group-3] [INFO] [1791531423.322177800] [moveit_move_group_default_capabilities.cartersian_path_service_capability]: Computed Cartesian path with 14 points (followed 100.000000% of requested trajectory)
[move_group-3] [INFO] [1791531423.335647128] [moveit_move_group_default_capabilities.cartersian_path_service_capability]: Received request to compute Cartesian path
[move_group-3] [INFO] [1791531423.335715924] [moveit_move_group_default_capabilities.cartersian_path_service_capability]: Attempting to follow 1 waypoints for link 'right_fr3_side_suction_tcp' using a step of 0.002000 m and jump threshold 0.000000 (in global reference frame)
[move_group-3] [INFO] [1791531423.337721075] [moveit_move_group_default_capabilities.cartersian_path_service_capability]: Computed Cartesian path with 14 points (followed 100.000000% of requested trajectory)
[move_group-3] [INFO] [1791531423.360029170] [moveit_move_group_default_capabilities.cartersian_path_service_capability]: Received request to compute Cartesian path
[move_group-3] [INFO] [1791531423.360101899] [moveit_move_group_default_capabilities.cartersian_path_service_capability]: Attempting to follow 1 waypoints for link 'right_fr3_side_suction_tcp' using a step of 0.002000 m and jump threshold 0.000000 (in global reference frame)
[move_group-3] [INFO] [1791531423.362003850] [moveit_move_group_default_capabilities.cartersian_path_service_capability]: Computed Cartesian path with 14 points (followed 100.000000% of requested trajectory)
[move_group-3] [INFO] [1791531423.368953688] [moveit_move_group_default_capabilities.cartersian_path_service_capability]: Received request to compute Cartesian path
[move_group-3] [INFO] [1791531423.369028469] [moveit_move_group_default_capabilities.cartersian_path_service_capability]: Attempting to follow 1 waypoints for link 'right_fr3_side_suction_tcp' using a step of 0.002000 m and jump threshold 0.000000 (in global reference frame)
[move_group-3] [INFO] [1791531423.370726872] [moveit_move_group_default_capabilities.cartersian_path_service_capability]: Computed Cartesian path with 14 points (followed 100.000000% of requested trajectory)
[move_group-3] [INFO] [1791531423.385959924] [moveit_move_group_default_capabilities.cartersian_path_service_capability]: Received request to compute Cartesian path
[move_group-3] [INFO] [1791531423.386017994] [moveit_move_group_default_capabilities.cartersian_path_service_capability]: Attempting to follow 1 waypoints for link 'right_fr3_side_suction_tcp' using a step of 0.002000 m and jump threshold 0.000000 (in global reference frame)
[move_group-3] [INFO] [1791531423.387810775] [moveit_move_group_default_capabilities.cartersian_path_service_capability]: Computed Cartesian path with 14 points (followed 100.000000% of requested trajectory)
[move_group-3] [INFO] [1791531423.409383233] [moveit_move_group_default_capabilities.cartersian_path_service_capability]: Received request to compute Cartesian path
[move_group-3] [INFO] [1791531423.409468435] [moveit_move_group_default_capabilities.cartersian_path_service_capability]: Attempting to follow 1 waypoints for link 'right_fr3_side_suction_tcp' using a step of 0.002000 m and jump threshold 0.000000 (in global reference frame)
[move_group-3] [INFO] [1791531423.411122159] [moveit_move_group_default_capabilities.cartersian_path_service_capability]: Computed Cartesian path with 14 points (followed 100.000000% of requested trajectory)
[move_group-3] [INFO] [1791531423.419183025] [moveit_move_group_default_capabilities.cartersian_path_service_capability]: Received request to compute Cartesian path
[move_group-3] [INFO] [1791531423.419260091] [moveit_move_group_default_capabilities.cartersian_path_service_capability]: Attempting to follow 1 waypoints for link 'right_fr3_side_suction_tcp' using a step of 0.002000 m and jump threshold 0.000000 (in global reference frame)
[move_group-3] [INFO] [1791531423.420942846] [moveit_move_group_default_capabilities.cartersian_path_service_capability]: Computed Cartesian path with 14 points (followed 100.000000% of requested trajectory)
[move_group-3] [INFO] [1791531423.546626742] [moveit_move_group_default_capabilities.move_action_capability]: Received request
[move_group-3] [INFO] [1791531423.546750558] [moveit_move_group_default_capabilities.move_action_capability]: executing..
[move_group-3] [INFO] [1791531423.559651959] [moveit_move_group_default_capabilities.move_action_capability]: Planning request received for MoveGroup action. Forwarding to planning pipeline.
[move_group-3] [INFO] [1791531423.560118466] [moveit.ompl_planning.model_based_planning_context]: Planner configuration 'left_arm[RRTConnectkConfigDefault]' will use planner 'geometric::RRTConnect'. Additional configuration parameters will be set when the planner is constructed.
[move_group-3] [INFO] [1791531423.576473615] [moveit_move_group_default_capabilities.move_action_capability]: Motion plan was computed successfully.
[move_group-3] [INFO] [1791531423.577316666] [moveit_move_group_default_capabilities.move_action_capability]: Received request
[move_group-3] [INFO] [1791531423.577413033] [moveit_move_group_default_capabilities.move_action_capability]: executing..
[move_group-3] [INFO] [1791531423.586044022] [moveit_move_group_default_capabilities.move_action_capability]: Planning request received for MoveGroup action. Forwarding to planning pipeline.
[move_group-3] [INFO] [1791531423.586487215] [moveit.ompl_planning.model_based_planning_context]: Planner configuration 'right_arm[RRTConnectkConfigDefault]' will use planner 'geometric::RRTConnect'. Additional configuration parameters will be set when the planner is constructed.
[move_group-3] [INFO] [1791531423.603917209] [moveit_move_group_default_capabilities.move_action_capability]: Motion plan was computed successfully.
[move_group-3] [WARN] [1791531449.988444629] [moveit_planning_scene.planning_scene]: Tried to remove world object 'task26_cube_3', but it does not exist in this scene.
[move_group-3] [WARN] [1791531449.988465486] [moveit_planning_scene.planning_scene]: Tried to remove world object 'task26_cube_4', but it does not exist in this scene.
[move_group-3] [WARN] [1791531449.988469749] [moveit_planning_scene.planning_scene]: Tried to remove world object 'task26_cube_5', but it does not exist in this scene.
[move_group-3] [INFO] [1791531451.320262647] [moveit_move_group_default_capabilities.move_action_capability]: Received request
[move_group-3] [INFO] [1791531451.320389361] [moveit_move_group_default_capabilities.move_action_capability]: executing..
[move_group-3] [INFO] [1791531451.322356826] [moveit_move_group_default_capabilities.move_action_capability]: Planning request received for MoveGroup action. Forwarding to planning pipeline.
[move_group-3] [INFO] [1791531451.322811576] [moveit.ompl_planning.model_based_planning_context]: Planner configuration 'left_arm[RRTConnectkConfigDefault]' will use planner 'geometric::RRTConnect'. Additional configuration parameters will be set when the planner is constructed.
[move_group-3] [INFO] [1791531451.362219101] [moveit_move_group_default_capabilities.move_action_capability]: Motion plan was computed successfully.
[move_group-3] [INFO] [1791531451.363576232] [moveit_move_group_default_capabilities.move_action_capability]: Received request
[move_group-3] [INFO] [1791531451.363739539] [moveit_move_group_default_capabilities.move_action_capability]: executing..
[move_group-3] [INFO] [1791531451.371785219] [moveit_move_group_default_capabilities.move_action_capability]: Planning request received for MoveGroup action. Forwarding to planning pipeline.
[move_group-3] [INFO] [1791531451.372260802] [moveit.ompl_planning.model_based_planning_context]: Planner configuration 'left_arm[RRTConnectkConfigDefault]' will use planner 'geometric::RRTConnect'. Additional configuration parameters will be set when the planner is constructed.
[move_group-3] [INFO] [1791531451.403098919] [moveit_move_group_default_capabilities.move_action_capability]: Motion plan was computed successfully.
[move_group-3] [INFO] [1791531451.403794916] [moveit_move_group_default_capabilities.move_action_capability]: Received request
[move_group-3] [INFO] [1791531451.403873297] [moveit_move_group_default_capabilities.move_action_capability]: executing..
[move_group-3] [INFO] [1791531451.421799782] [moveit_move_group_default_capabilities.move_action_capability]: Planning request received for MoveGroup action. Forwarding to planning pipeline.
[move_group-3] [INFO] [1791531451.422215875] [moveit.ompl_planning.model_based_planning_context]: Planner configuration 'left_arm[RRTConnectkConfigDefault]' will use planner 'geometric::RRTConnect'. Additional configuration parameters will be set when the planner is constructed.
[move_group-3] [INFO] [1791531451.461403440] [moveit_move_group_default_capabilities.move_action_capability]: Motion plan was computed successfully.
[move_group-3] [INFO] [1791531451.463412029] [moveit_move_group_default_capabilities.move_action_capability]: Received request
[move_group-3] [INFO] [1791531451.463534704] [moveit_move_group_default_capabilities.move_action_capability]: executing..
[move_group-3] [INFO] [1791531451.471894747] [moveit_move_group_default_capabilities.move_action_capability]: Planning request received for MoveGroup action. Forwarding to planning pipeline.
[move_group-3] [INFO] [1791531451.472370727] [moveit.ompl_planning.model_based_planning_context]: Planner configuration 'left_arm[RRTConnectkConfigDefault]' will use planner 'geometric::RRTConnect'. Additional configuration parameters will be set when the planner is constructed.
[move_group-3] [INFO] [1791531451.501719770] [moveit_move_group_default_capabilities.move_action_capability]: Motion plan was computed successfully.
[move_group-3] [INFO] [1791531451.502352748] [moveit_move_group_default_capabilities.move_action_capability]: Received request
[move_group-3] [INFO] [1791531451.502464104] [moveit_move_group_default_capabilities.move_action_capability]: executing..
[move_group-3] [INFO] [1791531451.522133396] [moveit_move_group_default_capabilities.move_action_capability]: Planning request received for MoveGroup action. Forwarding to planning pipeline.
[move_group-3] [INFO] [1791531451.522564637] [moveit.ompl_planning.model_based_planning_context]: Planner configuration 'left_arm[RRTConnectkConfigDefault]' will use planner 'geometric::RRTConnect'. Additional configuration parameters will be set when the planner is constructed.
[move_group-3] [INFO] [1791531451.559608529] [moveit_move_group_default_capabilities.move_action_capability]: Motion plan was computed successfully.
[move_group-3] [INFO] [1791531451.560393545] [moveit_move_group_default_capabilities.move_action_capability]: Received request
[move_group-3] [INFO] [1791531451.560501324] [moveit_move_group_default_capabilities.move_action_capability]: executing..
[move_group-3] [INFO] [1791531451.571493658] [moveit_move_group_default_capabilities.move_action_capability]: Planning request received for MoveGroup action. Forwarding to planning pipeline.
[move_group-3] [INFO] [1791531451.572045802] [moveit.ompl_planning.model_based_planning_context]: Planner configuration 'left_arm[RRTConnectkConfigDefault]' will use planner 'geometric::RRTConnect'. Additional configuration parameters will be set when the planner is constructed.
[move_group-3] [INFO] [1791531451.612576638] [moveit_move_group_default_capabilities.move_action_capability]: Motion plan was computed successfully.
[move_group-3] [INFO] [1791531451.614276387] [moveit_move_group_default_capabilities.move_action_capability]: Received request
[move_group-3] [INFO] [1791531451.614392648] [moveit_move_group_default_capabilities.move_action_capability]: executing..
[move_group-3] [INFO] [1791531451.622021535] [moveit_move_group_default_capabilities.move_action_capability]: Planning request received for MoveGroup action. Forwarding to planning pipeline.
[move_group-3] [INFO] [1791531451.622423207] [moveit.ompl_planning.model_based_planning_context]: Planner configuration 'left_arm[RRTConnectkConfigDefault]' will use planner 'geometric::RRTConnect'. Additional configuration parameters will be set when the planner is constructed.
[move_group-3] [INFO] [1791531451.659659191] [moveit_move_group_default_capabilities.move_action_capability]: Motion plan was computed successfully.
[move_group-3] [INFO] [1791531451.660723931] [moveit_move_group_default_capabilities.move_action_capability]: Received request
[move_group-3] [INFO] [1791531451.660836418] [moveit_move_group_default_capabilities.move_action_capability]: executing..
[move_group-3] [INFO] [1791531451.671699913] [moveit_move_group_default_capabilities.move_action_capability]: Planning request received for MoveGroup action. Forwarding to planning pipeline.
[move_group-3] [INFO] [1791531451.672290827] [moveit.ompl_planning.model_based_planning_context]: Planner configuration 'left_arm[RRTConnectkConfigDefault]' will use planner 'geometric::RRTConnect'. Additional configuration parameters will be set when the planner is constructed.
[move_group-3] [INFO] [1791531451.701864924] [moveit_move_group_default_capabilities.move_action_capability]: Motion plan was computed successfully.
[move_group-3] [INFO] [1791531451.702996812] [moveit_move_group_default_capabilities.move_action_capability]: Received request
[move_group-3] [INFO] [1791531451.703088481] [moveit_move_group_default_capabilities.move_action_capability]: executing..
[move_group-3] [INFO] [1791531451.721640509] [moveit_move_group_default_capabilities.move_action_capability]: Planning request received for MoveGroup action. Forwarding to planning pipeline.
[move_group-3] [INFO] [1791531451.722105657] [moveit.ompl_planning.model_based_planning_context]: Planner configuration 'right_arm[RRTConnectkConfigDefault]' will use planner 'geometric::RRTConnect'. Additional configuration parameters will be set when the planner is constructed.
[move_group-3] [INFO] [1791531451.752948968] [moveit_move_group_default_capabilities.move_action_capability]: Motion plan was computed successfully.
[move_group-3] [INFO] [1791531451.753639027] [moveit_move_group_default_capabilities.move_action_capability]: Received request
[move_group-3] [INFO] [1791531451.753726106] [moveit_move_group_default_capabilities.move_action_capability]: executing..
[move_group-3] [INFO] [1791531451.771438099] [moveit_move_group_default_capabilities.move_action_capability]: Planning request received for MoveGroup action. Forwarding to planning pipeline.
[move_group-3] [INFO] [1791531451.771892497] [moveit.ompl_planning.model_based_planning_context]: Planner configuration 'right_arm[RRTConnectkConfigDefault]' will use planner 'geometric::RRTConnect'. Additional configuration parameters will be set when the planner is constructed.
[move_group-3] [INFO] [1791531451.807053876] [moveit_move_group_default_capabilities.move_action_capability]: Motion plan was computed successfully.
[move_group-3] [INFO] [1791531451.808545695] [moveit_move_group_default_capabilities.move_action_capability]: Received request
[move_group-3] [INFO] [1791531451.808648675] [moveit_move_group_default_capabilities.move_action_capability]: executing..
[move_group-3] [INFO] [1791531451.821651054] [moveit_move_group_default_capabilities.move_action_capability]: Planning request received for MoveGroup action. Forwarding to planning pipeline.
[move_group-3] [INFO] [1791531451.822144912] [moveit.ompl_planning.model_based_planning_context]: Planner configuration 'right_arm[RRTConnectkConfigDefault]' will use planner 'geometric::RRTConnect'. Additional configuration parameters will be set when the planner is constructed.
[move_group-3] [INFO] [1791531451.859762687] [moveit_move_group_default_capabilities.move_action_capability]: Motion plan was computed successfully.
[move_group-3] [INFO] [1791531451.861254912] [moveit_move_group_default_capabilities.move_action_capability]: Received request
[move_group-3] [INFO] [1791531451.861368124] [moveit_move_group_default_capabilities.move_action_capability]: executing..
[move_group-3] [INFO] [1791531451.872045687] [moveit_move_group_default_capabilities.move_action_capability]: Planning request received for MoveGroup action. Forwarding to planning pipeline.
[move_group-3] [INFO] [1791531451.872497494] [moveit.ompl_planning.model_based_planning_context]: Planner configuration 'right_arm[RRTConnectkConfigDefault]' will use planner 'geometric::RRTConnect'. Additional configuration parameters will be set when the planner is constructed.
[move_group-3] [INFO] [1791531451.918253685] [moveit_move_group_default_capabilities.move_action_capability]: Motion plan was computed successfully.
[move_group-3] [INFO] [1791531451.919322165] [moveit_move_group_default_capabilities.move_action_capability]: Received request
[move_group-3] [INFO] [1791531451.919434443] [moveit_move_group_default_capabilities.move_action_capability]: executing..
[move_group-3] [INFO] [1791531451.921924637] [moveit_move_group_default_capabilities.move_action_capability]: Planning request received for MoveGroup action. Forwarding to planning pipeline.
[move_group-3] [INFO] [1791531451.922382882] [moveit.ompl_planning.model_based_planning_context]: Planner configuration 'right_arm[RRTConnectkConfigDefault]' will use planner 'geometric::RRTConnect'. Additional configuration parameters will be set when the planner is constructed.
[move_group-3] [INFO] [1791531451.953967947] [moveit_move_group_default_capabilities.move_action_capability]: Motion plan was computed successfully.
[move_group-3] [INFO] [1791531451.955388565] [moveit_move_group_default_capabilities.move_action_capability]: Received request
[move_group-3] [INFO] [1791531451.955534384] [moveit_move_group_default_capabilities.move_action_capability]: executing..
[move_group-3] [INFO] [1791531451.971995414] [moveit_move_group_default_capabilities.move_action_capability]: Planning request received for MoveGroup action. Forwarding to planning pipeline.
[move_group-3] [INFO] [1791531451.972450957] [moveit.ompl_planning.model_based_planning_context]: Planner configuration 'right_arm[RRTConnectkConfigDefault]' will use planner 'geometric::RRTConnect'. Additional configuration parameters will be set when the planner is constructed.
[move_group-3] [INFO] [1791531452.006421186] [moveit_move_group_default_capabilities.move_action_capability]: Motion plan was computed successfully.
[move_group-3] [INFO] [1791531452.007177941] [moveit_move_group_default_capabilities.move_action_capability]: Received request
[move_group-3] [INFO] [1791531452.007283143] [moveit_move_group_default_capabilities.move_action_capability]: executing..
[move_group-3] [INFO] [1791531452.021482371] [moveit_move_group_default_capabilities.move_action_capability]: Planning request received for MoveGroup action. Forwarding to planning pipeline.
[move_group-3] [INFO] [1791531452.021948528] [moveit.ompl_planning.model_based_planning_context]: Planner configuration 'right_arm[RRTConnectkConfigDefault]' will use planner 'geometric::RRTConnect'. Additional configuration parameters will be set when the planner is constructed.
[move_group-3] [INFO] [1791531452.057653728] [moveit_move_group_default_capabilities.move_action_capability]: Motion plan was computed successfully.
[move_group-3] [INFO] [1791531452.058952879] [moveit_move_group_default_capabilities.move_action_capability]: Received request
[move_group-3] [INFO] [1791531452.059062016] [moveit_move_group_default_capabilities.move_action_capability]: executing..
[move_group-3] [INFO] [1791531452.071817872] [moveit_move_group_default_capabilities.move_action_capability]: Planning request received for MoveGroup action. Forwarding to planning pipeline.
[move_group-3] [INFO] [1791531452.072435364] [moveit.ompl_planning.model_based_planning_context]: Planner configuration 'right_arm[RRTConnectkConfigDefault]' will use planner 'geometric::RRTConnect'. Additional configuration parameters will be set when the planner is constructed.
[move_group-3] [INFO] [1791531452.115186857] [moveit_move_group_default_capabilities.move_action_capability]: Motion plan was computed successfully.
[move_group-3] [INFO] [1791531452.421875322] [moveit_move_group_default_capabilities.cartersian_path_service_capability]: Received request to compute Cartesian path
[move_group-3] [INFO] [1791531452.421946033] [moveit_move_group_default_capabilities.cartersian_path_service_capability]: Attempting to follow 1 waypoints for link 'left_fr3_side_suction_tcp' using a step of 0.002000 m and jump threshold 0.000000 (in global reference frame)
[move_group-3] [INFO] [1791531452.449196019] [moveit_move_group_default_capabilities.cartersian_path_service_capability]: Computed Cartesian path with 142 points (followed 100.000000% of requested trajectory)
[move_group-3] [INFO] [1791531452.472616763] [moveit_move_group_default_capabilities.cartersian_path_service_capability]: Received request to compute Cartesian path
[move_group-3] [INFO] [1791531452.472694436] [moveit_move_group_default_capabilities.cartersian_path_service_capability]: Attempting to follow 1 waypoints for link 'left_fr3_side_suction_tcp' using a step of 0.002000 m and jump threshold 0.000000 (in global reference frame)
[move_group-3] [INFO] [1791531452.482514404] [moveit_move_group_default_capabilities.cartersian_path_service_capability]: Computed Cartesian path with 52 points (followed 100.000000% of requested trajectory)
[move_group-3] [INFO] [1791531496.876493416] [moveit_move_group_default_capabilities.move_action_capability]: Received request
[move_group-3] [INFO] [1791531496.876646754] [moveit_move_group_default_capabilities.move_action_capability]: executing..
[move_group-3] [INFO] [1791531496.881891613] [moveit_move_group_default_capabilities.move_action_capability]: Planning request received for MoveGroup action. Forwarding to planning pipeline.
[move_group-3] [INFO] [1791531496.882331577] [moveit.ompl_planning.model_based_planning_context]: Planner configuration 'right_arm[RRTConnectkConfigDefault]' will use planner 'geometric::RRTConnect'. Additional configuration parameters will be set when the planner is constructed.
[move_group-3] [INFO] [1791531496.936326316] [moveit_move_group_default_capabilities.move_action_capability]: Motion plan was computed successfully.
[move_group-3] [INFO] [1791531496.937681967] [moveit_move_group_default_capabilities.move_action_capability]: Received request
[move_group-3] [INFO] [1791531496.937816097] [moveit_move_group_default_capabilities.move_action_capability]: executing..
[move_group-3] [INFO] [1791531496.952531941] [moveit_move_group_default_capabilities.move_action_capability]: Planning request received for MoveGroup action. Forwarding to planning pipeline.
[move_group-3] [INFO] [1791531496.953149873] [moveit.ompl_planning.model_based_planning_context]: Planner configuration 'right_arm[RRTConnectkConfigDefault]' will use planner 'geometric::RRTConnect'. Additional configuration parameters will be set when the planner is constructed.
[move_group-3] [INFO] [1791531496.986415498] [moveit_move_group_default_capabilities.move_action_capability]: Motion plan was computed successfully.
[move_group-3] [INFO] [1791531496.987980342] [moveit_move_group_default_capabilities.move_action_capability]: Received request
[move_group-3] [INFO] [1791531496.988111137] [moveit_move_group_default_capabilities.move_action_capability]: executing..
[move_group-3] [INFO] [1791531497.001365085] [moveit_move_group_default_capabilities.move_action_capability]: Planning request received for MoveGroup action. Forwarding to planning pipeline.
[move_group-3] [INFO] [1791531497.001829994] [moveit.ompl_planning.model_based_planning_context]: Planner configuration 'right_arm[RRTConnectkConfigDefault]' will use planner 'geometric::RRTConnect'. Additional configuration parameters will be set when the planner is constructed.
[move_group-3] [INFO] [1791531497.037262293] [moveit_move_group_default_capabilities.move_action_capability]: Motion plan was computed successfully.
[move_group-3] [INFO] [1791531497.038747818] [moveit_move_group_default_capabilities.move_action_capability]: Received request
[move_group-3] [INFO] [1791531497.038862833] [moveit_move_group_default_capabilities.move_action_capability]: executing..
[move_group-3] [INFO] [1791531497.050540969] [moveit_move_group_default_capabilities.move_action_capability]: Planning request received for MoveGroup action. Forwarding to planning pipeline.
[move_group-3] [INFO] [1791531497.051116561] [moveit.ompl_planning.model_based_planning_context]: Planner configuration 'right_arm[RRTConnectkConfigDefault]' will use planner 'geometric::RRTConnect'. Additional configuration parameters will be set when the planner is constructed.
[move_group-3] [INFO] [1791531497.106899169] [moveit_move_group_default_capabilities.move_action_capability]: Motion plan was computed successfully.
[move_group-3] [INFO] [1791531497.108484615] [moveit_move_group_default_capabilities.move_action_capability]: Received request
[move_group-3] [INFO] [1791531497.108689144] [moveit_move_group_default_capabilities.move_action_capability]: executing..
[move_group-3] [INFO] [1791531497.118288335] [moveit_move_group_default_capabilities.move_action_capability]: Planning request received for MoveGroup action. Forwarding to planning pipeline.
[move_group-3] [INFO] [1791531497.118743243] [moveit.ompl_planning.model_based_planning_context]: Planner configuration 'right_arm[RRTConnectkConfigDefault]' will use planner 'geometric::RRTConnect'. Additional configuration parameters will be set when the planner is constructed.
[move_group-3] [INFO] [1791531497.148304948] [moveit_move_group_default_capabilities.move_action_capability]: Motion plan was computed successfully.
[move_group-3] [INFO] [1791531497.149337901] [moveit_move_group_default_capabilities.move_action_capability]: Received request
[move_group-3] [INFO] [1791531497.149446450] [moveit_move_group_default_capabilities.move_action_capability]: executing..
[move_group-3] [INFO] [1791531497.158769337] [moveit_move_group_default_capabilities.move_action_capability]: Planning request received for MoveGroup action. Forwarding to planning pipeline.
[move_group-3] [INFO] [1791531497.159236405] [moveit.ompl_planning.model_based_planning_context]: Planner configuration 'right_arm[RRTConnectkConfigDefault]' will use planner 'geometric::RRTConnect'. Additional configuration parameters will be set when the planner is constructed.
[move_group-3] [INFO] [1791531497.188087959] [moveit_move_group_default_capabilities.move_action_capability]: Motion plan was computed successfully.
[move_group-3] [INFO] [1791531497.189125539] [moveit_move_group_default_capabilities.move_action_capability]: Received request
[move_group-3] [INFO] [1791531497.189232706] [moveit_move_group_default_capabilities.move_action_capability]: executing..
[move_group-3] [INFO] [1791531497.206696362] [moveit_move_group_default_capabilities.move_action_capability]: Planning request received for MoveGroup action. Forwarding to planning pipeline.
[move_group-3] [INFO] [1791531497.207287385] [moveit.ompl_planning.model_based_planning_context]: Planner configuration 'right_arm[RRTConnectkConfigDefault]' will use planner 'geometric::RRTConnect'. Additional configuration parameters will be set when the planner is constructed.
[move_group-3] [ERROR] [1791531497.265430711] [moveit.ros_planning.planning_pipeline]: Computed path is not valid. Invalid states at index locations: [ 57 ] out of 66. Explanations follow in command line. Contacts are published on /display_contacts
[move_group-3] [INFO] [1791531497.265478533] [moveit_collision_detection_fcl.collision_common]: Found a contact between 'task26_cube_1' (type 'Object') and 'right_fr3_side_suction' (type 'Robot link'), which constitutes a collision. Contact information is not stored.
[move_group-3] [INFO] [1791531497.265485183] [moveit_collision_detection_fcl.collision_common]: Collision checking is considered complete (collision was found and 0 contacts are stored)
[move_group-3] [ERROR] [1791531497.265621228] [moveit.ros_planning.planning_pipeline]: Completed listing of explanations for invalid states.
[move_group-3] [INFO] [1791531497.265763447] [moveit_move_group_default_capabilities.move_action_capability]: Motion plan was found but it seems to be invalid (possibly due to postprocessing). Not executing.
[move_group-3] [INFO] [1791531497.270847356] [moveit_move_group_default_capabilities.move_action_capability]: Received request
[move_group-3] [INFO] [1791531497.270972773] [moveit_move_group_default_capabilities.move_action_capability]: executing..
[move_group-3] [INFO] [1791531497.274116135] [moveit_move_group_default_capabilities.move_action_capability]: Planning request received for MoveGroup action. Forwarding to planning pipeline.
[move_group-3] [INFO] [1791531497.274537182] [moveit.ompl_planning.model_based_planning_context]: Planner configuration 'right_arm[RRTConnectkConfigDefault]' will use planner 'geometric::RRTConnect'. Additional configuration parameters will be set when the planner is constructed.
[move_group-3] [INFO] [1791531497.310741688] [moveit_move_group_default_capabilities.move_action_capability]: Motion plan was computed successfully.
[move_group-3] [INFO] [1791531497.312914160] [moveit_move_group_default_capabilities.move_action_capability]: Received request
[move_group-3] [INFO] [1791531497.313034491] [moveit_move_group_default_capabilities.move_action_capability]: executing..
[move_group-3] [INFO] [1791531497.321783306] [moveit_move_group_default_capabilities.move_action_capability]: Planning request received for MoveGroup action. Forwarding to planning pipeline.
[move_group-3] [INFO] [1791531497.322247668] [moveit.ompl_planning.model_based_planning_context]: Planner configuration 'right_arm[RRTConnectkConfigDefault]' will use planner 'geometric::RRTConnect'. Additional configuration parameters will be set when the planner is constructed.
[move_group-3] [INFO] [1791531497.358214812] [moveit_move_group_default_capabilities.move_action_capability]: Motion plan was computed successfully.
[move_group-3] [INFO] [1791531497.359752187] [moveit_move_group_default_capabilities.move_action_capability]: Received request
[move_group-3] [INFO] [1791531497.359872931] [moveit_move_group_default_capabilities.move_action_capability]: executing..
[move_group-3] [INFO] [1791531497.362299110] [moveit_move_group_default_capabilities.move_action_capability]: Planning request received for MoveGroup action. Forwarding to planning pipeline.
[move_group-3] [INFO] [1791531497.362752511] [moveit.ompl_planning.model_based_planning_context]: Planner configuration 'right_arm[RRTConnectkConfigDefault]' will use planner 'geometric::RRTConnect'. Additional configuration parameters will be set when the planner is constructed.
[move_group-3] [INFO] [1791531497.418579055] [moveit_move_group_default_capabilities.move_action_capability]: Motion plan was computed successfully.
[move_group-3] [INFO] [1791531497.419301309] [moveit_move_group_default_capabilities.move_action_capability]: Received request
[move_group-3] [INFO] [1791531497.419432438] [moveit_move_group_default_capabilities.move_action_capability]: executing..
[move_group-3] [INFO] [1791531497.439021682] [moveit_move_group_default_capabilities.move_action_capability]: Planning request received for MoveGroup action. Forwarding to planning pipeline.
[move_group-3] [INFO] [1791531497.439612002] [moveit.ompl_planning.model_based_planning_context]: Planner configuration 'right_arm[RRTConnectkConfigDefault]' will use planner 'geometric::RRTConnect'. Additional configuration parameters will be set when the planner is constructed.
[move_group-3] [INFO] [1791531497.470933354] [moveit_move_group_default_capabilities.move_action_capability]: Motion plan was computed successfully.
[move_group-3] [INFO] [1791531497.472361516] [moveit_move_group_default_capabilities.move_action_capability]: Received request
[move_group-3] [INFO] [1791531497.472530086] [moveit_move_group_default_capabilities.move_action_capability]: executing..
[move_group-3] [INFO] [1791531497.485986925] [moveit_move_group_default_capabilities.move_action_capability]: Planning request received for MoveGroup action. Forwarding to planning pipeline.
[move_group-3] [INFO] [1791531497.486589466] [moveit.ompl_planning.model_based_planning_context]: Planner configuration 'right_arm[RRTConnectkConfigDefault]' will use planner 'geometric::RRTConnect'. Additional configuration parameters will be set when the planner is constructed.
[move_group-3] [INFO] [1791531497.519413094] [moveit_move_group_default_capabilities.move_action_capability]: Motion plan was computed successfully.
[move_group-3] [INFO] [1791531497.520793401] [moveit_move_group_default_capabilities.move_action_capability]: Received request
[move_group-3] [INFO] [1791531497.520899974] [moveit_move_group_default_capabilities.move_action_capability]: executing..
[move_group-3] [INFO] [1791531497.533722855] [moveit_move_group_default_capabilities.move_action_capability]: Planning request received for MoveGroup action. Forwarding to planning pipeline.
[move_group-3] [INFO] [1791531497.534185137] [moveit.ompl_planning.model_based_planning_context]: Planner configuration 'right_arm[RRTConnectkConfigDefault]' will use planner 'geometric::RRTConnect'. Additional configuration parameters will be set when the planner is constructed.
[move_group-3] [INFO] [1791531497.563835352] [moveit_move_group_default_capabilities.move_action_capability]: Motion plan was computed successfully.
[move_group-3] [INFO] [1791531497.565609218] [moveit_move_group_default_capabilities.move_action_capability]: Received request
[move_group-3] [INFO] [1791531497.565737603] [moveit_move_group_default_capabilities.move_action_capability]: executing..
[move_group-3] [INFO] [1791531497.573997492] [moveit_move_group_default_capabilities.move_action_capability]: Planning request received for MoveGroup action. Forwarding to planning pipeline.
[move_group-3] [INFO] [1791531497.574526172] [moveit.ompl_planning.model_based_planning_context]: Planner configuration 'right_arm[RRTConnectkConfigDefault]' will use planner 'geometric::RRTConnect'. Additional configuration parameters will be set when the planner is constructed.
[move_group-3] [INFO] [1791531497.620016544] [moveit_move_group_default_capabilities.move_action_capability]: Motion plan was computed successfully.
[move_group-3] [INFO] [1791531497.620862905] [moveit_move_group_default_capabilities.move_action_capability]: Received request
[move_group-3] [INFO] [1791531497.621016975] [moveit_move_group_default_capabilities.move_action_capability]: executing..
[move_group-3] [INFO] [1791531497.621544725] [moveit_move_group_default_capabilities.move_action_capability]: Planning request received for MoveGroup action. Forwarding to planning pipeline.
[move_group-3] [INFO] [1791531497.622019945] [moveit.ompl_planning.model_based_planning_context]: Planner configuration 'right_arm[RRTConnectkConfigDefault]' will use planner 'geometric::RRTConnect'. Additional configuration parameters will be set when the planner is constructed.
[move_group-3] [INFO] [1791531497.658140639] [moveit_move_group_default_capabilities.move_action_capability]: Motion plan was computed successfully.
[move_group-3] [INFO] [1791531497.658961998] [moveit_move_group_default_capabilities.move_action_capability]: Received request
[move_group-3] [INFO] [1791531497.659174124] [moveit_move_group_default_capabilities.move_action_capability]: executing..
[move_group-3] [INFO] [1791531497.668997537] [moveit_move_group_default_capabilities.move_action_capability]: Planning request received for MoveGroup action. Forwarding to planning pipeline.
[move_group-3] [INFO] [1791531497.669447817] [moveit.ompl_planning.model_based_planning_context]: Planner configuration 'right_arm[RRTConnectkConfigDefault]' will use planner 'geometric::RRTConnect'. Additional configuration parameters will be set when the planner is constructed.
[move_group-3] [INFO] [1791531497.732571984] [moveit_move_group_default_capabilities.move_action_capability]: Motion plan was computed successfully.
[move_group-3] [INFO] [1791531497.733695276] [moveit_move_group_default_capabilities.move_action_capability]: Received request
[move_group-3] [INFO] [1791531497.733814792] [moveit_move_group_default_capabilities.move_action_capability]: executing..
[move_group-3] [INFO] [1791531497.737600895] [moveit_move_group_default_capabilities.move_action_capability]: Planning request received for MoveGroup action. Forwarding to planning pipeline.
[move_group-3] [INFO] [1791531497.738100881] [moveit.ompl_planning.model_based_planning_context]: Planner configuration 'right_arm[RRTConnectkConfigDefault]' will use planner 'geometric::RRTConnect'. Additional configuration parameters will be set when the planner is constructed.
[move_group-3] [INFO] [1791531497.783128446] [moveit_move_group_default_capabilities.move_action_capability]: Motion plan was computed successfully.
[move_group-3] [INFO] [1791531497.783919554] [moveit_move_group_default_capabilities.move_action_capability]: Received request
[move_group-3] [INFO] [1791531497.784027305] [moveit_move_group_default_capabilities.move_action_capability]: executing..
[move_group-3] [INFO] [1791531497.806403650] [moveit_move_group_default_capabilities.move_action_capability]: Planning request received for MoveGroup action. Forwarding to planning pipeline.
[move_group-3] [INFO] [1791531497.806871168] [moveit.ompl_planning.model_based_planning_context]: Planner configuration 'right_arm[RRTConnectkConfigDefault]' will use planner 'geometric::RRTConnect'. Additional configuration parameters will be set when the planner is constructed.
[move_group-3] [INFO] [1791531497.834769286] [moveit_move_group_default_capabilities.move_action_capability]: Motion plan was computed successfully.
[move_group-3] [INFO] [1791531497.836364593] [moveit_move_group_default_capabilities.move_action_capability]: Received request
[move_group-3] [INFO] [1791531497.836498330] [moveit_move_group_default_capabilities.move_action_capability]: executing..
[move_group-3] [INFO] [1791531497.847398201] [moveit_move_group_default_capabilities.move_action_capability]: Planning request received for MoveGroup action. Forwarding to planning pipeline.
[move_group-3] [INFO] [1791531497.847982720] [moveit.ompl_planning.model_based_planning_context]: Planner configuration 'right_arm[RRTConnectkConfigDefault]' will use planner 'geometric::RRTConnect'. Additional configuration parameters will be set when the planner is constructed.
[move_group-3] [INFO] [1791531497.890452625] [moveit_move_group_default_capabilities.move_action_capability]: Motion plan was computed successfully.
[move_group-3] [INFO] [1791531497.892207424] [moveit_move_group_default_capabilities.move_action_capability]: Received request
[move_group-3] [INFO] [1791531497.892341410] [moveit_move_group_default_capabilities.move_action_capability]: executing..
[move_group-3] [INFO] [1791531497.895413497] [moveit_move_group_default_capabilities.move_action_capability]: Planning request received for MoveGroup action. Forwarding to planning pipeline.
[move_group-3] [INFO] [1791531497.895852915] [moveit.ompl_planning.model_based_planning_context]: Planner configuration 'right_arm[RRTConnectkConfigDefault]' will use planner 'geometric::RRTConnect'. Additional configuration parameters will be set when the planner is constructed.
[move_group-3] [INFO] [1791531497.923989153] [moveit_move_group_default_capabilities.move_action_capability]: Motion plan was computed successfully.
[move_group-3] [INFO] [1791531497.925198221] [moveit_move_group_default_capabilities.move_action_capability]: Received request
[move_group-3] [INFO] [1791531497.925314911] [moveit_move_group_default_capabilities.move_action_capability]: executing..
[move_group-3] [INFO] [1791531497.944104689] [moveit_move_group_default_capabilities.move_action_capability]: Planning request received for MoveGroup action. Forwarding to planning pipeline.
[move_group-3] [INFO] [1791531497.944568630] [moveit.ompl_planning.model_based_planning_context]: Planner configuration 'right_arm[RRTConnectkConfigDefault]' will use planner 'geometric::RRTConnect'. Additional configuration parameters will be set when the planner is constructed.
[move_group-3] [INFO] [1791531497.998904730] [moveit_move_group_default_capabilities.move_action_capability]: Motion plan was computed successfully.
[move_group-3] [INFO] [1791531498.000876278] [moveit_move_group_default_capabilities.move_action_capability]: Received request
[move_group-3] [INFO] [1791531498.001241149] [moveit_move_group_default_capabilities.move_action_capability]: executing..
[move_group-3] [INFO] [1791531498.013204746] [moveit_move_group_default_capabilities.move_action_capability]: Planning request received for MoveGroup action. Forwarding to planning pipeline.
[move_group-3] [INFO] [1791531498.013682009] [moveit.ompl_planning.model_based_planning_context]: Planner configuration 'right_arm[RRTConnectkConfigDefault]' will use planner 'geometric::RRTConnect'. Additional configuration parameters will be set when the planner is constructed.
[move_group-3] [INFO] [1791531498.069815847] [moveit_move_group_default_capabilities.move_action_capability]: Motion plan was computed successfully.
[move_group-3] [INFO] [1791531498.071910990] [moveit_move_group_default_capabilities.move_action_capability]: Received request
[move_group-3] [INFO] [1791531498.072073125] [moveit_move_group_default_capabilities.move_action_capability]: executing..
[move_group-3] [INFO] [1791531498.081862156] [moveit_move_group_default_capabilities.move_action_capability]: Planning request received for MoveGroup action. Forwarding to planning pipeline.
[move_group-3] [INFO] [1791531498.082465060] [moveit.ompl_planning.model_based_planning_context]: Planner configuration 'right_arm[RRTConnectkConfigDefault]' will use planner 'geometric::RRTConnect'. Additional configuration parameters will be set when the planner is constructed.
[move_group-3] [INFO] [1791531498.150858711] [moveit_move_group_default_capabilities.move_action_capability]: Motion plan was computed successfully.
[move_group-3] [INFO] [1791531498.151866600] [moveit_move_group_default_capabilities.move_action_capability]: Received request
[move_group-3] [INFO] [1791531498.151976581] [moveit_move_group_default_capabilities.move_action_capability]: executing..
[move_group-3] [INFO] [1791531498.168973767] [moveit_move_group_default_capabilities.move_action_capability]: Planning request received for MoveGroup action. Forwarding to planning pipeline.
[move_group-3] [INFO] [1791531498.169451678] [moveit.ompl_planning.model_based_planning_context]: Planner configuration 'right_arm[RRTConnectkConfigDefault]' will use planner 'geometric::RRTConnect'. Additional configuration parameters will be set when the planner is constructed.
[move_group-3] [INFO] [1791531498.221329671] [moveit_move_group_default_capabilities.move_action_capability]: Motion plan was computed successfully.
[move_group-3] [INFO] [1791531498.485850413] [moveit_move_group_default_capabilities.cartersian_path_service_capability]: Received request to compute Cartesian path
[move_group-3] [INFO] [1791531498.485912995] [moveit_move_group_default_capabilities.cartersian_path_service_capability]: Attempting to follow 1 waypoints for link 'right_fr3_side_suction_tcp' using a step of 0.002000 m and jump threshold 0.000000 (in global reference frame)
[move_group-3] [INFO] [1791531498.489454616] [moveit_move_group_default_capabilities.cartersian_path_service_capability]: Computed Cartesian path with 21 points (followed 100.000000% of requested trajectory)
[move_group-3] [INFO] [1791531498.507069698] [moveit_move_group_default_capabilities.cartersian_path_service_capability]: Received request to compute Cartesian path
[move_group-3] [INFO] [1791531498.507163547] [moveit_move_group_default_capabilities.cartersian_path_service_capability]: Attempting to follow 1 waypoints for link 'left_fr3_side_suction_tcp' using a step of 0.002000 m and jump threshold 0.000000 (in global reference frame)
[move_group-3] [INFO] [1791531498.532146510] [moveit_move_group_default_capabilities.cartersian_path_service_capability]: Computed Cartesian path with 141 points (followed 100.000000% of requested trajectory)
[move_group-3] [INFO] [1791531498.554564349] [moveit_move_group_default_capabilities.cartersian_path_service_capability]: Received request to compute Cartesian path
[move_group-3] [INFO] [1791531498.554648594] [moveit_move_group_default_capabilities.cartersian_path_service_capability]: Attempting to follow 1 waypoints for link 'right_fr3_side_suction_tcp' using a step of 0.002000 m and jump threshold 0.000000 (in global reference frame)
[move_group-3] [INFO] [1791531498.579501357] [moveit_move_group_default_capabilities.cartersian_path_service_capability]: Computed Cartesian path with 142 points (followed 100.000000% of requested trajectory)
[move_group-3] [INFO] [1791531498.595540496] [moveit_move_group_default_capabilities.cartersian_path_service_capability]: Received request to compute Cartesian path
[move_group-3] [INFO] [1791531498.595609291] [moveit_move_group_default_capabilities.cartersian_path_service_capability]: Attempting to follow 1 waypoints for link 'left_fr3_side_suction_tcp' using a step of 0.002000 m and jump threshold 0.000000 (in global reference frame)
[move_group-3] [INFO] [1791531498.611395125] [moveit_move_group_default_capabilities.cartersian_path_service_capability]: Computed Cartesian path with 137 points (followed 100.000000% of requested trajectory)
[move_group-3] [INFO] [1791531498.624206447] [moveit_move_group_default_capabilities.cartersian_path_service_capability]: Received request to compute Cartesian path
[move_group-3] [INFO] [1791531498.624290732] [moveit_move_group_default_capabilities.cartersian_path_service_capability]: Attempting to follow 1 waypoints for link 'right_fr3_side_suction_tcp' using a step of 0.002000 m and jump threshold 0.000000 (in global reference frame)
[move_group-3] [INFO] [1791531498.654896269] [moveit_move_group_default_capabilities.cartersian_path_service_capability]: Computed Cartesian path with 137 points (followed 100.000000% of requested trajectory)
[move_group-3] [INFO] [1791531498.695601082] [moveit_move_group_default_capabilities.cartersian_path_service_capability]: Received request to compute Cartesian path
[move_group-3] [INFO] [1791531498.695678611] [moveit_move_group_default_capabilities.cartersian_path_service_capability]: Attempting to follow 1 waypoints for link 'left_fr3_side_suction_tcp' using a step of 0.002000 m and jump threshold 0.000000 (in global reference frame)
[move_group-3] [INFO] [1791531498.700354760] [moveit_move_group_default_capabilities.cartersian_path_service_capability]: Computed Cartesian path with 32 points (followed 100.000000% of requested trajectory)
[move_group-3] [INFO] [1791531498.716960293] [moveit_move_group_default_capabilities.cartersian_path_service_capability]: Received request to compute Cartesian path
[move_group-3] [INFO] [1791531498.717024690] [moveit_move_group_default_capabilities.cartersian_path_service_capability]: Attempting to follow 1 waypoints for link 'right_fr3_side_suction_tcp' using a step of 0.002000 m and jump threshold 0.000000 (in global reference frame)
[move_group-3] [INFO] [1791531498.720763631] [moveit_move_group_default_capabilities.cartersian_path_service_capability]: Computed Cartesian path with 32 points (followed 100.000000% of requested trajectory)
[move_group-3] [INFO] [1791531498.737545889] [moveit_move_group_default_capabilities.cartersian_path_service_capability]: Received request to compute Cartesian path
[move_group-3] [INFO] [1791531498.737624087] [moveit_move_group_default_capabilities.cartersian_path_service_capability]: Attempting to follow 1 waypoints for link 'left_fr3_side_suction_tcp' using a step of 0.002000 m and jump threshold 0.000000 (in global reference frame)
[move_group-3] [INFO] [1791531498.756388123] [moveit_move_group_default_capabilities.cartersian_path_service_capability]: Computed Cartesian path with 131 points (followed 100.000000% of requested trajectory)
[move_group-3] [INFO] [1791531498.765110212] [moveit_move_group_default_capabilities.cartersian_path_service_capability]: Received request to compute Cartesian path
[move_group-3] [INFO] [1791531498.765179884] [moveit_move_group_default_capabilities.cartersian_path_service_capability]: Attempting to follow 1 waypoints for link 'right_fr3_side_suction_tcp' using a step of 0.002000 m and jump threshold 0.000000 (in global reference frame)
[move_group-3] [INFO] [1791531498.781720914] [moveit_move_group_default_capabilities.cartersian_path_service_capability]: Computed Cartesian path with 132 points (followed 100.000000% of requested trajectory)
[move_group-3] [INFO] [1791531498.806322138] [moveit_move_group_default_capabilities.cartersian_path_service_capability]: Received request to compute Cartesian path
[move_group-3] [INFO] [1791531498.806414755] [moveit_move_group_default_capabilities.cartersian_path_service_capability]: Attempting to follow 1 waypoints for link 'left_fr3_side_suction_tcp' using a step of 0.002000 m and jump threshold 0.000000 (in global reference frame)
[move_group-3] [INFO] [1791531498.807714159] [moveit_move_group_default_capabilities.cartersian_path_service_capability]: Computed Cartesian path with 12 points (followed 100.000000% of requested trajectory)
[move_group-3] [INFO] [1791531498.833346644] [moveit_move_group_default_capabilities.cartersian_path_service_capability]: Received request to compute Cartesian path
[move_group-3] [INFO] [1791531498.833417108] [moveit_move_group_default_capabilities.cartersian_path_service_capability]: Attempting to follow 1 waypoints for link 'right_fr3_side_suction_tcp' using a step of 0.002000 m and jump threshold 0.000000 (in global reference frame)
[move_group-3] [INFO] [1791531498.834966462] [moveit_move_group_default_capabilities.cartersian_path_service_capability]: Computed Cartesian path with 11 points (followed 100.000000% of requested trajectory)
[move_group-3] [INFO] [1791531498.853834820] [moveit_move_group_default_capabilities.cartersian_path_service_capability]: Received request to compute Cartesian path
[move_group-3] [INFO] [1791531498.853891332] [moveit_move_group_default_capabilities.cartersian_path_service_capability]: Attempting to follow 1 waypoints for link 'left_fr3_side_suction_tcp' using a step of 0.002000 m and jump threshold 0.000000 (in global reference frame)
[move_group-3] [INFO] [1791531498.910833906] [moveit_move_group_default_capabilities.cartersian_path_service_capability]: Computed Cartesian path with 220 points (followed 100.000000% of requested trajectory)
[move_group-3] [INFO] [1791531498.920962322] [moveit_move_group_default_capabilities.cartersian_path_service_capability]: Received request to compute Cartesian path
[move_group-3] [INFO] [1791531498.921022339] [moveit_move_group_default_capabilities.cartersian_path_service_capability]: Attempting to follow 1 waypoints for link 'right_fr3_side_suction_tcp' using a step of 0.002000 m and jump threshold 0.000000 (in global reference frame)
[move_group-3] [INFO] [1791531498.943171069] [moveit_move_group_default_capabilities.cartersian_path_service_capability]: Computed Cartesian path with 142 points (followed 100.000000% of requested trajectory)
[move_group-3] [INFO] [1791531512.499505998] [moveit_move_group_default_capabilities.cartersian_path_service_capability]: Received request to compute Cartesian path
[move_group-3] [INFO] [1791531512.499599507] [moveit_move_group_default_capabilities.cartersian_path_service_capability]: Attempting to follow 1 waypoints for link 'left_fr3_side_suction_tcp' using a step of 0.002000 m and jump threshold 0.000000 (in global reference frame)
[move_group-3] [INFO] [1791531512.525317979] [moveit_move_group_default_capabilities.cartersian_path_service_capability]: Computed Cartesian path with 141 points (followed 100.000000% of requested trajectory)
[move_group-3] [INFO] [1791531512.557017049] [moveit_move_group_default_capabilities.cartersian_path_service_capability]: Received request to compute Cartesian path
[move_group-3] [INFO] [1791531512.557079560] [moveit_move_group_default_capabilities.cartersian_path_service_capability]: Attempting to follow 1 waypoints for link 'right_fr3_side_suction_tcp' using a step of 0.002000 m and jump threshold 0.000000 (in global reference frame)
[move_group-3] [INFO] [1791531512.581796357] [moveit_move_group_default_capabilities.cartersian_path_service_capability]: Computed Cartesian path with 142 points (followed 100.000000% of requested trajectory)
[move_group-3] [INFO] [1791531513.060832306] [moveit_move_group_default_capabilities.cartersian_path_service_capability]: Received request to compute Cartesian path
[move_group-3] [INFO] [1791531513.060934724] [moveit_move_group_default_capabilities.cartersian_path_service_capability]: Attempting to follow 1 waypoints for link 'left_fr3_side_suction_tcp' using a step of 0.002000 m and jump threshold 0.000000 (in global reference frame)
[move_group-3] [INFO] [1791531513.084788153] [moveit_move_group_default_capabilities.cartersian_path_service_capability]: Computed Cartesian path with 141 points (followed 100.000000% of requested trajectory)
[move_group-3] [INFO] [1791531513.086838842] [moveit_move_group_default_capabilities.cartersian_path_service_capability]: Received request to compute Cartesian path
[move_group-3] [INFO] [1791531513.086903079] [moveit_move_group_default_capabilities.cartersian_path_service_capability]: Attempting to follow 1 waypoints for link 'right_fr3_side_suction_tcp' using a step of 0.002000 m and jump threshold 0.000000 (in global reference frame)
[move_group-3] [INFO] [1791531513.112322597] [moveit_move_group_default_capabilities.cartersian_path_service_capability]: Computed Cartesian path with 141 points (followed 100.000000% of requested trajectory)
[move_group-3] [INFO] [1791531523.026331400] [moveit_move_group_default_capabilities.cartersian_path_service_capability]: Received request to compute Cartesian path
[move_group-3] [INFO] [1791531523.026446356] [moveit_move_group_default_capabilities.cartersian_path_service_capability]: Attempting to follow 1 waypoints for link 'left_fr3_side_suction_tcp' using a step of 0.002000 m and jump threshold 0.000000 (in global reference frame)
[move_group-3] [INFO] [1791531523.045919097] [moveit_move_group_default_capabilities.cartersian_path_service_capability]: Computed Cartesian path with 136 points (followed 100.000000% of requested trajectory)
[move_group-3] [INFO] [1791531523.053032508] [moveit_move_group_default_capabilities.cartersian_path_service_capability]: Received request to compute Cartesian path
[move_group-3] [INFO] [1791531523.053126283] [moveit_move_group_default_capabilities.cartersian_path_service_capability]: Attempting to follow 1 waypoints for link 'right_fr3_side_suction_tcp' using a step of 0.002000 m and jump threshold 0.000000 (in global reference frame)
[move_group-3] [INFO] [1791531523.083464723] [moveit_move_group_default_capabilities.cartersian_path_service_capability]: Computed Cartesian path with 136 points (followed 100.000000% of requested trajectory)
[move_group-3] [INFO] [1791531534.274030337] [moveit_move_group_default_capabilities.cartersian_path_service_capability]: Received request to compute Cartesian path
[move_group-3] [INFO] [1791531534.274100033] [moveit_move_group_default_capabilities.cartersian_path_service_capability]: Attempting to follow 1 waypoints for link 'left_fr3_side_suction_tcp' using a step of 0.002000 m and jump threshold 0.000000 (in global reference frame)
[move_group-3] [INFO] [1791531534.277697894] [moveit_move_group_default_capabilities.cartersian_path_service_capability]: Computed Cartesian path with 32 points (followed 100.000000% of requested trajectory)
[move_group-3] [INFO] [1791531534.307089317] [moveit_move_group_default_capabilities.cartersian_path_service_capability]: Received request to compute Cartesian path
[move_group-3] [INFO] [1791531534.307178357] [moveit_move_group_default_capabilities.cartersian_path_service_capability]: Attempting to follow 1 waypoints for link 'right_fr3_side_suction_tcp' using a step of 0.002000 m and jump threshold 0.000000 (in global reference frame)
[move_group-3] [INFO] [1791531534.310878479] [moveit_move_group_default_capabilities.cartersian_path_service_capability]: Computed Cartesian path with 32 points (followed 100.000000% of requested trajectory)
[move_group-3] [INFO] [1791531539.240937690] [moveit_move_group_default_capabilities.cartersian_path_service_capability]: Received request to compute Cartesian path
[move_group-3] [INFO] [1791531539.241013669] [moveit_move_group_default_capabilities.cartersian_path_service_capability]: Attempting to follow 1 waypoints for link 'left_fr3_side_suction_tcp' using a step of 0.002000 m and jump threshold 0.000000 (in global reference frame)
[move_group-3] [INFO] [1791531539.260636639] [moveit_move_group_default_capabilities.cartersian_path_service_capability]: Computed Cartesian path with 131 points (followed 100.000000% of requested trajectory)
[move_group-3] [INFO] [1791531539.265918444] [moveit_move_group_default_capabilities.cartersian_path_service_capability]: Received request to compute Cartesian path
[move_group-3] [INFO] [1791531539.265983960] [moveit_move_group_default_capabilities.cartersian_path_service_capability]: Attempting to follow 1 waypoints for link 'right_fr3_side_suction_tcp' using a step of 0.002000 m and jump threshold 0.000000 (in global reference frame)
[move_group-3] [INFO] [1791531539.283039130] [moveit_move_group_default_capabilities.cartersian_path_service_capability]: Computed Cartesian path with 131 points (followed 100.000000% of requested trajectory)
[move_group-3] [INFO] [1791531550.094798031] [moveit_move_group_default_capabilities.cartersian_path_service_capability]: Received request to compute Cartesian path
[move_group-3] [INFO] [1791531550.094906425] [moveit_move_group_default_capabilities.cartersian_path_service_capability]: Attempting to follow 1 waypoints for link 'left_fr3_side_suction_tcp' using a step of 0.002000 m and jump threshold 0.000000 (in global reference frame)
[move_group-3] [INFO] [1791531550.096239639] [moveit_move_group_default_capabilities.cartersian_path_service_capability]: Computed Cartesian path with 12 points (followed 100.000000% of requested trajectory)
[move_group-3] [INFO] [1791531550.119372023] [moveit_move_group_default_capabilities.cartersian_path_service_capability]: Received request to compute Cartesian path
[move_group-3] [INFO] [1791531550.119467237] [moveit_move_group_default_capabilities.cartersian_path_service_capability]: Attempting to follow 1 waypoints for link 'right_fr3_side_suction_tcp' using a step of 0.002000 m and jump threshold 0.000000 (in global reference frame)
[move_group-3] [INFO] [1791531550.121055421] [moveit_move_group_default_capabilities.cartersian_path_service_capability]: Computed Cartesian path with 11 points (followed 100.000000% of requested trajectory)
[move_group-3] [INFO] [1791531553.742209433] [moveit_move_group_default_capabilities.cartersian_path_service_capability]: Received request to compute Cartesian path
[move_group-3] [INFO] [1791531553.742315881] [moveit_move_group_default_capabilities.cartersian_path_service_capability]: Attempting to follow 1 waypoints for link 'left_fr3_side_suction_tcp' using a step of 0.002000 m and jump threshold 0.000000 (in global reference frame)
[move_group-3] [INFO] [1791531553.744088656] [moveit_move_group_default_capabilities.cartersian_path_service_capability]: Computed Cartesian path with 16 points (followed 100.000000% of requested trajectory)
[move_group-3] [INFO] [1791531553.774803387] [moveit_move_group_default_capabilities.cartersian_path_service_capability]: Received request to compute Cartesian path
[move_group-3] [INFO] [1791531553.774894631] [moveit_move_group_default_capabilities.cartersian_path_service_capability]: Attempting to follow 1 waypoints for link 'right_fr3_side_suction_tcp' using a step of 0.002000 m and jump threshold 0.000000 (in global reference frame)
[move_group-3] [INFO] [1791531553.776621308] [moveit_move_group_default_capabilities.cartersian_path_service_capability]: Computed Cartesian path with 16 points (followed 100.000000% of requested trajectory)
[move_group-3] [INFO] [1791531557.794469520] [moveit_move_group_default_capabilities.cartersian_path_service_capability]: Received request to compute Cartesian path
[move_group-3] [INFO] [1791531557.794549791] [moveit_move_group_default_capabilities.cartersian_path_service_capability]: Attempting to follow 1 waypoints for link 'left_fr3_side_suction_tcp' using a step of 0.002000 m and jump threshold 0.000000 (in global reference frame)
[move_group-3] [INFO] [1791531557.849826733] [moveit_move_group_default_capabilities.cartersian_path_service_capability]: Computed Cartesian path with 224 points (followed 100.000000% of requested trajectory)
[move_group-3] [INFO] [1791531557.877710989] [moveit_move_group_default_capabilities.cartersian_path_service_capability]: Received request to compute Cartesian path
[move_group-3] [INFO] [1791531557.877765195] [moveit_move_group_default_capabilities.cartersian_path_service_capability]: Attempting to follow 1 waypoints for link 'right_fr3_side_suction_tcp' using a step of 0.002000 m and jump threshold 0.000000 (in global reference frame)
[move_group-3] [INFO] [1791531557.903776040] [moveit_move_group_default_capabilities.cartersian_path_service_capability]: Computed Cartesian path with 152 points (followed 100.000000% of requested trajectory)
[move_group-3] [INFO] [1791531577.863357790] [moveit_move_group_default_capabilities.cartersian_path_service_capability]: Received request to compute Cartesian path
[move_group-3] [INFO] [1791531577.863448574] [moveit_move_group_default_capabilities.cartersian_path_service_capability]: Attempting to follow 1 waypoints for link 'left_fr3_side_suction_tcp' using a step of 0.002000 m and jump threshold 0.000000 (in global reference frame)
[move_group-3] [INFO] [1791531577.863556075] [moveit_move_group_default_capabilities.cartersian_path_service_capability]: Computed Cartesian path with 2 points (followed 100.000000% of requested trajectory)
[move_group-3] [INFO] [1791531577.884630648] [moveit_move_group_default_capabilities.cartersian_path_service_capability]: Received request to compute Cartesian path
[move_group-3] [INFO] [1791531577.884704788] [moveit_move_group_default_capabilities.cartersian_path_service_capability]: Attempting to follow 1 waypoints for link 'right_fr3_side_suction_tcp' using a step of 0.002000 m and jump threshold 0.000000 (in global reference frame)
[move_group-3] [INFO] [1791531577.897514720] [moveit_move_group_default_capabilities.cartersian_path_service_capability]: Computed Cartesian path with 106 points (followed 100.000000% of requested trajectory)
[move_group-3] [INFO] [1791531588.828514715] [moveit_move_group_default_capabilities.move_action_capability]: Received request
[move_group-3] [INFO] [1791531588.828717741] [moveit_move_group_default_capabilities.move_action_capability]: executing..
[move_group-3] [INFO] [1791531588.842892533] [moveit_move_group_default_capabilities.move_action_capability]: Planning request received for MoveGroup action. Forwarding to planning pipeline.
[move_group-3] [INFO] [1791531588.843359471] [moveit.ompl_planning.model_based_planning_context]: Planner configuration 'right_arm[RRTConnectkConfigDefault]' will use planner 'geometric::RRTConnect'. Additional configuration parameters will be set when the planner is constructed.
[move_group-3] [ERROR] [1791531588.914835161] [moveit.ros_planning.planning_pipeline]: Computed path is not valid. Invalid states at index locations: [ 58 ] out of 67. Explanations follow in command line. Contacts are published on /display_contacts
[move_group-3] [INFO] [1791531588.914872522] [moveit_collision_detection_fcl.collision_common]: Found a contact between 'task26_cube_1' (type 'Object') and 'right_fr3_side_suction' (type 'Robot link'), which constitutes a collision. Contact information is not stored.
[move_group-3] [INFO] [1791531588.914878568] [moveit_collision_detection_fcl.collision_common]: Collision checking is considered complete (collision was found and 0 contacts are stored)
[move_group-3] [ERROR] [1791531588.914991601] [moveit.ros_planning.planning_pipeline]: Completed listing of explanations for invalid states.
[move_group-3] [INFO] [1791531588.915103074] [moveit_move_group_default_capabilities.move_action_capability]: Motion plan was found but it seems to be invalid (possibly due to postprocessing). Not executing.
[move_group-3] [INFO] [1791531588.915934566] [moveit_move_group_default_capabilities.move_action_capability]: Received request
[move_group-3] [INFO] [1791531588.916072277] [moveit_move_group_default_capabilities.move_action_capability]: executing..
[move_group-3] [INFO] [1791531588.917294930] [moveit_move_group_default_capabilities.move_action_capability]: Planning request received for MoveGroup action. Forwarding to planning pipeline.
[move_group-3] [INFO] [1791531588.917819935] [moveit.ompl_planning.model_based_planning_context]: Planner configuration 'right_arm[RRTConnectkConfigDefault]' will use planner 'geometric::RRTConnect'. Additional configuration parameters will be set when the planner is constructed.
[move_group-3] [ERROR] [1791531588.976782268] [moveit.ros_planning.planning_pipeline]: Computed path is not valid. Invalid states at index locations: [ 66 ] out of 79. Explanations follow in command line. Contacts are published on /display_contacts
[move_group-3] [INFO] [1791531588.976832076] [moveit_collision_detection_fcl.collision_common]: Found a contact between 'task26_cube_1' (type 'Object') and 'right_fr3_side_suction' (type 'Robot link'), which constitutes a collision. Contact information is not stored.
[move_group-3] [INFO] [1791531588.976838770] [moveit_collision_detection_fcl.collision_common]: Collision checking is considered complete (collision was found and 0 contacts are stored)
[move_group-3] [ERROR] [1791531588.976985152] [moveit.ros_planning.planning_pipeline]: Completed listing of explanations for invalid states.
[move_group-3] [INFO] [1791531588.977124102] [moveit_move_group_default_capabilities.move_action_capability]: Motion plan was found but it seems to be invalid (possibly due to postprocessing). Not executing.
[move_group-3] [INFO] [1791531588.978475770] [moveit_move_group_default_capabilities.move_action_capability]: Received request
[move_group-3] [INFO] [1791531588.978618105] [moveit_move_group_default_capabilities.move_action_capability]: executing..
[move_group-3] [INFO] [1791531588.979655779] [moveit_move_group_default_capabilities.move_action_capability]: Planning request received for MoveGroup action. Forwarding to planning pipeline.
[move_group-3] [INFO] [1791531588.980230249] [moveit.ompl_planning.model_based_planning_context]: Planner configuration 'right_arm[RRTConnectkConfigDefault]' will use planner 'geometric::RRTConnect'. Additional configuration parameters will be set when the planner is constructed.
[move_group-3] [ERROR] [1791531589.047483684] [moveit.ros_planning.planning_pipeline]: Computed path is not valid. Invalid states at index locations: [ 66 ] out of 72. Explanations follow in command line. Contacts are published on /display_contacts
[move_group-3] [INFO] [1791531589.047527408] [moveit_collision_detection_fcl.collision_common]: Found a contact between 'task26_cube_1' (type 'Object') and 'right_fr3_side_suction' (type 'Robot link'), which constitutes a collision. Contact information is not stored.
[move_group-3] [INFO] [1791531589.047534561] [moveit_collision_detection_fcl.collision_common]: Collision checking is considered complete (collision was found and 0 contacts are stored)
[move_group-3] [ERROR] [1791531589.047655010] [moveit.ros_planning.planning_pipeline]: Completed listing of explanations for invalid states.
[move_group-3] [INFO] [1791531589.047770460] [moveit_move_group_default_capabilities.move_action_capability]: Motion plan was found but it seems to be invalid (possibly due to postprocessing). Not executing.
[move_group-3] [INFO] [1791531589.049042981] [moveit_move_group_default_capabilities.move_action_capability]: Received request
[move_group-3] [INFO] [1791531589.049150565] [moveit_move_group_default_capabilities.move_action_capability]: executing..
[move_group-3] [INFO] [1791531589.067006308] [moveit_move_group_default_capabilities.move_action_capability]: Planning request received for MoveGroup action. Forwarding to planning pipeline.
[move_group-3] [INFO] [1791531589.067607130] [moveit.ompl_planning.model_based_planning_context]: Planner configuration 'right_arm[RRTConnectkConfigDefault]' will use planner 'geometric::RRTConnect'. Additional configuration parameters will be set when the planner is constructed.
[move_group-3] [INFO] [1791531589.116091263] [moveit_move_group_default_capabilities.move_action_capability]: Motion plan was computed successfully.
[move_group-3] [INFO] [1791531589.117607351] [moveit_move_group_default_capabilities.move_action_capability]: Received request
[move_group-3] [INFO] [1791531589.117775259] [moveit_move_group_default_capabilities.move_action_capability]: executing..
[move_group-3] [INFO] [1791531589.130519821] [moveit_move_group_default_capabilities.move_action_capability]: Planning request received for MoveGroup action. Forwarding to planning pipeline.
[move_group-3] [INFO] [1791531589.130972612] [moveit.ompl_planning.model_based_planning_context]: Planner configuration 'right_arm[RRTConnectkConfigDefault]' will use planner 'geometric::RRTConnect'. Additional configuration parameters will be set when the planner is constructed.
[move_group-3] [INFO] [1791531589.185846465] [moveit_move_group_default_capabilities.move_action_capability]: Motion plan was computed successfully.
[move_group-3] [INFO] [1791531589.187336342] [moveit_move_group_default_capabilities.move_action_capability]: Received request
[move_group-3] [INFO] [1791531589.187438933] [moveit_move_group_default_capabilities.move_action_capability]: executing..
[move_group-3] [INFO] [1791531589.193039390] [moveit_move_group_default_capabilities.move_action_capability]: Planning request received for MoveGroup action. Forwarding to planning pipeline.
[move_group-3] [INFO] [1791531589.193515566] [moveit.ompl_planning.model_based_planning_context]: Planner configuration 'right_arm[RRTConnectkConfigDefault]' will use planner 'geometric::RRTConnect'. Additional configuration parameters will be set when the planner is constructed.
[move_group-3] [ERROR] [1791531589.241882334] [moveit.ros_planning.planning_pipeline]: Computed path is not valid. Invalid states at index locations: [ 74 75 ] out of 86. Explanations follow in command line. Contacts are published on /display_contacts
[move_group-3] [INFO] [1791531589.241939135] [moveit_collision_detection_fcl.collision_common]: Found a contact between 'task26_cube_2' (type 'Object') and 'right_fr3_side_suction' (type 'Robot link'), which constitutes a collision. Contact information is not stored.
[move_group-3] [INFO] [1791531589.241945942] [moveit_collision_detection_fcl.collision_common]: Collision checking is considered complete (collision was found and 0 contacts are stored)
[move_group-3] [INFO] [1791531589.242120726] [moveit_collision_detection_fcl.collision_common]: Found a contact between 'task26_cube_2' (type 'Object') and 'right_fr3_side_suction' (type 'Robot link'), which constitutes a collision. Contact information is not stored.
[move_group-3] [INFO] [1791531589.242126241] [moveit_collision_detection_fcl.collision_common]: Collision checking is considered complete (collision was found and 0 contacts are stored)
[move_group-3] [ERROR] [1791531589.242195767] [moveit.ros_planning.planning_pipeline]: Completed listing of explanations for invalid states.
[move_group-3] [INFO] [1791531589.242356089] [moveit_move_group_default_capabilities.move_action_capability]: Motion plan was found but it seems to be invalid (possibly due to postprocessing). Not executing.
[move_group-3] [INFO] [1791531589.244059895] [moveit_move_group_default_capabilities.move_action_capability]: Received request
[move_group-3] [INFO] [1791531589.244235764] [moveit_move_group_default_capabilities.move_action_capability]: executing..
[move_group-3] [INFO] [1791531589.267300713] [moveit_move_group_default_capabilities.move_action_capability]: Planning request received for MoveGroup action. Forwarding to planning pipeline.
[move_group-3] [INFO] [1791531589.267765925] [moveit.ompl_planning.model_based_planning_context]: Planner configuration 'right_arm[RRTConnectkConfigDefault]' will use planner 'geometric::RRTConnect'. Additional configuration parameters will be set when the planner is constructed.
[move_group-3] [INFO] [1791531589.315264851] [moveit_move_group_default_capabilities.move_action_capability]: Motion plan was computed successfully.
[move_group-3] [INFO] [1791531589.316821058] [moveit_move_group_default_capabilities.move_action_capability]: Received request
[move_group-3] [INFO] [1791531589.316976936] [moveit_move_group_default_capabilities.move_action_capability]: executing..
[move_group-3] [INFO] [1791531589.317586639] [moveit_move_group_default_capabilities.move_action_capability]: Planning request received for MoveGroup action. Forwarding to planning pipeline.
[move_group-3] [INFO] [1791531589.318018463] [moveit.ompl_planning.model_based_planning_context]: Planner configuration 'right_arm[RRTConnectkConfigDefault]' will use planner 'geometric::RRTConnect'. Additional configuration parameters will be set when the planner is constructed.
[move_group-3] [INFO] [1791531589.383931270] [moveit_move_group_default_capabilities.move_action_capability]: Motion plan was computed successfully.
[move_group-3] [INFO] [1791531589.397613423] [moveit_move_group_default_capabilities.move_action_capability]: Received request
[move_group-3] [INFO] [1791531589.397776153] [moveit_move_group_default_capabilities.move_action_capability]: executing..
[move_group-3] [INFO] [1791531589.420450500] [moveit_move_group_default_capabilities.move_action_capability]: Planning request received for MoveGroup action. Forwarding to planning pipeline.
[move_group-3] [INFO] [1791531589.420907079] [moveit.ompl_planning.model_based_planning_context]: Planner configuration 'right_arm[RRTConnectkConfigDefault]' will use planner 'geometric::RRTConnect'. Additional configuration parameters will be set when the planner is constructed.
[move_group-3] [INFO] [1791531589.472034145] [moveit_move_group_default_capabilities.move_action_capability]: Motion plan was computed successfully.
[move_group-3] [INFO] [1791531589.473948128] [moveit_move_group_default_capabilities.move_action_capability]: Received request
[move_group-3] [INFO] [1791531589.474170047] [moveit_move_group_default_capabilities.move_action_capability]: executing..
[move_group-3] [INFO] [1791531589.485709236] [moveit_move_group_default_capabilities.move_action_capability]: Planning request received for MoveGroup action. Forwarding to planning pipeline.
[move_group-3] [INFO] [1791531589.486321334] [moveit.ompl_planning.model_based_planning_context]: Planner configuration 'right_arm[RRTConnectkConfigDefault]' will use planner 'geometric::RRTConnect'. Additional configuration parameters will be set when the planner is constructed.
[move_group-3] [INFO] [1791531589.547826846] [moveit_move_group_default_capabilities.move_action_capability]: Motion plan was computed successfully.
[move_group-3] [INFO] [1791531589.548654137] [moveit_move_group_default_capabilities.move_action_capability]: Received request
[move_group-3] [INFO] [1791531589.548793636] [moveit_move_group_default_capabilities.move_action_capability]: executing..
[move_group-3] [INFO] [1791531589.551862986] [moveit_move_group_default_capabilities.move_action_capability]: Planning request received for MoveGroup action. Forwarding to planning pipeline.
[move_group-3] [INFO] [1791531589.552522137] [moveit.ompl_planning.model_based_planning_context]: Planner configuration 'right_arm[RRTConnectkConfigDefault]' will use planner 'geometric::RRTConnect'. Additional configuration parameters will be set when the planner is constructed.
[move_group-3] [ERROR] [1791531589.599088475] [moveit.ros_planning.planning_pipeline]: Computed path is not valid. Invalid states at index locations: [ 77 78 ] out of 89. Explanations follow in command line. Contacts are published on /display_contacts
[move_group-3] [INFO] [1791531589.599146352] [moveit_collision_detection_fcl.collision_common]: Found a contact between 'task26_cube_2' (type 'Object') and 'right_fr3_side_suction' (type 'Robot link'), which constitutes a collision. Contact information is not stored.
[move_group-3] [INFO] [1791531589.599153600] [moveit_collision_detection_fcl.collision_common]: Collision checking is considered complete (collision was found and 0 contacts are stored)
[move_group-3] [INFO] [1791531589.599321304] [moveit_collision_detection_fcl.collision_common]: Found a contact between 'task26_cube_2' (type 'Object') and 'right_fr3_side_suction' (type 'Robot link'), which constitutes a collision. Contact information is not stored.
[move_group-3] [INFO] [1791531589.599327201] [moveit_collision_detection_fcl.collision_common]: Collision checking is considered complete (collision was found and 0 contacts are stored)
[move_group-3] [ERROR] [1791531589.599396161] [moveit.ros_planning.planning_pipeline]: Completed listing of explanations for invalid states.
[move_group-3] [INFO] [1791531589.599565860] [moveit_move_group_default_capabilities.move_action_capability]: Motion plan was found but it seems to be invalid (possibly due to postprocessing). Not executing.
[move_group-3] [INFO] [1791531589.601474397] [moveit_move_group_default_capabilities.move_action_capability]: Received request
[move_group-3] [INFO] [1791531589.601612801] [moveit_move_group_default_capabilities.move_action_capability]: executing..
[move_group-3] [INFO] [1791531589.625287111] [moveit_move_group_default_capabilities.move_action_capability]: Planning request received for MoveGroup action. Forwarding to planning pipeline.
[move_group-3] [INFO] [1791531589.625742383] [moveit.ompl_planning.model_based_planning_context]: Planner configuration 'right_arm[RRTConnectkConfigDefault]' will use planner 'geometric::RRTConnect'. Additional configuration parameters will be set when the planner is constructed.
[move_group-3] [INFO] [1791531589.665893303] [moveit_move_group_default_capabilities.move_action_capability]: Motion plan was computed successfully.
[move_group-3] [INFO] [1791531589.666878468] [moveit_move_group_default_capabilities.move_action_capability]: Received request
[move_group-3] [INFO] [1791531589.666999398] [moveit_move_group_default_capabilities.move_action_capability]: executing..
[move_group-3] [INFO] [1791531589.675576613] [moveit_move_group_default_capabilities.move_action_capability]: Planning request received for MoveGroup action. Forwarding to planning pipeline.
[move_group-3] [INFO] [1791531589.676060627] [moveit.ompl_planning.model_based_planning_context]: Planner configuration 'right_arm[RRTConnectkConfigDefault]' will use planner 'geometric::RRTConnect'. Additional configuration parameters will be set when the planner is constructed.
[move_group-3] [INFO] [1791531589.720821954] [moveit_move_group_default_capabilities.move_action_capability]: Motion plan was computed successfully.
[move_group-3] [INFO] [1791531589.721702259] [moveit_move_group_default_capabilities.move_action_capability]: Received request
[move_group-3] [INFO] [1791531589.721820830] [moveit_move_group_default_capabilities.move_action_capability]: executing..
[move_group-3] [INFO] [1791531589.725176219] [moveit_move_group_default_capabilities.move_action_capability]: Planning request received for MoveGroup action. Forwarding to planning pipeline.
[move_group-3] [INFO] [1791531589.725667198] [moveit.ompl_planning.model_based_planning_context]: Planner configuration 'right_arm[RRTConnectkConfigDefault]' will use planner 'geometric::RRTConnect'. Additional configuration parameters will be set when the planner is constructed.
[move_group-3] [INFO] [1791531589.769840686] [moveit_move_group_default_capabilities.move_action_capability]: Motion plan was computed successfully.
[move_group-3] [INFO] [1791531589.770748430] [moveit_move_group_default_capabilities.move_action_capability]: Received request
[move_group-3] [INFO] [1791531589.770869567] [moveit_move_group_default_capabilities.move_action_capability]: executing..
[move_group-3] [INFO] [1791531589.775122059] [moveit_move_group_default_capabilities.move_action_capability]: Planning request received for MoveGroup action. Forwarding to planning pipeline.
[move_group-3] [INFO] [1791531589.775590901] [moveit.ompl_planning.model_based_planning_context]: Planner configuration 'right_arm[RRTConnectkConfigDefault]' will use planner 'geometric::RRTConnect'. Additional configuration parameters will be set when the planner is constructed.
[move_group-3] [INFO] [1791531589.816837910] [moveit_move_group_default_capabilities.move_action_capability]: Motion plan was computed successfully.
[move_group-3] [INFO] [1791531589.818441290] [moveit_move_group_default_capabilities.move_action_capability]: Received request
[move_group-3] [INFO] [1791531589.818580255] [moveit_move_group_default_capabilities.move_action_capability]: executing..
[move_group-3] [INFO] [1791531589.825139019] [moveit_move_group_default_capabilities.move_action_capability]: Planning request received for MoveGroup action. Forwarding to planning pipeline.
[move_group-3] [INFO] [1791531589.825654723] [moveit.ompl_planning.model_based_planning_context]: Planner configuration 'right_arm[RRTConnectkConfigDefault]' will use planner 'geometric::RRTConnect'. Additional configuration parameters will be set when the planner is constructed.
[move_group-3] [INFO] [1791531589.888636306] [moveit_move_group_default_capabilities.move_action_capability]: Motion plan was computed successfully.
[move_group-3] [INFO] [1791531589.901011028] [moveit_move_group_default_capabilities.move_action_capability]: Received request
[move_group-3] [INFO] [1791531589.901194186] [moveit_move_group_default_capabilities.move_action_capability]: executing..
[move_group-3] [INFO] [1791531589.925194605] [moveit_move_group_default_capabilities.move_action_capability]: Planning request received for MoveGroup action. Forwarding to planning pipeline.
[move_group-3] [INFO] [1791531589.925679382] [moveit.ompl_planning.model_based_planning_context]: Planner configuration 'right_arm[RRTConnectkConfigDefault]' will use planner 'geometric::RRTConnect'. Additional configuration parameters will be set when the planner is constructed.
[move_group-3] [INFO] [1791531589.970643117] [moveit_move_group_default_capabilities.move_action_capability]: Motion plan was computed successfully.
[move_group-3] [INFO] [1791531589.971765033] [moveit_move_group_default_capabilities.move_action_capability]: Received request
[move_group-3] [INFO] [1791531589.971889954] [moveit_move_group_default_capabilities.move_action_capability]: executing..
[move_group-3] [INFO] [1791531589.975256884] [moveit_move_group_default_capabilities.move_action_capability]: Planning request received for MoveGroup action. Forwarding to planning pipeline.
[move_group-3] [INFO] [1791531589.975733163] [moveit.ompl_planning.model_based_planning_context]: Planner configuration 'right_arm[RRTConnectkConfigDefault]' will use planner 'geometric::RRTConnect'. Additional configuration parameters will be set when the planner is constructed.
[move_group-3] [INFO] [1791531590.013435587] [moveit_move_group_default_capabilities.move_action_capability]: Motion plan was computed successfully.
[move_group-3] [INFO] [1791531590.014136444] [moveit_move_group_default_capabilities.move_action_capability]: Received request
[move_group-3] [INFO] [1791531590.014235163] [moveit_move_group_default_capabilities.move_action_capability]: executing..
[move_group-3] [INFO] [1791531590.025452671] [moveit_move_group_default_capabilities.move_action_capability]: Planning request received for MoveGroup action. Forwarding to planning pipeline.
[move_group-3] [INFO] [1791531590.026055490] [moveit.ompl_planning.model_based_planning_context]: Planner configuration 'right_arm[RRTConnectkConfigDefault]' will use planner 'geometric::RRTConnect'. Additional configuration parameters will be set when the planner is constructed.
[move_group-3] [INFO] [1791531590.100310011] [moveit_move_group_default_capabilities.move_action_capability]: Motion plan was computed successfully.
[move_group-3] [INFO] [1791531590.101541447] [moveit_move_group_default_capabilities.move_action_capability]: Received request
[move_group-3] [INFO] [1791531590.101677957] [moveit_move_group_default_capabilities.move_action_capability]: executing..
[move_group-3] [INFO] [1791531590.125030624] [moveit_move_group_default_capabilities.move_action_capability]: Planning request received for MoveGroup action. Forwarding to planning pipeline.
[move_group-3] [INFO] [1791531590.125505532] [moveit.ompl_planning.model_based_planning_context]: Planner configuration 'right_arm[RRTConnectkConfigDefault]' will use planner 'geometric::RRTConnect'. Additional configuration parameters will be set when the planner is constructed.
[move_group-3] [INFO] [1791531590.171085453] [moveit_move_group_default_capabilities.move_action_capability]: Motion plan was computed successfully.
[move_group-3] [INFO] [1791531590.172160952] [moveit_move_group_default_capabilities.move_action_capability]: Received request
[move_group-3] [INFO] [1791531590.172311411] [moveit_move_group_default_capabilities.move_action_capability]: executing..
[move_group-3] [INFO] [1791531590.175645342] [moveit_move_group_default_capabilities.move_action_capability]: Planning request received for MoveGroup action. Forwarding to planning pipeline.
[move_group-3] [INFO] [1791531590.176103514] [moveit.ompl_planning.model_based_planning_context]: Planner configuration 'right_arm[RRTConnectkConfigDefault]' will use planner 'geometric::RRTConnect'. Additional configuration parameters will be set when the planner is constructed.
[move_group-3] [INFO] [1791531590.215213660] [moveit_move_group_default_capabilities.move_action_capability]: Motion plan was computed successfully.
[move_group-3] [INFO] [1791531590.216578849] [moveit_move_group_default_capabilities.move_action_capability]: Received request
[move_group-3] [INFO] [1791531590.216752963] [moveit_move_group_default_capabilities.move_action_capability]: executing..
[move_group-3] [INFO] [1791531590.225529104] [moveit_move_group_default_capabilities.move_action_capability]: Planning request received for MoveGroup action. Forwarding to planning pipeline.
[move_group-3] [INFO] [1791531590.226041214] [moveit.ompl_planning.model_based_planning_context]: Planner configuration 'right_arm[RRTConnectkConfigDefault]' will use planner 'geometric::RRTConnect'. Additional configuration parameters will be set when the planner is constructed.
[move_group-3] [INFO] [1791531590.276553014] [moveit_move_group_default_capabilities.move_action_capability]: Motion plan was computed successfully.
[move_group-3] [INFO] [1791531590.277666371] [moveit_move_group_default_capabilities.move_action_capability]: Received request
[move_group-3] [INFO] [1791531590.277801438] [moveit_move_group_default_capabilities.move_action_capability]: executing..
[move_group-3] [INFO] [1791531590.287147677] [moveit_move_group_default_capabilities.move_action_capability]: Planning request received for MoveGroup action. Forwarding to planning pipeline.
[move_group-3] [INFO] [1791531590.287637383] [moveit.ompl_planning.model_based_planning_context]: Planner configuration 'right_arm[RRTConnectkConfigDefault]' will use planner 'geometric::RRTConnect'. Additional configuration parameters will be set when the planner is constructed.
[move_group-3] [INFO] [1791531590.338538968] [moveit_move_group_default_capabilities.move_action_capability]: Motion plan was computed successfully.
[move_group-3] [INFO] [1791531590.340018799] [moveit_move_group_default_capabilities.move_action_capability]: Received request
[move_group-3] [INFO] [1791531590.340147432] [moveit_move_group_default_capabilities.move_action_capability]: executing..
[move_group-3] [INFO] [1791531590.351055703] [moveit_move_group_default_capabilities.move_action_capability]: Planning request received for MoveGroup action. Forwarding to planning pipeline.
[move_group-3] [INFO] [1791531590.351554604] [moveit.ompl_planning.model_based_planning_context]: Planner configuration 'right_arm[RRTConnectkConfigDefault]' will use planner 'geometric::RRTConnect'. Additional configuration parameters will be set when the planner is constructed.
[move_group-3] [INFO] [1791531590.408040420] [moveit_move_group_default_capabilities.move_action_capability]: Motion plan was computed successfully.
[move_group-3] [INFO] [1791531590.437352003] [moveit_move_group_default_capabilities.cartersian_path_service_capability]: Received request to compute Cartesian path
[move_group-3] [INFO] [1791531590.437426081] [moveit_move_group_default_capabilities.cartersian_path_service_capability]: Attempting to follow 1 waypoints for link 'left_fr3_side_suction_tcp' using a step of 0.002000 m and jump threshold 0.000000 (in global reference frame)
[move_group-3] [INFO] [1791531590.437494023] [moveit_move_group_default_capabilities.cartersian_path_service_capability]: Computed Cartesian path with 2 points (followed 100.000000% of requested trajectory)
[move_group-3] [INFO] [1791531590.451094734] [moveit_move_group_default_capabilities.cartersian_path_service_capability]: Received request to compute Cartesian path
[move_group-3] [INFO] [1791531590.451182634] [moveit_move_group_default_capabilities.cartersian_path_service_capability]: Attempting to follow 1 waypoints for link 'right_fr3_side_suction_tcp' using a step of 0.002000 m and jump threshold 0.000000 (in global reference frame)
[move_group-3] [INFO] [1791531590.474936215] [moveit_move_group_default_capabilities.cartersian_path_service_capability]: Computed Cartesian path with 166 points (followed 100.000000% of requested trajectory)
[move_group-3] [INFO] [1791531590.501123594] [moveit_move_group_default_capabilities.cartersian_path_service_capability]: Received request to compute Cartesian path
[move_group-3] [INFO] [1791531590.501207879] [moveit_move_group_default_capabilities.cartersian_path_service_capability]: Attempting to follow 1 waypoints for link 'left_fr3_side_suction_tcp' using a step of 0.002000 m and jump threshold 0.000000 (in global reference frame)
[move_group-3] [INFO] [1791531590.501270299] [moveit_move_group_default_capabilities.cartersian_path_service_capability]: Computed Cartesian path with 2 points (followed 100.000000% of requested trajectory)
[move_group-3] [INFO] [1791531590.525278903] [moveit_move_group_default_capabilities.cartersian_path_service_capability]: Received request to compute Cartesian path
[move_group-3] [INFO] [1791531590.525360108] [moveit_move_group_default_capabilities.cartersian_path_service_capability]: Attempting to follow 1 waypoints for link 'right_fr3_side_suction_tcp' using a step of 0.002000 m and jump threshold 0.000000 (in global reference frame)
[move_group-3] [INFO] [1791531590.555735718] [moveit_move_group_default_capabilities.cartersian_path_service_capability]: Computed Cartesian path with 166 points (followed 100.000000% of requested trajectory)
[move_group-3] [INFO] [1791531590.825430058] [moveit_move_group_default_capabilities.move_action_capability]: Received request
[move_group-3] [INFO] [1791531590.825619551] [moveit_move_group_default_capabilities.move_action_capability]: executing..
[move_group-3] [INFO] [1791531590.837536111] [moveit_move_group_default_capabilities.move_action_capability]: Planning request received for MoveGroup action. Forwarding to planning pipeline.
[move_group-3] [INFO] [1791531590.838101374] [moveit.ompl_planning.model_based_planning_context]: Planner configuration 'left_arm[RRTConnectkConfigDefault]' will use planner 'geometric::RRTConnect'. Additional configuration parameters will be set when the planner is constructed.
[move_group-3] [INFO] [1791531590.898372441] [moveit_move_group_default_capabilities.move_action_capability]: Motion plan was computed successfully.
[move_group-3] [INFO] [1791531590.899409877] [moveit_move_group_default_capabilities.move_action_capability]: Received request
[move_group-3] [INFO] [1791531590.899562171] [moveit_move_group_default_capabilities.move_action_capability]: executing..
[move_group-3] [INFO] [1791531590.901279929] [moveit_move_group_default_capabilities.move_action_capability]: Planning request received for MoveGroup action. Forwarding to planning pipeline.
[move_group-3] [INFO] [1791531590.901746404] [moveit.ompl_planning.model_based_planning_context]: Planner configuration 'left_arm[RRTConnectkConfigDefault]' will use planner 'geometric::RRTConnect'. Additional configuration parameters will be set when the planner is constructed.
[move_group-3] [INFO] [1791531590.932688505] [moveit_move_group_default_capabilities.move_action_capability]: Motion plan was computed successfully.
[move_group-3] [INFO] [1791531590.933402840] [moveit_move_group_default_capabilities.move_action_capability]: Received request
[move_group-3] [INFO] [1791531590.933511175] [moveit_move_group_default_capabilities.move_action_capability]: executing..
[move_group-3] [INFO] [1791531590.937059260] [moveit_move_group_default_capabilities.move_action_capability]: Planning request received for MoveGroup action. Forwarding to planning pipeline.
[move_group-3] [INFO] [1791531590.937510349] [moveit.ompl_planning.model_based_planning_context]: Planner configuration 'left_arm[RRTConnectkConfigDefault]' will use planner 'geometric::RRTConnect'. Additional configuration parameters will be set when the planner is constructed.
[move_group-3] [INFO] [1791531590.975696918] [moveit_move_group_default_capabilities.move_action_capability]: Motion plan was computed successfully.
[move_group-3] [INFO] [1791531590.976622728] [moveit_move_group_default_capabilities.move_action_capability]: Received request
[move_group-3] [INFO] [1791531590.976740159] [moveit_move_group_default_capabilities.move_action_capability]: executing..
[move_group-3] [INFO] [1791531590.987489391] [moveit_move_group_default_capabilities.move_action_capability]: Planning request received for MoveGroup action. Forwarding to planning pipeline.
[move_group-3] [INFO] [1791531590.987992212] [moveit.ompl_planning.model_based_planning_context]: Planner configuration 'left_arm[RRTConnectkConfigDefault]' will use planner 'geometric::RRTConnect'. Additional configuration parameters will be set when the planner is constructed.
[move_group-3] [INFO] [1791531591.022450768] [moveit_move_group_default_capabilities.move_action_capability]: Motion plan was computed successfully.
[move_group-3] [INFO] [1791531591.024171832] [moveit_move_group_default_capabilities.move_action_capability]: Received request
[move_group-3] [INFO] [1791531591.024369964] [moveit_move_group_default_capabilities.move_action_capability]: executing..
[move_group-3] [INFO] [1791531591.026053269] [moveit_move_group_default_capabilities.move_action_capability]: Planning request received for MoveGroup action. Forwarding to planning pipeline.
[move_group-3] [INFO] [1791531591.026553214] [moveit.ompl_planning.model_based_planning_context]: Planner configuration 'left_arm[RRTConnectkConfigDefault]' will use planner 'geometric::RRTConnect'. Additional configuration parameters will be set when the planner is constructed.
[move_group-3] [INFO] [1791531591.061705320] [moveit_move_group_default_capabilities.move_action_capability]: Motion plan was computed successfully.
[move_group-3] [INFO] [1791531591.063303743] [moveit_move_group_default_capabilities.move_action_capability]: Received request
[move_group-3] [INFO] [1791531591.063461581] [moveit_move_group_default_capabilities.move_action_capability]: executing..
[move_group-3] [INFO] [1791531591.075627052] [moveit_move_group_default_capabilities.move_action_capability]: Planning request received for MoveGroup action. Forwarding to planning pipeline.
[move_group-3] [INFO] [1791531591.076075838] [moveit.ompl_planning.model_based_planning_context]: Planner configuration 'left_arm[RRTConnectkConfigDefault]' will use planner 'geometric::RRTConnect'. Additional configuration parameters will be set when the planner is constructed.
[move_group-3] [INFO] [1791531591.111879477] [moveit_move_group_default_capabilities.move_action_capability]: Motion plan was computed successfully.
[move_group-3] [INFO] [1791531591.112739379] [moveit_move_group_default_capabilities.move_action_capability]: Received request
[move_group-3] [INFO] [1791531591.112857416] [moveit_move_group_default_capabilities.move_action_capability]: executing..
[move_group-3] [INFO] [1791531591.125700432] [moveit_move_group_default_capabilities.move_action_capability]: Planning request received for MoveGroup action. Forwarding to planning pipeline.
[move_group-3] [INFO] [1791531591.126143333] [moveit.ompl_planning.model_based_planning_context]: Planner configuration 'left_arm[RRTConnectkConfigDefault]' will use planner 'geometric::RRTConnect'. Additional configuration parameters will be set when the planner is constructed.
[move_group-3] [INFO] [1791531591.160544690] [moveit_move_group_default_capabilities.move_action_capability]: Motion plan was computed successfully.
[move_group-3] [INFO] [1791531591.161333319] [moveit_move_group_default_capabilities.move_action_capability]: Received request
[move_group-3] [INFO] [1791531591.161472375] [moveit_move_group_default_capabilities.move_action_capability]: executing..
[move_group-3] [INFO] [1791531591.175878429] [moveit_move_group_default_capabilities.move_action_capability]: Planning request received for MoveGroup action. Forwarding to planning pipeline.
[move_group-3] [INFO] [1791531591.176354677] [moveit.ompl_planning.model_based_planning_context]: Planner configuration 'left_arm[RRTConnectkConfigDefault]' will use planner 'geometric::RRTConnect'. Additional configuration parameters will be set when the planner is constructed.
[move_group-3] [INFO] [1791531591.206751507] [moveit_move_group_default_capabilities.move_action_capability]: Motion plan was computed successfully.
[move_group-3] [INFO] [1791531591.237604745] [moveit_move_group_default_capabilities.cartersian_path_service_capability]: Received request to compute Cartesian path
[move_group-3] [INFO] [1791531591.237676366] [moveit_move_group_default_capabilities.cartersian_path_service_capability]: Attempting to follow 1 waypoints for link 'left_fr3_side_suction_tcp' using a step of 0.002000 m and jump threshold 0.000000 (in global reference frame)
[move_group-3] [INFO] [1791531591.253282034] [moveit_move_group_default_capabilities.cartersian_path_service_capability]: Computed Cartesian path with 101 points (followed 100.000000% of requested trajectory)
[move_group-3] [INFO] [1791531591.525652019] [moveit_move_group_default_capabilities.cartersian_path_service_capability]: Received request to compute Cartesian path
[move_group-3] [INFO] [1791531591.525756286] [moveit_move_group_default_capabilities.cartersian_path_service_capability]: Attempting to follow 1 waypoints for link 'left_fr3_side_suction_tcp' using a step of 0.002000 m and jump threshold 0.000000 (in global reference frame)
[move_group-3] [INFO] [1791531591.539837511] [moveit_move_group_default_capabilities.cartersian_path_service_capability]: Computed Cartesian path with 100 points (followed 100.000000% of requested trajectory)
[move_group-3] [INFO] [1791531591.551484782] [moveit_move_group_default_capabilities.cartersian_path_service_capability]: Received request to compute Cartesian path
[move_group-3] [INFO] [1791531591.551563619] [moveit_move_group_default_capabilities.cartersian_path_service_capability]: Attempting to follow 1 waypoints for link 'right_fr3_side_suction_tcp' using a step of 0.002000 m and jump threshold 0.000000 (in global reference frame)
[move_group-3] [INFO] [1791531591.553172857] [moveit_move_group_default_capabilities.cartersian_path_service_capability]: Computed Cartesian path with 14 points (followed 100.000000% of requested trajectory)
[move_group-3] [INFO] [1791531591.575638815] [moveit_move_group_default_capabilities.cartersian_path_service_capability]: Received request to compute Cartesian path
[move_group-3] [INFO] [1791531591.575727968] [moveit_move_group_default_capabilities.cartersian_path_service_capability]: Attempting to follow 1 waypoints for link 'right_fr3_side_suction_tcp' using a step of 0.002000 m and jump threshold 0.000000 (in global reference frame)
[move_group-3] [INFO] [1791531591.577319777] [moveit_move_group_default_capabilities.cartersian_path_service_capability]: Computed Cartesian path with 14 points (followed 100.000000% of requested trajectory)
[move_group-3] [INFO] [1791531591.588176199] [moveit_move_group_default_capabilities.cartersian_path_service_capability]: Received request to compute Cartesian path
[move_group-3] [INFO] [1791531591.588259697] [moveit_move_group_default_capabilities.cartersian_path_service_capability]: Attempting to follow 1 waypoints for link 'right_fr3_side_suction_tcp' using a step of 0.002000 m and jump threshold 0.000000 (in global reference frame)
[move_group-3] [INFO] [1791531591.589796747] [moveit_move_group_default_capabilities.cartersian_path_service_capability]: Computed Cartesian path with 14 points (followed 100.000000% of requested trajectory)
[move_group-3] [INFO] [1791531591.601394851] [moveit_move_group_default_capabilities.cartersian_path_service_capability]: Received request to compute Cartesian path
[move_group-3] [INFO] [1791531591.601478225] [moveit_move_group_default_capabilities.cartersian_path_service_capability]: Attempting to follow 1 waypoints for link 'right_fr3_side_suction_tcp' using a step of 0.002000 m and jump threshold 0.000000 (in global reference frame)
[move_group-3] [INFO] [1791531591.602942964] [moveit_move_group_default_capabilities.cartersian_path_service_capability]: Computed Cartesian path with 14 points (followed 100.000000% of requested trajectory)
[move_group-3] [INFO] [1791531591.625837464] [moveit_move_group_default_capabilities.cartersian_path_service_capability]: Received request to compute Cartesian path
[move_group-3] [INFO] [1791531591.625921475] [moveit_move_group_default_capabilities.cartersian_path_service_capability]: Attempting to follow 1 waypoints for link 'right_fr3_side_suction_tcp' using a step of 0.002000 m and jump threshold 0.000000 (in global reference frame)
[move_group-3] [INFO] [1791531591.627466272] [moveit_move_group_default_capabilities.cartersian_path_service_capability]: Computed Cartesian path with 14 points (followed 100.000000% of requested trajectory)
[move_group-3] [INFO] [1791531591.638556662] [moveit_move_group_default_capabilities.cartersian_path_service_capability]: Received request to compute Cartesian path
[move_group-3] [INFO] [1791531591.638653063] [moveit_move_group_default_capabilities.cartersian_path_service_capability]: Attempting to follow 1 waypoints for link 'right_fr3_side_suction_tcp' using a step of 0.002000 m and jump threshold 0.000000 (in global reference frame)
[move_group-3] [INFO] [1791531591.640329866] [moveit_move_group_default_capabilities.cartersian_path_service_capability]: Computed Cartesian path with 14 points (followed 100.000000% of requested trajectory)
[move_group-3] [INFO] [1791531591.651423354] [moveit_move_group_default_capabilities.cartersian_path_service_capability]: Received request to compute Cartesian path
[move_group-3] [INFO] [1791531591.651517087] [moveit_move_group_default_capabilities.cartersian_path_service_capability]: Attempting to follow 1 waypoints for link 'right_fr3_side_suction_tcp' using a step of 0.002000 m and jump threshold 0.000000 (in global reference frame)
[move_group-3] [INFO] [1791531591.653186674] [moveit_move_group_default_capabilities.cartersian_path_service_capability]: Computed Cartesian path with 14 points (followed 100.000000% of requested trajectory)
[move_group-3] [INFO] [1791531591.675616273] [moveit_move_group_default_capabilities.cartersian_path_service_capability]: Received request to compute Cartesian path
[move_group-3] [INFO] [1791531591.675712737] [moveit_move_group_default_capabilities.cartersian_path_service_capability]: Attempting to follow 1 waypoints for link 'right_fr3_side_suction_tcp' using a step of 0.002000 m and jump threshold 0.000000 (in global reference frame)
[move_group-3] [INFO] [1791531591.677244954] [moveit_move_group_default_capabilities.cartersian_path_service_capability]: Computed Cartesian path with 14 points (followed 100.000000% of requested trajectory)
[move_group-3] [WARN] [1791531591.701037347] [moveit_planning_scene.planning_scene]: Tried to remove world object 'task26_cube_1', but it does not exist in this scene.
[move_group-3] [INFO] [1791531654.114221741] [moveit_move_group_default_capabilities.move_action_capability]: Received request
[move_group-3] [INFO] [1791531654.114379235] [moveit_move_group_default_capabilities.move_action_capability]: executing..
[move_group-3] [INFO] [1791531654.135739426] [moveit_move_group_default_capabilities.move_action_capability]: Planning request received for MoveGroup action. Forwarding to planning pipeline.
[move_group-3] [INFO] [1791531654.136275603] [moveit.ompl_planning.model_based_planning_context]: Planner configuration 'left_arm[RRTConnectkConfigDefault]' will use planner 'geometric::RRTConnect'. Additional configuration parameters will be set when the planner is constructed.
[move_group-3] [INFO] [1791531654.185614625] [moveit_move_group_default_capabilities.move_action_capability]: Motion plan was computed successfully.
[move_group-3] [INFO] [1791531654.186738164] [moveit_move_group_default_capabilities.move_action_capability]: Received request
[move_group-3] [INFO] [1791531654.186898080] [moveit_move_group_default_capabilities.move_action_capability]: executing..
[move_group-3] [INFO] [1791531654.205781764] [moveit_move_group_default_capabilities.move_action_capability]: Planning request received for MoveGroup action. Forwarding to planning pipeline.
[move_group-3] [INFO] [1791531654.206309220] [moveit.ompl_planning.model_based_planning_context]: Planner configuration 'left_arm[RRTConnectkConfigDefault]' will use planner 'geometric::RRTConnect'. Additional configuration parameters will be set when the planner is constructed.
[move_group-3] [INFO] [1791531654.252868124] [moveit_move_group_default_capabilities.move_action_capability]: Motion plan was computed successfully.
[move_group-3] [INFO] [1791531654.253611473] [moveit_move_group_default_capabilities.move_action_capability]: Received request
[move_group-3] [INFO] [1791531654.253729895] [moveit_move_group_default_capabilities.move_action_capability]: executing..
[move_group-3] [INFO] [1791531654.255807957] [moveit_move_group_default_capabilities.move_action_capability]: Planning request received for MoveGroup action. Forwarding to planning pipeline.
[move_group-3] [INFO] [1791531654.256253374] [moveit.ompl_planning.model_based_planning_context]: Planner configuration 'left_arm[RRTConnectkConfigDefault]' will use planner 'geometric::RRTConnect'. Additional configuration parameters will be set when the planner is constructed.
[move_group-3] [INFO] [1791531654.287370709] [moveit_move_group_default_capabilities.move_action_capability]: Motion plan was computed successfully.
[move_group-3] [INFO] [1791531654.289588576] [moveit_move_group_default_capabilities.move_action_capability]: Received request
[move_group-3] [INFO] [1791531654.289713263] [moveit_move_group_default_capabilities.move_action_capability]: executing..
[move_group-3] [INFO] [1791531654.306189604] [moveit_move_group_default_capabilities.move_action_capability]: Planning request received for MoveGroup action. Forwarding to planning pipeline.
[move_group-3] [INFO] [1791531654.306707074] [moveit.ompl_planning.model_based_planning_context]: Planner configuration 'left_arm[RRTConnectkConfigDefault]' will use planner 'geometric::RRTConnect'. Additional configuration parameters will be set when the planner is constructed.
[move_group-3] [INFO] [1791531654.354912789] [moveit_move_group_default_capabilities.move_action_capability]: Motion plan was computed successfully.
[move_group-3] [INFO] [1791531654.356121600] [moveit_move_group_default_capabilities.move_action_capability]: Received request
[move_group-3] [INFO] [1791531654.356814894] [moveit_move_group_default_capabilities.move_action_capability]: executing..
[move_group-3] [INFO] [1791531654.377568991] [moveit_move_group_default_capabilities.move_action_capability]: Planning request received for MoveGroup action. Forwarding to planning pipeline.
[move_group-3] [INFO] [1791531654.378012010] [moveit.ompl_planning.model_based_planning_context]: Planner configuration 'left_arm[RRTConnectkConfigDefault]' will use planner 'geometric::RRTConnect'. Additional configuration parameters will be set when the planner is constructed.
[move_group-3] [INFO] [1791531654.426271042] [moveit_move_group_default_capabilities.move_action_capability]: Motion plan was computed successfully.
[move_group-3] [INFO] [1791531654.428219884] [moveit_move_group_default_capabilities.move_action_capability]: Received request
[move_group-3] [INFO] [1791531654.428410721] [moveit_move_group_default_capabilities.move_action_capability]: executing..
[move_group-3] [INFO] [1791531654.448388107] [moveit_move_group_default_capabilities.move_action_capability]: Planning request received for MoveGroup action. Forwarding to planning pipeline.
[move_group-3] [INFO] [1791531654.448872562] [moveit.ompl_planning.model_based_planning_context]: Planner configuration 'left_arm[RRTConnectkConfigDefault]' will use planner 'geometric::RRTConnect'. Additional configuration parameters will be set when the planner is constructed.
[move_group-3] [INFO] [1791531654.487510642] [moveit_move_group_default_capabilities.move_action_capability]: Motion plan was computed successfully.
[move_group-3] [INFO] [1791531654.489084068] [moveit_move_group_default_capabilities.move_action_capability]: Received request
[move_group-3] [INFO] [1791531654.489205189] [moveit_move_group_default_capabilities.move_action_capability]: executing..
[move_group-3] [INFO] [1791531654.491722869] [moveit_move_group_default_capabilities.move_action_capability]: Planning request received for MoveGroup action. Forwarding to planning pipeline.
[move_group-3] [INFO] [1791531654.492160713] [moveit.ompl_planning.model_based_planning_context]: Planner configuration 'left_arm[RRTConnectkConfigDefault]' will use planner 'geometric::RRTConnect'. Additional configuration parameters will be set when the planner is constructed.
[move_group-3] [INFO] [1791531654.523996207] [moveit_move_group_default_capabilities.move_action_capability]: Motion plan was computed successfully.
[move_group-3] [INFO] [1791531654.525003571] [moveit_move_group_default_capabilities.move_action_capability]: Received request
[move_group-3] [INFO] [1791531654.525134430] [moveit_move_group_default_capabilities.move_action_capability]: executing..
[move_group-3] [INFO] [1791531654.542509837] [moveit_move_group_default_capabilities.move_action_capability]: Planning request received for MoveGroup action. Forwarding to planning pipeline.
[move_group-3] [INFO] [1791531654.543105584] [moveit.ompl_planning.model_based_planning_context]: Planner configuration 'left_arm[RRTConnectkConfigDefault]' will use planner 'geometric::RRTConnect'. Additional configuration parameters will be set when the planner is constructed.
[move_group-3] [INFO] [1791531654.580656846] [moveit_move_group_default_capabilities.move_action_capability]: Motion plan was computed successfully.
[move_group-3] [INFO] [1791531654.613659277] [moveit_move_group_default_capabilities.cartersian_path_service_capability]: Received request to compute Cartesian path
[move_group-3] [INFO] [1791531654.613778939] [moveit_move_group_default_capabilities.cartersian_path_service_capability]: Attempting to follow 1 waypoints for link 'left_fr3_side_suction_tcp' using a step of 0.002000 m and jump threshold 0.000000 (in global reference frame)
[move_group-3] [INFO] [1791531654.631849028] [moveit_move_group_default_capabilities.cartersian_path_service_capability]: Computed Cartesian path with 102 points (followed 100.000000% of requested trajectory)
[move_group-3] [INFO] [1791531654.913166388] [moveit_move_group_default_capabilities.cartersian_path_service_capability]: Received request to compute Cartesian path
[move_group-3] [INFO] [1791531654.913247969] [moveit_move_group_default_capabilities.cartersian_path_service_capability]: Attempting to follow 1 waypoints for link 'left_fr3_side_suction_tcp' using a step of 0.002000 m and jump threshold 0.000000 (in global reference frame)
[move_group-3] [INFO] [1791531654.927428735] [moveit_move_group_default_capabilities.cartersian_path_service_capability]: Computed Cartesian path with 100 points (followed 100.000000% of requested trajectory)
[move_group-3] [INFO] [1791531654.941252615] [moveit_move_group_default_capabilities.cartersian_path_service_capability]: Received request to compute Cartesian path
[move_group-3] [INFO] [1791531654.941338552] [moveit_move_group_default_capabilities.cartersian_path_service_capability]: Attempting to follow 1 waypoints for link 'right_fr3_side_suction_tcp' using a step of 0.002000 m and jump threshold 0.000000 (in global reference frame)
[move_group-3] [INFO] [1791531654.942863212] [moveit_move_group_default_capabilities.cartersian_path_service_capability]: Computed Cartesian path with 14 points (followed 100.000000% of requested trajectory)
[move_group-3] [INFO] [1791531654.962072701] [moveit_move_group_default_capabilities.cartersian_path_service_capability]: Received request to compute Cartesian path
[move_group-3] [INFO] [1791531654.962193185] [moveit_move_group_default_capabilities.cartersian_path_service_capability]: Attempting to follow 1 waypoints for link 'right_fr3_side_suction_tcp' using a step of 0.002000 m and jump threshold 0.000000 (in global reference frame)
[move_group-3] [INFO] [1791531654.963779667] [moveit_move_group_default_capabilities.cartersian_path_service_capability]: Computed Cartesian path with 14 points (followed 100.000000% of requested trajectory)
[move_group-3] [INFO] [1791531654.981957612] [moveit_move_group_default_capabilities.cartersian_path_service_capability]: Received request to compute Cartesian path
[move_group-3] [INFO] [1791531654.982037315] [moveit_move_group_default_capabilities.cartersian_path_service_capability]: Attempting to follow 1 waypoints for link 'right_fr3_side_suction_tcp' using a step of 0.002000 m and jump threshold 0.000000 (in global reference frame)
[move_group-3] [INFO] [1791531654.983591721] [moveit_move_group_default_capabilities.cartersian_path_service_capability]: Computed Cartesian path with 14 points (followed 100.000000% of requested trajectory)
[move_group-3] [INFO] [1791531655.010661704] [moveit_move_group_default_capabilities.cartersian_path_service_capability]: Received request to compute Cartesian path
[move_group-3] [INFO] [1791531655.010741426] [moveit_move_group_default_capabilities.cartersian_path_service_capability]: Attempting to follow 1 waypoints for link 'right_fr3_side_suction_tcp' using a step of 0.002000 m and jump threshold 0.000000 (in global reference frame)
[move_group-3] [INFO] [1791531655.012238248] [moveit_move_group_default_capabilities.cartersian_path_service_capability]: Computed Cartesian path with 14 points (followed 100.000000% of requested trajectory)
[move_group-3] [INFO] [1791531655.032066766] [moveit_move_group_default_capabilities.cartersian_path_service_capability]: Received request to compute Cartesian path
[move_group-3] [INFO] [1791531655.032139210] [moveit_move_group_default_capabilities.cartersian_path_service_capability]: Attempting to follow 1 waypoints for link 'right_fr3_side_suction_tcp' using a step of 0.002000 m and jump threshold 0.000000 (in global reference frame)
[move_group-3] [INFO] [1791531655.033616007] [moveit_move_group_default_capabilities.cartersian_path_service_capability]: Computed Cartesian path with 14 points (followed 100.000000% of requested trajectory)
[move_group-3] [INFO] [1791531655.054062427] [moveit_move_group_default_capabilities.cartersian_path_service_capability]: Received request to compute Cartesian path
[move_group-3] [INFO] [1791531655.054154928] [moveit_move_group_default_capabilities.cartersian_path_service_capability]: Attempting to follow 1 waypoints for link 'right_fr3_side_suction_tcp' using a step of 0.002000 m and jump threshold 0.000000 (in global reference frame)
[move_group-3] [INFO] [1791531655.056312457] [moveit_move_group_default_capabilities.cartersian_path_service_capability]: Computed Cartesian path with 14 points (followed 100.000000% of requested trajectory)
[move_group-3] [INFO] [1791531655.083189151] [moveit_move_group_default_capabilities.cartersian_path_service_capability]: Received request to compute Cartesian path
[move_group-3] [INFO] [1791531655.083259710] [moveit_move_group_default_capabilities.cartersian_path_service_capability]: Attempting to follow 1 waypoints for link 'right_fr3_side_suction_tcp' using a step of 0.002000 m and jump threshold 0.000000 (in global reference frame)
[move_group-3] [INFO] [1791531655.084933497] [moveit_move_group_default_capabilities.cartersian_path_service_capability]: Computed Cartesian path with 14 points (followed 100.000000% of requested trajectory)
[move_group-3] [INFO] [1791531655.105057724] [moveit_move_group_default_capabilities.cartersian_path_service_capability]: Received request to compute Cartesian path
[move_group-3] [INFO] [1791531655.105147576] [moveit_move_group_default_capabilities.cartersian_path_service_capability]: Attempting to follow 1 waypoints for link 'right_fr3_side_suction_tcp' using a step of 0.002000 m and jump threshold 0.000000 (in global reference frame)
[move_group-3] [INFO] [1791531655.106792786] [moveit_move_group_default_capabilities.cartersian_path_service_capability]: Computed Cartesian path with 14 points (followed 100.000000% of requested trajectory)
[move_group-3] [INFO] [1791531746.409904046] [moveit_move_group_default_capabilities.move_action_capability]: Received request
[move_group-3] [INFO] [1791531746.410133262] [moveit_move_group_default_capabilities.move_action_capability]: executing..
[move_group-3] [INFO] [1791531746.417105475] [moveit_move_group_default_capabilities.move_action_capability]: Planning request received for MoveGroup action. Forwarding to planning pipeline.
[move_group-3] [INFO] [1791531746.417677256] [moveit.ompl_planning.model_based_planning_context]: Planner configuration 'left_arm[RRTConnectkConfigDefault]' will use planner 'geometric::RRTConnect'. Additional configuration parameters will be set when the planner is constructed.
[move_group-3] [INFO] [1791531746.467177099] [moveit_move_group_default_capabilities.move_action_capability]: Motion plan was computed successfully.
[move_group-3] [INFO] [1791531746.467898109] [moveit_move_group_default_capabilities.move_action_capability]: Received request
[move_group-3] [INFO] [1791531746.468014151] [moveit_move_group_default_capabilities.move_action_capability]: executing..
[move_group-3] [INFO] [1791531746.481025796] [moveit_move_group_default_capabilities.move_action_capability]: Planning request received for MoveGroup action. Forwarding to planning pipeline.
[move_group-3] [INFO] [1791531746.481565561] [moveit.ompl_planning.model_based_planning_context]: Planner configuration 'left_arm[RRTConnectkConfigDefault]' will use planner 'geometric::RRTConnect'. Additional configuration parameters will be set when the planner is constructed.
[move_group-3] [INFO] [1791531746.513997319] [moveit_move_group_default_capabilities.move_action_capability]: Motion plan was computed successfully.
[move_group-3] [INFO] [1791531746.515356811] [moveit_move_group_default_capabilities.move_action_capability]: Received request
[move_group-3] [INFO] [1791531746.515488419] [moveit_move_group_default_capabilities.move_action_capability]: executing..
[move_group-3] [INFO] [1791531746.517169165] [moveit_move_group_default_capabilities.move_action_capability]: Planning request received for MoveGroup action. Forwarding to planning pipeline.
[move_group-3] [INFO] [1791531746.517586773] [moveit.ompl_planning.model_based_planning_context]: Planner configuration 'left_arm[RRTConnectkConfigDefault]' will use planner 'geometric::RRTConnect'. Additional configuration parameters will be set when the planner is constructed.
[move_group-3] [INFO] [1791531746.554051237] [moveit_move_group_default_capabilities.move_action_capability]: Motion plan was computed successfully.
[move_group-3] [INFO] [1791531746.555511039] [moveit_move_group_default_capabilities.move_action_capability]: Received request
[move_group-3] [INFO] [1791531746.555688634] [moveit_move_group_default_capabilities.move_action_capability]: executing..
[move_group-3] [INFO] [1791531746.567534027] [moveit_move_group_default_capabilities.move_action_capability]: Planning request received for MoveGroup action. Forwarding to planning pipeline.
[move_group-3] [INFO] [1791531746.568100993] [moveit.ompl_planning.model_based_planning_context]: Planner configuration 'left_arm[RRTConnectkConfigDefault]' will use planner 'geometric::RRTConnect'. Additional configuration parameters will be set when the planner is constructed.
[move_group-3] [INFO] [1791531746.608335965] [moveit_move_group_default_capabilities.move_action_capability]: Motion plan was computed successfully.
[move_group-3] [INFO] [1791531746.609202029] [moveit_move_group_default_capabilities.move_action_capability]: Received request
[move_group-3] [INFO] [1791531746.609324453] [moveit_move_group_default_capabilities.move_action_capability]: executing..
[move_group-3] [INFO] [1791531746.620854083] [moveit_move_group_default_capabilities.move_action_capability]: Planning request received for MoveGroup action. Forwarding to planning pipeline.
[move_group-3] [INFO] [1791531746.621301581] [moveit.ompl_planning.model_based_planning_context]: Planner configuration 'left_arm[RRTConnectkConfigDefault]' will use planner 'geometric::RRTConnect'. Additional configuration parameters will be set when the planner is constructed.
[move_group-3] [INFO] [1791531746.663705450] [moveit_move_group_default_capabilities.move_action_capability]: Motion plan was computed successfully.
[move_group-3] [INFO] [1791531746.665192060] [moveit_move_group_default_capabilities.move_action_capability]: Received request
[move_group-3] [INFO] [1791531746.665347377] [moveit_move_group_default_capabilities.move_action_capability]: executing..
[move_group-3] [INFO] [1791531746.668895332] [moveit_move_group_default_capabilities.move_action_capability]: Planning request received for MoveGroup action. Forwarding to planning pipeline.
[move_group-3] [INFO] [1791531746.669299027] [moveit.ompl_planning.model_based_planning_context]: Planner configuration 'left_arm[RRTConnectkConfigDefault]' will use planner 'geometric::RRTConnect'. Additional configuration parameters will be set when the planner is constructed.
[move_group-3] [INFO] [1791531746.706818606] [moveit_move_group_default_capabilities.move_action_capability]: Motion plan was computed successfully.
[move_group-3] [INFO] [1791531746.707584741] [moveit_move_group_default_capabilities.move_action_capability]: Received request
[move_group-3] [INFO] [1791531746.707697961] [moveit_move_group_default_capabilities.move_action_capability]: executing..
[move_group-3] [INFO] [1791531746.719584035] [moveit_move_group_default_capabilities.move_action_capability]: Planning request received for MoveGroup action. Forwarding to planning pipeline.
[move_group-3] [INFO] [1791531746.720195868] [moveit.ompl_planning.model_based_planning_context]: Planner configuration 'left_arm[RRTConnectkConfigDefault]' will use planner 'geometric::RRTConnect'. Additional configuration parameters will be set when the planner is constructed.
[move_group-3] [INFO] [1791531746.766645690] [moveit_move_group_default_capabilities.move_action_capability]: Motion plan was computed successfully.
[move_group-3] [INFO] [1791531746.768162773] [moveit_move_group_default_capabilities.move_action_capability]: Received request
[move_group-3] [INFO] [1791531746.768312165] [moveit_move_group_default_capabilities.move_action_capability]: executing..
[move_group-3] [INFO] [1791531746.769785230] [moveit_move_group_default_capabilities.move_action_capability]: Planning request received for MoveGroup action. Forwarding to planning pipeline.
[move_group-3] [INFO] [1791531746.770212862] [moveit.ompl_planning.model_based_planning_context]: Planner configuration 'left_arm[RRTConnectkConfigDefault]' will use planner 'geometric::RRTConnect'. Additional configuration parameters will be set when the planner is constructed.
[move_group-3] [INFO] [1791531746.815525484] [moveit_move_group_default_capabilities.move_action_capability]: Motion plan was computed successfully.
[move_group-3] [INFO] [1791531746.820357117] [moveit_move_group_default_capabilities.move_action_capability]: Received request
[move_group-3] [INFO] [1791531746.820559381] [moveit_move_group_default_capabilities.move_action_capability]: executing..
[move_group-3] [INFO] [1791531746.821116150] [moveit_move_group_default_capabilities.move_action_capability]: Planning request received for MoveGroup action. Forwarding to planning pipeline.
[move_group-3] [INFO] [1791531746.821661799] [moveit.ompl_planning.model_based_planning_context]: Planner configuration 'right_arm[RRTConnectkConfigDefault]' will use planner 'geometric::RRTConnect'. Additional configuration parameters will be set when the planner is constructed.
[move_group-3] [INFO] [1791531746.866963813] [moveit_move_group_default_capabilities.move_action_capability]: Motion plan was computed successfully.
[move_group-3] [INFO] [1791531746.867920880] [moveit_move_group_default_capabilities.move_action_capability]: Received request
[move_group-3] [INFO] [1791531746.868079251] [moveit_move_group_default_capabilities.move_action_capability]: executing..
[move_group-3] [INFO] [1791531746.869675958] [moveit_move_group_default_capabilities.move_action_capability]: Planning request received for MoveGroup action. Forwarding to planning pipeline.
[move_group-3] [INFO] [1791531746.870226239] [moveit.ompl_planning.model_based_planning_context]: Planner configuration 'right_arm[RRTConnectkConfigDefault]' will use planner 'geometric::RRTConnect'. Additional configuration parameters will be set when the planner is constructed.
[move_group-3] [INFO] [1791531746.905888035] [moveit_move_group_default_capabilities.move_action_capability]: Motion plan was computed successfully.
[move_group-3] [INFO] [1791531746.906984320] [moveit_move_group_default_capabilities.move_action_capability]: Received request
[move_group-3] [INFO] [1791531746.907163396] [moveit_move_group_default_capabilities.move_action_capability]: executing..
[move_group-3] [INFO] [1791531746.919209039] [moveit_move_group_default_capabilities.move_action_capability]: Planning request received for MoveGroup action. Forwarding to planning pipeline.
[move_group-3] [INFO] [1791531746.919673510] [moveit.ompl_planning.model_based_planning_context]: Planner configuration 'right_arm[RRTConnectkConfigDefault]' will use planner 'geometric::RRTConnect'. Additional configuration parameters will be set when the planner is constructed.
[move_group-3] [INFO] [1791531746.949827339] [moveit_move_group_default_capabilities.move_action_capability]: Motion plan was computed successfully.
[move_group-3] [INFO] [1791531746.950459039] [moveit_move_group_default_capabilities.move_action_capability]: Received request
[move_group-3] [INFO] [1791531746.950572604] [moveit_move_group_default_capabilities.move_action_capability]: executing..
[move_group-3] [INFO] [1791531746.957578650] [moveit_move_group_default_capabilities.move_action_capability]: Planning request received for MoveGroup action. Forwarding to planning pipeline.
[move_group-3] [INFO] [1791531746.958011201] [moveit.ompl_planning.model_based_planning_context]: Planner configuration 'right_arm[RRTConnectkConfigDefault]' will use planner 'geometric::RRTConnect'. Additional configuration parameters will be set when the planner is constructed.
[move_group-3] [INFO] [1791531746.986537339] [moveit_move_group_default_capabilities.move_action_capability]: Motion plan was computed successfully.
[move_group-3] [INFO] [1791531746.987343663] [moveit_move_group_default_capabilities.move_action_capability]: Received request
[move_group-3] [INFO] [1791531746.987496849] [moveit_move_group_default_capabilities.move_action_capability]: executing..
[move_group-3] [INFO] [1791531747.007166469] [moveit_move_group_default_capabilities.move_action_capability]: Planning request received for MoveGroup action. Forwarding to planning pipeline.
[move_group-3] [INFO] [1791531747.007632336] [moveit.ompl_planning.model_based_planning_context]: Planner configuration 'right_arm[RRTConnectkConfigDefault]' will use planner 'geometric::RRTConnect'. Additional configuration parameters will be set when the planner is constructed.
[move_group-3] [INFO] [1791531747.053961779] [moveit_move_group_default_capabilities.move_action_capability]: Motion plan was computed successfully.
[move_group-3] [INFO] [1791531747.054884748] [moveit_move_group_default_capabilities.move_action_capability]: Received request
[move_group-3] [INFO] [1791531747.055027246] [moveit_move_group_default_capabilities.move_action_capability]: executing..
[move_group-3] [INFO] [1791531747.057378160] [moveit_move_group_default_capabilities.move_action_capability]: Planning request received for MoveGroup action. Forwarding to planning pipeline.
[move_group-3] [INFO] [1791531747.057861523] [moveit.ompl_planning.model_based_planning_context]: Planner configuration 'right_arm[RRTConnectkConfigDefault]' will use planner 'geometric::RRTConnect'. Additional configuration parameters will be set when the planner is constructed.
[move_group-3] [INFO] [1791531747.089374465] [moveit_move_group_default_capabilities.move_action_capability]: Motion plan was computed successfully.
[move_group-3] [INFO] [1791531747.090124903] [moveit_move_group_default_capabilities.move_action_capability]: Received request
[move_group-3] [INFO] [1791531747.090247040] [moveit_move_group_default_capabilities.move_action_capability]: executing..
[move_group-3] [INFO] [1791531747.107391098] [moveit_move_group_default_capabilities.move_action_capability]: Planning request received for MoveGroup action. Forwarding to planning pipeline.
[move_group-3] [INFO] [1791531747.107860303] [moveit.ompl_planning.model_based_planning_context]: Planner configuration 'right_arm[RRTConnectkConfigDefault]' will use planner 'geometric::RRTConnect'. Additional configuration parameters will be set when the planner is constructed.
[move_group-3] [INFO] [1791531747.141867519] [moveit_move_group_default_capabilities.move_action_capability]: Motion plan was computed successfully.
[move_group-3] [INFO] [1791531747.142708016] [moveit_move_group_default_capabilities.move_action_capability]: Received request
[move_group-3] [INFO] [1791531747.142865403] [moveit_move_group_default_capabilities.move_action_capability]: executing..
[move_group-3] [INFO] [1791531747.157578215] [moveit_move_group_default_capabilities.move_action_capability]: Planning request received for MoveGroup action. Forwarding to planning pipeline.
[move_group-3] [INFO] [1791531747.158106042] [moveit.ompl_planning.model_based_planning_context]: Planner configuration 'right_arm[RRTConnectkConfigDefault]' will use planner 'geometric::RRTConnect'. Additional configuration parameters will be set when the planner is constructed.
[move_group-3] [INFO] [1791531747.189697456] [moveit_move_group_default_capabilities.move_action_capability]: Motion plan was computed successfully.
[move_group-3] [INFO] [1791531747.469267102] [moveit_move_group_default_capabilities.cartersian_path_service_capability]: Received request to compute Cartesian path
[move_group-3] [INFO] [1791531747.469360171] [moveit_move_group_default_capabilities.cartersian_path_service_capability]: Attempting to follow 1 waypoints for link 'left_fr3_side_suction_tcp' using a step of 0.002000 m and jump threshold 0.000000 (in global reference frame)
[move_group-3] [INFO] [1791531747.493080454] [moveit_move_group_default_capabilities.cartersian_path_service_capability]: Computed Cartesian path with 142 points (followed 100.000000% of requested trajectory)
[move_group-3] [INFO] [1791531747.507464860] [moveit_move_group_default_capabilities.cartersian_path_service_capability]: Received request to compute Cartesian path
[move_group-3] [INFO] [1791531747.507538523] [moveit_move_group_default_capabilities.cartersian_path_service_capability]: Attempting to follow 1 waypoints for link 'left_fr3_side_suction_tcp' using a step of 0.002000 m and jump threshold 0.000000 (in global reference frame)
[move_group-3] [INFO] [1791531747.517026494] [moveit_move_group_default_capabilities.cartersian_path_service_capability]: Computed Cartesian path with 51 points (followed 100.000000% of requested trajectory)
[move_group-3] [INFO] [1791531785.659797543] [moveit_move_group_default_capabilities.move_action_capability]: Received request
[move_group-3] [INFO] [1791531785.659961145] [moveit_move_group_default_capabilities.move_action_capability]: executing..
[move_group-3] [INFO] [1791531785.672478070] [moveit_move_group_default_capabilities.move_action_capability]: Planning request received for MoveGroup action. Forwarding to planning pipeline.
[move_group-3] [INFO] [1791531785.673158988] [moveit.ompl_planning.model_based_planning_context]: Planner configuration 'right_arm[RRTConnectkConfigDefault]' will use planner 'geometric::RRTConnect'. Additional configuration parameters will be set when the planner is constructed.
[move_group-3] [ERROR] [1791531785.721152430] [moveit.ros_planning.planning_pipeline]: Computed path is not valid. Invalid states at index locations: [ 41 ] out of 49. Explanations follow in command line. Contacts are published on /display_contacts
[move_group-3] [INFO] [1791531785.721188613] [moveit_collision_detection_fcl.collision_common]: Found a contact between 'task26_cube_2' (type 'Object') and 'right_fr3_side_suction' (type 'Robot link'), which constitutes a collision. Contact information is not stored.
[move_group-3] [INFO] [1791531785.721194628] [moveit_collision_detection_fcl.collision_common]: Collision checking is considered complete (collision was found and 0 contacts are stored)
[move_group-3] [ERROR] [1791531785.721311736] [moveit.ros_planning.planning_pipeline]: Completed listing of explanations for invalid states.
[move_group-3] [INFO] [1791531785.721417360] [moveit_move_group_default_capabilities.move_action_capability]: Motion plan was found but it seems to be invalid (possibly due to postprocessing). Not executing.
[move_group-3] [INFO] [1791531785.722139376] [moveit_move_group_default_capabilities.move_action_capability]: Received request
[move_group-3] [INFO] [1791531785.722225509] [moveit_move_group_default_capabilities.move_action_capability]: executing..
[move_group-3] [INFO] [1791531785.745729874] [moveit_move_group_default_capabilities.move_action_capability]: Planning request received for MoveGroup action. Forwarding to planning pipeline.
[move_group-3] [INFO] [1791531785.746227092] [moveit.ompl_planning.model_based_planning_context]: Planner configuration 'right_arm[RRTConnectkConfigDefault]' will use planner 'geometric::RRTConnect'. Additional configuration parameters will be set when the planner is constructed.
[move_group-3] [ERROR] [1791531785.798958898] [moveit.ros_planning.planning_pipeline]: Computed path is not valid. Invalid states at index locations: [ 51 ] out of 61. Explanations follow in command line. Contacts are published on /display_contacts
[move_group-3] [INFO] [1791531785.799005467] [moveit_collision_detection_fcl.collision_common]: Found a contact between 'task26_cube_2' (type 'Object') and 'right_fr3_side_suction' (type 'Robot link'), which constitutes a collision. Contact information is not stored.
[move_group-3] [INFO] [1791531785.799012154] [moveit_collision_detection_fcl.collision_common]: Collision checking is considered complete (collision was found and 0 contacts are stored)
[move_group-3] [ERROR] [1791531785.799138131] [moveit.ros_planning.planning_pipeline]: Completed listing of explanations for invalid states.
[move_group-3] [INFO] [1791531785.799262568] [moveit_move_group_default_capabilities.move_action_capability]: Motion plan was found but it seems to be invalid (possibly due to postprocessing). Not executing.
[move_group-3] [INFO] [1791531785.801834685] [moveit_move_group_default_capabilities.move_action_capability]: Received request
[move_group-3] [INFO] [1791531785.801908402] [moveit_move_group_default_capabilities.move_action_capability]: executing..
[move_group-3] [INFO] [1791531785.814185673] [moveit_move_group_default_capabilities.move_action_capability]: Planning request received for MoveGroup action. Forwarding to planning pipeline.
[move_group-3] [INFO] [1791531785.814645976] [moveit.ompl_planning.model_based_planning_context]: Planner configuration 'right_arm[RRTConnectkConfigDefault]' will use planner 'geometric::RRTConnect'. Additional configuration parameters will be set when the planner is constructed.
[move_group-3] [INFO] [1791531785.887663124] [moveit_move_group_default_capabilities.move_action_capability]: Motion plan was computed successfully.
[move_group-3] [INFO] [1791531785.888645467] [moveit_move_group_default_capabilities.move_action_capability]: Received request
[move_group-3] [INFO] [1791531785.888763045] [moveit_move_group_default_capabilities.move_action_capability]: executing..
[move_group-3] [INFO] [1791531785.904598994] [moveit_move_group_default_capabilities.move_action_capability]: Planning request received for MoveGroup action. Forwarding to planning pipeline.
[move_group-3] [INFO] [1791531785.905067145] [moveit.ompl_planning.model_based_planning_context]: Planner configuration 'right_arm[RRTConnectkConfigDefault]' will use planner 'geometric::RRTConnect'. Additional configuration parameters will be set when the planner is constructed.
[move_group-3] [ERROR] [1791531785.949556331] [moveit.ros_planning.planning_pipeline]: Computed path is not valid. Invalid states at index locations: [ 62 ] out of 71. Explanations follow in command line. Contacts are published on /display_contacts
[move_group-3] [INFO] [1791531785.949592343] [moveit_collision_detection_fcl.collision_common]: Found a contact between 'task26_cube_2' (type 'Object') and 'right_fr3_side_suction' (type 'Robot link'), which constitutes a collision. Contact information is not stored.
[move_group-3] [INFO] [1791531785.949598000] [moveit_collision_detection_fcl.collision_common]: Collision checking is considered complete (collision was found and 0 contacts are stored)
[move_group-3] [ERROR] [1791531785.949706086] [moveit.ros_planning.planning_pipeline]: Completed listing of explanations for invalid states.
[move_group-3] [INFO] [1791531785.949829148] [moveit_move_group_default_capabilities.move_action_capability]: Motion plan was found but it seems to be invalid (possibly due to postprocessing). Not executing.
[move_group-3] [INFO] [1791531785.950696820] [moveit_move_group_default_capabilities.move_action_capability]: Received request
[move_group-3] [INFO] [1791531785.950782635] [moveit_move_group_default_capabilities.move_action_capability]: executing..
[move_group-3] [INFO] [1791531785.952741999] [moveit_move_group_default_capabilities.move_action_capability]: Planning request received for MoveGroup action. Forwarding to planning pipeline.
[move_group-3] [INFO] [1791531785.953152939] [moveit.ompl_planning.model_based_planning_context]: Planner configuration 'right_arm[RRTConnectkConfigDefault]' will use planner 'geometric::RRTConnect'. Additional configuration parameters will be set when the planner is constructed.
[move_group-3] [ERROR] [1791531785.994847125] [moveit.ros_planning.planning_pipeline]: Computed path is not valid. Invalid states at index locations: [ 48 49 ] out of 55. Explanations follow in command line. Contacts are published on /display_contacts
[move_group-3] [INFO] [1791531785.994881878] [moveit_collision_detection_fcl.collision_common]: Found a contact between 'task26_cube_2' (type 'Object') and 'right_fr3_side_suction' (type 'Robot link'), which constitutes a collision. Contact information is not stored.
[move_group-3] [INFO] [1791531785.994887984] [moveit_collision_detection_fcl.collision_common]: Collision checking is considered complete (collision was found and 0 contacts are stored)
[move_group-3] [INFO] [1791531785.995001788] [moveit_collision_detection_fcl.collision_common]: Found a contact between 'task26_cube_2' (type 'Object') and 'right_fr3_side_suction' (type 'Robot link'), which constitutes a collision. Contact information is not stored.
[move_group-3] [INFO] [1791531785.995006109] [moveit_collision_detection_fcl.collision_common]: Collision checking is considered complete (collision was found and 0 contacts are stored)
[move_group-3] [ERROR] [1791531785.995066510] [moveit.ros_planning.planning_pipeline]: Completed listing of explanations for invalid states.
[move_group-3] [INFO] [1791531785.995152166] [moveit_move_group_default_capabilities.move_action_capability]: Motion plan was found but it seems to be invalid (possibly due to postprocessing). Not executing.
[move_group-3] [INFO] [1791531785.996083257] [moveit_move_group_default_capabilities.move_action_capability]: Received request
[move_group-3] [INFO] [1791531785.996196116] [moveit_move_group_default_capabilities.move_action_capability]: executing..
[move_group-3] [INFO] [1791531786.021748791] [moveit_move_group_default_capabilities.move_action_capability]: Planning request received for MoveGroup action. Forwarding to planning pipeline.
[move_group-3] [INFO] [1791531786.022204265] [moveit.ompl_planning.model_based_planning_context]: Planner configuration 'right_arm[RRTConnectkConfigDefault]' will use planner 'geometric::RRTConnect'. Additional configuration parameters will be set when the planner is constructed.
[move_group-3] [INFO] [1791531786.079252647] [moveit_move_group_default_capabilities.move_action_capability]: Motion plan was computed successfully.
[move_group-3] [INFO] [1791531786.080841317] [moveit_move_group_default_capabilities.move_action_capability]: Received request
[move_group-3] [INFO] [1791531786.080934318] [moveit_move_group_default_capabilities.move_action_capability]: executing..
[move_group-3] [INFO] [1791531786.091338986] [moveit_move_group_default_capabilities.move_action_capability]: Planning request received for MoveGroup action. Forwarding to planning pipeline.
[move_group-3] [INFO] [1791531786.091792911] [moveit.ompl_planning.model_based_planning_context]: Planner configuration 'right_arm[RRTConnectkConfigDefault]' will use planner 'geometric::RRTConnect'. Additional configuration parameters will be set when the planner is constructed.
[move_group-3] [ERROR] [1791531786.153302011] [moveit.ros_planning.planning_pipeline]: Computed path is not valid. Invalid states at index locations: [ 78 79 ] out of 88. Explanations follow in command line. Contacts are published on /display_contacts
[move_group-3] [INFO] [1791531786.153355210] [moveit_collision_detection_fcl.collision_common]: Found a contact between 'task26_cube_2' (type 'Object') and 'right_fr3_side_suction' (type 'Robot link'), which constitutes a collision. Contact information is not stored.
[move_group-3] [INFO] [1791531786.153361156] [moveit_collision_detection_fcl.collision_common]: Collision checking is considered complete (collision was found and 0 contacts are stored)
[move_group-3] [INFO] [1791531786.153515966] [moveit_collision_detection_fcl.collision_common]: Found a contact between 'task26_cube_2' (type 'Object') and 'right_fr3_side_suction' (type 'Robot link'), which constitutes a collision. Contact information is not stored.
[move_group-3] [INFO] [1791531786.153521396] [moveit_collision_detection_fcl.collision_common]: Collision checking is considered complete (collision was found and 0 contacts are stored)
[move_group-3] [ERROR] [1791531786.153576627] [moveit.ros_planning.planning_pipeline]: Completed listing of explanations for invalid states.
[move_group-3] [INFO] [1791531786.153734722] [moveit_move_group_default_capabilities.move_action_capability]: Motion plan was found but it seems to be invalid (possibly due to postprocessing). Not executing.
[move_group-3] [INFO] [1791531786.155392909] [moveit_move_group_default_capabilities.move_action_capability]: Received request
[move_group-3] [INFO] [1791531786.155485997] [moveit_move_group_default_capabilities.move_action_capability]: executing..
[move_group-3] [INFO] [1791531786.161269276] [moveit_move_group_default_capabilities.move_action_capability]: Planning request received for MoveGroup action. Forwarding to planning pipeline.
[move_group-3] [INFO] [1791531786.161723041] [moveit.ompl_planning.model_based_planning_context]: Planner configuration 'right_arm[RRTConnectkConfigDefault]' will use planner 'geometric::RRTConnect'. Additional configuration parameters will be set when the planner is constructed.
[move_group-3] [INFO] [1791531786.207601879] [moveit_move_group_default_capabilities.move_action_capability]: Motion plan was computed successfully.
[move_group-3] [INFO] [1791531786.209271540] [moveit_move_group_default_capabilities.move_action_capability]: Received request
[move_group-3] [INFO] [1791531786.209399148] [moveit_move_group_default_capabilities.move_action_capability]: executing..
[move_group-3] [INFO] [1791531786.233830476] [moveit_move_group_default_capabilities.move_action_capability]: Planning request received for MoveGroup action. Forwarding to planning pipeline.
[move_group-3] [INFO] [1791531786.234279986] [moveit.ompl_planning.model_based_planning_context]: Planner configuration 'right_arm[RRTConnectkConfigDefault]' will use planner 'geometric::RRTConnect'. Additional configuration parameters will be set when the planner is constructed.
[move_group-3] [INFO] [1791531786.299085685] [moveit_move_group_default_capabilities.move_action_capability]: Motion plan was computed successfully.
[move_group-3] [INFO] [1791531786.300674545] [moveit_move_group_default_capabilities.move_action_capability]: Received request
[move_group-3] [INFO] [1791531786.300775899] [moveit_move_group_default_capabilities.move_action_capability]: executing..
[move_group-3] [INFO] [1791531786.303793749] [moveit_move_group_default_capabilities.move_action_capability]: Planning request received for MoveGroup action. Forwarding to planning pipeline.
[move_group-3] [INFO] [1791531786.304332911] [moveit.ompl_planning.model_based_planning_context]: Planner configuration 'right_arm[RRTConnectkConfigDefault]' will use planner 'geometric::RRTConnect'. Additional configuration parameters will be set when the planner is constructed.
[move_group-3] [INFO] [1791531786.353388129] [moveit_move_group_default_capabilities.move_action_capability]: Motion plan was computed successfully.
[move_group-3] [INFO] [1791531786.354747187] [moveit_move_group_default_capabilities.move_action_capability]: Received request
[move_group-3] [INFO] [1791531786.354835221] [moveit_move_group_default_capabilities.move_action_capability]: executing..
[move_group-3] [INFO] [1791531786.376908190] [moveit_move_group_default_capabilities.move_action_capability]: Planning request received for MoveGroup action. Forwarding to planning pipeline.
[move_group-3] [INFO] [1791531786.377418179] [moveit.ompl_planning.model_based_planning_context]: Planner configuration 'right_arm[RRTConnectkConfigDefault]' will use planner 'geometric::RRTConnect'. Additional configuration parameters will be set when the planner is constructed.
[move_group-3] [INFO] [1791531786.429806213] [moveit_move_group_default_capabilities.move_action_capability]: Motion plan was computed successfully.
[move_group-3] [INFO] [1791531786.431890870] [moveit_move_group_default_capabilities.move_action_capability]: Received request
[move_group-3] [INFO] [1791531786.432009956] [moveit_move_group_default_capabilities.move_action_capability]: executing..
[move_group-3] [INFO] [1791531786.445659529] [moveit_move_group_default_capabilities.move_action_capability]: Planning request received for MoveGroup action. Forwarding to planning pipeline.
[move_group-3] [INFO] [1791531786.446105683] [moveit.ompl_planning.model_based_planning_context]: Planner configuration 'right_arm[RRTConnectkConfigDefault]' will use planner 'geometric::RRTConnect'. Additional configuration parameters will be set when the planner is constructed.
[move_group-3] [INFO] [1791531786.489992218] [moveit_move_group_default_capabilities.move_action_capability]: Motion plan was computed successfully.
[move_group-3] [INFO] [1791531786.491039735] [moveit_move_group_default_capabilities.move_action_capability]: Received request
[move_group-3] [INFO] [1791531786.491113140] [moveit_move_group_default_capabilities.move_action_capability]: executing..
[move_group-3] [INFO] [1791531786.516538264] [moveit_move_group_default_capabilities.move_action_capability]: Planning request received for MoveGroup action. Forwarding to planning pipeline.
[move_group-3] [INFO] [1791531786.516994912] [moveit.ompl_planning.model_based_planning_context]: Planner configuration 'right_arm[RRTConnectkConfigDefault]' will use planner 'geometric::RRTConnect'. Additional configuration parameters will be set when the planner is constructed.
[move_group-3] [INFO] [1791531786.549411214] [moveit_move_group_default_capabilities.move_action_capability]: Motion plan was computed successfully.
[move_group-3] [INFO] [1791531786.550472314] [moveit_move_group_default_capabilities.move_action_capability]: Received request
[move_group-3] [INFO] [1791531786.550562778] [moveit_move_group_default_capabilities.move_action_capability]: executing..
[move_group-3] [INFO] [1791531786.558068214] [moveit_move_group_default_capabilities.move_action_capability]: Planning request received for MoveGroup action. Forwarding to planning pipeline.
[move_group-3] [INFO] [1791531786.558527268] [moveit.ompl_planning.model_based_planning_context]: Planner configuration 'right_arm[RRTConnectkConfigDefault]' will use planner 'geometric::RRTConnect'. Additional configuration parameters will be set when the planner is constructed.
[move_group-3] [ERROR] [1791531786.602700660] [moveit.ros_planning.planning_pipeline]: Computed path is not valid. Invalid states at index locations: [ 48 ] out of 56. Explanations follow in command line. Contacts are published on /display_contacts
[move_group-3] [INFO] [1791531786.603156802] [moveit_collision_detection_fcl.collision_common]: Found a contact between 'task26_cube_2' (type 'Object') and 'right_fr3_side_suction' (type 'Robot link'), which constitutes a collision. Contact information is not stored.
[move_group-3] [INFO] [1791531786.603165678] [moveit_collision_detection_fcl.collision_common]: Collision checking is considered complete (collision was found and 0 contacts are stored)
[move_group-3] [ERROR] [1791531786.603285444] [moveit.ros_planning.planning_pipeline]: Completed listing of explanations for invalid states.
[move_group-3] [INFO] [1791531786.603393988] [moveit_move_group_default_capabilities.move_action_capability]: Motion plan was found but it seems to be invalid (possibly due to postprocessing). Not executing.
[move_group-3] [INFO] [1791531786.604950885] [moveit_move_group_default_capabilities.move_action_capability]: Received request
[move_group-3] [INFO] [1791531786.605091605] [moveit_move_group_default_capabilities.move_action_capability]: executing..
[move_group-3] [INFO] [1791531786.605557026] [moveit_move_group_default_capabilities.move_action_capability]: Planning request received for MoveGroup action. Forwarding to planning pipeline.
[move_group-3] [INFO] [1791531786.606036927] [moveit.ompl_planning.model_based_planning_context]: Planner configuration 'right_arm[RRTConnectkConfigDefault]' will use planner 'geometric::RRTConnect'. Additional configuration parameters will be set when the planner is constructed.
[move_group-3] [INFO] [1791531786.646978273] [moveit_move_group_default_capabilities.move_action_capability]: Motion plan was computed successfully.
[move_group-3] [INFO] [1791531786.648147436] [moveit_move_group_default_capabilities.move_action_capability]: Received request
[move_group-3] [INFO] [1791531786.648246029] [moveit_move_group_default_capabilities.move_action_capability]: executing..
[move_group-3] [INFO] [1791531786.653914113] [moveit_move_group_default_capabilities.move_action_capability]: Planning request received for MoveGroup action. Forwarding to planning pipeline.
[move_group-3] [INFO] [1791531786.654348330] [moveit.ompl_planning.model_based_planning_context]: Planner configuration 'right_arm[RRTConnectkConfigDefault]' will use planner 'geometric::RRTConnect'. Additional configuration parameters will be set when the planner is constructed.
[move_group-3] [INFO] [1791531786.698917933] [moveit_move_group_default_capabilities.move_action_capability]: Motion plan was computed successfully.
[move_group-3] [INFO] [1791531786.699708554] [moveit_move_group_default_capabilities.move_action_capability]: Received request
[move_group-3] [INFO] [1791531786.699809608] [moveit_move_group_default_capabilities.move_action_capability]: executing..
[move_group-3] [INFO] [1791531786.727219914] [moveit_move_group_default_capabilities.move_action_capability]: Planning request received for MoveGroup action. Forwarding to planning pipeline.
[move_group-3] [INFO] [1791531786.727649782] [moveit.ompl_planning.model_based_planning_context]: Planner configuration 'right_arm[RRTConnectkConfigDefault]' will use planner 'geometric::RRTConnect'. Additional configuration parameters will be set when the planner is constructed.
[move_group-3] [INFO] [1791531786.768170287] [moveit_move_group_default_capabilities.move_action_capability]: Motion plan was computed successfully.
[move_group-3] [INFO] [1791531786.769023933] [moveit_move_group_default_capabilities.move_action_capability]: Received request
[move_group-3] [INFO] [1791531786.769139424] [moveit_move_group_default_capabilities.move_action_capability]: executing..
[move_group-3] [INFO] [1791531786.797109388] [moveit_move_group_default_capabilities.move_action_capability]: Planning request received for MoveGroup action. Forwarding to planning pipeline.
[move_group-3] [INFO] [1791531786.797703072] [moveit.ompl_planning.model_based_planning_context]: Planner configuration 'right_arm[RRTConnectkConfigDefault]' will use planner 'geometric::RRTConnect'. Additional configuration parameters will be set when the planner is constructed.
[move_group-3] [INFO] [1791531786.844017476] [moveit_move_group_default_capabilities.move_action_capability]: Motion plan was computed successfully.
[move_group-3] [INFO] [1791531786.845008265] [moveit_move_group_default_capabilities.move_action_capability]: Received request
[move_group-3] [INFO] [1791531786.845129577] [moveit_move_group_default_capabilities.move_action_capability]: executing..
[move_group-3] [INFO] [1791531786.871379501] [moveit_move_group_default_capabilities.move_action_capability]: Planning request received for MoveGroup action. Forwarding to planning pipeline.
[move_group-3] [INFO] [1791531786.871886376] [moveit.ompl_planning.model_based_planning_context]: Planner configuration 'right_arm[RRTConnectkConfigDefault]' will use planner 'geometric::RRTConnect'. Additional configuration parameters will be set when the planner is constructed.
[move_group-3] [INFO] [1791531786.916679292] [moveit_move_group_default_capabilities.move_action_capability]: Motion plan was computed successfully.
[move_group-3] [INFO] [1791531786.918194247] [moveit_move_group_default_capabilities.move_action_capability]: Received request
[move_group-3] [INFO] [1791531786.918289443] [moveit_move_group_default_capabilities.move_action_capability]: executing..
[move_group-3] [INFO] [1791531786.943212148] [moveit_move_group_default_capabilities.move_action_capability]: Planning request received for MoveGroup action. Forwarding to planning pipeline.
[move_group-3] [INFO] [1791531786.943669991] [moveit.ompl_planning.model_based_planning_context]: Planner configuration 'right_arm[RRTConnectkConfigDefault]' will use planner 'geometric::RRTConnect'. Additional configuration parameters will be set when the planner is constructed.
[move_group-3] [INFO] [1791531786.988015076] [moveit_move_group_default_capabilities.move_action_capability]: Motion plan was computed successfully.
[move_group-3] [INFO] [1791531786.988724186] [moveit_move_group_default_capabilities.move_action_capability]: Received request
[move_group-3] [INFO] [1791531786.988806148] [moveit_move_group_default_capabilities.move_action_capability]: executing..
[move_group-3] [INFO] [1791531787.013258342] [moveit_move_group_default_capabilities.move_action_capability]: Planning request received for MoveGroup action. Forwarding to planning pipeline.
[move_group-3] [INFO] [1791531787.013803433] [moveit.ompl_planning.model_based_planning_context]: Planner configuration 'right_arm[RRTConnectkConfigDefault]' will use planner 'geometric::RRTConnect'. Additional configuration parameters will be set when the planner is constructed.
[move_group-3] [INFO] [1791531787.070388565] [moveit_move_group_default_capabilities.move_action_capability]: Motion plan was computed successfully.
[move_group-3] [INFO] [1791531787.071329268] [moveit_move_group_default_capabilities.move_action_capability]: Received request
[move_group-3] [INFO] [1791531787.071420252] [moveit_move_group_default_capabilities.move_action_capability]: executing..
[move_group-3] [INFO] [1791531787.082906733] [moveit_move_group_default_capabilities.move_action_capability]: Planning request received for MoveGroup action. Forwarding to planning pipeline.
[move_group-3] [INFO] [1791531787.083404311] [moveit.ompl_planning.model_based_planning_context]: Planner configuration 'right_arm[RRTConnectkConfigDefault]' will use planner 'geometric::RRTConnect'. Additional configuration parameters will be set when the planner is constructed.
[move_group-3] [INFO] [1791531787.124906743] [moveit_move_group_default_capabilities.move_action_capability]: Motion plan was computed successfully.
[move_group-3] [INFO] [1791531787.126617536] [moveit_move_group_default_capabilities.move_action_capability]: Received request
[move_group-3] [INFO] [1791531787.126739395] [moveit_move_group_default_capabilities.move_action_capability]: executing..
[move_group-3] [INFO] [1791531787.152578031] [moveit_move_group_default_capabilities.move_action_capability]: Planning request received for MoveGroup action. Forwarding to planning pipeline.
[move_group-3] [INFO] [1791531787.153072589] [moveit.ompl_planning.model_based_planning_context]: Planner configuration 'right_arm[RRTConnectkConfigDefault]' will use planner 'geometric::RRTConnect'. Additional configuration parameters will be set when the planner is constructed.
[move_group-3] [INFO] [1791531787.216800211] [moveit_move_group_default_capabilities.move_action_capability]: Motion plan was computed successfully.
[move_group-3] [INFO] [1791531787.217906067] [moveit_move_group_default_capabilities.move_action_capability]: Received request
[move_group-3] [INFO] [1791531787.217991513] [moveit_move_group_default_capabilities.move_action_capability]: executing..
[move_group-3] [INFO] [1791531787.222031597] [moveit_move_group_default_capabilities.move_action_capability]: Planning request received for MoveGroup action. Forwarding to planning pipeline.
[move_group-3] [INFO] [1791531787.222598337] [moveit.ompl_planning.model_based_planning_context]: Planner configuration 'right_arm[RRTConnectkConfigDefault]' will use planner 'geometric::RRTConnect'. Additional configuration parameters will be set when the planner is constructed.
[move_group-3] [ERROR] [1791531787.307746322] [moveit.ros_planning.planning_pipeline]: Computed path is not valid. Invalid states at index locations: [ 69 70 76 ] out of 85. Explanations follow in command line. Contacts are published on /display_contacts
[move_group-3] [INFO] [1791531787.307808787] [moveit_collision_detection_fcl.collision_common]: Found a contact between 'task26_cube_2' (type 'Object') and 'right_fr3_side_suction' (type 'Robot link'), which constitutes a collision. Contact information is not stored.
[move_group-3] [INFO] [1791531787.307816204] [moveit_collision_detection_fcl.collision_common]: Collision checking is considered complete (collision was found and 0 contacts are stored)
[move_group-3] [INFO] [1791531787.307979929] [moveit_collision_detection_fcl.collision_common]: Found a contact between 'task26_cube_2' (type 'Object') and 'right_fr3_side_suction' (type 'Robot link'), which constitutes a collision. Contact information is not stored.
[move_group-3] [INFO] [1791531787.307985520] [moveit_collision_detection_fcl.collision_common]: Collision checking is considered complete (collision was found and 0 contacts are stored)
[move_group-3] [INFO] [1791531787.308065469] [moveit_collision_detection_fcl.collision_common]: Found a contact between 'task26_cube_2' (type 'Object') and 'right_fr3_side_suction' (type 'Robot link'), which constitutes a collision. Contact information is not stored.
[move_group-3] [INFO] [1791531787.308070200] [moveit_collision_detection_fcl.collision_common]: Collision checking is considered complete (collision was found and 0 contacts are stored)
[move_group-3] [ERROR] [1791531787.308138453] [moveit.ros_planning.planning_pipeline]: Completed listing of explanations for invalid states.
[move_group-3] [INFO] [1791531787.308329212] [moveit_move_group_default_capabilities.move_action_capability]: Motion plan was found but it seems to be invalid (possibly due to postprocessing). Not executing.
[move_group-3] [INFO] [1791531787.639621721] [moveit_move_group_default_capabilities.cartersian_path_service_capability]: Received request to compute Cartesian path
[move_group-3] [INFO] [1791531787.639699971] [moveit_move_group_default_capabilities.cartersian_path_service_capability]: Attempting to follow 1 waypoints for link 'right_fr3_side_suction_tcp' using a step of 0.002000 m and jump threshold 0.000000 (in global reference frame)
[move_group-3] [INFO] [1791531787.644196206] [moveit_move_group_default_capabilities.cartersian_path_service_capability]: Computed Cartesian path with 21 points (followed 100.000000% of requested trajectory)
[move_group-3] [INFO] [1791531787.661239437] [moveit_move_group_default_capabilities.cartersian_path_service_capability]: Received request to compute Cartesian path
[move_group-3] [INFO] [1791531787.661298825] [moveit_move_group_default_capabilities.cartersian_path_service_capability]: Attempting to follow 1 waypoints for link 'left_fr3_side_suction_tcp' using a step of 0.002000 m and jump threshold 0.000000 (in global reference frame)
[move_group-3] [INFO] [1791531787.686911899] [moveit_move_group_default_capabilities.cartersian_path_service_capability]: Computed Cartesian path with 141 points (followed 100.000000% of requested trajectory)
[move_group-3] [INFO] [1791531787.715205672] [moveit_move_group_default_capabilities.cartersian_path_service_capability]: Received request to compute Cartesian path
[move_group-3] [INFO] [1791531787.715305959] [moveit_move_group_default_capabilities.cartersian_path_service_capability]: Attempting to follow 1 waypoints for link 'right_fr3_side_suction_tcp' using a step of 0.002000 m and jump threshold 0.000000 (in global reference frame)
[move_group-3] [INFO] [1791531787.741494033] [moveit_move_group_default_capabilities.cartersian_path_service_capability]: Computed Cartesian path with 141 points (followed 100.000000% of requested trajectory)
[move_group-3] [INFO] [1791531787.760150709] [moveit_move_group_default_capabilities.cartersian_path_service_capability]: Received request to compute Cartesian path
[move_group-3] [INFO] [1791531787.760274446] [moveit_move_group_default_capabilities.cartersian_path_service_capability]: Attempting to follow 1 waypoints for link 'left_fr3_side_suction_tcp' using a step of 0.002000 m and jump threshold 0.000000 (in global reference frame)
[move_group-3] [INFO] [1791531787.889554482] [moveit_move_group_default_capabilities.cartersian_path_service_capability]: Computed Cartesian path with 212 points (followed 100.000000% of requested trajectory)
[move_group-3] [INFO] [1791531787.898399655] [moveit_move_group_default_capabilities.cartersian_path_service_capability]: Received request to compute Cartesian path
[move_group-3] [INFO] [1791531787.898454868] [moveit_move_group_default_capabilities.cartersian_path_service_capability]: Attempting to follow 1 waypoints for link 'right_fr3_side_suction_tcp' using a step of 0.002000 m and jump threshold 0.000000 (in global reference frame)
[move_group-3] [INFO] [1791531788.010095732] [moveit_move_group_default_capabilities.cartersian_path_service_capability]: Computed Cartesian path with 212 points (followed 100.000000% of requested trajectory)
[move_group-3] [INFO] [1791531788.034869987] [moveit_move_group_default_capabilities.cartersian_path_service_capability]: Received request to compute Cartesian path
[move_group-3] [INFO] [1791531788.034966936] [moveit_move_group_default_capabilities.cartersian_path_service_capability]: Attempting to follow 1 waypoints for link 'left_fr3_side_suction_tcp' using a step of 0.002000 m and jump threshold 0.000000 (in global reference frame)
[move_group-3] [INFO] [1791531788.039346090] [moveit_move_group_default_capabilities.cartersian_path_service_capability]: Computed Cartesian path with 32 points (followed 100.000000% of requested trajectory)
[move_group-3] [INFO] [1791531788.063833123] [moveit_move_group_default_capabilities.cartersian_path_service_capability]: Received request to compute Cartesian path
[move_group-3] [INFO] [1791531788.063915666] [moveit_move_group_default_capabilities.cartersian_path_service_capability]: Attempting to follow 1 waypoints for link 'right_fr3_side_suction_tcp' using a step of 0.002000 m and jump threshold 0.000000 (in global reference frame)
[move_group-3] [INFO] [1791531788.070241217] [moveit_move_group_default_capabilities.cartersian_path_service_capability]: Computed Cartesian path with 32 points (followed 100.000000% of requested trajectory)
[move_group-3] [INFO] [1791531788.085097711] [moveit_move_group_default_capabilities.cartersian_path_service_capability]: Received request to compute Cartesian path
[move_group-3] [INFO] [1791531788.085156498] [moveit_move_group_default_capabilities.cartersian_path_service_capability]: Attempting to follow 1 waypoints for link 'right_fr3_side_suction_tcp' using a step of 0.001500 m and jump threshold 0.000000 (in global reference frame)
[move_group-3] [INFO] [1791531788.092779174] [moveit_move_group_default_capabilities.cartersian_path_service_capability]: Computed Cartesian path with 42 points (followed 100.000000% of requested trajectory)
[move_group-3] [INFO] [1791531788.105599764] [moveit_move_group_default_capabilities.cartersian_path_service_capability]: Received request to compute Cartesian path
[move_group-3] [INFO] [1791531788.105687229] [moveit_move_group_default_capabilities.cartersian_path_service_capability]: Attempting to follow 1 waypoints for link 'right_fr3_side_suction_tcp' using a step of 0.003000 m and jump threshold 0.000000 (in global reference frame)
[move_group-3] [INFO] [1791531788.109984516] [moveit_move_group_default_capabilities.cartersian_path_service_capability]: Computed Cartesian path with 22 points (followed 100.000000% of requested trajectory)
[move_group-3] [INFO] [1791531788.133841662] [moveit_move_group_default_capabilities.cartersian_path_service_capability]: Received request to compute Cartesian path
[move_group-3] [INFO] [1791531788.133923546] [moveit_move_group_default_capabilities.cartersian_path_service_capability]: Attempting to follow 1 waypoints for link 'right_fr3_side_suction_tcp' using a step of 0.001000 m and jump threshold 0.000000 (in global reference frame)
[move_group-3] [INFO] [1791531788.146893480] [moveit_move_group_default_capabilities.cartersian_path_service_capability]: Computed Cartesian path with 62 points (followed 100.000000% of requested trajectory)
[move_group-3] [INFO] [1791531788.201678869] [moveit_move_group_default_capabilities.cartersian_path_service_capability]: Received request to compute Cartesian path
[move_group-3] [INFO] [1791531788.201777357] [moveit_move_group_default_capabilities.cartersian_path_service_capability]: Attempting to follow 1 waypoints for link 'right_fr3_side_suction_tcp' using a step of 0.002000 m and jump threshold 0.000000 (in global reference frame)
[move_group-3] [INFO] [1791531788.204973110] [moveit_move_group_default_capabilities.cartersian_path_service_capability]: Computed Cartesian path with 21 points (followed 100.000000% of requested trajectory)
[move_group-3] [INFO] [1791531788.221936702] [moveit_move_group_default_capabilities.cartersian_path_service_capability]: Received request to compute Cartesian path
[move_group-3] [INFO] [1791531788.221996321] [moveit_move_group_default_capabilities.cartersian_path_service_capability]: Attempting to follow 1 waypoints for link 'left_fr3_side_suction_tcp' using a step of 0.002000 m and jump threshold 0.000000 (in global reference frame)
[move_group-3] [INFO] [1791531788.246692623] [moveit_move_group_default_capabilities.cartersian_path_service_capability]: Computed Cartesian path with 141 points (followed 100.000000% of requested trajectory)
[move_group-3] [INFO] [1791531788.269708623] [moveit_move_group_default_capabilities.cartersian_path_service_capability]: Received request to compute Cartesian path
[move_group-3] [INFO] [1791531788.269767462] [moveit_move_group_default_capabilities.cartersian_path_service_capability]: Attempting to follow 1 waypoints for link 'right_fr3_side_suction_tcp' using a step of 0.002000 m and jump threshold 0.000000 (in global reference frame)
[move_group-3] [INFO] [1791531788.294152647] [moveit_move_group_default_capabilities.cartersian_path_service_capability]: Computed Cartesian path with 141 points (followed 100.000000% of requested trajectory)
[move_group-3] [INFO] [1791531788.311165063] [moveit_move_group_default_capabilities.cartersian_path_service_capability]: Received request to compute Cartesian path
[move_group-3] [INFO] [1791531788.311278801] [moveit_move_group_default_capabilities.cartersian_path_service_capability]: Attempting to follow 1 waypoints for link 'left_fr3_side_suction_tcp' using a step of 0.002000 m and jump threshold 0.000000 (in global reference frame)
[move_group-3] [INFO] [1791531788.434727755] [moveit_move_group_default_capabilities.cartersian_path_service_capability]: Computed Cartesian path with 212 points (followed 100.000000% of requested trajectory)
[move_group-3] [INFO] [1791531788.448542402] [moveit_move_group_default_capabilities.cartersian_path_service_capability]: Received request to compute Cartesian path
[move_group-3] [INFO] [1791531788.448615303] [moveit_move_group_default_capabilities.cartersian_path_service_capability]: Attempting to follow 1 waypoints for link 'right_fr3_side_suction_tcp' using a step of 0.002000 m and jump threshold 0.000000 (in global reference frame)
[move_group-3] [INFO] [1791531788.499796598] [moveit_move_group_default_capabilities.cartersian_path_service_capability]: Computed Cartesian path with 212 points (followed 100.000000% of requested trajectory)
[move_group-3] [INFO] [1791531788.518306540] [moveit_move_group_default_capabilities.cartersian_path_service_capability]: Received request to compute Cartesian path
[move_group-3] [INFO] [1791531788.518402488] [moveit_move_group_default_capabilities.cartersian_path_service_capability]: Attempting to follow 1 waypoints for link 'right_fr3_side_suction_tcp' using a step of 0.001500 m and jump threshold 0.000000 (in global reference frame)
[move_group-3] [INFO] [1791531788.614093565] [moveit_move_group_default_capabilities.cartersian_path_service_capability]: Computed Cartesian path with 282 points (followed 100.000000% of requested trajectory)
[move_group-3] [INFO] [1791531788.616109610] [moveit_move_group_default_capabilities.cartersian_path_service_capability]: Received request to compute Cartesian path
[move_group-3] [INFO] [1791531788.616161694] [moveit_move_group_default_capabilities.cartersian_path_service_capability]: Attempting to follow 1 waypoints for link 'right_fr3_side_suction_tcp' using a step of 0.003000 m and jump threshold 0.000000 (in global reference frame)
[move_group-3] [INFO] [1791531788.644076398] [moveit_move_group_default_capabilities.cartersian_path_service_capability]: Computed Cartesian path with 142 points (followed 100.000000% of requested trajectory)
[move_group-3] [INFO] [1791531788.657447752] [moveit_move_group_default_capabilities.cartersian_path_service_capability]: Received request to compute Cartesian path
[move_group-3] [INFO] [1791531788.657521348] [moveit_move_group_default_capabilities.cartersian_path_service_capability]: Attempting to follow 1 waypoints for link 'right_fr3_side_suction_tcp' using a step of 0.001000 m and jump threshold 0.000000 (in global reference frame)
[move_group-3] [INFO] [1791531788.809883716] [moveit_move_group_default_capabilities.cartersian_path_service_capability]: Computed Cartesian path with 422 points (followed 100.000000% of requested trajectory)
[move_group-3] [INFO] [1791531788.863853061] [moveit_move_group_default_capabilities.cartersian_path_service_capability]: Received request to compute Cartesian path
[move_group-3] [INFO] [1791531788.863961627] [moveit_move_group_default_capabilities.cartersian_path_service_capability]: Attempting to follow 1 waypoints for link 'right_fr3_side_suction_tcp' using a step of 0.002000 m and jump threshold 0.000000 (in global reference frame)
[move_group-3] [INFO] [1791531788.867891090] [moveit_move_group_default_capabilities.cartersian_path_service_capability]: Computed Cartesian path with 22 points (followed 100.000000% of requested trajectory)
[move_group-3] [INFO] [1791531788.891413058] [moveit_move_group_default_capabilities.cartersian_path_service_capability]: Received request to compute Cartesian path
[move_group-3] [INFO] [1791531788.891488894] [moveit_move_group_default_capabilities.cartersian_path_service_capability]: Attempting to follow 1 waypoints for link 'left_fr3_side_suction_tcp' using a step of 0.002000 m and jump threshold 0.000000 (in global reference frame)
[move_group-3] [INFO] [1791531788.915595160] [moveit_move_group_default_capabilities.cartersian_path_service_capability]: Computed Cartesian path with 141 points (followed 100.000000% of requested trajectory)
[move_group-3] [INFO] [1791531788.931513876] [moveit_move_group_default_capabilities.cartersian_path_service_capability]: Received request to compute Cartesian path
[move_group-3] [INFO] [1791531788.931579779] [moveit_move_group_default_capabilities.cartersian_path_service_capability]: Attempting to follow 1 waypoints for link 'right_fr3_side_suction_tcp' using a step of 0.002000 m and jump threshold 0.000000 (in global reference frame)
[move_group-3] [INFO] [1791531788.961580053] [moveit_move_group_default_capabilities.cartersian_path_service_capability]: Computed Cartesian path with 142 points (followed 100.000000% of requested trajectory)
[move_group-3] [INFO] [1791531788.979025668] [moveit_move_group_default_capabilities.cartersian_path_service_capability]: Received request to compute Cartesian path
[move_group-3] [INFO] [1791531788.979090560] [moveit_move_group_default_capabilities.cartersian_path_service_capability]: Attempting to follow 1 waypoints for link 'right_fr3_side_suction_tcp' using a step of 0.001500 m and jump threshold 0.000000 (in global reference frame)
[move_group-3] [INFO] [1791531789.027353624] [moveit_move_group_default_capabilities.cartersian_path_service_capability]: Computed Cartesian path with 188 points (followed 100.000000% of requested trajectory)
[move_group-3] [INFO] [1791531789.048750658] [moveit_move_group_default_capabilities.cartersian_path_service_capability]: Received request to compute Cartesian path
[move_group-3] [INFO] [1791531789.048835901] [moveit_move_group_default_capabilities.cartersian_path_service_capability]: Attempting to follow 1 waypoints for link 'right_fr3_side_suction_tcp' using a step of 0.003000 m and jump threshold 0.000000 (in global reference frame)
[move_group-3] [INFO] [1791531789.067425711] [moveit_move_group_default_capabilities.cartersian_path_service_capability]: Computed Cartesian path with 95 points (followed 100.000000% of requested trajectory)
[move_group-3] [INFO] [1791531789.069630190] [moveit_move_group_default_capabilities.cartersian_path_service_capability]: Received request to compute Cartesian path
[move_group-3] [INFO] [1791531789.069723065] [moveit_move_group_default_capabilities.cartersian_path_service_capability]: Attempting to follow 1 waypoints for link 'right_fr3_side_suction_tcp' using a step of 0.001000 m and jump threshold 0.000000 (in global reference frame)
[move_group-3] [INFO] [1791531789.123362700] [moveit_move_group_default_capabilities.cartersian_path_service_capability]: Computed Cartesian path with 282 points (followed 100.000000% of requested trajectory)
[move_group-3] [INFO] [1791531789.139182435] [moveit_move_group_default_capabilities.cartersian_path_service_capability]: Received request to compute Cartesian path
[move_group-3] [INFO] [1791531789.139254023] [moveit_move_group_default_capabilities.cartersian_path_service_capability]: Attempting to follow 1 waypoints for link 'right_fr3_side_suction_tcp' using a step of 0.002000 m and jump threshold 0.000000 (in global reference frame)
[move_group-3] [INFO] [1791531789.142494437] [moveit_move_group_default_capabilities.cartersian_path_service_capability]: Computed Cartesian path with 21 points (followed 100.000000% of requested trajectory)
[move_group-3] [INFO] [1791531789.167389331] [moveit_move_group_default_capabilities.cartersian_path_service_capability]: Received request to compute Cartesian path
[move_group-3] [INFO] [1791531789.167481468] [moveit_move_group_default_capabilities.cartersian_path_service_capability]: Attempting to follow 1 waypoints for link 'left_fr3_side_suction_tcp' using a step of 0.002000 m and jump threshold 0.000000 (in global reference frame)
[move_group-3] [INFO] [1791531789.193490363] [moveit_move_group_default_capabilities.cartersian_path_service_capability]: Computed Cartesian path with 141 points (followed 100.000000% of requested trajectory)
[move_group-3] [INFO] [1791531789.208014576] [moveit_move_group_default_capabilities.cartersian_path_service_capability]: Received request to compute Cartesian path
[move_group-3] [INFO] [1791531789.208104498] [moveit_move_group_default_capabilities.cartersian_path_service_capability]: Attempting to follow 1 waypoints for link 'right_fr3_side_suction_tcp' using a step of 0.002000 m and jump threshold 0.000000 (in global reference frame)
[move_group-3] [INFO] [1791531789.232732943] [moveit_move_group_default_capabilities.cartersian_path_service_capability]: Computed Cartesian path with 141 points (followed 100.000000% of requested trajectory)
[move_group-3] [INFO] [1791531789.258161629] [moveit_move_group_default_capabilities.cartersian_path_service_capability]: Received request to compute Cartesian path
[move_group-3] [INFO] [1791531789.258240637] [moveit_move_group_default_capabilities.cartersian_path_service_capability]: Attempting to follow 1 waypoints for link 'left_fr3_side_suction_tcp' using a step of 0.002000 m and jump threshold 0.000000 (in global reference frame)
[move_group-3] [INFO] [1791531789.389484433] [moveit_move_group_default_capabilities.cartersian_path_service_capability]: Computed Cartesian path with 212 points (followed 100.000000% of requested trajectory)
[move_group-3] [INFO] [1791531789.395563654] [moveit_move_group_default_capabilities.cartersian_path_service_capability]: Received request to compute Cartesian path
[move_group-3] [INFO] [1791531789.395639371] [moveit_move_group_default_capabilities.cartersian_path_service_capability]: Attempting to follow 1 waypoints for link 'right_fr3_side_suction_tcp' using a step of 0.002000 m and jump threshold 0.000000 (in global reference frame)
[move_group-3] [INFO] [1791531789.505238253] [moveit_move_group_default_capabilities.cartersian_path_service_capability]: Computed Cartesian path with 212 points (followed 100.000000% of requested trajectory)
[move_group-3] [INFO] [1791531789.532601565] [moveit_move_group_default_capabilities.cartersian_path_service_capability]: Received request to compute Cartesian path
[move_group-3] [INFO] [1791531789.532681540] [moveit_move_group_default_capabilities.cartersian_path_service_capability]: Attempting to follow 1 waypoints for link 'left_fr3_side_suction_tcp' using a step of 0.002000 m and jump threshold 0.000000 (in global reference frame)
[move_group-3] [INFO] [1791531789.536855954] [moveit_move_group_default_capabilities.cartersian_path_service_capability]: Computed Cartesian path with 32 points (followed 100.000000% of requested trajectory)
[move_group-3] [INFO] [1791531789.553039948] [moveit_move_group_default_capabilities.cartersian_path_service_capability]: Received request to compute Cartesian path
[move_group-3] [INFO] [1791531789.553109600] [moveit_move_group_default_capabilities.cartersian_path_service_capability]: Attempting to follow 1 waypoints for link 'right_fr3_side_suction_tcp' using a step of 0.002000 m and jump threshold 0.000000 (in global reference frame)
[move_group-3] [INFO] [1791531789.556432959] [moveit_move_group_default_capabilities.cartersian_path_service_capability]: Computed Cartesian path with 32 points (followed 100.000000% of requested trajectory)
[move_group-3] [INFO] [1791531789.580298338] [moveit_move_group_default_capabilities.cartersian_path_service_capability]: Received request to compute Cartesian path
[move_group-3] [INFO] [1791531789.580400255] [moveit_move_group_default_capabilities.cartersian_path_service_capability]: Attempting to follow 1 waypoints for link 'left_fr3_side_suction_tcp' using a step of 0.002000 m and jump threshold 0.000000 (in global reference frame)
[move_group-3] [INFO] [1791531789.597995980] [moveit_move_group_default_capabilities.cartersian_path_service_capability]: Computed Cartesian path with 132 points (followed 100.000000% of requested trajectory)
[move_group-3] [INFO] [1791531789.600873779] [moveit_move_group_default_capabilities.cartersian_path_service_capability]: Received request to compute Cartesian path
[move_group-3] [INFO] [1791531789.600931447] [moveit_move_group_default_capabilities.cartersian_path_service_capability]: Attempting to follow 1 waypoints for link 'right_fr3_side_suction_tcp' using a step of 0.002000 m and jump threshold 0.000000 (in global reference frame)
[move_group-3] [INFO] [1791531789.626383310] [moveit_move_group_default_capabilities.cartersian_path_service_capability]: Computed Cartesian path with 132 points (followed 100.000000% of requested trajectory)
[move_group-3] [INFO] [1791531789.648006764] [moveit_move_group_default_capabilities.cartersian_path_service_capability]: Received request to compute Cartesian path
[move_group-3] [INFO] [1791531789.648095208] [moveit_move_group_default_capabilities.cartersian_path_service_capability]: Attempting to follow 1 waypoints for link 'left_fr3_side_suction_tcp' using a step of 0.002000 m and jump threshold 0.000000 (in global reference frame)
[move_group-3] [INFO] [1791531789.649352574] [moveit_move_group_default_capabilities.cartersian_path_service_capability]: Computed Cartesian path with 12 points (followed 100.000000% of requested trajectory)
[move_group-3] [INFO] [1791531789.668741718] [moveit_move_group_default_capabilities.cartersian_path_service_capability]: Received request to compute Cartesian path
[move_group-3] [INFO] [1791531789.668810101] [moveit_move_group_default_capabilities.cartersian_path_service_capability]: Attempting to follow 1 waypoints for link 'right_fr3_side_suction_tcp' using a step of 0.002000 m and jump threshold 0.000000 (in global reference frame)
[move_group-3] [INFO] [1791531789.669976185] [moveit_move_group_default_capabilities.cartersian_path_service_capability]: Computed Cartesian path with 11 points (followed 100.000000% of requested trajectory)
[move_group-3] [INFO] [1791531789.689540461] [moveit_move_group_default_capabilities.cartersian_path_service_capability]: Received request to compute Cartesian path
[move_group-3] [INFO] [1791531789.689641094] [moveit_move_group_default_capabilities.cartersian_path_service_capability]: Attempting to follow 1 waypoints for link 'left_fr3_side_suction_tcp' using a step of 0.002000 m and jump threshold 0.000000 (in global reference frame)
[move_group-3] [INFO] [1791531789.746882762] [moveit_move_group_default_capabilities.cartersian_path_service_capability]: Computed Cartesian path with 220 points (followed 100.000000% of requested trajectory)
[move_group-3] [INFO] [1791531789.763783000] [moveit_move_group_default_capabilities.cartersian_path_service_capability]: Received request to compute Cartesian path
[move_group-3] [INFO] [1791531789.763855262] [moveit_move_group_default_capabilities.cartersian_path_service_capability]: Attempting to follow 1 waypoints for link 'right_fr3_side_suction_tcp' using a step of 0.002000 m and jump threshold 0.000000 (in global reference frame)
[move_group-3] [INFO] [1791531789.786143691] [moveit_move_group_default_capabilities.cartersian_path_service_capability]: Computed Cartesian path with 141 points (followed 100.000000% of requested trajectory)
