state_index,segment,segment_index,cube_x_m,cube_y_m,cube_z_m,category,signed_distance_m,body1,body2
0,A_tight_transport,0,0.55000000000000004,0,0.38,minimum_fcl_distance,0.0009999655246562772,shared_cube,right_fr3_side_suction
0,A_tight_transport,0,0.55000000000000004,0,0.38,minimum_self_and_inter_arm_fcl_distance,0.0020285193035323216,right_fr3_link7,right_fr3_side_suction
0,A_tight_transport,0,0.55000000000000004,0,0.38,minimum_inter_arm_fcl_distance,0.12362845055667808,left_fr3_side_suction,right_fr3_side_suction
0,A_tight_transport,0,0.55000000000000004,0,0.38,minimum_robot_world_fcl_distance,0.0009999655246562772,shared_cube,right_fr3_side_suction
0,A_tight_transport,0,0.55000000000000004,0,0.38,minimum_robot_environment_excluding_cube_fcl_distance,0.10557929873466487,right_fr3_link0,table
0,A_tight_transport,0,0.55000000000000004,0,0.38,minimum_wrist_tool_environment_fcl_distance,0.14499997289539637,table,right_fr3_side_suction
1,A_tight_transport,1,0.55177777777777781,0,0.37911111111111112,minimum_fcl_distance,0.0009998341371066477,shared_cube,left_fr3_side_suction
1,A_tight_transport,1,0.55177777777777781,0,0.37911111111111112,minimum_self_and_inter_arm_fcl_distance,0.0020285193035323446,left_fr3_link7,left_fr3_side_suction
1,A_tight_transport,1,0.55177777777777781,0,0.37911111111111112,minimum_inter_arm_fcl_distance,0.12362823137072211,left_fr3_side_suction,right_fr3_side_suction
1,A_tight_transport,1,0.55177777777777781,0,0.37911111111111112,minimum_robot_world_fcl_distance,0.0009998341371066477,shared_cube,left_fr3_side_suction
1,A_tight_transport,1,0.55177777777777781,0,0.37911111111111112,minimum_robot_environment_excluding_cube_fcl_distance,0.10557929873466487,right_fr3_link0,table
1,A_tight_transport,1,0.55177777777777781,0,0.37911111111111112,minimum_wrist_tool_environment_fcl_distance,0.1441111380459402,table,right_fr3_side_suction
2,A_tight_transport,2,0.55355555555555558,0,0.37822222222222224,minimum_fcl_distance,0.000999834523151188,shared_cube,left_fr3_side_suction
2,A_tight_transport,2,0.55355555555555558,0,0.37822222222222224,minimum_self_and_inter_arm_fcl_distance,0.002028519303532372,left_fr3_link7,left_fr3_side_suction
2,A_tight_transport,2,0.55355555555555558,0,0.37822222222222224,minimum_inter_arm_fcl_distance,0.1236282319482757,left_fr3_side_suction,right_fr3_side_suction
2,A_tight_transport,2,0.55355555555555558,0,0.37822222222222224,minimum_robot_world_fcl_distance,0.000999834523151188,shared_cube,left_fr3_side_suction
2,A_tight_transport,2,0.55355555555555558,0,0.37822222222222224,minimum_robot_environment_excluding_cube_fcl_distance,0.10557929873466487,right_fr3_link0,table
2,A_tight_transport,2,0.55355555555555558,0,0.37822222222222224,minimum_wrist_tool_environment_fcl_distance,0.1432222491939066,table,right_fr3_side_suction
3,A_tight_transport,3,0.55533333333333335,0,0.37733333333333335,minimum_fcl_distance,0.0009998352172001512,shared_cube,left_fr3_side_suction
3,A_tight_transport,3,0.55533333333333335,0,0.37733333333333335,minimum_self_and_inter_arm_fcl_distance,0.002028519303532296,right_fr3_link7,right_fr3_side_suction
3,A_tight_transport,3,0.55533333333333335,0,0.37733333333333335,minimum_inter_arm_fcl_distance,0.1236282330130359,left_fr3_side_suction,right_fr3_side_suction
3,A_tight_transport,3,0.55533333333333335,0,0.37733333333333335,minimum_robot_world_fcl_distance,0.0009998352172001512,shared_cube,left_fr3_side_suction
3,A_tight_transport,3,0.55533333333333335,0,0.37733333333333335,minimum_robot_environment_excluding_cube_fcl_distance,0.10557929873466487,right_fr3_link0,table
3,A_tight_transport,3,0.55533333333333335,0,0.37733333333333335,minimum_wrist_tool_environment_fcl_distance,0.14233336026284216,table,right_fr3_side_suction
4,A_tight_transport,4,0.55711111111111111,0,0.37644444444444447,minimum_fcl_distance,0.0009998358935967247,shared_cube,left_fr3_side_suction
4,A_tight_transport,4,0.55711111111111111,0,0.37644444444444447,minimum_self_and_inter_arm_fcl_distance,0.002028519303532378,right_fr3_link7,right_fr3_side_suction
4,A_tight_transport,4,0.55711111111111111,0,0.37644444444444447,minimum_inter_arm_fcl_distance,0.12362823405149764,left_fr3_side_suction,right_fr3_side_suction
4,A_tight_transport,4,0.55711111111111111,0,0.37644444444444447,minimum_robot_world_fcl_distance,0.0009998358935967247,shared_cube,left_fr3_side_suction
4,A_tight_transport,4,0.55711111111111111,0,0.37644444444444447,minimum_robot_environment_excluding_cube_fcl_distance,0.10557929873466487,right_fr3_link0,table
4,A_tight_transport,4,0.55711111111111111,0,0.37644444444444447,minimum_wrist_tool_environment_fcl_distance,0.14144447133222027,table,right_fr3_side_suction
5,A_tight_transport,5,0.55888888888888888,0,0.37555555555555559,minimum_fcl_distance,0.0009998365517166882,shared_cube,left_fr3_side_suction
5,A_tight_transport,5,0.55888888888888888,0,0.37555555555555559,minimum_self_and_inter_arm_fcl_distance,0.002028519303532362,left_fr3_link7,left_fr3_side_suction
5,A_tight_transport,5,0.55888888888888888,0,0.37555555555555559,minimum_inter_arm_fcl_distance,0.12362823506271012,left_fr3_side_suction,right_fr3_side_suction
5,A_tight_transport,5,0.55888888888888888,0,0.37555555555555559,minimum_robot_world_fcl_distance,0.0009998365517166882,shared_cube,left_fr3_side_suction
5,A_tight_transport,5,0.55888888888888888,0,0.37555555555555559,minimum_robot_environment_excluding_cube_fcl_distance,0.10557929873466487,right_fr3_link0,table
5,A_tight_transport,5,0.55888888888888888,0,0.37555555555555559,minimum_wrist_tool_environment_fcl_distance,0.140555582402196,table,right_fr3_side_suction
6,A_tight_transport,6,0.56066666666666676,0,0.37466666666666665,minimum_fcl_distance,0.000999837191695427,shared_cube,left_fr3_side_suction
6,A_tight_transport,6,0.56066666666666676,0,0.37466666666666665,minimum_self_and_inter_arm_fcl_distance,0.002028519303532417,left_fr3_link7,left_fr3_side_suction
6,A_tight_transport,6,0.56066666666666676,0,0.37466666666666665,minimum_inter_arm_fcl_distance,0.12362823604681462,left_fr3_side_suction,right_fr3_side_suction
6,A_tight_transport,6,0.56066666666666676,0,0.37466666666666665,minimum_robot_world_fcl_distance,0.000999837191695427,shared_cube,left_fr3_side_suction
6,A_tight_transport,6,0.56066666666666676,0,0.37466666666666665,minimum_robot_environment_excluding_cube_fcl_distance,0.10557929873466487,right_fr3_link0,table
6,A_tight_transport,6,0.56066666666666676,0,0.37466666666666665,minimum_wrist_tool_environment_fcl_distance,0.1396666934727728,table,right_fr3_side_suction
7,A_tight_transport,7,0.56244444444444452,0,0.37377777777777776,minimum_fcl_distance,0.0009998378136657608,shared_cube,left_fr3_side_suction
7,A_tight_transport,7,0.56244444444444452,0,0.37377777777777776,minimum_self_and_inter_arm_fcl_distance,0.002028519303532329,left_fr3_link7,left_fr3_side_suction
7,A_tight_transport,7,0.56244444444444452,0,0.37377777777777776,minimum_inter_arm_fcl_distance,0.12362823700394754,left_fr3_side_suction,right_fr3_side_suction
7,A_tight_transport,7,0.56244444444444452,0,0.37377777777777776,minimum_robot_world_fcl_distance,0.0009998378136657608,shared_cube,left_fr3_side_suction
7,A_tight_transport,7,0.56244444444444452,0,0.37377777777777776,minimum_robot_environment_excluding_cube_fcl_distance,0.10557929873466487,right_fr3_link0,table
7,A_tight_transport,7,0.56244444444444452,0,0.37377777777777776,minimum_wrist_tool_environment_fcl_distance,0.13877780310502263,table,right_fr3_side_suction
8,A_tight_transport,8,0.56422222222222229,0,0.37288888888888888,minimum_fcl_distance,0.0009998384177563491,shared_cube,left_fr3_side_suction
8,A_tight_transport,8,0.56422222222222229,0,0.37288888888888888,minimum_self_and_inter_arm_fcl_distance,0.0020285193035323593,right_fr3_link7,right_fr3_side_suction
8,A_tight_transport,8,0.56422222222222229,0,0.37288888888888888,minimum_inter_arm_fcl_distance,0.1236282379342374,left_fr3_side_suction,right_fr3_side_suction
8,A_tight_transport,8,0.56422222222222229,0,0.37288888888888888,minimum_robot_world_fcl_distance,0.0009998384177563491,shared_cube,left_fr3_side_suction
8,A_tight_transport,8,0.56422222222222229,0,0.37288888888888888,minimum_robot_environment_excluding_cube_fcl_distance,0.10557929873466487,right_fr3_link0,table
8,A_tight_transport,8,0.56422222222222229,0,0.37288888888888888,minimum_wrist_tool_environment_fcl_distance,0.13788891561575392,table,right_fr3_side_suction
9,A_tight_transport,9,0.56600000000000006,0,0.372,minimum_fcl_distance,0.0009998390040914025,shared_cube,left_fr3_side_suction
9,A_tight_transport,9,0.56600000000000006,0,0.372,minimum_self_and_inter_arm_fcl_distance,0.002028519303532411,left_fr3_link7,left_fr3_side_suction
9,A_tight_transport,9,0.56600000000000006,0,0.372,minimum_inter_arm_fcl_distance,0.12362823883780509,left_fr3_side_suction,right_fr3_side_suction
9,A_tight_transport,9,0.56600000000000006,0,0.372,minimum_robot_world_fcl_distance,0.0009998390040914025,shared_cube,left_fr3_side_suction
9,A_tight_transport,9,0.56600000000000006,0,0.372,minimum_robot_environment_excluding_cube_fcl_distance,0.10557929873466487,right_fr3_link0,table
9,A_tight_transport,9,0.56600000000000006,0,0.372,minimum_wrist_tool_environment_fcl_distance,0.13700002535276956,table,right_fr3_side_suction
10,A_tight_transport,10,0.56777777777777783,0,0.37111111111111111,minimum_fcl_distance,0.0009998395727911457,shared_cube,left_fr3_side_suction
10,A_tight_transport,10,0.56777777777777783,0,0.37111111111111111,minimum_self_and_inter_arm_fcl_distance,0.0020285193035323367,right_fr3_link7,right_fr3_side_suction
10,A_tight_transport,10,0.56777777777777783,0,0.37111111111111111,minimum_inter_arm_fcl_distance,0.12362823971476301,left_fr3_side_suction,right_fr3_side_suction
10,A_tight_transport,10,0.56777777777777783,0,0.37111111111111111,minimum_robot_world_fcl_distance,0.0009998395727911457,shared_cube,left_fr3_side_suction
10,A_tight_transport,10,0.56777777777777783,0,0.37111111111111111,minimum_robot_environment_excluding_cube_fcl_distance,0.10557929873466487,right_fr3_link0,table
10,A_tight_transport,10,0.56777777777777783,0,0.37111111111111111,minimum_wrist_tool_environment_fcl_distance,0.1361111364750402,table,right_fr3_side_suction
11,A_tight_transport,11,0.56955555555555559,0,0.37022222222222223,minimum_fcl_distance,0.0009998401239731478,shared_cube,left_fr3_side_suction
11,A_tight_transport,11,0.56955555555555559,0,0.37022222222222223,minimum_self_and_inter_arm_fcl_distance,0.002028519303532348,right_fr3_link7,right_fr3_side_suction
11,A_tight_transport,11,0.56955555555555559,0,0.37022222222222223,minimum_inter_arm_fcl_distance,0.12362824056521851,left_fr3_side_suction,right_fr3_side_suction
11,A_tight_transport,11,0.56955555555555559,0,0.37022222222222223,minimum_robot_world_fcl_distance,0.0009998401239731478,shared_cube,left_fr3_side_suction
11,A_tight_transport,11,0.56955555555555559,0,0.37022222222222223,minimum_robot_environment_excluding_cube_fcl_distance,0.10557929873466487,right_fr3_link0,table
11,A_tight_transport,11,0.56955555555555559,0,0.37022222222222223,minimum_wrist_tool_environment_fcl_distance,0.135222248834926,table,right_fr3_side_suction
12,A_tight_transport,12,0.57133333333333336,0,0.36933333333333335,minimum_fcl_distance,0.0009998406577496105,shared_cube,left_fr3_side_suction
12,A_tight_transport,12,0.57133333333333336,0,0.36933333333333335,minimum_self_and_inter_arm_fcl_distance,0.002028519303532385,left_fr3_link7,left_fr3_side_suction
12,A_tight_transport,12,0.57133333333333336,0,0.36933333333333335,minimum_inter_arm_fcl_distance,0.12362824138927066,left_fr3_side_suction,right_fr3_side_suction
12,A_tight_transport,12,0.57133333333333336,0,0.36933333333333335,minimum_robot_world_fcl_distance,0.0009998406577496105,shared_cube,left_fr3_side_suction
12,A_tight_transport,12,0.57133333333333336,0,0.36933333333333335,minimum_robot_environment_excluding_cube_fcl_distance,0.10557929873466487,right_fr3_link0,table
12,A_tight_transport,12,0.57133333333333336,0,0.36933333333333335,minimum_wrist_tool_environment_fcl_distance,0.13433335990928577,table,right_fr3_side_suction
13,A_tight_transport,13,0.57311111111111113,0,0.36844444444444446,minimum_fcl_distance,0.0009998411742312748,shared_cube,left_fr3_side_suction
13,A_tight_transport,13,0.57311111111111113,0,0.36844444444444446,minimum_self_and_inter_arm_fcl_distance,0.0020285193035323567,left_fr3_link7,left_fr3_side_suction
13,A_tight_transport,13,0.57311111111111113,0,0.36844444444444446,minimum_inter_arm_fcl_distance,0.12362824218701271,left_fr3_side_suction,right_fr3_side_suction
13,A_tight_transport,13,0.57311111111111113,0,0.36844444444444446,minimum_robot_world_fcl_distance,0.0009998411742312748,shared_cube,left_fr3_side_suction
13,A_tight_transport,13,0.57311111111111113,0,0.36844444444444446,minimum_robot_environment_excluding_cube_fcl_distance,0.10557929873466487,right_fr3_link0,table
13,A_tight_transport,13,0.57311111111111113,0,0.36844444444444446,minimum_wrist_tool_environment_fcl_distance,0.13344446983608532,table,right_fr3_side_suction
14,A_tight_transport,14,0.57488888888888889,0,0.36755555555555558,minimum_fcl_distance,0.0009998416735260902,shared_cube,left_fr3_side_suction
14,A_tight_transport,14,0.57488888888888889,0,0.36755555555555558,minimum_self_and_inter_arm_fcl_distance,0.0020285193035322916,left_fr3_link7,left_fr3_side_suction
14,A_tight_transport,14,0.57488888888888889,0,0.36755555555555558,minimum_inter_arm_fcl_distance,0.12362824295853261,left_fr3_side_suction,right_fr3_side_suction
14,A_tight_transport,14,0.57488888888888889,0,0.36755555555555558,minimum_robot_world_fcl_distance,0.0009998416735260902,shared_cube,left_fr3_side_suction
14,A_tight_transport,14,0.57488888888888889,0,0.36755555555555558,minimum_robot_environment_excluding_cube_fcl_distance,0.10557929873466487,right_fr3_link0,table
14,A_tight_transport,14,0.57488888888888889,0,0.36755555555555558,minimum_wrist_tool_environment_fcl_distance,0.13255558206005566,table,right_fr3_side_suction
15,A_tight_transport,15,0.57666666666666666,0,0.3666666666666667,minimum_fcl_distance,0.0009998421557374808,shared_cube,left_fr3_side_suction
15,A_tight_transport,15,0.57666666666666666,0,0.3666666666666667,minimum_self_and_inter_arm_fcl_distance,0.0020285193035322747,right_fr3_link7,right_fr3_side_suction
15,A_tight_transport,15,0.57666666666666666,0,0.3666666666666667,minimum_inter_arm_fcl_distance,0.12362824370391062,left_fr3_side_suction,right_fr3_side_suction
15,A_tight_transport,15,0.57666666666666666,0,0.3666666666666667,minimum_robot_world_fcl_distance,0.0009998421557374808,shared_cube,left_fr3_side_suction
15,A_tight_transport,15,0.57666666666666666,0,0.3666666666666667,minimum_robot_environment_excluding_cube_fcl_distance,0.10557929873466487,right_fr3_link0,table
15,A_tight_transport,15,0.57666666666666666,0,0.3666666666666667,minimum_wrist_tool_environment_fcl_distance,0.1316666931365045,table,right_fr3_side_suction
16,A_tight_transport,16,0.57844444444444454,0,0.36577777777777776,minimum_fcl_distance,0.00099984262096886,shared_cube,left_fr3_side_suction
16,A_tight_transport,16,0.57844444444444454,0,0.36577777777777776,minimum_self_and_inter_arm_fcl_distance,0.0020285193035323107,left_fr3_link7,left_fr3_side_suction
16,A_tight_transport,16,0.57844444444444454,0,0.36577777777777776,minimum_inter_arm_fcl_distance,0.1236282444232237,left_fr3_side_suction,right_fr3_side_suction
16,A_tight_transport,16,0.57844444444444454,0,0.36577777777777776,minimum_robot_world_fcl_distance,0.00099984262096886,shared_cube,left_fr3_side_suction
16,A_tight_transport,16,0.57844444444444454,0,0.36577777777777776,minimum_robot_environment_excluding_cube_fcl_distance,0.10557929873466487,right_fr3_link0,table
16,A_tight_transport,16,0.57844444444444454,0,0.36577777777777776,minimum_wrist_tool_environment_fcl_distance,0.13077780421369228,table,right_fr3_side_suction
17,A_tight_transport,17,0.58022222222222231,0,0.36488888888888887,minimum_fcl_distance,0.0009998430693197381,shared_cube,left_fr3_side_suction
17,A_tight_transport,17,0.58022222222222231,0,0.36488888888888887,minimum_self_and_inter_arm_fcl_distance,0.0020285193035323363,left_fr3_link7,left_fr3_side_suction
17,A_tight_transport,17,0.58022222222222231,0,0.36488888888888887,minimum_inter_arm_fcl_distance,0.12362824511654277,left_fr3_side_suction,right_fr3_side_suction
17,A_tight_transport,17,0.58022222222222231,0,0.36488888888888887,minimum_robot_world_fcl_distance,0.0009998430693197381,shared_cube,left_fr3_side_suction
17,A_tight_transport,17,0.58022222222222231,0,0.36488888888888887,minimum_robot_environment_excluding_cube_fcl_distance,0.10557929873466487,right_fr3_link0,table
17,A_tight_transport,17,0.58022222222222231,0,0.36488888888888887,minimum_wrist_tool_environment_fcl_distance,0.12988891529164298,table,right_fr3_side_suction
18,A_tight_transport,18,0.58200000000000007,0,0.36399999999999999,minimum_fcl_distance,0.0009998435008888272,shared_cube,left_fr3_side_suction
18,A_tight_transport,18,0.58200000000000007,0,0.36399999999999999,minimum_self_and_inter_arm_fcl_distance,0.002028519303532303,left_fr3_link7,left_fr3_side_suction
18,A_tight_transport,18,0.58200000000000007,0,0.36399999999999999,minimum_inter_arm_fcl_distance,0.12362824578393312,left_fr3_side_suction,right_fr3_side_suction
18,A_tight_transport,18,0.58200000000000007,0,0.36399999999999999,minimum_robot_world_fcl_distance,0.0009998435008888272,shared_cube,left_fr3_side_suction
18,A_tight_transport,18,0.58200000000000007,0,0.36399999999999999,minimum_robot_environment_excluding_cube_fcl_distance,0.10557929873466487,right_fr3_link0,table
18,A_tight_transport,18,0.58200000000000007,0,0.36399999999999999,minimum_wrist_tool_environment_fcl_distance,0.12900002637038382,table,right_fr3_side_suction
19,A_tight_transport,19,0.58377777777777784,0,0.36311111111111111,minimum_fcl_distance,0.0009998439157727487,shared_cube,left_fr3_side_suction
19,A_tight_transport,19,0.58377777777777784,0,0.36311111111111111,minimum_self_and_inter_arm_fcl_distance,0.0020285193035323615,left_fr3_link7,left_fr3_side_suction
19,A_tight_transport,19,0.58377777777777784,0,0.36311111111111111,minimum_inter_arm_fcl_distance,0.12362824642545694,left_fr3_side_suction,right_fr3_side_suction
19,A_tight_transport,19,0.58377777777777784,0,0.36311111111111111,minimum_robot_world_fcl_distance,0.0009998439157727487,shared_cube,left_fr3_side_suction
19,A_tight_transport,19,0.58377777777777784,0,0.36311111111111111,minimum_robot_environment_excluding_cube_fcl_distance,0.10557929873466487,right_fr3_link0,table
19,A_tight_transport,19,0.58377777777777784,0,0.36311111111111111,minimum_wrist_tool_environment_fcl_distance,0.12811113744994349,table,right_fr3_side_suction
20,A_tight_transport,20,0.58555555555555561,0,0.36222222222222222,minimum_fcl_distance,0.0009998443140674777,shared_cube,left_fr3_side_suction
20,A_tight_transport,20,0.58555555555555561,0,0.36222222222222222,minimum_self_and_inter_arm_fcl_distance,0.002028519303532374,left_fr3_link7,left_fr3_side_suction
20,A_tight_transport,20,0.58555555555555561,0,0.36222222222222222,minimum_inter_arm_fcl_distance,0.12362824704117184,left_fr3_side_suction,right_fr3_side_suction
20,A_tight_transport,20,0.58555555555555561,0,0.36222222222222222,minimum_robot_world_fcl_distance,0.0009998443140674777,shared_cube,left_fr3_side_suction
20,A_tight_transport,20,0.58555555555555561,0,0.36222222222222222,minimum_robot_environment_excluding_cube_fcl_distance,0.10557929873466487,right_fr3_link0,table
20,A_tight_transport,20,0.58555555555555561,0,0.36222222222222222,minimum_wrist_tool_environment_fcl_distance,0.1272222485303522,table,right_fr3_side_suction
21,A_tight_transport,21,0.58733333333333337,0,0.36133333333333334,minimum_fcl_distance,0.0009998446958671035,shared_cube,left_fr3_side_suction
21,A_tight_transport,21,0.58733333333333337,0,0.36133333333333334,minimum_self_and_inter_arm_fcl_distance,0.002028519303532405,right_fr3_link7,right_fr3_side_suction
21,A_tight_transport,21,0.58733333333333337,0,0.36133333333333334,minimum_inter_arm_fcl_distance,0.12362824763113124,left_fr3_side_suction,right_fr3_side_suction
21,A_tight_transport,21,0.58733333333333337,0,0.36133333333333334,minimum_robot_world_fcl_distance,0.0009998446958671035,shared_cube,left_fr3_side_suction
21,A_tight_transport,21,0.58733333333333337,0,0.36133333333333334,minimum_robot_environment_excluding_cube_fcl_distance,0.10557929873466487,right_fr3_link0,table
21,A_tight_transport,21,0.58733333333333337,0,0.36133333333333334,minimum_wrist_tool_environment_fcl_distance,0.1263333596116436,table,right_fr3_side_suction
22,A_tight_transport,22,0.58911111111111114,0,0.36044444444444446,minimum_fcl_distance,0.0009998450612660437,shared_cube,left_fr3_side_suction
22,A_tight_transport,22,0.58911111111111114,0,0.36044444444444446,minimum_self_and_inter_arm_fcl_distance,0.002028519303532309,right_fr3_link7,right_fr3_side_suction
22,A_tight_transport,22,0.58911111111111114,0,0.36044444444444446,minimum_inter_arm_fcl_distance,0.12362824819538544,left_fr3_side_suction,right_fr3_side_suction
22,A_tight_transport,22,0.58911111111111114,0,0.36044444444444446,minimum_robot_world_fcl_distance,0.0009998450612660437,shared_cube,left_fr3_side_suction
22,A_tight_transport,22,0.58911111111111114,0,0.36044444444444446,minimum_robot_environment_excluding_cube_fcl_distance,0.10557929873466487,right_fr3_link0,table
22,A_tight_transport,22,0.58911111111111114,0,0.36044444444444446,minimum_wrist_tool_environment_fcl_distance,0.12544447069385256,table,right_fr3_side_suction
23,A_tight_transport,23,0.59088888888888891,0,0.35955555555555557,minimum_fcl_distance,0.0009998454103574686,shared_cube,left_fr3_side_suction
23,A_tight_transport,23,0.59088888888888891,0,0.35955555555555557,minimum_self_and_inter_arm_fcl_distance,0.0020285193035323662,left_fr3_link7,left_fr3_side_suction
23,A_tight_transport,23,0.59088888888888891,0,0.35955555555555557,minimum_inter_arm_fcl_distance,0.12362824873398197,left_fr3_side_suction,right_fr3_side_suction
23,A_tight_transport,23,0.59088888888888891,0,0.35955555555555557,minimum_robot_world_fcl_distance,0.0009998454103574686,shared_cube,left_fr3_side_suction
23,A_tight_transport,23,0.59088888888888891,0,0.35955555555555557,minimum_robot_environment_excluding_cube_fcl_distance,0.10557929873466487,right_fr3_link0,table
23,A_tight_transport,23,0.59088888888888891,0,0.35955555555555557,minimum_wrist_tool_environment_fcl_distance,0.12455558177701595,table,right_fr3_side_suction
24,A_tight_transport,24,0.59266666666666667,0,0.35866666666666669,minimum_fcl_distance,0.0009998457432351423,shared_cube,left_fr3_side_suction
24,A_tight_transport,24,0.59266666666666667,0,0.35866666666666669,minimum_self_and_inter_arm_fcl_distance,0.002028519303532344,right_fr3_link7,right_fr3_side_suction
24,A_tight_transport,24,0.59266666666666667,0,0.35866666666666669,minimum_inter_arm_fcl_distance,0.12362824924696515,left_fr3_side_suction,right_fr3_side_suction
24,A_tight_transport,24,0.59266666666666667,0,0.35866666666666669,minimum_robot_world_fcl_distance,0.0009998457432351423,shared_cube,left_fr3_side_suction
24,A_tight_transport,24,0.59266666666666667,0,0.35866666666666669,minimum_robot_environment_excluding_cube_fcl_distance,0.10557929873466487,right_fr3_link0,table
24,A_tight_transport,24,0.59266666666666667,0,0.35866666666666669,minimum_wrist_tool_environment_fcl_distance,0.1236666921091018,table,right_fr3_side_suction
25,A_tight_transport,25,0.59444444444444444,0,0.35777777777777781,minimum_fcl_distance,0.0009998460599926003,shared_cube,left_fr3_side_suction
25,A_tight_transport,25,0.59444444444444444,0,0.35777777777777781,minimum_self_and_inter_arm_fcl_distance,0.0020285193035324022,right_fr3_link7,right_fr3_side_suction
25,A_tight_transport,25,0.59444444444444444,0,0.35777777777777781,minimum_inter_arm_fcl_distance,0.12362824973437744,left_fr3_side_suction,right_fr3_side_suction
25,A_tight_transport,25,0.59444444444444444,0,0.35777777777777781,minimum_robot_world_fcl_distance,0.0009998460599926003,shared_cube,left_fr3_side_suction
25,A_tight_transport,25,0.59444444444444444,0,0.35777777777777781,minimum_robot_environment_excluding_cube_fcl_distance,0.10557929873466487,right_fr3_link0,table
25,A_tight_transport,25,0.59444444444444444,0,0.35777777777777781,minimum_wrist_tool_environment_fcl_distance,0.12277780394636757,table,right_fr3_side_suction
26,A_tight_transport,26,0.59622222222222221,0,0.35688888888888892,minimum_fcl_distance,0.0009998463607240897,shared_cube,left_fr3_side_suction
26,A_tight_transport,26,0.59622222222222221,0,0.35688888888888892,minimum_self_and_inter_arm_fcl_distance,0.0020285193035322925,left_fr3_link7,left_fr3_side_suction
26,A_tight_transport,26,0.59622222222222221,0,0.35688888888888892,minimum_inter_arm_fcl_distance,0.12362825019625896,left_fr3_side_suction,right_fr3_side_suction
26,A_tight_transport,26,0.59622222222222221,0,0.35688888888888892,minimum_robot_world_fcl_distance,0.0009998463607240897,shared_cube,left_fr3_side_suction
26,A_tight_transport,26,0.59622222222222221,0,0.35688888888888892,minimum_robot_environment_excluding_cube_fcl_distance,0.10557929873466487,right_fr3_link0,table
26,A_tight_transport,26,0.59622222222222221,0,0.35688888888888892,minimum_wrist_tool_environment_fcl_distance,0.12188891503264082,table,right_fr3_side_suction
27,A_tight_transport,27,0.59800000000000009,0,0.35599999999999998,minimum_fcl_distance,0.0009998466455251435,shared_cube,left_fr3_side_suction
27,A_tight_transport,27,0.59800000000000009,0,0.35599999999999998,minimum_self_and_inter_arm_fcl_distance,0.0020285193035323866,left_fr3_link7,left_fr3_side_suction
27,A_tight_transport,27,0.59800000000000009,0,0.35599999999999998,minimum_inter_arm_fcl_distance,0.1236282506326487,left_fr3_side_suction,right_fr3_side_suction
27,A_tight_transport,27,0.59800000000000009,0,0.35599999999999998,minimum_robot_world_fcl_distance,0.0009998466455251435,shared_cube,left_fr3_side_suction
27,A_tight_transport,27,0.59800000000000009,0,0.35599999999999998,minimum_robot_environment_excluding_cube_fcl_distance,0.10557929873466487,right_fr3_link0,table
27,A_tight_transport,27,0.59800000000000009,0,0.35599999999999998,minimum_wrist_tool_environment_fcl_distance,0.12100002612003988,table,right_fr3_side_suction
28,A_tight_transport,28,0.59977777777777785,0,0.3551111111111111,minimum_fcl_distance,0.0009998469144920903,shared_cube,left_fr3_side_suction
28,A_tight_transport,28,0.59977777777777785,0,0.3551111111111111,minimum_self_and_inter_arm_fcl_distance,0.002028519303532317,right_fr3_link7,right_fr3_side_suction
28,A_tight_transport,28,0.59977777777777785,0,0.3551111111111111,minimum_inter_arm_fcl_distance,0.12362825104358395,left_fr3_side_suction,right_fr3_side_suction
28,A_tight_transport,28,0.59977777777777785,0,0.3551111111111111,minimum_robot_world_fcl_distance,0.0009998469144920903,shared_cube,left_fr3_side_suction
28,A_tight_transport,28,0.59977777777777785,0,0.3551111111111111,minimum_robot_environment_excluding_cube_fcl_distance,0.10557929873466487,right_fr3_link0,table
28,A_tight_transport,28,0.59977777777777785,0,0.3551111111111111,minimum_wrist_tool_environment_fcl_distance,0.12011113656447248,table,right_fr3_side_suction
29,A_tight_transport,29,0.60155555555555562,0,0.35422222222222222,minimum_fcl_distance,0.0009998471677223387,shared_cube,left_fr3_side_suction
29,A_tight_transport,29,0.60155555555555562,0,0.35422222222222222,minimum_self_and_inter_arm_fcl_distance,0.0020285193035323203,left_fr3_link7,left_fr3_side_suction
29,A_tight_transport,29,0.60155555555555562,0,0.35422222222222222,minimum_inter_arm_fcl_distance,0.12362825142910164,left_fr3_side_suction,right_fr3_side_suction
29,A_tight_transport,29,0.60155555555555562,0,0.35422222222222222,minimum_robot_world_fcl_distance,0.0009998471677223387,shared_cube,left_fr3_side_suction
29,A_tight_transport,29,0.60155555555555562,0,0.35422222222222222,minimum_robot_environment_excluding_cube_fcl_distance,0.10557929873466487,right_fr3_link0,table
29,A_tight_transport,29,0.60155555555555562,0,0.35422222222222222,minimum_wrist_tool_environment_fcl_distance,0.11922224829841109,table,right_fr3_side_suction
30,A_tight_transport,30,0.60333333333333339,0,0.35333333333333333,minimum_fcl_distance,0.0009998474053159818,shared_cube,left_fr3_side_suction
30,A_tight_transport,30,0.60333333333333339,0,0.35333333333333333,minimum_self_and_inter_arm_fcl_distance,0.002028519303532401,left_fr3_link7,left_fr3_side_suction
30,A_tight_transport,30,0.60333333333333339,0,0.35333333333333333,minimum_inter_arm_fcl_distance,0.12362825178923811,left_fr3_side_suction,right_fr3_side_suction
30,A_tight_transport,30,0.60333333333333339,0,0.35333333333333333,minimum_robot_world_fcl_distance,0.0009998474053159818,shared_cube,left_fr3_side_suction
30,A_tight_transport,30,0.60333333333333339,0,0.35333333333333333,minimum_robot_environment_excluding_cube_fcl_distance,0.10557929873466487,right_fr3_link0,table
30,A_tight_transport,30,0.60333333333333339,0,0.35333333333333333,minimum_wrist_tool_environment_fcl_distance,0.11833335938948653,table,right_fr3_side_suction
31,A_tight_transport,31,0.60511111111111116,0,0.35244444444444445,minimum_fcl_distance,0.000999847627375503,shared_cube,left_fr3_side_suction
31,A_tight_transport,31,0.60511111111111116,0,0.35244444444444445,minimum_self_and_inter_arm_fcl_distance,0.0020285193035324417,right_fr3_link7,right_fr3_side_suction
31,A_tight_transport,31,0.60511111111111116,0,0.35244444444444445,minimum_inter_arm_fcl_distance,0.12362825212403046,left_fr3_side_suction,right_fr3_side_suction
31,A_tight_transport,31,0.60511111111111116,0,0.35244444444444445,minimum_robot_world_fcl_distance,0.000999847627375503,shared_cube,left_fr3_side_suction
31,A_tight_transport,31,0.60511111111111116,0,0.35244444444444445,minimum_robot_environment_excluding_cube_fcl_distance,0.10557929873466487,right_fr3_link0,table
31,A_tight_transport,31,0.60511111111111116,0,0.35244444444444445,minimum_wrist_tool_environment_fcl_distance,0.11744447048189423,table,right_fr3_side_suction
32,A_tight_transport,32,0.60688888888888892,0,0.35155555555555557,minimum_fcl_distance,0.0009998478340049537,shared_cube,left_fr3_side_suction
32,A_tight_transport,32,0.60688888888888892,0,0.35155555555555557,minimum_self_and_inter_arm_fcl_distance,0.0020285193035324204,right_fr3_link7,right_fr3_side_suction
32,A_tight_transport,32,0.60688888888888892,0,0.35155555555555557,minimum_inter_arm_fcl_distance,0.12362825243351545,left_fr3_side_suction,right_fr3_side_suction
32,A_tight_transport,32,0.60688888888888892,0,0.35155555555555557,minimum_robot_world_fcl_distance,0.0009998478340049537,shared_cube,left_fr3_side_suction
32,A_tight_transport,32,0.60688888888888892,0,0.35155555555555557,minimum_robot_environment_excluding_cube_fcl_distance,0.10557929873466487,right_fr3_link0,table
32,A_tight_transport,32,0.60688888888888892,0,0.35155555555555557,minimum_wrist_tool_environment_fcl_distance,0.11655558157569194,table,right_fr3_side_suction
33,A_tight_transport,33,0.60866666666666669,0,0.35066666666666668,minimum_fcl_distance,0.000999848025313068,shared_cube,left_fr3_side_suction
33,A_tight_transport,33,0.60866666666666669,0,0.35066666666666668,minimum_self_and_inter_arm_fcl_distance,0.002028519303532288,left_fr3_link7,left_fr3_side_suction
33,A_tight_transport,33,0.60866666666666669,0,0.35066666666666668,minimum_inter_arm_fcl_distance,0.12362825271773172,left_fr3_side_suction,right_fr3_side_suction
33,A_tight_transport,33,0.60866666666666669,0,0.35066666666666668,minimum_robot_world_fcl_distance,0.000999848025313068,shared_cube,left_fr3_side_suction
33,A_tight_transport,33,0.60866666666666669,0,0.35066666666666668,minimum_robot_environment_excluding_cube_fcl_distance,0.10557929873466487,right_fr3_link0,table
33,A_tight_transport,33,0.60866666666666669,0,0.35066666666666668,minimum_wrist_tool_environment_fcl_distance,0.11566669267093918,table,right_fr3_side_suction
34,A_tight_transport,34,0.61044444444444446,0,0.3497777777777778,minimum_fcl_distance,0.00099984820141003,shared_cube,left_fr3_side_suction
34,A_tight_transport,34,0.61044444444444446,0,0.3497777777777778,minimum_self_and_inter_arm_fcl_distance,0.0020285193035322947,left_fr3_link7,left_fr3_side_suction
34,A_tight_transport,34,0.61044444444444446,0,0.3497777777777778,minimum_inter_arm_fcl_distance,0.1236282529767182,left_fr3_side_suction,right_fr3_side_suction
34,A_tight_transport,34,0.61044444444444446,0,0.3497777777777778,minimum_robot_world_fcl_distance,0.00099984820141003,shared_cube,left_fr3_side_suction
34,A_tight_transport,34,0.61044444444444446,0,0.3497777777777778,minimum_robot_environment_excluding_cube_fcl_distance,0.10557929873466487,right_fr3_link0,table
34,A_tight_transport,34,0.61044444444444446,0,0.3497777777777778,minimum_wrist_tool_environment_fcl_distance,0.114777803256502,table,right_fr3_side_suction
35,A_tight_transport,35,0.61222222222222222,0,0.34888888888888892,minimum_fcl_distance,0.0009998483624106375,shared_cube,left_fr3_side_suction
35,A_tight_transport,35,0.61222222222222222,0,0.34888888888888892,minimum_self_and_inter_arm_fcl_distance,0.0020285193035323662,left_fr3_link7,left_fr3_side_suction
35,A_tight_transport,35,0.61222222222222222,0,0.34888888888888892,minimum_inter_arm_fcl_distance,0.1236282532105165,left_fr3_side_suction,right_fr3_side_suction
35,A_tight_transport,35,0.61222222222222222,0,0.34888888888888892,minimum_robot_world_fcl_distance,0.0009998483624106375,shared_cube,left_fr3_side_suction
35,A_tight_transport,35,0.61222222222222222,0,0.34888888888888892,minimum_robot_environment_excluding_cube_fcl_distance,0.10557929873466487,right_fr3_link0,table
35,A_tight_transport,35,0.61222222222222222,0,0.34888888888888892,minimum_wrist_tool_environment_fcl_distance,0.11388891486603146,table,right_fr3_side_suction
36,A_tight_transport,36,0.6140000000000001,0,0.34799999999999998,minimum_fcl_distance,0.0009998485084349521,shared_cube,left_fr3_side_suction
36,A_tight_transport,36,0.6140000000000001,0,0.34799999999999998,minimum_self_and_inter_arm_fcl_distance,0.0020285193035324174,left_fr3_link7,left_fr3_side_suction
36,A_tight_transport,36,0.6140000000000001,0,0.34799999999999998,minimum_inter_arm_fcl_distance,0.12362825341917107,left_fr3_side_suction,right_fr3_side_suction
36,A_tight_transport,36,0.6140000000000001,0,0.34799999999999998,minimum_robot_world_fcl_distance,0.0009998485084349521,shared_cube,left_fr3_side_suction
36,A_tight_transport,36,0.6140000000000001,0,0.34799999999999998,minimum_robot_environment_excluding_cube_fcl_distance,0.10557929873466487,right_fr3_link0,table
36,A_tight_transport,36,0.6140000000000001,0,0.34799999999999998,minimum_wrist_tool_environment_fcl_distance,0.1130000254924246,table,right_fr3_side_suction
37,A_tight_transport,37,0.61577777777777787,0,0.34711111111111109,minimum_fcl_distance,0.0009998486396054491,shared_cube,left_fr3_side_suction
37,A_tight_transport,37,0.61577777777777787,0,0.34711111111111109,minimum_self_and_inter_arm_fcl_distance,0.0020285193035323723,left_fr3_link7,left_fr3_side_suction
37,A_tight_transport,37,0.61577777777777787,0,0.34711111111111109,minimum_inter_arm_fcl_distance,0.12362825360272776,left_fr3_side_suction,right_fr3_side_suction
37,A_tight_transport,37,0.61577777777777787,0,0.34711111111111109,minimum_robot_world_fcl_distance,0.0009998486396054491,shared_cube,left_fr3_side_suction
37,A_tight_transport,37,0.61577777777777787,0,0.34711111111111109,minimum_robot_environment_excluding_cube_fcl_distance,0.10557929873466487,right_fr3_link0,table
37,A_tight_transport,37,0.61577777777777787,0,0.34711111111111109,minimum_wrist_tool_environment_fcl_distance,0.11211113706769384,table,right_fr3_side_suction
38,A_tight_transport,38,0.61755555555555564,0,0.34622222222222221,minimum_fcl_distance,0.0009998487560509703,shared_cube,left_fr3_side_suction
38,A_tight_transport,38,0.61755555555555564,0,0.34622222222222221,minimum_self_and_inter_arm_fcl_distance,0.0020285193035323393,left_fr3_link7,left_fr3_side_suction
38,A_tight_transport,38,0.61755555555555564,0,0.34622222222222221,minimum_inter_arm_fcl_distance,0.12362825376123736,left_fr3_side_suction,right_fr3_side_suction
38,A_tight_transport,38,0.61755555555555564,0,0.34622222222222221,minimum_robot_world_fcl_distance,0.0009998487560509703,shared_cube,left_fr3_side_suction
38,A_tight_transport,38,0.61755555555555564,0,0.34622222222222221,minimum_robot_environment_excluding_cube_fcl_distance,0.10557929873466487,right_fr3_link0,table
38,A_tight_transport,38,0.61755555555555564,0,0.34622222222222221,minimum_wrist_tool_environment_fcl_distance,0.11122224773224404,table,right_fr3_side_suction
39,A_tight_transport,39,0.6193333333333334,0,0.34533333333333333,minimum_fcl_distance,0.000999848857905653,shared_cube,left_fr3_side_suction
39,A_tight_transport,39,0.6193333333333334,0,0.34533333333333333,minimum_self_and_inter_arm_fcl_distance,0.0020285193035323363,right_fr3_link7,right_fr3_side_suction
39,A_tight_transport,39,0.6193333333333334,0,0.34533333333333333,minimum_inter_arm_fcl_distance,0.12362825389475349,left_fr3_side_suction,right_fr3_side_suction
39,A_tight_transport,39,0.6193333333333334,0,0.34533333333333333,minimum_robot_world_fcl_distance,0.000999848857905653,shared_cube,left_fr3_side_suction
39,A_tight_transport,39,0.6193333333333334,0,0.34533333333333333,minimum_robot_environment_excluding_cube_fcl_distance,0.10557929873466487,right_fr3_link0,table
39,A_tight_transport,39,0.6193333333333334,0,0.34533333333333333,minimum_wrist_tool_environment_fcl_distance,0.11033335927648394,table,right_fr3_side_suction
40,A_tight_transport,40,0.62111111111111117,0,0.34444444444444444,minimum_fcl_distance,0.000999848945309004,shared_cube,left_fr3_side_suction
40,A_tight_transport,40,0.62111111111111117,0,0.34444444444444444,minimum_self_and_inter_arm_fcl_distance,0.0020285193035323302,left_fr3_link7,left_fr3_side_suction
40,A_tight_transport,40,0.62111111111111117,0,0.34444444444444444,minimum_inter_arm_fcl_distance,0.12362825400333485,left_fr3_side_suction,right_fr3_side_suction
40,A_tight_transport,40,0.62111111111111117,0,0.34444444444444444,minimum_robot_world_fcl_distance,0.000999848945309004,shared_cube,left_fr3_side_suction
40,A_tight_transport,40,0.62111111111111117,0,0.34444444444444444,minimum_robot_environment_excluding_cube_fcl_distance,0.10557929873466487,right_fr3_link0,table
40,A_tight_transport,40,0.62111111111111117,0,0.34444444444444444,minimum_wrist_tool_environment_fcl_distance,0.10944447038373598,table,right_fr3_side_suction
41,A_tight_transport,41,0.62288888888888894,0,0.34355555555555556,minimum_fcl_distance,0.0009998490184078622,shared_cube,left_fr3_side_suction
41,A_tight_transport,41,0.62288888888888894,0,0.34355555555555556,minimum_self_and_inter_arm_fcl_distance,0.0020285193035323953,left_fr3_link7,left_fr3_side_suction
41,A_tight_transport,41,0.62288888888888894,0,0.34355555555555556,minimum_inter_arm_fcl_distance,0.12362825408704485,left_fr3_side_suction,right_fr3_side_suction
41,A_tight_transport,41,0.62288888888888894,0,0.34355555555555556,minimum_robot_world_fcl_distance,0.0009998490184078622,shared_cube,left_fr3_side_suction
41,A_tight_transport,41,0.62288888888888894,0,0.34355555555555556,minimum_robot_environment_excluding_cube_fcl_distance,0.10557929873466487,right_fr3_link0,table
41,A_tight_transport,41,0.62288888888888894,0,0.34355555555555556,minimum_wrist_tool_environment_fcl_distance,0.10855558149299536,table,right_fr3_side_suction
42,A_tight_transport,42,0.6246666666666667,0,0.34266666666666667,minimum_fcl_distance,0.0009998490773536588,shared_cube,left_fr3_side_suction
42,A_tight_transport,42,0.6246666666666667,0,0.34266666666666667,minimum_self_and_inter_arm_fcl_distance,0.002028519303532331,left_fr3_link7,left_fr3_side_suction
42,A_tight_transport,42,0.6246666666666667,0,0.34266666666666667,minimum_inter_arm_fcl_distance,0.12362825414595191,left_fr3_side_suction,right_fr3_side_suction
42,A_tight_transport,42,0.6246666666666667,0,0.34266666666666667,minimum_robot_world_fcl_distance,0.0009998490773536588,shared_cube,left_fr3_side_suction
42,A_tight_transport,42,0.6246666666666667,0,0.34266666666666667,minimum_robot_environment_excluding_cube_fcl_distance,0.10557929873466487,right_fr3_link0,table
42,A_tight_transport,42,0.6246666666666667,0,0.34266666666666667,minimum_wrist_tool_environment_fcl_distance,0.107666692604342,table,right_fr3_side_suction
43,A_tight_transport,43,0.62644444444444447,0,0.34177777777777779,minimum_fcl_distance,0.000999849122308021,shared_cube,left_fr3_side_suction
43,A_tight_transport,43,0.62644444444444447,0,0.34177777777777779,minimum_self_and_inter_arm_fcl_distance,0.0020285193035324274,right_fr3_link7,right_fr3_side_suction
43,A_tight_transport,43,0.62644444444444447,0,0.34177777777777779,minimum_inter_arm_fcl_distance,0.12362825418013185,left_fr3_side_suction,right_fr3_side_suction
43,A_tight_transport,43,0.62644444444444447,0,0.34177777777777779,minimum_robot_world_fcl_distance,0.000999849122308021,shared_cube,left_fr3_side_suction
43,A_tight_transport,43,0.62644444444444447,0,0.34177777777777779,minimum_robot_environment_excluding_cube_fcl_distance,0.10557929873466487,right_fr3_link0,table
43,A_tight_transport,43,0.62644444444444447,0,0.34177777777777779,minimum_wrist_tool_environment_fcl_distance,0.10677780335420933,table,right_fr3_side_suction
44,A_tight_transport,44,0.62822222222222224,0,0.34088888888888891,minimum_fcl_distance,0.0009998491534378609,shared_cube,left_fr3_side_suction
44,A_tight_transport,44,0.62822222222222224,0,0.34088888888888891,minimum_self_and_inter_arm_fcl_distance,0.0020285193035323376,left_fr3_link7,left_fr3_side_suction
44,A_tight_transport,44,0.62822222222222224,0,0.34088888888888891,minimum_inter_arm_fcl_distance,0.12362825418966561,left_fr3_side_suction,right_fr3_side_suction
44,A_tight_transport,44,0.62822222222222224,0,0.34088888888888891,minimum_robot_world_fcl_distance,0.0009998491534378609,shared_cube,left_fr3_side_suction
44,A_tight_transport,44,0.62822222222222224,0,0.34088888888888891,minimum_robot_environment_excluding_cube_fcl_distance,0.10557929873466487,right_fr3_link0,table
44,A_tight_transport,44,0.62822222222222224,0,0.34088888888888891,minimum_wrist_tool_environment_fcl_distance,0.10588891448329674,table,right_fr3_side_suction
45,A_tight_transport,45,0.63,0,0.34000000000000002,minimum_fcl_distance,0.0009998491709180487,shared_cube,left_fr3_side_suction
45,A_tight_transport,45,0.63,0,0.34000000000000002,minimum_self_and_inter_arm_fcl_distance,0.0020285193035323302,left_fr3_link7,left_fr3_side_suction
45,A_tight_transport,45,0.63,0,0.34000000000000002,minimum_inter_arm_fcl_distance,0.1236282541746414,left_fr3_side_suction,right_fr3_side_suction
45,A_tight_transport,45,0.63,0,0.34000000000000002,minimum_robot_world_fcl_distance,0.0009998491709180487,shared_cube,left_fr3_side_suction
45,A_tight_transport,45,0.63,0,0.34000000000000002,minimum_robot_environment_excluding_cube_fcl_distance,0.10500002595173302,table,right_fr3_side_suction
45,A_tight_transport,45,0.63,0,0.34000000000000002,minimum_wrist_tool_environment_fcl_distance,0.10500002595173302,table,right_fr3_side_suction
46,A_tight_transport,46,0.63177777777777777,0,0.33911111111111114,minimum_fcl_distance,0.0009998491749343792,shared_cube,left_fr3_side_suction
46,A_tight_transport,46,0.63177777777777777,0,0.33911111111111114,minimum_self_and_inter_arm_fcl_distance,0.002028519303532406,left_fr3_link7,left_fr3_side_suction
46,A_tight_transport,46,0.63177777777777777,0,0.33911111111111114,minimum_inter_arm_fcl_distance,0.12362825413515686,left_fr3_side_suction,right_fr3_side_suction
46,A_tight_transport,46,0.63177777777777777,0,0.33911111111111114,minimum_robot_world_fcl_distance,0.0009998491749343792,shared_cube,left_fr3_side_suction
46,A_tight_transport,46,0.63177777777777777,0,0.33911111111111114,minimum_robot_environment_excluding_cube_fcl_distance,0.1041111370722673,table,right_fr3_side_suction
46,A_tight_transport,46,0.63177777777777777,0,0.33911111111111114,minimum_wrist_tool_environment_fcl_distance,0.1041111370722673,table,right_fr3_side_suction
47,A_tight_transport,47,0.63355555555555565,0,0.3382222222222222,minimum_fcl_distance,0.0009998491656803977,shared_cube,left_fr3_side_suction
47,A_tight_transport,47,0.63355555555555565,0,0.3382222222222222,minimum_self_and_inter_arm_fcl_distance,0.002028519303532346,left_fr3_link7,left_fr3_side_suction
47,A_tight_transport,47,0.63355555555555565,0,0.3382222222222222,minimum_inter_arm_fcl_distance,0.12362825407131665,left_fr3_side_suction,right_fr3_side_suction
47,A_tight_transport,47,0.63355555555555565,0,0.3382222222222222,minimum_robot_world_fcl_distance,0.0009998491656803977,shared_cube,left_fr3_side_suction
47,A_tight_transport,47,0.63355555555555565,0,0.3382222222222222,minimum_robot_environment_excluding_cube_fcl_distance,0.10322224788194218,table,right_fr3_side_suction
47,A_tight_transport,47,0.63355555555555565,0,0.3382222222222222,minimum_wrist_tool_environment_fcl_distance,0.10322224788194218,table,right_fr3_side_suction
48,A_tight_transport,48,0.63533333333333342,0,0.33733333333333332,minimum_fcl_distance,0.0009998491433586684,shared_cube,left_fr3_side_suction
48,A_tight_transport,48,0.63533333333333342,0,0.33733333333333332,minimum_self_and_inter_arm_fcl_distance,0.002028519303532325,left_fr3_link7,left_fr3_side_suction
48,A_tight_transport,48,0.63533333333333342,0,0.33733333333333332,minimum_inter_arm_fcl_distance,0.12362825398323479,left_fr3_side_suction,right_fr3_side_suction
48,A_tight_transport,48,0.63533333333333342,0,0.33733333333333332,minimum_robot_world_fcl_distance,0.0009998491433586684,shared_cube,left_fr3_side_suction
48,A_tight_transport,48,0.63533333333333342,0,0.33733333333333332,minimum_robot_environment_excluding_cube_fcl_distance,0.10233335932097935,table,right_fr3_side_suction
48,A_tight_transport,48,0.63533333333333342,0,0.33733333333333332,minimum_wrist_tool_environment_fcl_distance,0.10233335932097935,table,right_fr3_side_suction
49,A_tight_transport,49,0.63711111111111118,0,0.33644444444444443,minimum_fcl_distance,0.0009998491081834244,shared_cube,left_fr3_side_suction
49,A_tight_transport,49,0.63711111111111118,0,0.33644444444444443,minimum_self_and_inter_arm_fcl_distance,0.002028519303532381,left_fr3_link7,left_fr3_side_suction
49,A_tight_transport,49,0.63711111111111118,0,0.33644444444444443,minimum_inter_arm_fcl_distance,0.12362825387103553,left_fr3_side_suction,right_fr3_side_suction
49,A_tight_transport,49,0.63711111111111118,0,0.33644444444444443,minimum_robot_world_fcl_distance,0.0009998491081834244,shared_cube,left_fr3_side_suction
49,A_tight_transport,49,0.63711111111111118,0,0.33644444444444443,minimum_robot_environment_excluding_cube_fcl_distance,0.10144447044934293,table,right_fr3_side_suction
49,A_tight_transport,49,0.63711111111111118,0,0.33644444444444443,minimum_wrist_tool_environment_fcl_distance,0.10144447044934293,table,right_fr3_side_suction
50,A_tight_transport,50,0.63888888888888895,0,0.33555555555555555,minimum_fcl_distance,0.000999849060378422,shared_cube,left_fr3_side_suction
50,A_tight_transport,50,0.63888888888888895,0,0.33555555555555555,minimum_self_and_inter_arm_fcl_distance,0.002028519303532315,left_fr3_link7,left_fr3_side_suction
50,A_tight_transport,50,0.63888888888888895,0,0.33555555555555555,minimum_inter_arm_fcl_distance,0.12362825373485255,left_fr3_side_suction,right_fr3_side_suction
50,A_tight_transport,50,0.63888888888888895,0,0.33555555555555555,minimum_robot_world_fcl_distance,0.000999849060378422,shared_cube,left_fr3_side_suction
50,A_tight_transport,50,0.63888888888888895,0,0.33555555555555555,minimum_robot_environment_excluding_cube_fcl_distance,0.10055558158050547,table,right_fr3_side_suction
50,A_tight_transport,50,0.63888888888888895,0,0.33555555555555555,minimum_wrist_tool_environment_fcl_distance,0.10055558158050547,table,right_fr3_side_suction
51,A_tight_transport,51,0.64066666666666672,0,0.33466666666666667,minimum_fcl_distance,0.0009998490001792521,shared_cube,left_fr3_side_suction
51,A_tight_transport,51,0.64066666666666672,0,0.33466666666666667,minimum_self_and_inter_arm_fcl_distance,0.0020285193035323988,right_fr3_link7,right_fr3_side_suction
51,A_tight_transport,51,0.64066666666666672,0,0.33466666666666667,minimum_inter_arm_fcl_distance,0.12362825357483087,left_fr3_side_suction,right_fr3_side_suction
51,A_tight_transport,51,0.64066666666666672,0,0.33466666666666667,minimum_robot_world_fcl_distance,0.0009998490001792521,shared_cube,left_fr3_side_suction
51,A_tight_transport,51,0.64066666666666672,0,0.33466666666666667,minimum_robot_environment_excluding_cube_fcl_distance,0.09966669244434506,table,right_fr3_side_suction
51,A_tight_transport,51,0.64066666666666672,0,0.33466666666666667,minimum_wrist_tool_environment_fcl_distance,0.09966669244434506,table,right_fr3_side_suction
52,A_tight_transport,52,0.64244444444444448,0,0.33377777777777778,minimum_fcl_distance,0.0009998489278333026,shared_cube,left_fr3_side_suction
52,A_tight_transport,52,0.64244444444444448,0,0.33377777777777778,minimum_self_and_inter_arm_fcl_distance,0.002028519303532326,left_fr3_link7,left_fr3_side_suction
52,A_tight_transport,52,0.64244444444444448,0,0.33377777777777778,minimum_inter_arm_fcl_distance,0.12362825339112753,left_fr3_side_suction,right_fr3_side_suction
52,A_tight_transport,52,0.64244444444444448,0,0.33377777777777778,minimum_robot_world_fcl_distance,0.0009998489278333026,shared_cube,left_fr3_side_suction
52,A_tight_transport,52,0.64244444444444448,0,0.33377777777777778,minimum_robot_environment_excluding_cube_fcl_distance,0.09877780385162034,table,right_fr3_side_suction
52,A_tight_transport,52,0.64244444444444448,0,0.33377777777777778,minimum_wrist_tool_environment_fcl_distance,0.09877780385162034,table,right_fr3_side_suction
53,A_tight_transport,53,0.64422222222222225,0,0.3328888888888889,minimum_fcl_distance,0.0009998488435997608,shared_cube,left_fr3_side_suction
53,A_tight_transport,53,0.64422222222222225,0,0.3328888888888889,minimum_self_and_inter_arm_fcl_distance,0.0020285193035323346,left_fr3_link7,left_fr3_side_suction
53,A_tight_transport,53,0.64422222222222225,0,0.3328888888888889,minimum_inter_arm_fcl_distance,0.12362825318391157,left_fr3_side_suction,right_fr3_side_suction
53,A_tight_transport,53,0.64422222222222225,0,0.3328888888888889,minimum_robot_world_fcl_distance,0.0009998488435997608,shared_cube,left_fr3_side_suction
53,A_tight_transport,53,0.64422222222222225,0,0.3328888888888889,minimum_robot_environment_excluding_cube_fcl_distance,0.09788891474091538,table,right_fr3_side_suction
53,A_tight_transport,53,0.64422222222222225,0,0.3328888888888889,minimum_wrist_tool_environment_fcl_distance,0.09788891474091538,table,right_fr3_side_suction
54,A_tight_transport,54,0.64600000000000002,0,0.33200000000000002,minimum_fcl_distance,0.0009998487477520452,shared_cube,left_fr3_side_suction
54,A_tight_transport,54,0.64600000000000002,0,0.33200000000000002,minimum_self_and_inter_arm_fcl_distance,0.0020285193035323606,left_fr3_link7,left_fr3_side_suction
54,A_tight_transport,54,0.64600000000000002,0,0.33200000000000002,minimum_inter_arm_fcl_distance,0.12362825295336596,left_fr3_side_suction,right_fr3_side_suction
54,A_tight_transport,54,0.64600000000000002,0,0.33200000000000002,minimum_robot_world_fcl_distance,0.0009998487477520452,shared_cube,left_fr3_side_suction
54,A_tight_transport,54,0.64600000000000002,0,0.33200000000000002,minimum_robot_environment_excluding_cube_fcl_distance,0.0970000261351251,table,right_fr3_side_suction
54,A_tight_transport,54,0.64600000000000002,0,0.33200000000000002,minimum_wrist_tool_environment_fcl_distance,0.0970000261351251,table,right_fr3_side_suction
55,A_tight_transport,55,0.64777777777777779,0,0.33111111111111113,minimum_fcl_distance,0.0009998486405760633,shared_cube,left_fr3_side_suction
55,A_tight_transport,55,0.64777777777777779,0,0.33111111111111113,minimum_self_and_inter_arm_fcl_distance,0.0020285193035322778,left_fr3_link7,left_fr3_side_suction
55,A_tight_transport,55,0.64777777777777779,0,0.33111111111111113,minimum_inter_arm_fcl_distance,0.12362825269968546,left_fr3_side_suction,right_fr3_side_suction
55,A_tight_transport,55,0.64777777777777779,0,0.33111111111111113,minimum_robot_world_fcl_distance,0.0009998486405760633,shared_cube,left_fr3_side_suction
55,A_tight_transport,55,0.64777777777777779,0,0.33111111111111113,minimum_robot_environment_excluding_cube_fcl_distance,0.09611113728178174,table,right_fr3_side_suction
55,A_tight_transport,55,0.64777777777777779,0,0.33111111111111113,minimum_wrist_tool_environment_fcl_distance,0.09611113728178174,table,right_fr3_side_suction
56,A_tight_transport,56,0.64955555555555555,0,0.33022222222222225,minimum_fcl_distance,0.0009998485223717802,shared_cube,left_fr3_side_suction
56,A_tight_transport,56,0.64955555555555555,0,0.33022222222222225,minimum_self_and_inter_arm_fcl_distance,0.0020285193035323407,left_fr3_link7,left_fr3_side_suction
56,A_tight_transport,56,0.64955555555555555,0,0.33022222222222225,minimum_inter_arm_fcl_distance,0.12362825242308143,left_fr3_side_suction,right_fr3_side_suction
56,A_tight_transport,56,0.64955555555555555,0,0.33022222222222225,minimum_robot_world_fcl_distance,0.0009998485223717802,shared_cube,left_fr3_side_suction
56,A_tight_transport,56,0.64955555555555555,0,0.33022222222222225,minimum_robot_environment_excluding_cube_fcl_distance,0.09522224843184786,table,right_fr3_side_suction
56,A_tight_transport,56,0.64955555555555555,0,0.33022222222222225,minimum_wrist_tool_environment_fcl_distance,0.09522224843184786,table,right_fr3_side_suction
57,A_tight_transport,57,0.65133333333333332,0,0.32933333333333337,minimum_fcl_distance,0.0009998483934540881,shared_cube,left_fr3_side_suction
57,A_tight_transport,57,0.65133333333333332,0,0.32933333333333337,minimum_self_and_inter_arm_fcl_distance,0.002028519303532393,left_fr3_link7,left_fr3_side_suction
57,A_tight_transport,57,0.65133333333333332,0,0.32933333333333337,minimum_inter_arm_fcl_distance,0.1236282521237787,left_fr3_side_suction,right_fr3_side_suction
57,A_tight_transport,57,0.65133333333333332,0,0.32933333333333337,minimum_robot_world_fcl_distance,0.0009998483934540881,shared_cube,left_fr3_side_suction
57,A_tight_transport,57,0.65133333333333332,0,0.32933333333333337,minimum_robot_environment_excluding_cube_fcl_distance,0.09433335958543138,table,right_fr3_side_suction
57,A_tight_transport,57,0.65133333333333332,0,0.32933333333333337,minimum_wrist_tool_environment_fcl_distance,0.09433335958543138,table,right_fr3_side_suction
58,A_tight_transport,58,0.6531111111111112,0,0.32844444444444443,minimum_fcl_distance,0.000999848254154448,shared_cube,left_fr3_side_suction
58,A_tight_transport,58,0.6531111111111112,0,0.32844444444444443,minimum_self_and_inter_arm_fcl_distance,0.0020285193035323766,left_fr3_link7,left_fr3_side_suction
58,A_tight_transport,58,0.6531111111111112,0,0.32844444444444443,minimum_inter_arm_fcl_distance,0.12362825180201978,left_fr3_side_suction,right_fr3_side_suction
58,A_tight_transport,58,0.6531111111111112,0,0.32844444444444443,minimum_robot_world_fcl_distance,0.000999848254154448,shared_cube,left_fr3_side_suction
58,A_tight_transport,58,0.6531111111111112,0,0.32844444444444443,minimum_robot_environment_excluding_cube_fcl_distance,0.09344447053501675,table,right_fr3_side_suction
58,A_tight_transport,58,0.6531111111111112,0,0.32844444444444443,minimum_wrist_tool_environment_fcl_distance,0.09344447053501675,table,right_fr3_side_suction
59,A_tight_transport,59,0.65488888888888896,0,0.32755555555555554,minimum_fcl_distance,0.000999848104818664,shared_cube,left_fr3_side_suction
59,A_tight_transport,59,0.65488888888888896,0,0.32755555555555554,minimum_self_and_inter_arm_fcl_distance,0.002028519303532456,right_fr3_link7,right_fr3_side_suction
59,A_tight_transport,59,0.65488888888888896,0,0.32755555555555554,minimum_inter_arm_fcl_distance,0.12362825145806289,left_fr3_side_suction,right_fr3_side_suction
59,A_tight_transport,59,0.65488888888888896,0,0.32755555555555554,minimum_robot_world_fcl_distance,0.000999848104818664,shared_cube,left_fr3_side_suction
59,A_tight_transport,59,0.65488888888888896,0,0.32755555555555554,minimum_robot_environment_excluding_cube_fcl_distance,0.09255558170386474,table,right_fr3_side_suction
59,A_tight_transport,59,0.65488888888888896,0,0.32755555555555554,minimum_wrist_tool_environment_fcl_distance,0.09255558170386474,table,right_fr3_side_suction
60,A_tight_transport,60,0.65666666666666673,0,0.32666666666666666,minimum_fcl_distance,0.00099984794580939,shared_cube,left_fr3_side_suction
60,A_tight_transport,60,0.65666666666666673,0,0.32666666666666666,minimum_self_and_inter_arm_fcl_distance,0.0020285193035323016,left_fr3_link7,left_fr3_side_suction
60,A_tight_transport,60,0.65666666666666673,0,0.32666666666666666,minimum_inter_arm_fcl_distance,0.1236282510921834,left_fr3_side_suction,right_fr3_side_suction
60,A_tight_transport,60,0.65666666666666673,0,0.32666666666666666,minimum_robot_world_fcl_distance,0.00099984794580939,shared_cube,left_fr3_side_suction
60,A_tight_transport,60,0.65666666666666673,0,0.32666666666666666,minimum_robot_environment_excluding_cube_fcl_distance,0.09166669287634865,table,right_fr3_side_suction
60,A_tight_transport,60,0.65666666666666673,0,0.32666666666666666,minimum_wrist_tool_environment_fcl_distance,0.09166669287634865,table,right_fr3_side_suction
61,A_tight_transport,61,0.6584444444444445,0,0.32577777777777778,minimum_fcl_distance,0.0009998477775071256,shared_cube,left_fr3_side_suction
61,A_tight_transport,61,0.6584444444444445,0,0.32577777777777778,minimum_self_and_inter_arm_fcl_distance,0.002028519303532341,left_fr3_link7,left_fr3_side_suction
61,A_tight_transport,61,0.6584444444444445,0,0.32577777777777778,minimum_inter_arm_fcl_distance,0.12362825070467516,left_fr3_side_suction,right_fr3_side_suction
61,A_tight_transport,61,0.6584444444444445,0,0.32577777777777778,minimum_robot_world_fcl_distance,0.0009998477775071256,shared_cube,left_fr3_side_suction
61,A_tight_transport,61,0.6584444444444445,0,0.32577777777777778,minimum_robot_environment_excluding_cube_fcl_distance,0.09077780423711855,table,right_fr3_side_suction
61,A_tight_transport,61,0.6584444444444445,0,0.32577777777777778,minimum_wrist_tool_environment_fcl_distance,0.09077780423711855,table,right_fr3_side_suction
62,A_tight_transport,62,0.66022222222222227,0,0.32488888888888889,minimum_fcl_distance,0.0009998476003097096,shared_cube,left_fr3_side_suction
62,A_tight_transport,62,0.66022222222222227,0,0.32488888888888889,minimum_self_and_inter_arm_fcl_distance,0.002028519303532378,left_fr3_link7,left_fr3_side_suction
62,A_tight_transport,62,0.66022222222222227,0,0.32488888888888889,minimum_inter_arm_fcl_distance,0.12362825029585132,left_fr3_side_suction,right_fr3_side_suction
62,A_tight_transport,62,0.66022222222222227,0,0.32488888888888889,minimum_robot_world_fcl_distance,0.0009998476003097096,shared_cube,left_fr3_side_suction
62,A_tight_transport,62,0.66022222222222227,0,0.32488888888888889,minimum_robot_environment_excluding_cube_fcl_distance,0.0898889154099351,table,right_fr3_side_suction
62,A_tight_transport,62,0.66022222222222227,0,0.32488888888888889,minimum_wrist_tool_environment_fcl_distance,0.0898889154099351,table,right_fr3_side_suction
63,A_tight_transport,63,0.66200000000000003,0,0.32400000000000001,minimum_fcl_distance,0.000999847414634323,shared_cube,left_fr3_side_suction
63,A_tight_transport,63,0.66200000000000003,0,0.32400000000000001,minimum_self_and_inter_arm_fcl_distance,0.0020285193035323745,right_fr3_link7,right_fr3_side_suction
63,A_tight_transport,63,0.66200000000000003,0,0.32400000000000001,minimum_inter_arm_fcl_distance,0.12362824986604477,left_fr3_side_suction,right_fr3_side_suction
63,A_tight_transport,63,0.66200000000000003,0,0.32400000000000001,minimum_robot_world_fcl_distance,0.000999847414634323,shared_cube,left_fr3_side_suction
63,A_tight_transport,63,0.66200000000000003,0,0.32400000000000001,minimum_robot_environment_excluding_cube_fcl_distance,0.08900002658693494,table,right_fr3_side_suction
63,A_tight_transport,63,0.66200000000000003,0,0.32400000000000001,minimum_wrist_tool_environment_fcl_distance,0.08900002658693494,table,right_fr3_side_suction
64,A_tight_transport,64,0.6637777777777778,0,0.32311111111111113,minimum_fcl_distance,0.0009998472209158857,shared_cube,left_fr3_side_suction
64,A_tight_transport,64,0.6637777777777778,0,0.32311111111111113,minimum_self_and_inter_arm_fcl_distance,0.0020285193035323584,right_fr3_link7,right_fr3_side_suction
64,A_tight_transport,64,0.6637777777777778,0,0.32311111111111113,minimum_inter_arm_fcl_distance,0.1236282494156084,left_fr3_side_suction,right_fr3_side_suction
64,A_tight_transport,64,0.6637777777777778,0,0.32311111111111113,minimum_robot_world_fcl_distance,0.0009998472209158857,shared_cube,left_fr3_side_suction
64,A_tight_transport,64,0.6637777777777778,0,0.32311111111111113,minimum_robot_environment_excluding_cube_fcl_distance,0.08811113776823215,table,right_fr3_side_suction
64,A_tight_transport,64,0.6637777777777778,0,0.32311111111111113,minimum_wrist_tool_environment_fcl_distance,0.08811113776823215,table,right_fr3_side_suction
65,A_tight_transport,65,0.66555555555555557,0,0.32222222222222224,minimum_fcl_distance,0.0009998470196108562,shared_cube,left_fr3_side_suction
65,A_tight_transport,65,0.66555555555555557,0,0.32222222222222224,minimum_self_and_inter_arm_fcl_distance,0.002028519303532366,right_fr3_link7,right_fr3_side_suction
65,A_tight_transport,65,0.66555555555555557,0,0.32222222222222224,minimum_inter_arm_fcl_distance,0.12362824894491758,left_fr3_side_suction,right_fr3_side_suction
65,A_tight_transport,65,0.66555555555555557,0,0.32222222222222224,minimum_robot_world_fcl_distance,0.0009998470196108562,shared_cube,left_fr3_side_suction
65,A_tight_transport,65,0.66555555555555557,0,0.32222222222222224,minimum_robot_environment_excluding_cube_fcl_distance,0.0872222489539412,table,right_fr3_side_suction
65,A_tight_transport,65,0.66555555555555557,0,0.32222222222222224,minimum_wrist_tool_environment_fcl_distance,0.0872222489539412,table,right_fr3_side_suction
66,A_tight_transport,66,0.66733333333333333,0,0.32133333333333336,minimum_fcl_distance,0.00099984681119487,shared_cube,left_fr3_side_suction
66,A_tight_transport,66,0.66733333333333333,0,0.32133333333333336,minimum_self_and_inter_arm_fcl_distance,0.0020285193035323797,right_fr3_link7,right_fr3_side_suction
66,A_tight_transport,66,0.66733333333333333,0,0.32133333333333336,minimum_inter_arm_fcl_distance,0.12362824845436862,left_fr3_side_suction,right_fr3_side_suction
66,A_tight_transport,66,0.66733333333333333,0,0.32133333333333336,minimum_robot_world_fcl_distance,0.00099984681119487,shared_cube,left_fr3_side_suction
66,A_tight_transport,66,0.66733333333333333,0,0.32133333333333336,minimum_robot_environment_excluding_cube_fcl_distance,0.08633336014417746,table,right_fr3_side_suction
66,A_tight_transport,66,0.66733333333333333,0,0.32133333333333336,minimum_wrist_tool_environment_fcl_distance,0.08633336014417746,table,right_fr3_side_suction
67,A_tight_transport,67,0.66911111111111121,0,0.32044444444444442,minimum_fcl_distance,0.0009998465961652612,shared_cube,left_fr3_side_suction
67,A_tight_transport,67,0.66911111111111121,0,0.32044444444444442,minimum_self_and_inter_arm_fcl_distance,0.0020285193035324,left_fr3_link7,left_fr3_side_suction
67,A_tight_transport,67,0.66911111111111121,0,0.32044444444444442,minimum_inter_arm_fcl_distance,0.12362824794438064,left_fr3_side_suction,right_fr3_side_suction
67,A_tight_transport,67,0.66911111111111121,0,0.32044444444444442,minimum_robot_world_fcl_distance,0.0009998465961652612,shared_cube,left_fr3_side_suction
67,A_tight_transport,67,0.66911111111111121,0,0.32044444444444442,minimum_robot_environment_excluding_cube_fcl_distance,0.0854444713390562,table,right_fr3_side_suction
67,A_tight_transport,67,0.66911111111111121,0,0.32044444444444442,minimum_wrist_tool_environment_fcl_distance,0.0854444713390562,table,right_fr3_side_suction
68,A_tight_transport,68,0.67088888888888887,0,0.31955555555555559,minimum_fcl_distance,0.0009998463750409427,shared_cube,left_fr3_side_suction
68,A_tight_transport,68,0.67088888888888887,0,0.31955555555555559,minimum_self_and_inter_arm_fcl_distance,0.002028519303532347,right_fr3_link7,right_fr3_side_suction
68,A_tight_transport,68,0.67088888888888887,0,0.31955555555555559,minimum_inter_arm_fcl_distance,0.12362824741539749,left_fr3_side_suction,right_fr3_side_suction
68,A_tight_transport,68,0.67088888888888887,0,0.31955555555555559,minimum_robot_world_fcl_distance,0.0009998463750409427,shared_cube,left_fr3_side_suction
68,A_tight_transport,68,0.67088888888888887,0,0.31955555555555559,minimum_robot_environment_excluding_cube_fcl_distance,0.08455558253869265,table,right_fr3_side_suction
68,A_tight_transport,68,0.67088888888888887,0,0.31955555555555559,minimum_wrist_tool_environment_fcl_distance,0.08455558253869265,table,right_fr3_side_suction
69,A_tight_transport,69,0.67266666666666675,0,0.31866666666666665,minimum_fcl_distance,0.0009998461483641558,shared_cube,left_fr3_side_suction
69,A_tight_transport,69,0.67266666666666675,0,0.31866666666666665,minimum_self_and_inter_arm_fcl_distance,0.0020285193035323936,right_fr3_link7,right_fr3_side_suction
69,A_tight_transport,69,0.67266666666666675,0,0.31866666666666665,minimum_inter_arm_fcl_distance,0.12362824686788779,left_fr3_side_suction,right_fr3_side_suction
69,A_tight_transport,69,0.67266666666666675,0,0.31866666666666665,minimum_robot_world_fcl_distance,0.0009998461483641558,shared_cube,left_fr3_side_suction
69,A_tight_transport,69,0.67266666666666675,0,0.31866666666666665,minimum_robot_environment_excluding_cube_fcl_distance,0.0836666937432023,table,right_fr3_side_suction
69,A_tight_transport,69,0.67266666666666675,0,0.31866666666666665,minimum_wrist_tool_environment_fcl_distance,0.0836666937432023,table,right_fr3_side_suction
70,A_tight_transport,70,0.67444444444444451,0,0.31777777777777777,minimum_fcl_distance,0.0009998459166992901,shared_cube,left_fr3_side_suction
70,A_tight_transport,70,0.67444444444444451,0,0.31777777777777777,minimum_self_and_inter_arm_fcl_distance,0.0020285193035324365,left_fr3_link7,left_fr3_side_suction
70,A_tight_transport,70,0.67444444444444451,0,0.31777777777777777,minimum_inter_arm_fcl_distance,0.12362824630234395,left_fr3_side_suction,right_fr3_side_suction
70,A_tight_transport,70,0.67444444444444451,0,0.31777777777777777,minimum_robot_world_fcl_distance,0.0009998459166992901,shared_cube,left_fr3_side_suction
70,A_tight_transport,70,0.67444444444444451,0,0.31777777777777777,minimum_robot_environment_excluding_cube_fcl_distance,0.08277780482893327,table,right_fr3_side_suction
70,A_tight_transport,70,0.67444444444444451,0,0.31777777777777777,minimum_wrist_tool_environment_fcl_distance,0.08277780482893327,table,right_fr3_side_suction
71,A_tight_transport,71,0.67622222222222228,0,0.31688888888888889,minimum_fcl_distance,0.000999845680635759,shared_cube,left_fr3_side_suction
71,A_tight_transport,71,0.67622222222222228,0,0.31688888888888889,minimum_self_and_inter_arm_fcl_distance,0.0020285193035322995,right_fr3_link7,right_fr3_side_suction
71,A_tight_transport,71,0.67622222222222228,0,0.31688888888888889,minimum_inter_arm_fcl_distance,0.1236282457192855,left_fr3_side_suction,right_fr3_side_suction
71,A_tight_transport,71,0.67622222222222228,0,0.31688888888888889,minimum_robot_world_fcl_distance,0.000999845680635759,shared_cube,left_fr3_side_suction
71,A_tight_transport,71,0.67622222222222228,0,0.31688888888888889,minimum_robot_environment_excluding_cube_fcl_distance,0.08188891616730282,table,right_fr3_side_suction
71,A_tight_transport,71,0.67622222222222228,0,0.31688888888888889,minimum_wrist_tool_environment_fcl_distance,0.08188891616730282,table,right_fr3_side_suction
72,A_tight_transport,72,0.67800000000000005,0,0.316,minimum_fcl_distance,0.0009998454407860683,shared_cube,left_fr3_side_suction
72,A_tight_transport,72,0.67800000000000005,0,0.316,minimum_self_and_inter_arm_fcl_distance,0.0020285193035323294,left_fr3_link7,left_fr3_side_suction
72,A_tight_transport,72,0.67800000000000005,0,0.316,minimum_inter_arm_fcl_distance,0.12362824511925932,left_fr3_side_suction,right_fr3_side_suction
72,A_tight_transport,72,0.67800000000000005,0,0.316,minimum_robot_world_fcl_distance,0.0009998454407860683,shared_cube,left_fr3_side_suction
72,A_tight_transport,72,0.67800000000000005,0,0.316,minimum_robot_environment_excluding_cube_fcl_distance,0.08100002738712347,table,right_fr3_side_suction
72,A_tight_transport,72,0.67800000000000005,0,0.316,minimum_wrist_tool_environment_fcl_distance,0.08100002738712347,table,right_fr3_side_suction
73,A_tight_transport,73,0.67977777777777781,0,0.31511111111111112,minimum_fcl_distance,0.000999845197789243,shared_cube,left_fr3_side_suction
73,A_tight_transport,73,0.67977777777777781,0,0.31511111111111112,minimum_self_and_inter_arm_fcl_distance,0.002028519303532358,right_fr3_link7,right_fr3_side_suction
73,A_tight_transport,73,0.67977777777777781,0,0.31511111111111112,minimum_inter_arm_fcl_distance,0.12362824450283873,left_fr3_side_suction,right_fr3_side_suction
73,A_tight_transport,73,0.67977777777777781,0,0.31511111111111112,minimum_robot_world_fcl_distance,0.000999845197789243,shared_cube,left_fr3_side_suction
73,A_tight_transport,73,0.67977777777777781,0,0.31511111111111112,minimum_robot_environment_excluding_cube_fcl_distance,0.08011113861227633,table,right_fr3_side_suction
73,A_tight_transport,73,0.67977777777777781,0,0.31511111111111112,minimum_wrist_tool_environment_fcl_distance,0.08011113861227633,table,right_fr3_side_suction
74,A_tight_transport,74,0.68155555555555558,0,0.31422222222222224,minimum_fcl_distance,0.0009998449523099283,shared_cube,left_fr3_side_suction
74,A_tight_transport,74,0.68155555555555558,0,0.31422222222222224,minimum_self_and_inter_arm_fcl_distance,0.002028519303532279,right_fr3_link7,right_fr3_side_suction
74,A_tight_transport,74,0.68155555555555558,0,0.31422222222222224,minimum_inter_arm_fcl_distance,0.12362824387062665,left_fr3_side_suction,right_fr3_side_suction
74,A_tight_transport,74,0.68155555555555558,0,0.31422222222222224,minimum_robot_world_fcl_distance,0.0009998449523099283,shared_cube,left_fr3_side_suction
74,A_tight_transport,74,0.68155555555555558,0,0.31422222222222224,minimum_robot_environment_excluding_cube_fcl_distance,0.07922224984287474,table,right_fr3_side_suction
74,A_tight_transport,74,0.68155555555555558,0,0.31422222222222224,minimum_wrist_tool_environment_fcl_distance,0.07922224984287474,table,right_fr3_side_suction
75,A_tight_transport,75,0.68333333333333335,0,0.31333333333333335,minimum_fcl_distance,0.0009998447050390958,shared_cube,left_fr3_side_suction
75,A_tight_transport,75,0.68333333333333335,0,0.31333333333333335,minimum_self_and_inter_arm_fcl_distance,0.0020285193035323077,left_fr3_link7,left_fr3_side_suction
75,A_tight_transport,75,0.68333333333333335,0,0.31333333333333335,minimum_inter_arm_fcl_distance,0.12362824322325484,left_fr3_side_suction,right_fr3_side_suction
75,A_tight_transport,75,0.68333333333333335,0,0.31333333333333335,minimum_robot_world_fcl_distance,0.0009998447050390958,shared_cube,left_fr3_side_suction
75,A_tight_transport,75,0.68333333333333335,0,0.31333333333333335,minimum_robot_environment_excluding_cube_fcl_distance,0.07833336107903098,table,right_fr3_side_suction
75,A_tight_transport,75,0.68333333333333335,0,0.31333333333333335,minimum_wrist_tool_environment_fcl_distance,0.07833336107903098,table,right_fr3_side_suction
76,A_tight_transport,76,0.68511111111111123,0,0.31244444444444441,minimum_fcl_distance,0.0009998444566953193,shared_cube,left_fr3_side_suction
76,A_tight_transport,76,0.68511111111111123,0,0.31244444444444441,minimum_self_and_inter_arm_fcl_distance,0.0020285193035322426,right_fr3_link7,right_fr3_side_suction
76,A_tight_transport,76,0.68511111111111123,0,0.31244444444444441,minimum_inter_arm_fcl_distance,0.12362824256138513,left_fr3_side_suction,right_fr3_side_suction
76,A_tight_transport,76,0.68511111111111123,0,0.31244444444444441,minimum_robot_world_fcl_distance,0.0009998444566953193,shared_cube,left_fr3_side_suction
76,A_tight_transport,76,0.68511111111111123,0,0.31244444444444441,minimum_robot_environment_excluding_cube_fcl_distance,0.07744447232085633,table,right_fr3_side_suction
76,A_tight_transport,76,0.68511111111111123,0,0.31244444444444441,minimum_wrist_tool_environment_fcl_distance,0.07744447232085633,table,right_fr3_side_suction
77,A_tight_transport,77,0.68688888888888888,0,0.31155555555555559,minimum_fcl_distance,0.0009998442080246428,shared_cube,left_fr3_side_suction
77,A_tight_transport,77,0.68688888888888888,0,0.31155555555555559,minimum_self_and_inter_arm_fcl_distance,0.002028519303532286,left_fr3_link7,left_fr3_side_suction
77,A_tight_transport,77,0.68688888888888888,0,0.31155555555555559,minimum_inter_arm_fcl_distance,0.12362824188570977,left_fr3_side_suction,right_fr3_side_suction
77,A_tight_transport,77,0.68688888888888888,0,0.31155555555555559,minimum_robot_world_fcl_distance,0.0009998442080246428,shared_cube,left_fr3_side_suction
77,A_tight_transport,77,0.68688888888888888,0,0.31155555555555559,minimum_robot_environment_excluding_cube_fcl_distance,0.07655558348617048,table,right_fr3_side_suction
77,A_tight_transport,77,0.68688888888888888,0,0.31155555555555559,minimum_wrist_tool_environment_fcl_distance,0.07655558348617048,table,right_fr3_side_suction
78,A_tight_transport,78,0.68866666666666676,0,0.31066666666666665,minimum_fcl_distance,0.000999843959802414,shared_cube,left_fr3_side_suction
78,A_tight_transport,78,0.68866666666666676,0,0.31066666666666665,minimum_self_and_inter_arm_fcl_distance,0.0020285193035323476,right_fr3_link7,right_fr3_side_suction
78,A_tight_transport,78,0.68866666666666676,0,0.31066666666666665,minimum_inter_arm_fcl_distance,0.12362824119695368,left_fr3_side_suction,right_fr3_side_suction
78,A_tight_transport,78,0.68866666666666676,0,0.31066666666666665,minimum_robot_world_fcl_distance,0.000999843959802414,shared_cube,left_fr3_side_suction
78,A_tight_transport,78,0.68866666666666676,0,0.31066666666666665,minimum_robot_environment_excluding_cube_fcl_distance,0.07566669474526733,table,right_fr3_side_suction
78,A_tight_transport,78,0.68866666666666676,0,0.31066666666666665,minimum_wrist_tool_environment_fcl_distance,0.07566669474526733,table,right_fr3_side_suction
79,A_tight_transport,79,0.69044444444444442,0,0.30977777777777782,minimum_fcl_distance,0.0009998437128323357,shared_cube,left_fr3_side_suction
79,A_tight_transport,79,0.69044444444444442,0,0.30977777777777782,minimum_self_and_inter_arm_fcl_distance,0.0020285193035323164,left_fr3_link7,left_fr3_side_suction
79,A_tight_transport,79,0.69044444444444442,0,0.30977777777777782,minimum_inter_arm_fcl_distance,0.1236282404958719,left_fr3_side_suction,right_fr3_side_suction
79,A_tight_transport,79,0.69044444444444442,0,0.30977777777777782,minimum_robot_world_fcl_distance,0.0009998437128323357,shared_cube,left_fr3_side_suction
79,A_tight_transport,79,0.69044444444444442,0,0.30977777777777782,minimum_robot_environment_excluding_cube_fcl_distance,0.07477780608143864,table,right_fr3_side_suction
79,A_tight_transport,79,0.69044444444444442,0,0.30977777777777782,minimum_wrist_tool_environment_fcl_distance,0.07477780608143864,table,right_fr3_side_suction
80,A_tight_transport,80,0.69222222222222229,0,0.30888888888888888,minimum_fcl_distance,0.0009998434679487724,shared_cube,left_fr3_side_suction
80,A_tight_transport,80,0.69222222222222229,0,0.30888888888888888,minimum_self_and_inter_arm_fcl_distance,0.002028519303532355,right_fr3_link7,right_fr3_side_suction
80,A_tight_transport,80,0.69222222222222229,0,0.30888888888888888,minimum_inter_arm_fcl_distance,0.12362823978325481,left_fr3_side_suction,right_fr3_side_suction
80,A_tight_transport,80,0.69222222222222229,0,0.30888888888888888,minimum_robot_world_fcl_distance,0.0009998434679487724,shared_cube,left_fr3_side_suction
80,A_tight_transport,80,0.69222222222222229,0,0.30888888888888888,minimum_robot_environment_excluding_cube_fcl_distance,0.07388891728130464,table,right_fr3_side_suction
80,A_tight_transport,80,0.69222222222222229,0,0.30888888888888888,minimum_wrist_tool_environment_fcl_distance,0.07388891728130464,table,right_fr3_side_suction
81,A_tight_transport,81,0.69400000000000006,0,0.308,minimum_fcl_distance,0.0009998432260165794,shared_cube,left_fr3_side_suction
81,A_tight_transport,81,0.69400000000000006,0,0.308,minimum_self_and_inter_arm_fcl_distance,0.002028519303532379,left_fr3_link7,left_fr3_side_suction
81,A_tight_transport,81,0.69400000000000006,0,0.308,minimum_inter_arm_fcl_distance,0.12362823905992487,left_fr3_side_suction,right_fr3_side_suction
81,A_tight_transport,81,0.69400000000000006,0,0.308,minimum_robot_world_fcl_distance,0.0009998432260165794,shared_cube,left_fr3_side_suction
81,A_tight_transport,81,0.69400000000000006,0,0.308,minimum_robot_environment_excluding_cube_fcl_distance,0.07300002861880997,table,right_fr3_side_suction
81,A_tight_transport,81,0.69400000000000006,0,0.308,minimum_wrist_tool_environment_fcl_distance,0.07300002861880997,table,right_fr3_side_suction
82,A_tight_transport,82,0.69577777777777783,0,0.30711111111111111,minimum_fcl_distance,0.0009998429879313178,shared_cube,left_fr3_side_suction
82,A_tight_transport,82,0.69577777777777783,0,0.30711111111111111,minimum_self_and_inter_arm_fcl_distance,0.002028519303532336,right_fr3_link7,right_fr3_side_suction
82,A_tight_transport,82,0.69577777777777783,0,0.30711111111111111,minimum_inter_arm_fcl_distance,0.1236282383267393,left_fr3_side_suction,right_fr3_side_suction
82,A_tight_transport,82,0.69577777777777783,0,0.30711111111111111,minimum_robot_world_fcl_distance,0.0009998429879313178,shared_cube,left_fr3_side_suction
82,A_tight_transport,82,0.69577777777777783,0,0.30711111111111111,minimum_robot_environment_excluding_cube_fcl_distance,0.07211113989689905,table,right_fr3_side_suction
82,A_tight_transport,82,0.69577777777777783,0,0.30711111111111111,minimum_wrist_tool_environment_fcl_distance,0.07211113989689905,table,right_fr3_side_suction
83,A_tight_transport,83,0.6975555555555556,0,0.30622222222222223,minimum_fcl_distance,0.0009998427546202464,shared_cube,left_fr3_side_suction
83,A_tight_transport,83,0.6975555555555556,0,0.30622222222222223,minimum_self_and_inter_arm_fcl_distance,0.00202851930353236,left_fr3_link7,left_fr3_side_suction
83,A_tight_transport,83,0.6975555555555556,0,0.30622222222222223,minimum_inter_arm_fcl_distance,0.12362823758458985,left_fr3_side_suction,right_fr3_side_suction
83,A_tight_transport,83,0.6975555555555556,0,0.30622222222222223,minimum_robot_world_fcl_distance,0.0009998427546202464,shared_cube,left_fr3_side_suction
83,A_tight_transport,83,0.6975555555555556,0,0.30622222222222223,minimum_robot_environment_excluding_cube_fcl_distance,0.07122225118138888,table,right_fr3_side_suction
83,A_tight_transport,83,0.6975555555555556,0,0.30622222222222223,minimum_wrist_tool_environment_fcl_distance,0.07122225118138888,table,right_fr3_side_suction
84,A_tight_transport,84,0.69933333333333336,0,0.30533333333333335,minimum_fcl_distance,0.0009998425270427876,shared_cube,left_fr3_side_suction
84,A_tight_transport,84,0.69933333333333336,0,0.30533333333333335,minimum_self_and_inter_arm_fcl_distance,0.0020285193035323393,left_fr3_link7,left_fr3_side_suction
84,A_tight_transport,84,0.69933333333333336,0,0.30533333333333335,minimum_inter_arm_fcl_distance,0.12362823683440366,left_fr3_side_suction,right_fr3_side_suction
84,A_tight_transport,84,0.69933333333333336,0,0.30533333333333335,minimum_robot_world_fcl_distance,0.0009998425270427876,shared_cube,left_fr3_side_suction
84,A_tight_transport,84,0.69933333333333336,0,0.30533333333333335,minimum_robot_environment_excluding_cube_fcl_distance,0.07033336247237454,table,right_fr3_side_suction
84,A_tight_transport,84,0.69933333333333336,0,0.30533333333333335,minimum_wrist_tool_environment_fcl_distance,0.07033336247237454,table,right_fr3_side_suction
85,A_tight_transport,85,0.70111111111111113,0,0.30444444444444446,minimum_fcl_distance,0.0009998423061921872,shared_cube,left_fr3_side_suction
85,A_tight_transport,85,0.70111111111111113,0,0.30444444444444446,minimum_self_and_inter_arm_fcl_distance,0.0020285193035322886,left_fr3_link7,left_fr3_side_suction
85,A_tight_transport,85,0.70111111111111113,0,0.30444444444444446,minimum_inter_arm_fcl_distance,0.12362823607714495,left_fr3_side_suction,right_fr3_side_suction
85,A_tight_transport,85,0.70111111111111113,0,0.30444444444444446,minimum_robot_world_fcl_distance,0.0009998423061921872,shared_cube,left_fr3_side_suction
85,A_tight_transport,85,0.70111111111111113,0,0.30444444444444446,minimum_robot_environment_excluding_cube_fcl_distance,0.06944447832693312,table,left_fr3_side_suction
85,A_tight_transport,85,0.70111111111111113,0,0.30444444444444446,minimum_wrist_tool_environment_fcl_distance,0.06944447832693312,table,left_fr3_side_suction
86,A_tight_transport,86,0.7028888888888889,0,0.30355555555555558,minimum_fcl_distance,0.0009998420930939546,shared_cube,left_fr3_side_suction
86,A_tight_transport,86,0.7028888888888889,0,0.30355555555555558,minimum_self_and_inter_arm_fcl_distance,0.002028519303532274,left_fr3_link7,left_fr3_side_suction
86,A_tight_transport,86,0.7028888888888889,0,0.30355555555555558,minimum_inter_arm_fcl_distance,0.12362823531381378,left_fr3_side_suction,right_fr3_side_suction
86,A_tight_transport,86,0.7028888888888889,0,0.30355555555555558,minimum_robot_world_fcl_distance,0.0009998420930939546,shared_cube,left_fr3_side_suction
86,A_tight_transport,86,0.7028888888888889,0,0.30355555555555558,minimum_robot_environment_excluding_cube_fcl_distance,0.06855558956723055,table,left_fr3_side_suction
86,A_tight_transport,86,0.7028888888888889,0,0.30355555555555558,minimum_wrist_tool_environment_fcl_distance,0.06855558956723055,table,left_fr3_side_suction
87,A_tight_transport,87,0.70466666666666677,0,0.30266666666666664,minimum_fcl_distance,0.000999841888808694,shared_cube,left_fr3_side_suction
87,A_tight_transport,87,0.70466666666666677,0,0.30266666666666664,minimum_self_and_inter_arm_fcl_distance,0.0020285193035323393,right_fr3_link7,right_fr3_side_suction
87,A_tight_transport,87,0.70466666666666677,0,0.30266666666666664,minimum_inter_arm_fcl_distance,0.12362823454544684,left_fr3_side_suction,right_fr3_side_suction
87,A_tight_transport,87,0.70466666666666677,0,0.30266666666666664,minimum_robot_world_fcl_distance,0.000999841888808694,shared_cube,left_fr3_side_suction
87,A_tight_transport,87,0.70466666666666677,0,0.30266666666666664,minimum_robot_environment_excluding_cube_fcl_distance,0.06766670080628974,table,left_fr3_side_suction
87,A_tight_transport,87,0.70466666666666677,0,0.30266666666666664,minimum_wrist_tool_environment_fcl_distance,0.06766670080628974,table,left_fr3_side_suction
88,A_tight_transport,88,0.70644444444444443,0,0.30177777777777781,minimum_fcl_distance,0.0009998416944298097,shared_cube,left_fr3_side_suction
88,A_tight_transport,88,0.70644444444444443,0,0.30177777777777781,minimum_self_and_inter_arm_fcl_distance,0.0020285193035323645,right_fr3_link7,right_fr3_side_suction
88,A_tight_transport,88,0.70644444444444443,0,0.30177777777777781,minimum_inter_arm_fcl_distance,0.12362823377311898,left_fr3_side_suction,right_fr3_side_suction
88,A_tight_transport,88,0.70644444444444443,0,0.30177777777777781,minimum_robot_world_fcl_distance,0.0009998416944298097,shared_cube,left_fr3_side_suction
88,A_tight_transport,88,0.70644444444444443,0,0.30177777777777781,minimum_robot_environment_excluding_cube_fcl_distance,0.0667778120438156,table,left_fr3_side_suction
88,A_tight_transport,88,0.70644444444444443,0,0.30177777777777781,minimum_wrist_tool_environment_fcl_distance,0.0667778120438156,table,left_fr3_side_suction
89,A_tight_transport,89,0.70822222222222231,0,0.30088888888888887,minimum_fcl_distance,0.0009998415110867567,shared_cube,left_fr3_side_suction
89,A_tight_transport,89,0.70822222222222231,0,0.30088888888888887,minimum_self_and_inter_arm_fcl_distance,0.0020285193035323567,left_fr3_link7,left_fr3_side_suction
89,A_tight_transport,89,0.70822222222222231,0,0.30088888888888887,minimum_inter_arm_fcl_distance,0.12362823299794297,left_fr3_side_suction,right_fr3_side_suction
89,A_tight_transport,89,0.70822222222222231,0,0.30088888888888887,minimum_robot_world_fcl_distance,0.0009998415110867567,shared_cube,left_fr3_side_suction
89,A_tight_transport,89,0.70822222222222231,0,0.30088888888888887,minimum_robot_environment_excluding_cube_fcl_distance,0.06588892327949411,table,left_fr3_side_suction
89,A_tight_transport,89,0.70822222222222231,0,0.30088888888888887,minimum_wrist_tool_environment_fcl_distance,0.06588892327949411,table,left_fr3_side_suction
90,A_tight_transport,90,0.70999999999999996,0,0.30000000000000004,minimum_fcl_distance,0.0009998413399444192,shared_cube,left_fr3_side_suction
90,A_tight_transport,90,0.70999999999999996,0,0.30000000000000004,minimum_self_and_inter_arm_fcl_distance,0.002028519303532303,left_fr3_link7,left_fr3_side_suction
90,A_tight_transport,90,0.70999999999999996,0,0.30000000000000004,minimum_inter_arm_fcl_distance,0.1236282322210693,left_fr3_side_suction,right_fr3_side_suction
90,A_tight_transport,90,0.70999999999999996,0,0.30000000000000004,minimum_robot_world_fcl_distance,0.0009998413399444192,shared_cube,left_fr3_side_suction
90,A_tight_transport,90,0.70999999999999996,0,0.30000000000000004,minimum_robot_environment_excluding_cube_fcl_distance,0.0650000345129938,table,left_fr3_side_suction
90,A_tight_transport,90,0.70999999999999996,0,0.30000000000000004,minimum_wrist_tool_environment_fcl_distance,0.0650000345129938,table,left_fr3_side_suction
91,A_tight_transport,91,0.71177777777777784,0,0.29911111111111111,minimum_fcl_distance,0.0009998411822027095,shared_cube,left_fr3_side_suction
91,A_tight_transport,91,0.71177777777777784,0,0.29911111111111111,minimum_self_and_inter_arm_fcl_distance,0.002028519303532396,left_fr3_link7,left_fr3_side_suction
91,A_tight_transport,91,0.71177777777777784,0,0.29911111111111111,minimum_inter_arm_fcl_distance,0.12362823144368813,left_fr3_side_suction,right_fr3_side_suction
91,A_tight_transport,91,0.71177777777777784,0,0.29911111111111111,minimum_robot_world_fcl_distance,0.0009998411822027095,shared_cube,left_fr3_side_suction
91,A_tight_transport,91,0.71177777777777784,0,0.29911111111111111,minimum_robot_environment_excluding_cube_fcl_distance,0.06411114574396314,table,left_fr3_side_suction
91,A_tight_transport,91,0.71177777777777784,0,0.29911111111111111,minimum_wrist_tool_environment_fcl_distance,0.06411114574396314,table,left_fr3_side_suction
92,A_tight_transport,92,0.71355555555555561,0,0.29822222222222222,minimum_fcl_distance,0.0009998410390975527,shared_cube,left_fr3_side_suction
92,A_tight_transport,92,0.71355555555555561,0,0.29822222222222222,minimum_self_and_inter_arm_fcl_distance,0.0020285193035323823,left_fr3_link7,left_fr3_side_suction
92,A_tight_transport,92,0.71355555555555561,0,0.29822222222222222,minimum_inter_arm_fcl_distance,0.12362823066702713,left_fr3_side_suction,right_fr3_side_suction
92,A_tight_transport,92,0.71355555555555561,0,0.29822222222222222,minimum_robot_world_fcl_distance,0.0009998410390975527,shared_cube,left_fr3_side_suction
92,A_tight_transport,92,0.71355555555555561,0,0.29822222222222222,minimum_robot_environment_excluding_cube_fcl_distance,0.06322225697203218,table,left_fr3_side_suction
92,A_tight_transport,92,0.71355555555555561,0,0.29822222222222222,minimum_wrist_tool_environment_fcl_distance,0.06322225697203218,table,left_fr3_side_suction
93,A_tight_transport,93,0.71533333333333338,0,0.29733333333333334,minimum_fcl_distance,0.0009998409119017532,shared_cube,left_fr3_side_suction
93,A_tight_transport,93,0.71533333333333338,0,0.29733333333333334,minimum_self_and_inter_arm_fcl_distance,0.002028519303532407,right_fr3_link7,right_fr3_side_suction
93,A_tight_transport,93,0.71533333333333338,0,0.29733333333333334,minimum_inter_arm_fcl_distance,0.12362822989235345,left_fr3_side_suction,right_fr3_side_suction
93,A_tight_transport,93,0.71533333333333338,0,0.29733333333333334,minimum_robot_world_fcl_distance,0.0009998409119017532,shared_cube,left_fr3_side_suction
93,A_tight_transport,93,0.71533333333333338,0,0.29733333333333334,minimum_robot_environment_excluding_cube_fcl_distance,0.06233336744207403,table,right_fr3_side_suction
93,A_tight_transport,93,0.71533333333333338,0,0.29733333333333334,minimum_wrist_tool_environment_fcl_distance,0.06233336744207403,table,right_fr3_side_suction
94,A_tight_transport,94,0.71711111111111114,0,0.29644444444444445,minimum_fcl_distance,0.0009998408019246275,shared_cube,left_fr3_side_suction
94,A_tight_transport,94,0.71711111111111114,0,0.29644444444444445,minimum_self_and_inter_arm_fcl_distance,0.0020285193035323684,left_fr3_link7,left_fr3_side_suction
94,A_tight_transport,94,0.71711111111111114,0,0.29644444444444445,minimum_inter_arm_fcl_distance,0.1236282291209745,left_fr3_side_suction,right_fr3_side_suction
94,A_tight_transport,94,0.71711111111111114,0,0.29644444444444445,minimum_robot_world_fcl_distance,0.0009998408019246275,shared_cube,left_fr3_side_suction
94,A_tight_transport,94,0.71711111111111114,0,0.29644444444444445,minimum_robot_environment_excluding_cube_fcl_distance,0.061444476868118006,table,right_fr3_side_suction
94,A_tight_transport,94,0.71711111111111114,0,0.29644444444444445,minimum_wrist_tool_environment_fcl_distance,0.061444476868118006,table,right_fr3_side_suction
95,A_tight_transport,95,0.71888888888888891,0,0.29555555555555557,minimum_fcl_distance,0.0009998407105119304,shared_cube,left_fr3_side_suction
95,A_tight_transport,95,0.71888888888888891,0,0.29555555555555557,minimum_self_and_inter_arm_fcl_distance,0.0020285193035323714,left_fr3_link7,left_fr3_side_suction
95,A_tight_transport,95,0.71888888888888891,0,0.29555555555555557,minimum_inter_arm_fcl_distance,0.12362822835423483,left_fr3_side_suction,right_fr3_side_suction
95,A_tight_transport,95,0.71888888888888891,0,0.29555555555555557,minimum_robot_world_fcl_distance,0.0009998407105119304,shared_cube,left_fr3_side_suction
95,A_tight_transport,95,0.71888888888888891,0,0.29555555555555557,minimum_robot_environment_excluding_cube_fcl_distance,0.06055558715005022,table,right_fr3_side_suction
95,A_tight_transport,95,0.71888888888888891,0,0.29555555555555557,minimum_wrist_tool_environment_fcl_distance,0.06055558715005022,table,right_fr3_side_suction
96,A_tight_transport,96,0.72066666666666668,0,0.29466666666666669,minimum_fcl_distance,0.000999840639047175,shared_cube,left_fr3_side_suction
96,A_tight_transport,96,0.72066666666666668,0,0.29466666666666669,minimum_self_and_inter_arm_fcl_distance,0.0020285193035322643,right_fr3_link7,right_fr3_side_suction
96,A_tight_transport,96,0.72066666666666668,0,0.29466666666666669,minimum_inter_arm_fcl_distance,0.12362822759351991,left_fr3_side_suction,right_fr3_side_suction
96,A_tight_transport,96,0.72066666666666668,0,0.29466666666666669,minimum_robot_world_fcl_distance,0.000999840639047175,shared_cube,left_fr3_side_suction
96,A_tight_transport,96,0.72066666666666668,0,0.29466666666666669,minimum_robot_environment_excluding_cube_fcl_distance,0.05966669858150793,table,right_fr3_side_suction
96,A_tight_transport,96,0.72066666666666668,0,0.29466666666666669,minimum_wrist_tool_environment_fcl_distance,0.05966669858150793,table,right_fr3_side_suction
97,A_tight_transport,97,0.72244444444444444,0,0.2937777777777778,minimum_fcl_distance,0.000999840588950269,shared_cube,left_fr3_side_suction
97,A_tight_transport,97,0.72244444444444444,0,0.2937777777777778,minimum_self_and_inter_arm_fcl_distance,0.002028519303532405,left_fr3_link7,left_fr3_side_suction
97,A_tight_transport,97,0.72244444444444444,0,0.2937777777777778,minimum_inter_arm_fcl_distance,0.12362822684025353,left_fr3_side_suction,right_fr3_side_suction
97,A_tight_transport,97,0.72244444444444444,0,0.2937777777777778,minimum_robot_world_fcl_distance,0.000999840588950269,shared_cube,left_fr3_side_suction
97,A_tight_transport,97,0.72244444444444444,0,0.2937777777777778,minimum_robot_environment_excluding_cube_fcl_distance,0.05877781002081136,table,right_fr3_side_suction
97,A_tight_transport,97,0.72244444444444444,0,0.2937777777777778,minimum_wrist_tool_environment_fcl_distance,0.05877781002081136,table,right_fr3_side_suction
98,A_tight_transport,98,0.72422222222222232,0,0.29288888888888887,minimum_fcl_distance,0.0009998405616797248,shared_cube,left_fr3_side_suction
98,A_tight_transport,98,0.72422222222222232,0,0.29288888888888887,minimum_self_and_inter_arm_fcl_distance,0.0020285193035323697,right_fr3_link7,right_fr3_side_suction
98,A_tight_transport,98,0.72422222222222232,0,0.29288888888888887,minimum_inter_arm_fcl_distance,0.1236282260958986,left_fr3_side_suction,right_fr3_side_suction
98,A_tight_transport,98,0.72422222222222232,0,0.29288888888888887,minimum_robot_world_fcl_distance,0.0009998405616797248,shared_cube,left_fr3_side_suction
98,A_tight_transport,98,0.72422222222222232,0,0.29288888888888887,minimum_robot_environment_excluding_cube_fcl_distance,0.05788892128328205,table,right_fr3_side_suction
98,A_tight_transport,98,0.72422222222222232,0,0.29288888888888887,minimum_wrist_tool_environment_fcl_distance,0.05788892128328205,table,right_fr3_side_suction
99,A_tight_transport,99,0.72599999999999998,0,0.29200000000000004,minimum_fcl_distance,0.0009998405587297737,shared_cube,left_fr3_side_suction
99,A_tight_transport,99,0.72599999999999998,0,0.29200000000000004,minimum_self_and_inter_arm_fcl_distance,0.002028519303532357,right_fr3_link7,right_fr3_side_suction
99,A_tight_transport,99,0.72599999999999998,0,0.29200000000000004,minimum_inter_arm_fcl_distance,0.12362822536195649,left_fr3_side_suction,right_fr3_side_suction
99,A_tight_transport,99,0.72599999999999998,0,0.29200000000000004,minimum_robot_world_fcl_distance,0.0009998405587297737,shared_cube,left_fr3_side_suction
99,A_tight_transport,99,0.72599999999999998,0,0.29200000000000004,minimum_robot_environment_excluding_cube_fcl_distance,0.057000032682913204,table,right_fr3_side_suction
99,A_tight_transport,99,0.72599999999999998,0,0.29200000000000004,minimum_wrist_tool_environment_fcl_distance,0.057000032682913204,table,right_fr3_side_suction
100,A_tight_transport,100,0.72777777777777786,0,0.2911111111111111,minimum_fcl_distance,0.0009998405816332835,shared_cube,left_fr3_side_suction
100,A_tight_transport,100,0.72777777777777786,0,0.2911111111111111,minimum_self_and_inter_arm_fcl_distance,0.0020285193035323723,right_fr3_link7,right_fr3_side_suction
100,A_tight_transport,100,0.72777777777777786,0,0.2911111111111111,minimum_inter_arm_fcl_distance,0.12362822463996755,left_fr3_side_suction,right_fr3_side_suction
100,A_tight_transport,100,0.72777777777777786,0,0.2911111111111111,minimum_robot_world_fcl_distance,0.0009998405816332835,shared_cube,left_fr3_side_suction
100,A_tight_transport,100,0.72777777777777786,0,0.2911111111111111,minimum_robot_environment_excluding_cube_fcl_distance,0.05611114408972334,table,right_fr3_side_suction
100,A_tight_transport,100,0.72777777777777786,0,0.2911111111111111,minimum_wrist_tool_environment_fcl_distance,0.05611114408972334,table,right_fr3_side_suction
101,A_tight_transport,101,0.72955555555555562,0,0.29022222222222221,minimum_fcl_distance,0.0009998406319590841,shared_cube,left_fr3_side_suction
101,A_tight_transport,101,0.72955555555555562,0,0.29022222222222221,minimum_self_and_inter_arm_fcl_distance,0.002028519303532407,right_fr3_link7,right_fr3_side_suction
101,A_tight_transport,101,0.72955555555555562,0,0.29022222222222221,minimum_inter_arm_fcl_distance,0.12362822393150859,left_fr3_side_suction,right_fr3_side_suction
101,A_tight_transport,101,0.72955555555555562,0,0.29022222222222221,minimum_robot_world_fcl_distance,0.0009998406319590841,shared_cube,left_fr3_side_suction
101,A_tight_transport,101,0.72955555555555562,0,0.29022222222222221,minimum_robot_environment_excluding_cube_fcl_distance,0.055222255503713014,table,right_fr3_side_suction
101,A_tight_transport,101,0.72955555555555562,0,0.29022222222222221,minimum_wrist_tool_environment_fcl_distance,0.055222255503713014,table,right_fr3_side_suction
102,A_tight_transport,102,0.73133333333333339,0,0.28933333333333333,minimum_fcl_distance,0.0009998407113142392,shared_cube,left_fr3_side_suction
102,A_tight_transport,102,0.73133333333333339,0,0.28933333333333333,minimum_self_and_inter_arm_fcl_distance,0.00202851930353236,left_fr3_link7,left_fr3_side_suction
102,A_tight_transport,102,0.73133333333333339,0,0.28933333333333333,minimum_inter_arm_fcl_distance,0.1236282232381952,left_fr3_side_suction,right_fr3_side_suction
102,A_tight_transport,102,0.73133333333333339,0,0.28933333333333333,minimum_robot_world_fcl_distance,0.0009998407113142392,shared_cube,left_fr3_side_suction
102,A_tight_transport,102,0.73133333333333339,0,0.28933333333333333,minimum_robot_environment_excluding_cube_fcl_distance,0.054333366924875615,table,right_fr3_side_suction
102,A_tight_transport,102,0.73133333333333339,0,0.28933333333333333,minimum_wrist_tool_environment_fcl_distance,0.054333366924875615,table,right_fr3_side_suction
103,A_tight_transport,103,0.73311111111111116,0,0.28844444444444445,minimum_fcl_distance,0.0009998408213418707,shared_cube,left_fr3_side_suction
103,A_tight_transport,103,0.73311111111111116,0,0.28844444444444445,minimum_self_and_inter_arm_fcl_distance,0.002028519303532338,left_fr3_link7,left_fr3_side_suction
103,A_tight_transport,103,0.73311111111111116,0,0.28844444444444445,minimum_inter_arm_fcl_distance,0.12362822256167856,left_fr3_side_suction,right_fr3_side_suction
103,A_tight_transport,103,0.73311111111111116,0,0.28844444444444445,minimum_robot_world_fcl_distance,0.0009998408213418707,shared_cube,left_fr3_side_suction
103,A_tight_transport,103,0.73311111111111116,0,0.28844444444444445,minimum_robot_environment_excluding_cube_fcl_distance,0.05344447835319771,table,right_fr3_side_suction
103,A_tight_transport,103,0.73311111111111116,0,0.28844444444444445,minimum_wrist_tool_environment_fcl_distance,0.05344447835319771,table,right_fr3_side_suction
104,A_tight_transport,104,0.73488888888888892,0,0.28755555555555556,minimum_fcl_distance,0.0009998409637212043,shared_cube,left_fr3_side_suction
104,A_tight_transport,104,0.73488888888888892,0,0.28755555555555556,minimum_self_and_inter_arm_fcl_distance,0.0020285193035323003,left_fr3_link7,left_fr3_side_suction
104,A_tight_transport,104,0.73488888888888892,0,0.28755555555555556,minimum_inter_arm_fcl_distance,0.1236282219036466,left_fr3_side_suction,right_fr3_side_suction
104,A_tight_transport,104,0.73488888888888892,0,0.28755555555555556,minimum_robot_world_fcl_distance,0.0009998409637212043,shared_cube,left_fr3_side_suction
104,A_tight_transport,104,0.73488888888888892,0,0.28755555555555556,minimum_robot_environment_excluding_cube_fcl_distance,0.05255559031827798,table,right_fr3_side_suction
104,A_tight_transport,104,0.73488888888888892,0,0.28755555555555556,minimum_wrist_tool_environment_fcl_distance,0.05255559031827798,table,right_fr3_side_suction
105,A_tight_transport,105,0.73666666666666669,0,0.28666666666666668,minimum_fcl_distance,0.0009998406587382533,shared_cube,right_fr3_side_suction
105,A_tight_transport,105,0.73666666666666669,0,0.28666666666666668,minimum_self_and_inter_arm_fcl_distance,0.0020285193035324174,left_fr3_link7,left_fr3_side_suction
105,A_tight_transport,105,0.73666666666666669,0,0.28666666666666668,minimum_inter_arm_fcl_distance,0.12362822126582117,left_fr3_side_suction,right_fr3_side_suction
105,A_tight_transport,105,0.73666666666666669,0,0.28666666666666668,minimum_robot_world_fcl_distance,0.0009998406587382533,shared_cube,right_fr3_side_suction
105,A_tight_transport,105,0.73666666666666669,0,0.28666666666666668,minimum_robot_environment_excluding_cube_fcl_distance,0.05166670123123479,table,right_fr3_side_suction
105,A_tight_transport,105,0.73666666666666669,0,0.28666666666666668,minimum_wrist_tool_environment_fcl_distance,0.05166670123123479,table,right_fr3_side_suction
106,A_tight_transport,106,0.73844444444444446,0,0.2857777777777778,minimum_fcl_distance,0.000999839442975417,shared_cube,right_fr3_side_suction
106,A_tight_transport,106,0.73844444444444446,0,0.2857777777777778,minimum_self_and_inter_arm_fcl_distance,0.002028519303532271,right_fr3_link7,right_fr3_side_suction
106,A_tight_transport,106,0.73844444444444446,0,0.2857777777777778,minimum_inter_arm_fcl_distance,0.12362822064995865,left_fr3_side_suction,right_fr3_side_suction
106,A_tight_transport,106,0.73844444444444446,0,0.2857777777777778,minimum_robot_world_fcl_distance,0.000999839442975417,shared_cube,right_fr3_side_suction
106,A_tight_transport,106,0.73844444444444446,0,0.2857777777777778,minimum_robot_environment_excluding_cube_fcl_distance,0.05077781333226169,table,right_fr3_side_suction
106,A_tight_transport,106,0.73844444444444446,0,0.2857777777777778,minimum_wrist_tool_environment_fcl_distance,0.05077781333226169,table,right_fr3_side_suction
107,A_tight_transport,107,0.74022222222222234,0,0.28488888888888886,minimum_fcl_distance,0.0009998382146073955,shared_cube,right_fr3_side_suction
107,A_tight_transport,107,0.74022222222222234,0,0.28488888888888886,minimum_self_and_inter_arm_fcl_distance,0.0020285193035323493,right_fr3_link7,right_fr3_side_suction
107,A_tight_transport,107,0.74022222222222234,0,0.28488888888888886,minimum_inter_arm_fcl_distance,0.12362822005784889,left_fr3_side_suction,right_fr3_side_suction
107,A_tight_transport,107,0.74022222222222234,0,0.28488888888888886,minimum_robot_world_fcl_distance,0.0009998382146073955,shared_cube,right_fr3_side_suction
107,A_tight_transport,107,0.74022222222222234,0,0.28488888888888886,minimum_robot_environment_excluding_cube_fcl_distance,0.049888924851193846,table,right_fr3_side_suction
107,A_tight_transport,107,0.74022222222222234,0,0.28488888888888886,minimum_wrist_tool_environment_fcl_distance,0.049888924851193846,table,right_fr3_side_suction
108,A_tight_transport,108,0.74199999999999999,0,0.28400000000000003,minimum_fcl_distance,0.00099983697371924,shared_cube,right_fr3_side_suction
108,A_tight_transport,108,0.74199999999999999,0,0.28400000000000003,minimum_self_and_inter_arm_fcl_distance,0.002028519303532297,right_fr3_link7,right_fr3_side_suction
108,A_tight_transport,108,0.74199999999999999,0,0.28400000000000003,minimum_inter_arm_fcl_distance,0.12362821949131182,left_fr3_side_suction,right_fr3_side_suction
108,A_tight_transport,108,0.74199999999999999,0,0.28400000000000003,minimum_robot_world_fcl_distance,0.00099983697371924,shared_cube,right_fr3_side_suction
108,A_tight_transport,108,0.74199999999999999,0,0.28400000000000003,minimum_robot_environment_excluding_cube_fcl_distance,0.04900003560126534,table,right_fr3_side_suction
108,A_tight_transport,108,0.74199999999999999,0,0.28400000000000003,minimum_wrist_tool_environment_fcl_distance,0.04900003560126534,table,right_fr3_side_suction
109,A_tight_transport,109,0.74377777777777787,0,0.28311111111111109,minimum_fcl_distance,0.0009998357203815807,shared_cube,right_fr3_side_suction
109,A_tight_transport,109,0.74377777777777787,0,0.28311111111111109,minimum_self_and_inter_arm_fcl_distance,0.00202851930353232,right_fr3_link7,right_fr3_side_suction
109,A_tight_transport,109,0.74377777777777787,0,0.28311111111111109,minimum_inter_arm_fcl_distance,0.12362821895219796,left_fr3_side_suction,right_fr3_side_suction
109,A_tight_transport,109,0.74377777777777787,0,0.28311111111111109,minimum_robot_world_fcl_distance,0.0009998357203815807,shared_cube,right_fr3_side_suction
109,A_tight_transport,109,0.74377777777777787,0,0.28311111111111109,minimum_robot_environment_excluding_cube_fcl_distance,0.048111147071884464,table,right_fr3_side_suction
109,A_tight_transport,109,0.74377777777777787,0,0.28311111111111109,minimum_wrist_tool_environment_fcl_distance,0.048111147071884464,table,right_fr3_side_suction
110,A_tight_transport,110,0.74555555555555553,0,0.28222222222222226,minimum_fcl_distance,0.0009998344546562465,shared_cube,right_fr3_side_suction
110,A_tight_transport,110,0.74555555555555553,0,0.28222222222222226,minimum_self_and_inter_arm_fcl_distance,0.0020285193035323623,right_fr3_link7,right_fr3_side_suction
110,A_tight_transport,110,0.74555555555555553,0,0.28222222222222226,minimum_inter_arm_fcl_distance,0.12362821844238762,left_fr3_side_suction,right_fr3_side_suction
110,A_tight_transport,110,0.74555555555555553,0,0.28222222222222226,minimum_robot_world_fcl_distance,0.0009998344546562465,shared_cube,right_fr3_side_suction
110,A_tight_transport,110,0.74555555555555553,0,0.28222222222222226,minimum_robot_environment_excluding_cube_fcl_distance,0.04722225854937767,table,right_fr3_side_suction
110,A_tight_transport,110,0.74555555555555553,0,0.28222222222222226,minimum_wrist_tool_environment_fcl_distance,0.04722225854937767,table,right_fr3_side_suction
111,A_tight_transport,111,0.7473333333333334,0,0.28133333333333332,minimum_fcl_distance,0.0009998331765858819,shared_cube,right_fr3_side_suction
111,A_tight_transport,111,0.7473333333333334,0,0.28133333333333332,minimum_self_and_inter_arm_fcl_distance,0.002028519303532303,right_fr3_link7,right_fr3_side_suction
111,A_tight_transport,111,0.7473333333333334,0,0.28133333333333332,minimum_inter_arm_fcl_distance,0.12362821796378598,left_fr3_side_suction,right_fr3_side_suction
111,A_tight_transport,111,0.7473333333333334,0,0.28133333333333332,minimum_robot_world_fcl_distance,0.0009998331765858819,shared_cube,right_fr3_side_suction
111,A_tight_transport,111,0.7473333333333334,0,0.28133333333333332,minimum_robot_environment_excluding_cube_fcl_distance,0.04633337035747663,table,left_fr3_side_suction
111,A_tight_transport,111,0.7473333333333334,0,0.28133333333333332,minimum_wrist_tool_environment_fcl_distance,0.04633337035747663,table,left_fr3_side_suction
112,A_tight_transport,112,0.74911111111111117,0,0.28044444444444444,minimum_fcl_distance,0.0009998318862017676,shared_cube,right_fr3_side_suction
112,A_tight_transport,112,0.74911111111111117,0,0.28044444444444444,minimum_self_and_inter_arm_fcl_distance,0.0020285193035322817,right_fr3_link7,right_fr3_side_suction
112,A_tight_transport,112,0.74911111111111117,0,0.28044444444444444,minimum_inter_arm_fcl_distance,0.12362821751832359,left_fr3_side_suction,right_fr3_side_suction
112,A_tight_transport,112,0.74911111111111117,0,0.28044444444444444,minimum_robot_world_fcl_distance,0.0009998318862017676,shared_cube,right_fr3_side_suction
112,A_tight_transport,112,0.74911111111111117,0,0.28044444444444444,minimum_robot_environment_excluding_cube_fcl_distance,0.04544448152470337,table,right_fr3_side_suction
112,A_tight_transport,112,0.74911111111111117,0,0.28044444444444444,minimum_wrist_tool_environment_fcl_distance,0.04544448152470337,table,right_fr3_side_suction
113,A_tight_transport,113,0.75088888888888894,0,0.27955555555555556,minimum_fcl_distance,0.0009998305835164038,shared_cube,right_fr3_side_suction
113,A_tight_transport,113,0.75088888888888894,0,0.27955555555555556,minimum_self_and_inter_arm_fcl_distance,0.002028519303532326,right_fr3_link7,right_fr3_side_suction
113,A_tight_transport,113,0.75088888888888894,0,0.27955555555555556,minimum_inter_arm_fcl_distance,0.12362821710795385,left_fr3_side_suction,right_fr3_side_suction
113,A_tight_transport,113,0.75088888888888894,0,0.27955555555555556,minimum_robot_world_fcl_distance,0.0009998305835164038,shared_cube,right_fr3_side_suction
113,A_tight_transport,113,0.75088888888888894,0,0.27955555555555556,minimum_robot_environment_excluding_cube_fcl_distance,0.044555593022377715,table,right_fr3_side_suction
113,A_tight_transport,113,0.75088888888888894,0,0.27955555555555556,minimum_wrist_tool_environment_fcl_distance,0.044555593022377715,table,right_fr3_side_suction
114,A_tight_transport,114,0.75266666666666671,0,0.27866666666666667,minimum_fcl_distance,0.0009998292685232026,shared_cube,right_fr3_side_suction
114,A_tight_transport,114,0.75266666666666671,0,0.27866666666666667,minimum_self_and_inter_arm_fcl_distance,0.0020285193035323047,left_fr3_link7,left_fr3_side_suction
114,A_tight_transport,114,0.75266666666666671,0,0.27866666666666667,minimum_inter_arm_fcl_distance,0.12362821673465121,left_fr3_side_suction,right_fr3_side_suction
114,A_tight_transport,114,0.75266666666666671,0,0.27866666666666667,minimum_robot_world_fcl_distance,0.0009998292685232026,shared_cube,right_fr3_side_suction
114,A_tight_transport,114,0.75266666666666671,0,0.27866666666666667,minimum_robot_environment_excluding_cube_fcl_distance,0.04366672411208109,table,left_fr3_side_suction
114,A_tight_transport,114,0.75266666666666671,0,0.27866666666666667,minimum_wrist_tool_environment_fcl_distance,0.04366672411208109,table,left_fr3_side_suction
115,A_tight_transport,115,0.75444444444444447,0,0.27777777777777779,minimum_fcl_distance,0.000999827941196915,shared_cube,right_fr3_side_suction
115,A_tight_transport,115,0.75444444444444447,0,0.27777777777777779,minimum_self_and_inter_arm_fcl_distance,0.0020285193035323576,left_fr3_link7,left_fr3_side_suction
115,A_tight_transport,115,0.75444444444444447,0,0.27777777777777779,minimum_inter_arm_fcl_distance,0.12362821640040707,left_fr3_side_suction,right_fr3_side_suction
115,A_tight_transport,115,0.75444444444444447,0,0.27777777777777779,minimum_robot_world_fcl_distance,0.000999827941196915,shared_cube,right_fr3_side_suction
115,A_tight_transport,115,0.75444444444444447,0,0.27777777777777779,minimum_robot_environment_excluding_cube_fcl_distance,0.042777834969089254,table,left_fr3_side_suction
115,A_tight_transport,115,0.75444444444444447,0,0.27777777777777779,minimum_wrist_tool_environment_fcl_distance,0.042777834969089254,table,left_fr3_side_suction
116,A_tight_transport,116,0.75622222222222224,0,0.27688888888888891,minimum_fcl_distance,0.0009998266014893972,shared_cube,right_fr3_side_suction
116,A_tight_transport,116,0.75622222222222224,0,0.27688888888888891,minimum_self_and_inter_arm_fcl_distance,0.002028519303532302,left_fr3_link7,left_fr3_side_suction
116,A_tight_transport,116,0.75622222222222224,0,0.27688888888888891,minimum_inter_arm_fcl_distance,0.12362821610722859,left_fr3_side_suction,right_fr3_side_suction
116,A_tight_transport,116,0.75622222222222224,0,0.27688888888888891,minimum_robot_world_fcl_distance,0.0009998266014893972,shared_cube,right_fr3_side_suction
116,A_tight_transport,116,0.75622222222222224,0,0.27688888888888891,minimum_robot_environment_excluding_cube_fcl_distance,0.041888925805056584,table,left_fr3_side_suction
116,A_tight_transport,116,0.75622222222222224,0,0.27688888888888891,minimum_wrist_tool_environment_fcl_distance,0.041888925805056584,table,left_fr3_side_suction
117,A_tight_transport,117,0.75800000000000001,0,0.27600000000000002,minimum_fcl_distance,0.0009998252493283346,shared_cube,right_fr3_side_suction
117,A_tight_transport,117,0.75800000000000001,0,0.27600000000000002,minimum_self_and_inter_arm_fcl_distance,0.002028519303532348,left_fr3_link7,left_fr3_side_suction
117,A_tight_transport,117,0.75800000000000001,0,0.27600000000000002,minimum_inter_arm_fcl_distance,0.12362821585713464,left_fr3_side_suction,right_fr3_side_suction
117,A_tight_transport,117,0.75800000000000001,0,0.27600000000000002,minimum_robot_world_fcl_distance,0.0009998252493283346,shared_cube,right_fr3_side_suction
117,A_tight_transport,117,0.75800000000000001,0,0.27600000000000002,minimum_robot_environment_excluding_cube_fcl_distance,0.04100003683389239,table,left_fr3_side_suction
117,A_tight_transport,117,0.75800000000000001,0,0.27600000000000002,minimum_wrist_tool_environment_fcl_distance,0.04100003683389239,table,left_fr3_side_suction
118,A_tight_transport,118,0.75977777777777789,0,0.27511111111111108,minimum_fcl_distance,0.0009998238846162582,shared_cube,right_fr3_side_suction
118,A_tight_transport,118,0.75977777777777789,0,0.27511111111111108,minimum_self_and_inter_arm_fcl_distance,0.002028519303532383,left_fr3_link7,left_fr3_side_suction
118,A_tight_transport,118,0.75977777777777789,0,0.27511111111111108,minimum_inter_arm_fcl_distance,0.12362821565215508,left_fr3_side_suction,right_fr3_side_suction
118,A_tight_transport,118,0.75977777777777789,0,0.27511111111111108,minimum_robot_world_fcl_distance,0.0009998238846162582,shared_cube,right_fr3_side_suction
118,A_tight_transport,118,0.75977777777777789,0,0.27511111111111108,minimum_robot_environment_excluding_cube_fcl_distance,0.04011116737053937,table,left_fr3_side_suction
118,A_tight_transport,118,0.75977777777777789,0,0.27511111111111108,minimum_wrist_tool_environment_fcl_distance,0.04011116737053937,table,left_fr3_side_suction
119,A_tight_transport,119,0.76155555555555554,0,0.27422222222222226,minimum_fcl_distance,0.0009998225072286816,shared_cube,right_fr3_side_suction
119,A_tight_transport,119,0.76155555555555554,0,0.27422222222222226,minimum_self_and_inter_arm_fcl_distance,0.002028519303532391,right_fr3_link7,right_fr3_side_suction
119,A_tight_transport,119,0.76155555555555554,0,0.27422222222222226,minimum_inter_arm_fcl_distance,0.12362821549432411,left_fr3_side_suction,right_fr3_side_suction
119,A_tight_transport,119,0.76155555555555554,0,0.27422222222222226,minimum_robot_world_fcl_distance,0.0009998225072286816,shared_cube,right_fr3_side_suction
119,A_tight_transport,119,0.76155555555555554,0,0.27422222222222226,minimum_robot_environment_excluding_cube_fcl_distance,0.03922225882183481,table,left_fr3_side_suction
119,A_tight_transport,119,0.76155555555555554,0,0.27422222222222226,minimum_wrist_tool_environment_fcl_distance,0.03922225882183481,table,left_fr3_side_suction
120,A_tight_transport,120,0.76333333333333342,0,0.27333333333333332,minimum_fcl_distance,0.000999821117007814,shared_cube,right_fr3_side_suction
120,A_tight_transport,120,0.76333333333333342,0,0.27333333333333332,minimum_self_and_inter_arm_fcl_distance,0.0020285193035323385,left_fr3_link7,left_fr3_side_suction
120,A_tight_transport,120,0.76333333333333342,0,0.27333333333333332,minimum_inter_arm_fcl_distance,0.12362821538567827,left_fr3_side_suction,right_fr3_side_suction
120,A_tight_transport,120,0.76333333333333342,0,0.27333333333333332,minimum_robot_world_fcl_distance,0.000999821117007814,shared_cube,right_fr3_side_suction
120,A_tight_transport,120,0.76333333333333342,0,0.27333333333333332,minimum_robot_environment_excluding_cube_fcl_distance,0.038333369778518714,table,left_fr3_side_suction
120,A_tight_transport,120,0.76333333333333342,0,0.27333333333333332,minimum_wrist_tool_environment_fcl_distance,0.038333369778518714,table,left_fr3_side_suction
121,A_tight_transport,121,0.76511111111111108,0,0.27244444444444449,minimum_fcl_distance,0.0009998197137676824,shared_cube,right_fr3_side_suction
121,A_tight_transport,121,0.76511111111111108,0,0.27244444444444449,minimum_self_and_inter_arm_fcl_distance,0.002028519303532373,left_fr3_link7,left_fr3_side_suction
121,A_tight_transport,121,0.76511111111111108,0,0.27244444444444449,minimum_inter_arm_fcl_distance,0.12362821532825315,left_fr3_side_suction,right_fr3_side_suction
121,A_tight_transport,121,0.76511111111111108,0,0.27244444444444449,minimum_robot_world_fcl_distance,0.0009998197137676824,shared_cube,right_fr3_side_suction
121,A_tight_transport,121,0.76511111111111108,0,0.27244444444444449,minimum_robot_environment_excluding_cube_fcl_distance,0.03744448070867052,table,left_fr3_side_suction
121,A_tight_transport,121,0.76511111111111108,0,0.27244444444444449,minimum_wrist_tool_environment_fcl_distance,0.03744448070867052,table,left_fr3_side_suction
122,A_tight_transport,122,0.76688888888888895,0,0.27155555555555555,minimum_fcl_distance,0.0009998182972831967,shared_cube,right_fr3_side_suction
122,A_tight_transport,122,0.76688888888888895,0,0.27155555555555555,minimum_self_and_inter_arm_fcl_distance,0.0020285193035322916,right_fr3_link7,right_fr3_side_suction
122,A_tight_transport,122,0.76688888888888895,0,0.27155555555555555,minimum_inter_arm_fcl_distance,0.12362821532407871,left_fr3_side_suction,right_fr3_side_suction
122,A_tight_transport,122,0.76688888888888895,0,0.27155555555555555,minimum_robot_world_fcl_distance,0.0009998182972831967,shared_cube,right_fr3_side_suction
122,A_tight_transport,122,0.76688888888888895,0,0.27155555555555555,minimum_robot_environment_excluding_cube_fcl_distance,0.036555610125505754,table,left_fr3_side_suction
122,A_tight_transport,122,0.76688888888888895,0,0.27155555555555555,minimum_wrist_tool_environment_fcl_distance,0.036555610125505754,table,left_fr3_side_suction
123,A_tight_transport,123,0.76866666666666672,0,0.27066666666666667,minimum_fcl_distance,0.0009998168672952711,shared_cube,right_fr3_side_suction
123,A_tight_transport,123,0.76866666666666672,0,0.27066666666666667,minimum_self_and_inter_arm_fcl_distance,0.002028519303532409,left_fr3_link7,left_fr3_side_suction
123,A_tight_transport,123,0.76866666666666672,0,0.27066666666666667,minimum_inter_arm_fcl_distance,0.12362821537517542,left_fr3_side_suction,right_fr3_side_suction
123,A_tight_transport,123,0.76866666666666672,0,0.27066666666666667,minimum_robot_world_fcl_distance,0.0009998168672952711,shared_cube,right_fr3_side_suction
123,A_tight_transport,123,0.76866666666666672,0,0.27066666666666667,minimum_robot_environment_excluding_cube_fcl_distance,0.03566672072478507,table,left_fr3_side_suction
123,A_tight_transport,123,0.76866666666666672,0,0.27066666666666667,minimum_wrist_tool_environment_fcl_distance,0.03566672072478507,table,left_fr3_side_suction
124,A_tight_transport,124,0.77044444444444449,0,0.26977777777777778,minimum_fcl_distance,0.0009998154235023949,shared_cube,right_fr3_side_suction
124,A_tight_transport,124,0.77044444444444449,0,0.26977777777777778,minimum_self_and_inter_arm_fcl_distance,0.0020285193035323936,right_fr3_link7,right_fr3_side_suction
124,A_tight_transport,124,0.77044444444444449,0,0.26977777777777778,minimum_inter_arm_fcl_distance,0.12362821548354776,left_fr3_side_suction,right_fr3_side_suction
124,A_tight_transport,124,0.77044444444444449,0,0.26977777777777778,minimum_robot_world_fcl_distance,0.0009998154235023949,shared_cube,right_fr3_side_suction
124,A_tight_transport,124,0.77044444444444449,0,0.26977777777777778,minimum_robot_environment_excluding_cube_fcl_distance,0.03477783128524378,table,left_fr3_side_suction
124,A_tight_transport,124,0.77044444444444449,0,0.26977777777777778,minimum_wrist_tool_environment_fcl_distance,0.03477783128524378,table,left_fr3_side_suction
125,A_tight_transport,125,0.77222222222222225,0,0.2688888888888889,minimum_fcl_distance,0.0009998139655575914,shared_cube,right_fr3_side_suction
125,A_tight_transport,125,0.77222222222222225,0,0.2688888888888889,minimum_self_and_inter_arm_fcl_distance,0.0020285193035324,left_fr3_link7,left_fr3_side_suction
125,A_tight_transport,125,0.77222222222222225,0,0.2688888888888889,minimum_inter_arm_fcl_distance,0.12362821565118119,left_fr3_side_suction,right_fr3_side_suction
125,A_tight_transport,125,0.77222222222222225,0,0.2688888888888889,minimum_robot_world_fcl_distance,0.0009998139655575914,shared_cube,right_fr3_side_suction
125,A_tight_transport,125,0.77222222222222225,0,0.2688888888888889,minimum_robot_environment_excluding_cube_fcl_distance,0.0338889241374054,table,left_fr3_side_suction
125,A_tight_transport,125,0.77222222222222225,0,0.2688888888888889,minimum_wrist_tool_environment_fcl_distance,0.0338889241374054,table,left_fr3_side_suction
126,A_tight_transport,126,0.77400000000000002,0,0.26800000000000002,minimum_fcl_distance,0.0009998124930716316,shared_cube,right_fr3_side_suction
126,A_tight_transport,126,0.77400000000000002,0,0.26800000000000002,minimum_self_and_inter_arm_fcl_distance,0.002028519303532352,right_fr3_link7,right_fr3_side_suction
126,A_tight_transport,126,0.77400000000000002,0,0.26800000000000002,minimum_inter_arm_fcl_distance,0.12362821588003603,left_fr3_side_suction,right_fr3_side_suction
126,A_tight_transport,126,0.77400000000000002,0,0.26800000000000002,minimum_robot_world_fcl_distance,0.0009998124930716316,shared_cube,right_fr3_side_suction
126,A_tight_transport,126,0.77400000000000002,0,0.26800000000000002,minimum_robot_environment_excluding_cube_fcl_distance,0.033000052283378746,table,left_fr3_side_suction
126,A_tight_transport,126,0.77400000000000002,0,0.26800000000000002,minimum_wrist_tool_environment_fcl_distance,0.033000052283378746,table,left_fr3_side_suction
127,A_tight_transport,127,0.77577777777777779,0,0.26711111111111113,minimum_fcl_distance,0.000999811005602088,shared_cube,right_fr3_side_suction
127,A_tight_transport,127,0.77577777777777779,0,0.26711111111111113,minimum_self_and_inter_arm_fcl_distance,0.002028519303532399,right_fr3_link7,right_fr3_side_suction
127,A_tight_transport,127,0.77577777777777779,0,0.26711111111111113,minimum_inter_arm_fcl_distance,0.12362821617204216,left_fr3_side_suction,right_fr3_side_suction
127,A_tight_transport,127,0.77577777777777779,0,0.26711111111111113,minimum_robot_world_fcl_distance,0.000999811005602088,shared_cube,right_fr3_side_suction
127,A_tight_transport,127,0.77577777777777779,0,0.26711111111111113,minimum_robot_environment_excluding_cube_fcl_distance,0.032111162717822994,table,left_fr3_side_suction
127,A_tight_transport,127,0.77577777777777779,0,0.26711111111111113,minimum_wrist_tool_environment_fcl_distance,0.032111162717822994,table,left_fr3_side_suction
128,A_tight_transport,128,0.77755555555555556,0,0.26622222222222225,minimum_fcl_distance,0.0009998095026543354,shared_cube,right_fr3_side_suction
128,A_tight_transport,128,0.77755555555555556,0,0.26622222222222225,minimum_self_and_inter_arm_fcl_distance,0.0020285193035324135,right_fr3_link7,right_fr3_side_suction
128,A_tight_transport,128,0.77755555555555556,0,0.26622222222222225,minimum_inter_arm_fcl_distance,0.12362821652909248,left_fr3_side_suction,right_fr3_side_suction
128,A_tight_transport,128,0.77755555555555556,0,0.26622222222222225,minimum_robot_world_fcl_distance,0.0009998095026543354,shared_cube,right_fr3_side_suction
128,A_tight_transport,128,0.77755555555555556,0,0.26622222222222225,minimum_robot_environment_excluding_cube_fcl_distance,0.031222256363081496,table,left_fr3_side_suction
128,A_tight_transport,128,0.77755555555555556,0,0.26622222222222225,minimum_wrist_tool_environment_fcl_distance,0.031222256363081496,table,left_fr3_side_suction
129,A_tight_transport,129,0.77933333333333343,0,0.26533333333333331,minimum_fcl_distance,0.0009998079836757861,shared_cube,right_fr3_side_suction
129,A_tight_transport,129,0.77933333333333343,0,0.26533333333333331,minimum_self_and_inter_arm_fcl_distance,0.0020285193035322778,right_fr3_link7,right_fr3_side_suction
129,A_tight_transport,129,0.77933333333333343,0,0.26533333333333331,minimum_inter_arm_fcl_distance,0.12362821695303654,left_fr3_side_suction,right_fr3_side_suction
129,A_tight_transport,129,0.77933333333333343,0,0.26533333333333331,minimum_robot_world_fcl_distance,0.0009998079836757861,shared_cube,right_fr3_side_suction
129,A_tight_transport,129,0.77933333333333343,0,0.26533333333333331,minimum_robot_environment_excluding_cube_fcl_distance,0.030333367031164248,table,left_fr3_side_suction
129,A_tight_transport,129,0.77933333333333343,0,0.26533333333333331,minimum_wrist_tool_environment_fcl_distance,0.030333367031164248,table,left_fr3_side_suction
130,A_tight_transport,130,0.78111111111111109,0,0.26444444444444448,minimum_fcl_distance,0.00099980644805409,shared_cube,right_fr3_side_suction
130,A_tight_transport,130,0.78111111111111109,0,0.26444444444444448,minimum_self_and_inter_arm_fcl_distance,0.002028519303532353,left_fr3_link7,left_fr3_side_suction
130,A_tight_transport,130,0.78111111111111109,0,0.26444444444444448,minimum_inter_arm_fcl_distance,0.12362821744567447,left_fr3_side_suction,right_fr3_side_suction
130,A_tight_transport,130,0.78111111111111109,0,0.26444444444444448,minimum_robot_world_fcl_distance,0.00099980644805409,shared_cube,right_fr3_side_suction
130,A_tight_transport,130,0.78111111111111109,0,0.26444444444444448,minimum_robot_environment_excluding_cube_fcl_distance,0.029444493742674584,table,left_fr3_side_suction
130,A_tight_transport,130,0.78111111111111109,0,0.26444444444444448,minimum_wrist_tool_environment_fcl_distance,0.029444493742674584,table,left_fr3_side_suction
131,A_tight_transport,131,0.78288888888888897,0,0.26355555555555554,minimum_fcl_distance,0.0009998048951101002,shared_cube,right_fr3_side_suction
131,A_tight_transport,131,0.78288888888888897,0,0.26355555555555554,minimum_self_and_inter_arm_fcl_distance,0.002028519303532336,left_fr3_link7,left_fr3_side_suction
131,A_tight_transport,131,0.78288888888888897,0,0.26355555555555554,minimum_inter_arm_fcl_distance,0.12362821800874937,left_fr3_side_suction,right_fr3_side_suction
131,A_tight_transport,131,0.78288888888888897,0,0.26355555555555554,minimum_robot_world_fcl_distance,0.0009998048951101002,shared_cube,right_fr3_side_suction
131,A_tight_transport,131,0.78288888888888897,0,0.26355555555555554,minimum_robot_environment_excluding_cube_fcl_distance,0.028555603985757592,table,left_fr3_side_suction
131,A_tight_transport,131,0.78288888888888897,0,0.26355555555555554,minimum_wrist_tool_environment_fcl_distance,0.028555603985757592,table,left_fr3_side_suction
132,A_tight_transport,132,0.78466666666666673,0,0.26266666666666666,minimum_fcl_distance,0.0009998033240953604,shared_cube,right_fr3_side_suction
132,A_tight_transport,132,0.78466666666666673,0,0.26266666666666666,minimum_self_and_inter_arm_fcl_distance,0.00202851930353239,left_fr3_link7,left_fr3_side_suction
132,A_tight_transport,132,0.78466666666666673,0,0.26266666666666666,minimum_inter_arm_fcl_distance,0.12362821864393855,left_fr3_side_suction,right_fr3_side_suction
132,A_tight_transport,132,0.78466666666666673,0,0.26266666666666666,minimum_robot_world_fcl_distance,0.0009998033240953604,shared_cube,right_fr3_side_suction
132,A_tight_transport,132,0.78466666666666673,0,0.26266666666666666,minimum_robot_environment_excluding_cube_fcl_distance,0.02766669879185292,table,left_fr3_side_suction
132,A_tight_transport,132,0.78466666666666673,0,0.26266666666666666,minimum_wrist_tool_environment_fcl_distance,0.02766669879185292,table,left_fr3_side_suction
133,A_tight_transport,133,0.7864444444444445,0,0.26177777777777778,minimum_fcl_distance,0.0009998017341898906,shared_cube,right_fr3_side_suction
133,A_tight_transport,133,0.7864444444444445,0,0.26177777777777778,minimum_self_and_inter_arm_fcl_distance,0.0020285193035323424,left_fr3_link7,left_fr3_side_suction
133,A_tight_transport,133,0.7864444444444445,0,0.26177777777777778,minimum_inter_arm_fcl_distance,0.12362821935284755,left_fr3_side_suction,right_fr3_side_suction
133,A_tight_transport,133,0.7864444444444445,0,0.26177777777777778,minimum_robot_world_fcl_distance,0.0009998017341898906,shared_cube,right_fr3_side_suction
133,A_tight_transport,133,0.7864444444444445,0,0.26177777777777778,minimum_robot_environment_excluding_cube_fcl_distance,0.02677782431358966,table,left_fr3_side_suction
133,A_tight_transport,133,0.7864444444444445,0,0.26177777777777778,minimum_wrist_tool_environment_fcl_distance,0.02677782431358966,table,left_fr3_side_suction
134,A_tight_transport,134,0.78822222222222227,0,0.26088888888888889,minimum_fcl_distance,0.0009998001244906018,shared_cube,right_fr3_side_suction
134,A_tight_transport,134,0.78822222222222227,0,0.26088888888888889,minimum_self_and_inter_arm_fcl_distance,0.002028519303532405,right_fr3_link7,right_fr3_side_suction
134,A_tight_transport,134,0.78822222222222227,0,0.26088888888888889,minimum_inter_arm_fcl_distance,0.12362822013699984,left_fr3_side_suction,right_fr3_side_suction
134,A_tight_transport,134,0.78822222222222227,0,0.26088888888888889,minimum_robot_world_fcl_distance,0.0009998001244906018,shared_cube,right_fr3_side_suction
134,A_tight_transport,134,0.78822222222222227,0,0.26088888888888889,minimum_robot_environment_excluding_cube_fcl_distance,0.025888934394747796,table,left_fr3_side_suction
134,A_tight_transport,134,0.78822222222222227,0,0.26088888888888889,minimum_wrist_tool_environment_fcl_distance,0.025888934394747796,table,left_fr3_side_suction
135,A_tight_transport,135,0.79000000000000004,0,0.26000000000000001,minimum_fcl_distance,0.0009997984940144258,shared_cube,right_fr3_side_suction
135,A_tight_transport,135,0.79000000000000004,0,0.26000000000000001,minimum_self_and_inter_arm_fcl_distance,0.0020285193035323524,right_fr3_link7,right_fr3_side_suction
135,A_tight_transport,135,0.79000000000000004,0,0.26000000000000001,minimum_inter_arm_fcl_distance,0.12362822099782783,left_fr3_side_suction,right_fr3_side_suction
135,A_tight_transport,135,0.79000000000000004,0,0.26000000000000001,minimum_robot_world_fcl_distance,0.0009997984940144258,shared_cube,right_fr3_side_suction
135,A_tight_transport,135,0.79000000000000004,0,0.26000000000000001,minimum_robot_environment_excluding_cube_fcl_distance,0.02500003015228876,table,left_fr3_side_suction
135,A_tight_transport,135,0.79000000000000004,0,0.26000000000000001,minimum_wrist_tool_environment_fcl_distance,0.02500003015228876,table,left_fr3_side_suction
136,B_constrained_insertion,0,0.79000000000000004,0,0.26000000000000001,minimum_fcl_distance,0.0009997984940144258,shared_cube,right_fr3_side_suction
136,B_constrained_insertion,0,0.79000000000000004,0,0.26000000000000001,minimum_self_and_inter_arm_fcl_distance,0.0020285193035323524,right_fr3_link7,right_fr3_side_suction
136,B_constrained_insertion,0,0.79000000000000004,0,0.26000000000000001,minimum_inter_arm_fcl_distance,0.12362822099782783,left_fr3_side_suction,right_fr3_side_suction
136,B_constrained_insertion,0,0.79000000000000004,0,0.26000000000000001,minimum_robot_world_fcl_distance,0.0009997984940144258,shared_cube,right_fr3_side_suction
136,B_constrained_insertion,0,0.79000000000000004,0,0.26000000000000001,minimum_robot_environment_excluding_cube_fcl_distance,0.02500003015228876,table,left_fr3_side_suction
136,B_constrained_insertion,0,0.79000000000000004,0,0.26000000000000001,minimum_wrist_tool_environment_fcl_distance,0.02500003015228876,table,left_fr3_side_suction
137,B_constrained_insertion,1,0.79198717948717956,0,0.26000000000000001,minimum_fcl_distance,0.0009999247286081934,shared_cube,left_fr3_side_suction
137,B_constrained_insertion,1,0.79198717948717956,0,0.26000000000000001,minimum_self_and_inter_arm_fcl_distance,0.0020285193035323346,left_fr3_link7,left_fr3_side_suction
137,B_constrained_insertion,1,0.79198717948717956,0,0.26000000000000001,minimum_inter_arm_fcl_distance,0.12362838853092982,left_fr3_side_suction,right_fr3_side_suction
137,B_constrained_insertion,1,0.79198717948717956,0,0.26000000000000001,minimum_robot_world_fcl_distance,0.0009999247286081934,shared_cube,left_fr3_side_suction
137,B_constrained_insertion,1,0.79198717948717956,0,0.26000000000000001,minimum_robot_environment_excluding_cube_fcl_distance,0.02499993752901747,table,left_fr3_side_suction
137,B_constrained_insertion,1,0.79198717948717956,0,0.26000000000000001,minimum_wrist_tool_environment_fcl_distance,0.02499993752901747,table,left_fr3_side_suction
138,B_constrained_insertion,2,0.79397435897435897,0,0.26000000000000001,minimum_fcl_distance,0.000999922160845352,shared_cube,left_fr3_side_suction
138,B_constrained_insertion,2,0.79397435897435897,0,0.26000000000000001,minimum_self_and_inter_arm_fcl_distance,0.0020285193035323454,left_fr3_link7,left_fr3_side_suction
138,B_constrained_insertion,2,0.79397435897435897,0,0.26000000000000001,minimum_inter_arm_fcl_distance,0.12362838598300536,left_fr3_side_suction,right_fr3_side_suction
138,B_constrained_insertion,2,0.79397435897435897,0,0.26000000000000001,minimum_robot_world_fcl_distance,0.000999922160845352,shared_cube,left_fr3_side_suction
138,B_constrained_insertion,2,0.79397435897435897,0,0.26000000000000001,minimum_robot_environment_excluding_cube_fcl_distance,0.024999929080826655,table,left_fr3_side_suction
138,B_constrained_insertion,2,0.79397435897435897,0,0.26000000000000001,minimum_wrist_tool_environment_fcl_distance,0.024999929080826655,table,left_fr3_side_suction
139,B_constrained_insertion,3,0.7959615384615385,0,0.26000000000000001,minimum_fcl_distance,0.0009999201007066388,shared_cube,left_fr3_side_suction
139,B_constrained_insertion,3,0.7959615384615385,0,0.26000000000000001,minimum_self_and_inter_arm_fcl_distance,0.002028519303532356,left_fr3_link7,left_fr3_side_suction
139,B_constrained_insertion,3,0.7959615384615385,0,0.26000000000000001,minimum_inter_arm_fcl_distance,0.12362838404706353,left_fr3_side_suction,right_fr3_side_suction
139,B_constrained_insertion,3,0.7959615384615385,0,0.26000000000000001,minimum_robot_world_fcl_distance,0.0009999201007066388,shared_cube,left_fr3_side_suction
139,B_constrained_insertion,3,0.7959615384615385,0,0.26000000000000001,minimum_robot_environment_excluding_cube_fcl_distance,0.024999933229190766,table,left_fr3_side_suction
139,B_constrained_insertion,3,0.7959615384615385,0,0.26000000000000001,minimum_wrist_tool_environment_fcl_distance,0.024999933229190766,table,left_fr3_side_suction
140,B_constrained_insertion,4,0.79794871794871802,0,0.26000000000000001,minimum_fcl_distance,0.0009999179956130125,shared_cube,left_fr3_side_suction
140,B_constrained_insertion,4,0.79794871794871802,0,0.26000000000000001,minimum_self_and_inter_arm_fcl_distance,0.0020285193035323723,left_fr3_link7,left_fr3_side_suction
140,B_constrained_insertion,4,0.79794871794871802,0,0.26000000000000001,minimum_inter_arm_fcl_distance,0.12362838206518004,left_fr3_side_suction,right_fr3_side_suction
140,B_constrained_insertion,4,0.79794871794871802,0,0.26000000000000001,minimum_robot_world_fcl_distance,0.0009999179956130125,shared_cube,left_fr3_side_suction
140,B_constrained_insertion,4,0.79794871794871802,0,0.26000000000000001,minimum_robot_environment_excluding_cube_fcl_distance,0.02499992460845507,table,left_fr3_side_suction
140,B_constrained_insertion,4,0.79794871794871802,0,0.26000000000000001,minimum_wrist_tool_environment_fcl_distance,0.02499992460845507,table,left_fr3_side_suction
141,B_constrained_insertion,5,0.79993589743589744,0,0.26000000000000001,minimum_fcl_distance,0.0009999158427033885,shared_cube,left_fr3_side_suction
141,B_constrained_insertion,5,0.79993589743589744,0,0.26000000000000001,minimum_self_and_inter_arm_fcl_distance,0.002028519303532361,left_fr3_link7,left_fr3_side_suction
141,B_constrained_insertion,5,0.79993589743589744,0,0.26000000000000001,minimum_inter_arm_fcl_distance,0.12362838003387011,left_fr3_side_suction,right_fr3_side_suction
141,B_constrained_insertion,5,0.79993589743589744,0,0.26000000000000001,minimum_robot_world_fcl_distance,0.0009999158427033885,shared_cube,left_fr3_side_suction
141,B_constrained_insertion,5,0.79993589743589744,0,0.26000000000000001,minimum_robot_environment_excluding_cube_fcl_distance,0.02499992926424757,table,left_fr3_side_suction
141,B_constrained_insertion,5,0.79993589743589744,0,0.26000000000000001,minimum_wrist_tool_environment_fcl_distance,0.02499992926424757,table,left_fr3_side_suction
142,B_constrained_insertion,6,0.80192307692307696,0,0.26000000000000001,minimum_fcl_distance,0.0009999136413486765,shared_cube,left_fr3_side_suction
142,B_constrained_insertion,6,0.80192307692307696,0,0.26000000000000001,minimum_self_and_inter_arm_fcl_distance,0.0020285193035323697,right_fr3_link7,right_fr3_side_suction
142,B_constrained_insertion,6,0.80192307692307696,0,0.26000000000000001,minimum_inter_arm_fcl_distance,0.12362837795206047,left_fr3_side_suction,right_fr3_side_suction
142,B_constrained_insertion,6,0.80192307692307696,0,0.26000000000000001,minimum_robot_world_fcl_distance,0.0009999136413486765,shared_cube,left_fr3_side_suction
142,B_constrained_insertion,6,0.80192307692307696,0,0.26000000000000001,minimum_robot_environment_excluding_cube_fcl_distance,0.024999927219503417,table,left_fr3_side_suction
142,B_constrained_insertion,6,0.80192307692307696,0,0.26000000000000001,minimum_wrist_tool_environment_fcl_distance,0.024999927219503417,table,left_fr3_side_suction
143,B_constrained_insertion,7,0.80391025641025649,0,0.26000000000000001,minimum_fcl_distance,0.0009999113908768019,shared_cube,left_fr3_side_suction
143,B_constrained_insertion,7,0.80391025641025649,0,0.26000000000000001,minimum_self_and_inter_arm_fcl_distance,0.0020285193035323354,left_fr3_link7,left_fr3_side_suction
143,B_constrained_insertion,7,0.80391025641025649,0,0.26000000000000001,minimum_inter_arm_fcl_distance,0.12362837581866098,left_fr3_side_suction,right_fr3_side_suction
143,B_constrained_insertion,7,0.80391025641025649,0,0.26000000000000001,minimum_robot_world_fcl_distance,0.0009999113908768019,shared_cube,left_fr3_side_suction
143,B_constrained_insertion,7,0.80391025641025649,0,0.26000000000000001,minimum_robot_environment_excluding_cube_fcl_distance,0.024999917541019934,table,left_fr3_side_suction
143,B_constrained_insertion,7,0.80391025641025649,0,0.26000000000000001,minimum_wrist_tool_environment_fcl_distance,0.024999917541019934,table,left_fr3_side_suction
144,B_constrained_insertion,8,0.8058974358974359,0,0.26000000000000001,minimum_fcl_distance,0.0009999090905596125,shared_cube,left_fr3_side_suction
144,B_constrained_insertion,8,0.8058974358974359,0,0.26000000000000001,minimum_self_and_inter_arm_fcl_distance,0.002028519303532369,left_fr3_link7,left_fr3_side_suction
144,B_constrained_insertion,8,0.8058974358974359,0,0.26000000000000001,minimum_inter_arm_fcl_distance,0.12362837363255233,left_fr3_side_suction,right_fr3_side_suction
144,B_constrained_insertion,8,0.8058974358974359,0,0.26000000000000001,minimum_robot_world_fcl_distance,0.0009999090905596125,shared_cube,left_fr3_side_suction
144,B_constrained_insertion,8,0.8058974358974359,0,0.26000000000000001,minimum_robot_environment_excluding_cube_fcl_distance,0.024999915085122948,table,left_fr3_side_suction
144,B_constrained_insertion,8,0.8058974358974359,0,0.26000000000000001,minimum_wrist_tool_environment_fcl_distance,0.024999915085122948,table,left_fr3_side_suction
145,B_constrained_insertion,9,0.80788461538461542,0,0.26000000000000001,minimum_fcl_distance,0.0009999067396114533,shared_cube,left_fr3_side_suction
145,B_constrained_insertion,9,0.80788461538461542,0,0.26000000000000001,minimum_self_and_inter_arm_fcl_distance,0.0020285193035323302,right_fr3_link7,right_fr3_side_suction
145,B_constrained_insertion,9,0.80788461538461542,0,0.26000000000000001,minimum_inter_arm_fcl_distance,0.12362837139258093,left_fr3_side_suction,right_fr3_side_suction
145,B_constrained_insertion,9,0.80788461538461542,0,0.26000000000000001,minimum_robot_world_fcl_distance,0.0009999067396114533,shared_cube,left_fr3_side_suction
145,B_constrained_insertion,9,0.80788461538461542,0,0.26000000000000001,minimum_robot_environment_excluding_cube_fcl_distance,0.024999912577666428,table,left_fr3_side_suction
145,B_constrained_insertion,9,0.80788461538461542,0,0.26000000000000001,minimum_wrist_tool_environment_fcl_distance,0.024999912577666428,table,left_fr3_side_suction
146,B_constrained_insertion,10,0.80987179487179495,0,0.26000000000000001,minimum_fcl_distance,0.000999904337189612,shared_cube,left_fr3_side_suction
146,B_constrained_insertion,10,0.80987179487179495,0,0.26000000000000001,minimum_self_and_inter_arm_fcl_distance,0.002028519303532297,right_fr3_link7,right_fr3_side_suction
146,B_constrained_insertion,10,0.80987179487179495,0,0.26000000000000001,minimum_inter_arm_fcl_distance,0.12362836909756188,left_fr3_side_suction,right_fr3_side_suction
146,B_constrained_insertion,10,0.80987179487179495,0,0.26000000000000001,minimum_robot_world_fcl_distance,0.000999904337189612,shared_cube,left_fr3_side_suction
146,B_constrained_insertion,10,0.80987179487179495,0,0.26000000000000001,minimum_robot_environment_excluding_cube_fcl_distance,0.024999918607845145,table,left_fr3_side_suction
146,B_constrained_insertion,10,0.80987179487179495,0,0.26000000000000001,minimum_wrist_tool_environment_fcl_distance,0.024999918607845145,table,left_fr3_side_suction
147,B_constrained_insertion,11,0.81185897435897436,0,0.26000000000000001,minimum_fcl_distance,0.0009999018823893546,shared_cube,left_fr3_side_suction
147,B_constrained_insertion,11,0.81185897435897436,0,0.26000000000000001,minimum_self_and_inter_arm_fcl_distance,0.0020285193035323177,left_fr3_link7,left_fr3_side_suction
147,B_constrained_insertion,11,0.81185897435897436,0,0.26000000000000001,minimum_inter_arm_fcl_distance,0.1236283667462701,left_fr3_side_suction,right_fr3_side_suction
147,B_constrained_insertion,11,0.81185897435897436,0,0.26000000000000001,minimum_robot_world_fcl_distance,0.0009999018823893546,shared_cube,left_fr3_side_suction
147,B_constrained_insertion,11,0.81185897435897436,0,0.26000000000000001,minimum_robot_environment_excluding_cube_fcl_distance,0.02499990740420796,table,left_fr3_side_suction
147,B_constrained_insertion,11,0.81185897435897436,0,0.26000000000000001,minimum_wrist_tool_environment_fcl_distance,0.02499990740420796,table,left_fr3_side_suction
148,B_constrained_insertion,12,0.81384615384615389,0,0.26000000000000001,minimum_fcl_distance,0.0009998993742448541,shared_cube,left_fr3_side_suction
148,B_constrained_insertion,12,0.81384615384615389,0,0.26000000000000001,minimum_self_and_inter_arm_fcl_distance,0.00202851930353241,right_fr3_link7,right_fr3_side_suction
148,B_constrained_insertion,12,0.81384615384615389,0,0.26000000000000001,minimum_inter_arm_fcl_distance,0.12362836433744348,left_fr3_side_suction,right_fr3_side_suction
148,B_constrained_insertion,12,0.81384615384615389,0,0.26000000000000001,minimum_robot_world_fcl_distance,0.0009998993742448541,shared_cube,left_fr3_side_suction
148,B_constrained_insertion,12,0.81384615384615389,0,0.26000000000000001,minimum_robot_environment_excluding_cube_fcl_distance,0.024999914031076865,table,left_fr3_side_suction
148,B_constrained_insertion,12,0.81384615384615389,0,0.26000000000000001,minimum_wrist_tool_environment_fcl_distance,0.024999914031076865,table,left_fr3_side_suction
149,B_constrained_insertion,13,0.81583333333333341,0,0.26000000000000001,minimum_fcl_distance,0.0009998968117252423,shared_cube,left_fr3_side_suction
149,B_constrained_insertion,13,0.81583333333333341,0,0.26000000000000001,minimum_self_and_inter_arm_fcl_distance,0.0020285193035323858,right_fr3_link7,right_fr3_side_suction
149,B_constrained_insertion,13,0.81583333333333341,0,0.26000000000000001,minimum_inter_arm_fcl_distance,0.12362836186977544,left_fr3_side_suction,right_fr3_side_suction
149,B_constrained_insertion,13,0.81583333333333341,0,0.26000000000000001,minimum_robot_world_fcl_distance,0.0009998968117252423,shared_cube,left_fr3_side_suction
149,B_constrained_insertion,13,0.81583333333333341,0,0.26000000000000001,minimum_robot_environment_excluding_cube_fcl_distance,0.024999902012550118,table,left_fr3_side_suction
149,B_constrained_insertion,13,0.81583333333333341,0,0.26000000000000001,minimum_wrist_tool_environment_fcl_distance,0.024999902012550118,table,left_fr3_side_suction
150,B_constrained_insertion,14,0.81782051282051282,0,0.26000000000000001,minimum_fcl_distance,0.0009998941937329668,shared_cube,left_fr3_side_suction
150,B_constrained_insertion,14,0.81782051282051282,0,0.26000000000000001,minimum_self_and_inter_arm_fcl_distance,0.0020285193035323953,right_fr3_link7,right_fr3_side_suction
150,B_constrained_insertion,14,0.81782051282051282,0,0.26000000000000001,minimum_inter_arm_fcl_distance,0.12362835934191495,left_fr3_side_suction,right_fr3_side_suction
150,B_constrained_insertion,14,0.81782051282051282,0,0.26000000000000001,minimum_robot_world_fcl_distance,0.0009998941937329668,shared_cube,left_fr3_side_suction
150,B_constrained_insertion,14,0.81782051282051282,0,0.26000000000000001,minimum_robot_environment_excluding_cube_fcl_distance,0.02499990926431082,table,left_fr3_side_suction
150,B_constrained_insertion,14,0.81782051282051282,0,0.26000000000000001,minimum_wrist_tool_environment_fcl_distance,0.02499990926431082,table,left_fr3_side_suction
151,B_constrained_insertion,15,0.81980769230769235,0,0.26000000000000001,minimum_fcl_distance,0.0009998915191006188,shared_cube,left_fr3_side_suction
151,B_constrained_insertion,15,0.81980769230769235,0,0.26000000000000001,minimum_self_and_inter_arm_fcl_distance,0.0020285193035323315,left_fr3_link7,left_fr3_side_suction
151,B_constrained_insertion,15,0.81980769230769235,0,0.26000000000000001,minimum_inter_arm_fcl_distance,0.12362835675246088,left_fr3_side_suction,right_fr3_side_suction
151,B_constrained_insertion,15,0.81980769230769235,0,0.26000000000000001,minimum_robot_world_fcl_distance,0.0009998915191006188,shared_cube,left_fr3_side_suction
151,B_constrained_insertion,15,0.81980769230769235,0,0.26000000000000001,minimum_robot_environment_excluding_cube_fcl_distance,0.024999906807283492,table,left_fr3_side_suction
151,B_constrained_insertion,15,0.81980769230769235,0,0.26000000000000001,minimum_wrist_tool_environment_fcl_distance,0.024999906807283492,table,left_fr3_side_suction
152,B_constrained_insertion,16,0.82179487179487187,0,0.26000000000000001,minimum_fcl_distance,0.0009998887865881685,shared_cube,left_fr3_side_suction
152,B_constrained_insertion,16,0.82179487179487187,0,0.26000000000000001,minimum_self_and_inter_arm_fcl_distance,0.002028519303532382,left_fr3_link7,left_fr3_side_suction
152,B_constrained_insertion,16,0.82179487179487187,0,0.26000000000000001,minimum_inter_arm_fcl_distance,0.12362835409996045,left_fr3_side_suction,right_fr3_side_suction
152,B_constrained_insertion,16,0.82179487179487187,0,0.26000000000000001,minimum_robot_world_fcl_distance,0.0009998887865881685,shared_cube,left_fr3_side_suction
152,B_constrained_insertion,16,0.82179487179487187,0,0.26000000000000001,minimum_robot_environment_excluding_cube_fcl_distance,0.023918385086402868,left_fr3_link7,carriage_minus_y_wall
152,B_constrained_insertion,16,0.82179487179487187,0,0.26000000000000001,minimum_wrist_tool_environment_fcl_distance,0.023918385086402868,left_fr3_link7,carriage_minus_y_wall
153,B_constrained_insertion,17,0.82378205128205129,0,0.26000000000000001,minimum_fcl_distance,0.0009998859948805031,shared_cube,left_fr3_side_suction
153,B_constrained_insertion,17,0.82378205128205129,0,0.26000000000000001,minimum_self_and_inter_arm_fcl_distance,0.002028519303532329,left_fr3_link7,left_fr3_side_suction
153,B_constrained_insertion,17,0.82378205128205129,0,0.26000000000000001,minimum_inter_arm_fcl_distance,0.12362835138290451,left_fr3_side_suction,right_fr3_side_suction
153,B_constrained_insertion,17,0.82378205128205129,0,0.26000000000000001,minimum_robot_world_fcl_distance,0.0009998859948805031,shared_cube,left_fr3_side_suction
153,B_constrained_insertion,17,0.82378205128205129,0,0.26000000000000001,minimum_robot_environment_excluding_cube_fcl_distance,0.022749963630038363,left_fr3_link7,carriage_minus_y_wall
153,B_constrained_insertion,17,0.82378205128205129,0,0.26000000000000001,minimum_wrist_tool_environment_fcl_distance,0.022749963630038363,left_fr3_link7,carriage_minus_y_wall
154,B_constrained_insertion,18,0.82576923076923081,0,0.26000000000000001,minimum_fcl_distance,0.0009998831425824626,shared_cube,left_fr3_side_suction
154,B_constrained_insertion,18,0.82576923076923081,0,0.26000000000000001,minimum_self_and_inter_arm_fcl_distance,0.0020285193035323866,left_fr3_link7,left_fr3_side_suction
154,B_constrained_insertion,18,0.82576923076923081,0,0.26000000000000001,minimum_inter_arm_fcl_distance,0.12362834859972426,left_fr3_side_suction,right_fr3_side_suction
154,B_constrained_insertion,18,0.82576923076923081,0,0.26000000000000001,minimum_robot_world_fcl_distance,0.0009998831425824626,shared_cube,left_fr3_side_suction
154,B_constrained_insertion,18,0.82576923076923081,0,0.26000000000000001,minimum_robot_environment_excluding_cube_fcl_distance,0.021589475035952543,left_fr3_link7,carriage_minus_y_wall
154,B_constrained_insertion,18,0.82576923076923081,0,0.26000000000000001,minimum_wrist_tool_environment_fcl_distance,0.021589475035952543,left_fr3_link7,carriage_minus_y_wall
155,B_constrained_insertion,19,0.82775641025641034,0,0.26000000000000001,minimum_fcl_distance,0.0009998802282161646,shared_cube,left_fr3_side_suction
155,B_constrained_insertion,19,0.82775641025641034,0,0.26000000000000001,minimum_self_and_inter_arm_fcl_distance,0.0020285193035323957,left_fr3_link7,left_fr3_side_suction
155,B_constrained_insertion,19,0.82775641025641034,0,0.26000000000000001,minimum_inter_arm_fcl_distance,0.12362834574878614,left_fr3_side_suction,right_fr3_side_suction
155,B_constrained_insertion,19,0.82775641025641034,0,0.26000000000000001,minimum_robot_world_fcl_distance,0.0009998802282161646,shared_cube,left_fr3_side_suction
155,B_constrained_insertion,19,0.82775641025641034,0,0.26000000000000001,minimum_robot_environment_excluding_cube_fcl_distance,0.020438270639774263,left_fr3_link7,carriage_minus_y_wall
155,B_constrained_insertion,19,0.82775641025641034,0,0.26000000000000001,minimum_wrist_tool_environment_fcl_distance,0.020438270639774263,left_fr3_link7,carriage_minus_y_wall
156,B_constrained_insertion,20,0.82974358974358975,0,0.26000000000000001,minimum_fcl_distance,0.0009998772502159605,shared_cube,left_fr3_side_suction
156,B_constrained_insertion,20,0.82974358974358975,0,0.26000000000000001,minimum_self_and_inter_arm_fcl_distance,0.002028519303532373,left_fr3_link7,left_fr3_side_suction
156,B_constrained_insertion,20,0.82974358974358975,0,0.26000000000000001,minimum_inter_arm_fcl_distance,0.12362834282838764,left_fr3_side_suction,right_fr3_side_suction
156,B_constrained_insertion,20,0.82974358974358975,0,0.26000000000000001,minimum_robot_world_fcl_distance,0.0009998772502159605,shared_cube,left_fr3_side_suction
156,B_constrained_insertion,20,0.82974358974358975,0,0.26000000000000001,minimum_robot_environment_excluding_cube_fcl_distance,0.01929801203497214,left_fr3_link7,carriage_minus_y_wall
156,B_constrained_insertion,20,0.82974358974358975,0,0.26000000000000001,minimum_wrist_tool_environment_fcl_distance,0.01929801203497214,left_fr3_link7,carriage_minus_y_wall
157,B_constrained_insertion,21,0.83173076923076927,0,0.26000000000000001,minimum_fcl_distance,0.0009998742069240083,shared_cube,left_fr3_side_suction
157,B_constrained_insertion,21,0.83173076923076927,0,0.26000000000000001,minimum_self_and_inter_arm_fcl_distance,0.0020285193035323515,left_fr3_link7,left_fr3_side_suction
157,B_constrained_insertion,21,0.83173076923076927,0,0.26000000000000001,minimum_inter_arm_fcl_distance,0.12362833983675339,left_fr3_side_suction,right_fr3_side_suction
157,B_constrained_insertion,21,0.83173076923076927,0,0.26000000000000001,minimum_robot_world_fcl_distance,0.0009998742069240083,shared_cube,left_fr3_side_suction
157,B_constrained_insertion,21,0.83173076923076927,0,0.26000000000000001,minimum_robot_environment_excluding_cube_fcl_distance,0.018170759963247067,left_fr3_link7,carriage_minus_y_wall
157,B_constrained_insertion,21,0.83173076923076927,0,0.26000000000000001,minimum_wrist_tool_environment_fcl_distance,0.018170759963247067,left_fr3_link7,carriage_minus_y_wall
158,B_constrained_insertion,22,0.8337179487179488,0,0.26000000000000001,minimum_fcl_distance,0.0009998710965868865,shared_cube,left_fr3_side_suction
158,B_constrained_insertion,22,0.8337179487179488,0,0.26000000000000001,minimum_self_and_inter_arm_fcl_distance,0.002028519303532279,left_fr3_link7,left_fr3_side_suction
158,B_constrained_insertion,22,0.8337179487179488,0,0.26000000000000001,minimum_inter_arm_fcl_distance,0.12362833677203007,left_fr3_side_suction,right_fr3_side_suction
158,B_constrained_insertion,22,0.8337179487179488,0,0.26000000000000001,minimum_robot_world_fcl_distance,0.0009998710965868865,shared_cube,left_fr3_side_suction
158,B_constrained_insertion,22,0.8337179487179488,0,0.26000000000000001,minimum_robot_environment_excluding_cube_fcl_distance,0.01705909300526944,left_fr3_link7,carriage_minus_y_wall
158,B_constrained_insertion,22,0.8337179487179488,0,0.26000000000000001,minimum_wrist_tool_environment_fcl_distance,0.01705909300526944,left_fr3_link7,carriage_minus_y_wall
159,B_constrained_insertion,23,0.83570512820512821,0,0.26000000000000001,minimum_fcl_distance,0.0009998679173474638,shared_cube,left_fr3_side_suction
159,B_constrained_insertion,23,0.83570512820512821,0,0.26000000000000001,minimum_self_and_inter_arm_fcl_distance,0.0020285193035323723,right_fr3_link7,right_fr3_side_suction
159,B_constrained_insertion,23,0.83570512820512821,0,0.26000000000000001,minimum_inter_arm_fcl_distance,0.12362833363227918,left_fr3_side_suction,right_fr3_side_suction
159,B_constrained_insertion,23,0.83570512820512821,0,0.26000000000000001,minimum_robot_world_fcl_distance,0.0009998679173474638,shared_cube,left_fr3_side_suction
159,B_constrained_insertion,23,0.83570512820512821,0,0.26000000000000001,minimum_robot_environment_excluding_cube_fcl_distance,0.01596626687783249,left_fr3_link7,carriage_minus_y_wall
159,B_constrained_insertion,23,0.83570512820512821,0,0.26000000000000001,minimum_wrist_tool_environment_fcl_distance,0.01596626687783249,left_fr3_link7,carriage_minus_y_wall
160,B_constrained_insertion,24,0.83769230769230774,0,0.26000000000000001,minimum_fcl_distance,0.000999864667241363,shared_cube,left_fr3_side_suction
160,B_constrained_insertion,24,0.83769230769230774,0,0.26000000000000001,minimum_self_and_inter_arm_fcl_distance,0.002028519303532328,left_fr3_link7,left_fr3_side_suction
160,B_constrained_insertion,24,0.83769230769230774,0,0.26000000000000001,minimum_inter_arm_fcl_distance,0.12362833041547415,left_fr3_side_suction,right_fr3_side_suction
160,B_constrained_insertion,24,0.83769230769230774,0,0.26000000000000001,minimum_robot_world_fcl_distance,0.000999864667241363,shared_cube,left_fr3_side_suction
160,B_constrained_insertion,24,0.83769230769230774,0,0.26000000000000001,minimum_robot_environment_excluding_cube_fcl_distance,0.01489642873638159,left_fr3_link7,carriage_minus_y_wall
160,B_constrained_insertion,24,0.83769230769230774,0,0.26000000000000001,minimum_wrist_tool_environment_fcl_distance,0.01489642873638159,left_fr3_link7,carriage_minus_y_wall
161,B_constrained_insertion,25,0.83967948717948726,0,0.26000000000000001,minimum_fcl_distance,0.0009998613441905447,shared_cube,left_fr3_side_suction
161,B_constrained_insertion,25,0.83967948717948726,0,0.26000000000000001,minimum_self_and_inter_arm_fcl_distance,0.0020285193035323892,left_fr3_link7,left_fr3_side_suction
161,B_constrained_insertion,25,0.83967948717948726,0,0.26000000000000001,minimum_inter_arm_fcl_distance,0.12362832711949215,left_fr3_side_suction,right_fr3_side_suction
161,B_constrained_insertion,25,0.83967948717948726,0,0.26000000000000001,minimum_robot_world_fcl_distance,0.0009998613441905447,shared_cube,left_fr3_side_suction
161,B_constrained_insertion,25,0.83967948717948726,0,0.26000000000000001,minimum_robot_environment_excluding_cube_fcl_distance,0.013854904808851258,left_fr3_link7,carriage_minus_y_wall
161,B_constrained_insertion,25,0.83967948717948726,0,0.26000000000000001,minimum_wrist_tool_environment_fcl_distance,0.013854904808851258,left_fr3_link7,carriage_minus_y_wall
162,B_constrained_insertion,26,0.84166666666666667,0,0.26000000000000001,minimum_fcl_distance,0.0009998579459965528,shared_cube,left_fr3_side_suction
162,B_constrained_insertion,26,0.84166666666666667,0,0.26000000000000001,minimum_self_and_inter_arm_fcl_distance,0.0020285193035323463,right_fr3_link7,right_fr3_side_suction
162,B_constrained_insertion,26,0.84166666666666667,0,0.26000000000000001,minimum_inter_arm_fcl_distance,0.12362832374210983,left_fr3_side_suction,right_fr3_side_suction
162,B_constrained_insertion,26,0.84166666666666667,0,0.26000000000000001,minimum_robot_world_fcl_distance,0.0009998579459965528,shared_cube,left_fr3_side_suction
162,B_constrained_insertion,26,0.84166666666666667,0,0.26000000000000001,minimum_robot_environment_excluding_cube_fcl_distance,0.012840382825242296,left_fr3_link7,carriage_minus_y_wall
162,B_constrained_insertion,26,0.84166666666666667,0,0.26000000000000001,minimum_wrist_tool_environment_fcl_distance,0.012840382825242296,left_fr3_link7,carriage_minus_y_wall
163,B_constrained_insertion,27,0.8436538461538462,0,0.26000000000000001,minimum_fcl_distance,0.0009998544703320703,shared_cube,left_fr3_side_suction
163,B_constrained_insertion,27,0.8436538461538462,0,0.26000000000000001,minimum_self_and_inter_arm_fcl_distance,0.0020285193035322955,right_fr3_link7,right_fr3_side_suction
163,B_constrained_insertion,27,0.8436538461538462,0,0.26000000000000001,minimum_inter_arm_fcl_distance,0.12362832028099331,left_fr3_side_suction,right_fr3_side_suction
163,B_constrained_insertion,27,0.8436538461538462,0,0.26000000000000001,minimum_robot_world_fcl_distance,0.0009998544703320703,shared_cube,left_fr3_side_suction
163,B_constrained_insertion,27,0.8436538461538462,0,0.26000000000000001,minimum_robot_environment_excluding_cube_fcl_distance,0.01182823676450124,left_fr3_link7,carriage_minus_y_wall
163,B_constrained_insertion,27,0.8436538461538462,0,0.26000000000000001,minimum_wrist_tool_environment_fcl_distance,0.01182823676450124,left_fr3_link7,carriage_minus_y_wall
164,B_constrained_insertion,28,0.84564102564102572,0,0.26000000000000001,minimum_fcl_distance,0.0009998509147359884,shared_cube,left_fr3_side_suction
164,B_constrained_insertion,28,0.84564102564102572,0,0.26000000000000001,minimum_self_and_inter_arm_fcl_distance,0.0020285193035323775,left_fr3_link7,left_fr3_side_suction
164,B_constrained_insertion,28,0.84564102564102572,0,0.26000000000000001,minimum_inter_arm_fcl_distance,0.12362831673369469,left_fr3_side_suction,right_fr3_side_suction
164,B_constrained_insertion,28,0.84564102564102572,0,0.26000000000000001,minimum_robot_world_fcl_distance,0.0009998509147359884,shared_cube,left_fr3_side_suction
164,B_constrained_insertion,28,0.84564102564102572,0,0.26000000000000001,minimum_robot_environment_excluding_cube_fcl_distance,0.010816090403943424,left_fr3_link7,carriage_minus_y_wall
164,B_constrained_insertion,28,0.84564102564102572,0,0.26000000000000001,minimum_wrist_tool_environment_fcl_distance,0.010816090403943424,left_fr3_link7,carriage_minus_y_wall
165,B_constrained_insertion,29,0.84762820512820514,0,0.26000000000000001,minimum_fcl_distance,0.000999847276603647,shared_cube,left_fr3_side_suction
165,B_constrained_insertion,29,0.84762820512820514,0,0.26000000000000001,minimum_self_and_inter_arm_fcl_distance,0.002028519303532341,right_fr3_link7,right_fr3_side_suction
165,B_constrained_insertion,29,0.84762820512820514,0,0.26000000000000001,minimum_inter_arm_fcl_distance,0.12362831309764169,left_fr3_side_suction,right_fr3_side_suction
165,B_constrained_insertion,29,0.84762820512820514,0,0.26000000000000001,minimum_robot_world_fcl_distance,0.000999847276603647,shared_cube,left_fr3_side_suction
165,B_constrained_insertion,29,0.84762820512820514,0,0.26000000000000001,minimum_robot_environment_excluding_cube_fcl_distance,0.00988017052565918,left_fr3_link7,carriage_minus_y_wall
165,B_constrained_insertion,29,0.84762820512820514,0,0.26000000000000001,minimum_wrist_tool_environment_fcl_distance,0.00988017052565918,left_fr3_link7,carriage_minus_y_wall
166,B_constrained_insertion,30,0.84961538461538466,0,0.26000000000000001,minimum_fcl_distance,0.0009998435531783148,shared_cube,left_fr3_side_suction
166,B_constrained_insertion,30,0.84961538461538466,0,0.26000000000000001,minimum_self_and_inter_arm_fcl_distance,0.002028519303532307,left_fr3_link7,left_fr3_side_suction
166,B_constrained_insertion,30,0.84961538461538466,0,0.26000000000000001,minimum_inter_arm_fcl_distance,0.12362830937013103,left_fr3_side_suction,right_fr3_side_suction
166,B_constrained_insertion,30,0.84961538461538466,0,0.26000000000000001,minimum_robot_world_fcl_distance,0.0009998435531783148,shared_cube,left_fr3_side_suction
166,B_constrained_insertion,30,0.84961538461538466,0,0.26000000000000001,minimum_robot_environment_excluding_cube_fcl_distance,0.009267761449260347,left_fr3_link7,carriage_minus_y_wall
166,B_constrained_insertion,30,0.84961538461538466,0,0.26000000000000001,minimum_wrist_tool_environment_fcl_distance,0.009267761449260347,left_fr3_link7,carriage_minus_y_wall
167,B_constrained_insertion,31,0.85160256410256419,0,0.26000000000000001,minimum_fcl_distance,0.0009998397415430466,shared_cube,left_fr3_side_suction
167,B_constrained_insertion,31,0.85160256410256419,0,0.26000000000000001,minimum_self_and_inter_arm_fcl_distance,0.002028519303532351,left_fr3_link7,left_fr3_side_suction
167,B_constrained_insertion,31,0.85160256410256419,0,0.26000000000000001,minimum_inter_arm_fcl_distance,0.12362830554831901,left_fr3_side_suction,right_fr3_side_suction
167,B_constrained_insertion,31,0.85160256410256419,0,0.26000000000000001,minimum_robot_world_fcl_distance,0.0009998397415430466,shared_cube,left_fr3_side_suction
167,B_constrained_insertion,31,0.85160256410256419,0,0.26000000000000001,minimum_robot_environment_excluding_cube_fcl_distance,0.009057622260217542,left_fr3_link7,carriage_minus_y_wall
167,B_constrained_insertion,31,0.85160256410256419,0,0.26000000000000001,minimum_wrist_tool_environment_fcl_distance,0.009057622260217542,left_fr3_link7,carriage_minus_y_wall
168,B_constrained_insertion,32,0.8535897435897436,0,0.26000000000000001,minimum_fcl_distance,0.0009998358386097612,shared_cube,left_fr3_side_suction
168,B_constrained_insertion,32,0.8535897435897436,0,0.26000000000000001,minimum_self_and_inter_arm_fcl_distance,0.0020285193035323567,left_fr3_link7,left_fr3_side_suction
168,B_constrained_insertion,32,0.8535897435897436,0,0.26000000000000001,minimum_inter_arm_fcl_distance,0.12362830162921286,left_fr3_side_suction,right_fr3_side_suction
168,B_constrained_insertion,32,0.8535897435897436,0,0.26000000000000001,minimum_robot_world_fcl_distance,0.0009998358386097612,shared_cube,left_fr3_side_suction
168,B_constrained_insertion,32,0.8535897435897436,0,0.26000000000000001,minimum_robot_environment_excluding_cube_fcl_distance,0.00905759696615722,left_fr3_link7,carriage_minus_y_wall
168,B_constrained_insertion,32,0.8535897435897436,0,0.26000000000000001,minimum_wrist_tool_environment_fcl_distance,0.00905759696615722,left_fr3_link7,carriage_minus_y_wall
169,B_constrained_insertion,33,0.85557692307692312,0,0.26000000000000001,minimum_fcl_distance,0.0009998318411099177,shared_cube,left_fr3_side_suction
169,B_constrained_insertion,33,0.85557692307692312,0,0.26000000000000001,minimum_self_and_inter_arm_fcl_distance,0.002028519303532359,left_fr3_link7,left_fr3_side_suction
169,B_constrained_insertion,33,0.85557692307692312,0,0.26000000000000001,minimum_inter_arm_fcl_distance,0.12362829760966146,left_fr3_side_suction,right_fr3_side_suction
169,B_constrained_insertion,33,0.85557692307692312,0,0.26000000000000001,minimum_robot_world_fcl_distance,0.0009998318411099177,shared_cube,left_fr3_side_suction
169,B_constrained_insertion,33,0.85557692307692312,0,0.26000000000000001,minimum_robot_environment_excluding_cube_fcl_distance,0.009057571184229486,left_fr3_link7,carriage_minus_y_wall
169,B_constrained_insertion,33,0.85557692307692312,0,0.26000000000000001,minimum_wrist_tool_environment_fcl_distance,0.009057571184229486,left_fr3_link7,carriage_minus_y_wall
170,B_constrained_insertion,34,0.85756410256410265,0,0.26000000000000001,minimum_fcl_distance,0.0009998277455827052,shared_cube,left_fr3_side_suction
170,B_constrained_insertion,34,0.85756410256410265,0,0.26000000000000001,minimum_self_and_inter_arm_fcl_distance,0.0020285193035324105,left_fr3_link7,left_fr3_side_suction
170,B_constrained_insertion,34,0.85756410256410265,0,0.26000000000000001,minimum_inter_arm_fcl_distance,0.12362829348634373,left_fr3_side_suction,right_fr3_side_suction
170,B_constrained_insertion,34,0.85756410256410265,0,0.26000000000000001,minimum_robot_world_fcl_distance,0.0009998277455827052,shared_cube,left_fr3_side_suction
170,B_constrained_insertion,34,0.85756410256410265,0,0.26000000000000001,minimum_robot_environment_excluding_cube_fcl_distance,0.009057544897505201,left_fr3_link7,carriage_minus_y_wall
170,B_constrained_insertion,34,0.85756410256410265,0,0.26000000000000001,minimum_wrist_tool_environment_fcl_distance,0.009057544897505201,left_fr3_link7,carriage_minus_y_wall
171,B_constrained_insertion,35,0.85955128205128206,0,0.26000000000000001,minimum_fcl_distance,0.0009998235483637025,shared_cube,left_fr3_side_suction
171,B_constrained_insertion,35,0.85955128205128206,0,0.26000000000000001,minimum_self_and_inter_arm_fcl_distance,0.0020285193035323138,right_fr3_link7,right_fr3_side_suction
171,B_constrained_insertion,35,0.85955128205128206,0,0.26000000000000001,minimum_inter_arm_fcl_distance,0.12362828925575864,left_fr3_side_suction,right_fr3_side_suction
171,B_constrained_insertion,35,0.85955128205128206,0,0.26000000000000001,minimum_robot_world_fcl_distance,0.0009998235483637025,shared_cube,left_fr3_side_suction
171,B_constrained_insertion,35,0.85955128205128206,0,0.26000000000000001,minimum_robot_environment_excluding_cube_fcl_distance,0.009057518088042721,left_fr3_link7,carriage_minus_y_wall
171,B_constrained_insertion,35,0.85955128205128206,0,0.26000000000000001,minimum_wrist_tool_environment_fcl_distance,0.009057518088042721,left_fr3_link7,carriage_minus_y_wall
172,B_constrained_insertion,36,0.86153846153846159,0,0.26000000000000001,minimum_fcl_distance,0.0009998192455730646,shared_cube,left_fr3_side_suction
172,B_constrained_insertion,36,0.86153846153846159,0,0.26000000000000001,minimum_self_and_inter_arm_fcl_distance,0.002028519303532263,right_fr3_link7,right_fr3_side_suction
172,B_constrained_insertion,36,0.86153846153846159,0,0.26000000000000001,minimum_inter_arm_fcl_distance,0.12362828491421532,left_fr3_side_suction,right_fr3_side_suction
172,B_constrained_insertion,36,0.86153846153846159,0,0.26000000000000001,minimum_robot_world_fcl_distance,0.0009998192455730646,shared_cube,left_fr3_side_suction
172,B_constrained_insertion,36,0.86153846153846159,0,0.26000000000000001,minimum_robot_environment_excluding_cube_fcl_distance,0.009057490736824502,left_fr3_link7,carriage_minus_y_wall
172,B_constrained_insertion,36,0.86153846153846159,0,0.26000000000000001,minimum_wrist_tool_environment_fcl_distance,0.009057490736824502,left_fr3_link7,carriage_minus_y_wall
173,B_constrained_insertion,37,0.86352564102564111,0,0.26000000000000001,minimum_fcl_distance,0.0009998148331010351,shared_cube,left_fr3_side_suction
173,B_constrained_insertion,37,0.86352564102564111,0,0.26000000000000001,minimum_self_and_inter_arm_fcl_distance,0.002028519303532323,left_fr3_link7,left_fr3_side_suction
173,B_constrained_insertion,37,0.86352564102564111,0,0.26000000000000001,minimum_inter_arm_fcl_distance,0.1236282804578178,left_fr3_side_suction,right_fr3_side_suction
173,B_constrained_insertion,37,0.86352564102564111,0,0.26000000000000001,minimum_robot_world_fcl_distance,0.0009998148331010351,shared_cube,left_fr3_side_suction
173,B_constrained_insertion,37,0.86352564102564111,0,0.26000000000000001,minimum_robot_environment_excluding_cube_fcl_distance,0.009057462823694788,left_fr3_link7,carriage_minus_y_wall
173,B_constrained_insertion,37,0.86352564102564111,0,0.26000000000000001,minimum_wrist_tool_environment_fcl_distance,0.009057462823694788,left_fr3_link7,carriage_minus_y_wall
174,B_constrained_insertion,38,0.86551282051282052,0,0.26000000000000001,minimum_fcl_distance,0.0009998103065964174,shared_cube,left_fr3_side_suction
174,B_constrained_insertion,38,0.86551282051282052,0,0.26000000000000001,minimum_self_and_inter_arm_fcl_distance,0.002028519303532303,left_fr3_link7,left_fr3_side_suction
174,B_constrained_insertion,38,0.86551282051282052,0,0.26000000000000001,minimum_inter_arm_fcl_distance,0.12362827588245556,left_fr3_side_suction,right_fr3_side_suction
174,B_constrained_insertion,38,0.86551282051282052,0,0.26000000000000001,minimum_robot_world_fcl_distance,0.0009998103065964174,shared_cube,left_fr3_side_suction
174,B_constrained_insertion,38,0.86551282051282052,0,0.26000000000000001,minimum_robot_environment_excluding_cube_fcl_distance,0.00905743432728895,left_fr3_link7,carriage_minus_y_wall
174,B_constrained_insertion,38,0.86551282051282052,0,0.26000000000000001,minimum_wrist_tool_environment_fcl_distance,0.00905743432728895,left_fr3_link7,carriage_minus_y_wall
175,B_constrained_insertion,39,0.86750000000000005,0,0.26000000000000001,minimum_fcl_distance,0.0009998056614488743,shared_cube,left_fr3_side_suction
175,B_constrained_insertion,39,0.86750000000000005,0,0.26000000000000001,minimum_self_and_inter_arm_fcl_distance,0.002028519303532324,right_fr3_link7,right_fr3_side_suction
175,B_constrained_insertion,39,0.86750000000000005,0,0.26000000000000001,minimum_inter_arm_fcl_distance,0.12362827118378676,left_fr3_side_suction,right_fr3_side_suction
175,B_constrained_insertion,39,0.86750000000000005,0,0.26000000000000001,minimum_robot_world_fcl_distance,0.0009998056614488743,shared_cube,left_fr3_side_suction
175,B_constrained_insertion,39,0.86750000000000005,0,0.26000000000000001,minimum_robot_environment_excluding_cube_fcl_distance,0.00905740522496709,left_fr3_link7,carriage_minus_y_wall
175,B_constrained_insertion,39,0.86750000000000005,0,0.26000000000000001,minimum_wrist_tool_environment_fcl_distance,0.00905740522496709,left_fr3_link7,carriage_minus_y_wall
176,B_constrained_insertion,40,0.86948717948717957,0,0.26000000000000001,minimum_fcl_distance,0.0009998008927770555,shared_cube,left_fr3_side_suction
176,B_constrained_insertion,40,0.86948717948717957,0,0.26000000000000001,minimum_self_and_inter_arm_fcl_distance,0.002028519303532383,right_fr3_link7,right_fr3_side_suction
176,B_constrained_insertion,40,0.86948717948717957,0,0.26000000000000001,minimum_inter_arm_fcl_distance,0.12362826635722822,left_fr3_side_suction,right_fr3_side_suction
176,B_constrained_insertion,40,0.86948717948717957,0,0.26000000000000001,minimum_robot_world_fcl_distance,0.0009998008927770555,shared_cube,left_fr3_side_suction
176,B_constrained_insertion,40,0.86948717948717957,0,0.26000000000000001,minimum_robot_environment_excluding_cube_fcl_distance,0.009057375492735217,left_fr3_link7,carriage_minus_y_wall
176,B_constrained_insertion,40,0.86948717948717957,0,0.26000000000000001,minimum_wrist_tool_environment_fcl_distance,0.009057375492735217,left_fr3_link7,carriage_minus_y_wall
177,B_constrained_insertion,41,0.87147435897435899,0,0.26000000000000001,minimum_fcl_distance,0.0009997959954101598,shared_cube,left_fr3_side_suction
177,B_constrained_insertion,41,0.87147435897435899,0,0.26000000000000001,minimum_self_and_inter_arm_fcl_distance,0.0020285193035323567,left_fr3_link7,left_fr3_side_suction
177,B_constrained_insertion,41,0.87147435897435899,0,0.26000000000000001,minimum_inter_arm_fcl_distance,0.12362826139793763,left_fr3_side_suction,right_fr3_side_suction
177,B_constrained_insertion,41,0.87147435897435899,0,0.26000000000000001,minimum_robot_world_fcl_distance,0.0009997959954101598,shared_cube,left_fr3_side_suction
177,B_constrained_insertion,41,0.87147435897435899,0,0.26000000000000001,minimum_robot_environment_excluding_cube_fcl_distance,0.00905734510517157,left_fr3_link7,carriage_minus_y_wall
177,B_constrained_insertion,41,0.87147435897435899,0,0.26000000000000001,minimum_wrist_tool_environment_fcl_distance,0.00905734510517157,left_fr3_link7,carriage_minus_y_wall
178,B_constrained_insertion,42,0.87346153846153851,0,0.26000000000000001,minimum_fcl_distance,0.000999790963871355,shared_cube,left_fr3_side_suction
178,B_constrained_insertion,42,0.87346153846153851,0,0.26000000000000001,minimum_self_and_inter_arm_fcl_distance,0.002028519303532293,right_fr3_link7,right_fr3_side_suction
178,B_constrained_insertion,42,0.87346153846153851,0,0.26000000000000001,minimum_inter_arm_fcl_distance,0.12362825630079835,left_fr3_side_suction,right_fr3_side_suction
178,B_constrained_insertion,42,0.87346153846153851,0,0.26000000000000001,minimum_robot_world_fcl_distance,0.000999790963871355,shared_cube,left_fr3_side_suction
178,B_constrained_insertion,42,0.87346153846153851,0,0.26000000000000001,minimum_robot_environment_excluding_cube_fcl_distance,0.009057314035345803,left_fr3_link7,carriage_minus_y_wall
178,B_constrained_insertion,42,0.87346153846153851,0,0.26000000000000001,minimum_wrist_tool_environment_fcl_distance,0.009057314035345803,left_fr3_link7,carriage_minus_y_wall
179,B_constrained_insertion,43,0.87544871794871804,0,0.26000000000000001,minimum_fcl_distance,0.0009997857923626028,shared_cube,left_fr3_side_suction
179,B_constrained_insertion,43,0.87544871794871804,0,0.26000000000000001,minimum_self_and_inter_arm_fcl_distance,0.0020285193035323367,left_fr3_link7,left_fr3_side_suction
179,B_constrained_insertion,43,0.87544871794871804,0,0.26000000000000001,minimum_inter_arm_fcl_distance,0.12362825106040662,left_fr3_side_suction,right_fr3_side_suction
179,B_constrained_insertion,43,0.87544871794871804,0,0.26000000000000001,minimum_robot_world_fcl_distance,0.0009997857923626028,shared_cube,left_fr3_side_suction
179,B_constrained_insertion,43,0.87544871794871804,0,0.26000000000000001,minimum_robot_environment_excluding_cube_fcl_distance,0.00905728225473505,left_fr3_link7,carriage_minus_y_wall
179,B_constrained_insertion,43,0.87544871794871804,0,0.26000000000000001,minimum_wrist_tool_environment_fcl_distance,0.00905728225473505,left_fr3_link7,carriage_minus_y_wall
180,B_constrained_insertion,44,0.87743589743589745,0,0.26000000000000001,minimum_fcl_distance,0.0009997804747436591,shared_cube,left_fr3_side_suction
180,B_constrained_insertion,44,0.87743589743589745,0,0.26000000000000001,minimum_self_and_inter_arm_fcl_distance,0.002028519303532381,left_fr3_link7,left_fr3_side_suction
180,B_constrained_insertion,44,0.87743589743589745,0,0.26000000000000001,minimum_inter_arm_fcl_distance,0.12362824567105143,left_fr3_side_suction,right_fr3_side_suction
180,B_constrained_insertion,44,0.87743589743589745,0,0.26000000000000001,minimum_robot_world_fcl_distance,0.0009997804747436591,shared_cube,left_fr3_side_suction
180,B_constrained_insertion,44,0.87743589743589745,0,0.26000000000000001,minimum_robot_environment_excluding_cube_fcl_distance,0.00905724973314189,left_fr3_link7,carriage_minus_y_wall
180,B_constrained_insertion,44,0.87743589743589745,0,0.26000000000000001,minimum_wrist_tool_environment_fcl_distance,0.00905724973314189,left_fr3_link7,carriage_minus_y_wall
181,B_constrained_insertion,45,0.87942307692307697,0,0.26000000000000001,minimum_fcl_distance,0.0009997750045150416,shared_cube,left_fr3_side_suction
181,B_constrained_insertion,45,0.87942307692307697,0,0.26000000000000001,minimum_self_and_inter_arm_fcl_distance,0.002028519303532286,right_fr3_link7,right_fr3_side_suction
181,B_constrained_insertion,45,0.87942307692307697,0,0.26000000000000001,minimum_inter_arm_fcl_distance,0.12362824012669861,left_fr3_side_suction,right_fr3_side_suction
181,B_constrained_insertion,45,0.87942307692307697,0,0.26000000000000001,minimum_robot_world_fcl_distance,0.0009997750045150416,shared_cube,left_fr3_side_suction
181,B_constrained_insertion,45,0.87942307692307697,0,0.26000000000000001,minimum_robot_environment_excluding_cube_fcl_distance,0.009057216438606163,left_fr3_link7,carriage_minus_y_wall
181,B_constrained_insertion,45,0.87942307692307697,0,0.26000000000000001,minimum_wrist_tool_environment_fcl_distance,0.009057216438606163,left_fr3_link7,carriage_minus_y_wall
182,B_constrained_insertion,46,0.8814102564102565,0,0.26000000000000001,minimum_fcl_distance,0.0009997693747993857,shared_cube,left_fr3_side_suction
182,B_constrained_insertion,46,0.8814102564102565,0,0.26000000000000001,minimum_self_and_inter_arm_fcl_distance,0.002028519303532377,left_fr3_link7,left_fr3_side_suction
182,B_constrained_insertion,46,0.8814102564102565,0,0.26000000000000001,minimum_inter_arm_fcl_distance,0.12362823442097515,left_fr3_side_suction,right_fr3_side_suction
182,B_constrained_insertion,46,0.8814102564102565,0,0.26000000000000001,minimum_robot_world_fcl_distance,0.0009997693747993857,shared_cube,left_fr3_side_suction
182,B_constrained_insertion,46,0.8814102564102565,0,0.26000000000000001,minimum_robot_environment_excluding_cube_fcl_distance,0.009057182337318474,left_fr3_link7,carriage_minus_y_wall
182,B_constrained_insertion,46,0.8814102564102565,0,0.26000000000000001,minimum_wrist_tool_environment_fcl_distance,0.009057182337318474,left_fr3_link7,carriage_minus_y_wall
183,B_constrained_insertion,47,0.88339743589743591,0,0.26000000000000001,minimum_fcl_distance,0.0009997635783216847,shared_cube,left_fr3_side_suction
183,B_constrained_insertion,47,0.88339743589743591,0,0.26000000000000001,minimum_self_and_inter_arm_fcl_distance,0.0020285193035323346,right_fr3_link7,right_fr3_side_suction
183,B_constrained_insertion,47,0.88339743589743591,0,0.26000000000000001,minimum_inter_arm_fcl_distance,0.12362822854715069,left_fr3_side_suction,right_fr3_side_suction
183,B_constrained_insertion,47,0.88339743589743591,0,0.26000000000000001,minimum_robot_world_fcl_distance,0.0009997635783216847,shared_cube,left_fr3_side_suction
183,B_constrained_insertion,47,0.88339743589743591,0,0.26000000000000001,minimum_robot_environment_excluding_cube_fcl_distance,0.009057147393533244,left_fr3_link7,carriage_minus_y_wall
183,B_constrained_insertion,47,0.88339743589743591,0,0.26000000000000001,minimum_wrist_tool_environment_fcl_distance,0.009057147393533244,left_fr3_link7,carriage_minus_y_wall
184,B_constrained_insertion,48,0.88538461538461544,0,0.26000000000000001,minimum_fcl_distance,0.000999757607389698,shared_cube,left_fr3_side_suction
184,B_constrained_insertion,48,0.88538461538461544,0,0.26000000000000001,minimum_self_and_inter_arm_fcl_distance,0.0020285193035323766,right_fr3_link7,right_fr3_side_suction
184,B_constrained_insertion,48,0.88538461538461544,0,0.26000000000000001,minimum_inter_arm_fcl_distance,0.1236282224981187,left_fr3_side_suction,right_fr3_side_suction
184,B_constrained_insertion,48,0.88538461538461544,0,0.26000000000000001,minimum_robot_world_fcl_distance,0.000999757607389698,shared_cube,left_fr3_side_suction
184,B_constrained_insertion,48,0.88538461538461544,0,0.26000000000000001,minimum_robot_environment_excluding_cube_fcl_distance,0.009057111569482783,left_fr3_link7,carriage_minus_y_wall
184,B_constrained_insertion,48,0.88538461538461544,0,0.26000000000000001,minimum_wrist_tool_environment_fcl_distance,0.009057111569482783,left_fr3_link7,carriage_minus_y_wall
185,B_constrained_insertion,49,0.88737179487179496,0,0.26000000000000001,minimum_fcl_distance,0.0009997514538761553,shared_cube,left_fr3_side_suction
185,B_constrained_insertion,49,0.88737179487179496,0,0.26000000000000001,minimum_self_and_inter_arm_fcl_distance,0.0020285193035323554,right_fr3_link7,right_fr3_side_suction
185,B_constrained_insertion,49,0.88737179487179496,0,0.26000000000000001,minimum_inter_arm_fcl_distance,0.1236282162663812,left_fr3_side_suction,right_fr3_side_suction
185,B_constrained_insertion,49,0.88737179487179496,0,0.26000000000000001,minimum_robot_world_fcl_distance,0.0009997514538761553,shared_cube,left_fr3_side_suction
185,B_constrained_insertion,49,0.88737179487179496,0,0.26000000000000001,minimum_robot_environment_excluding_cube_fcl_distance,0.009057074825295783,left_fr3_link7,carriage_minus_y_wall
185,B_constrained_insertion,49,0.88737179487179496,0,0.26000000000000001,minimum_wrist_tool_environment_fcl_distance,0.009057074825295783,left_fr3_link7,carriage_minus_y_wall
186,B_constrained_insertion,50,0.88935897435897437,0,0.26000000000000001,minimum_fcl_distance,0.0009997451091999612,shared_cube,left_fr3_side_suction
186,B_constrained_insertion,50,0.88935897435897437,0,0.26000000000000001,minimum_self_and_inter_arm_fcl_distance,0.00202851930353232,right_fr3_link7,right_fr3_side_suction
186,B_constrained_insertion,50,0.88935897435897437,0,0.26000000000000001,minimum_inter_arm_fcl_distance,0.12362820984403196,left_fr3_side_suction,right_fr3_side_suction
186,B_constrained_insertion,50,0.88935897435897437,0,0.26000000000000001,minimum_robot_world_fcl_distance,0.0009997451091999612,shared_cube,left_fr3_side_suction
186,B_constrained_insertion,50,0.88935897435897437,0,0.26000000000000001,minimum_robot_environment_excluding_cube_fcl_distance,0.00905703711891847,left_fr3_link7,carriage_minus_y_wall
186,B_constrained_insertion,50,0.88935897435897437,0,0.26000000000000001,minimum_wrist_tool_environment_fcl_distance,0.00905703711891847,left_fr3_link7,carriage_minus_y_wall
187,B_constrained_insertion,51,0.8913461538461539,0,0.26000000000000001,minimum_fcl_distance,0.0009997385643088648,shared_cube,left_fr3_side_suction
187,B_constrained_insertion,51,0.8913461538461539,0,0.26000000000000001,minimum_self_and_inter_arm_fcl_distance,0.0020285193035323476,right_fr3_link7,right_fr3_side_suction
187,B_constrained_insertion,51,0.8913461538461539,0,0.26000000000000001,minimum_inter_arm_fcl_distance,0.12362820322273929,left_fr3_side_suction,right_fr3_side_suction
187,B_constrained_insertion,51,0.8913461538461539,0,0.26000000000000001,minimum_robot_world_fcl_distance,0.0009997385643088648,shared_cube,left_fr3_side_suction
187,B_constrained_insertion,51,0.8913461538461539,0,0.26000000000000001,minimum_robot_environment_excluding_cube_fcl_distance,0.009056998406046702,left_fr3_link7,carriage_minus_y_wall
187,B_constrained_insertion,51,0.8913461538461539,0,0.26000000000000001,minimum_wrist_tool_environment_fcl_distance,0.009056998406046702,left_fr3_link7,carriage_minus_y_wall
188,B_constrained_insertion,52,0.89333333333333342,0,0.26000000000000001,minimum_fcl_distance,0.0009997318096643477,shared_cube,left_fr3_side_suction
188,B_constrained_insertion,52,0.89333333333333342,0,0.26000000000000001,minimum_self_and_inter_arm_fcl_distance,0.0020285193035323393,left_fr3_link7,left_fr3_side_suction
188,B_constrained_insertion,52,0.89333333333333342,0,0.26000000000000001,minimum_inter_arm_fcl_distance,0.12362819639373308,left_fr3_side_suction,right_fr3_side_suction
188,B_constrained_insertion,52,0.89333333333333342,0,0.26000000000000001,minimum_robot_world_fcl_distance,0.0009997318096643477,shared_cube,left_fr3_side_suction
188,B_constrained_insertion,52,0.89333333333333342,0,0.26000000000000001,minimum_robot_environment_excluding_cube_fcl_distance,0.009056958640067066,left_fr3_link7,carriage_minus_y_wall
188,B_constrained_insertion,52,0.89333333333333342,0,0.26000000000000001,minimum_wrist_tool_environment_fcl_distance,0.009056958640067066,left_fr3_link7,carriage_minus_y_wall
189,B_constrained_insertion,53,0.89532051282051284,0,0.26000000000000001,minimum_fcl_distance,0.0009997248352296194,shared_cube,left_fr3_side_suction
189,B_constrained_insertion,53,0.89532051282051284,0,0.26000000000000001,minimum_self_and_inter_arm_fcl_distance,0.0020285193035323107,right_fr3_link7,right_fr3_side_suction
189,B_constrained_insertion,53,0.89532051282051284,0,0.26000000000000001,minimum_inter_arm_fcl_distance,0.1236281893477926,left_fr3_side_suction,right_fr3_side_suction
189,B_constrained_insertion,53,0.89532051282051284,0,0.26000000000000001,minimum_robot_world_fcl_distance,0.0009997248352296194,shared_cube,left_fr3_side_suction
189,B_constrained_insertion,53,0.89532051282051284,0,0.26000000000000001,minimum_robot_environment_excluding_cube_fcl_distance,0.009056917772011978,left_fr3_link7,carriage_minus_y_wall
189,B_constrained_insertion,53,0.89532051282051284,0,0.26000000000000001,minimum_wrist_tool_environment_fcl_distance,0.009056917772011978,left_fr3_link7,carriage_minus_y_wall
190,B_constrained_insertion,54,0.89730769230769236,0,0.26000000000000001,minimum_fcl_distance,0.000999717630458815,shared_cube,left_fr3_side_suction
190,B_constrained_insertion,54,0.89730769230769236,0,0.26000000000000001,minimum_self_and_inter_arm_fcl_distance,0.002028519303532327,right_fr3_link7,right_fr3_side_suction
190,B_constrained_insertion,54,0.89730769230769236,0,0.26000000000000001,minimum_inter_arm_fcl_distance,0.12362818207523849,left_fr3_side_suction,right_fr3_side_suction
190,B_constrained_insertion,54,0.89730769230769236,0,0.26000000000000001,minimum_robot_world_fcl_distance,0.000999717630458815,shared_cube,left_fr3_side_suction
190,B_constrained_insertion,54,0.89730769230769236,0,0.26000000000000001,minimum_robot_environment_excluding_cube_fcl_distance,0.009056875750538856,left_fr3_link7,carriage_minus_y_wall
190,B_constrained_insertion,54,0.89730769230769236,0,0.26000000000000001,minimum_wrist_tool_environment_fcl_distance,0.009056875750538856,left_fr3_link7,carriage_minus_y_wall
191,B_constrained_insertion,55,0.89929487179487189,0,0.26000000000000001,minimum_fcl_distance,0.000999710184292534,shared_cube,left_fr3_side_suction
191,B_constrained_insertion,55,0.89929487179487189,0,0.26000000000000001,minimum_self_and_inter_arm_fcl_distance,0.0020285193035323927,left_fr3_link7,left_fr3_side_suction
191,B_constrained_insertion,55,0.89929487179487189,0,0.26000000000000001,minimum_inter_arm_fcl_distance,0.12362817456592524,left_fr3_side_suction,right_fr3_side_suction
191,B_constrained_insertion,55,0.89929487179487189,0,0.26000000000000001,minimum_robot_world_fcl_distance,0.000999710184292534,shared_cube,left_fr3_side_suction
191,B_constrained_insertion,55,0.89929487179487189,0,0.26000000000000001,minimum_robot_environment_excluding_cube_fcl_distance,0.009056832521932462,left_fr3_link7,carriage_minus_y_wall
191,B_constrained_insertion,55,0.89929487179487189,0,0.26000000000000001,minimum_wrist_tool_environment_fcl_distance,0.009056832521932462,left_fr3_link7,carriage_minus_y_wall
192,B_constrained_insertion,56,0.9012820512820513,0,0.26000000000000001,minimum_fcl_distance,0.000999702485161136,shared_cube,left_fr3_side_suction
192,B_constrained_insertion,56,0.9012820512820513,0,0.26000000000000001,minimum_self_and_inter_arm_fcl_distance,0.0020285193035323424,left_fr3_link7,left_fr3_side_suction
192,B_constrained_insertion,56,0.9012820512820513,0,0.26000000000000001,minimum_inter_arm_fcl_distance,0.12362816680924608,left_fr3_side_suction,right_fr3_side_suction
192,B_constrained_insertion,56,0.9012820512820513,0,0.26000000000000001,minimum_robot_world_fcl_distance,0.000999702485161136,shared_cube,left_fr3_side_suction
192,B_constrained_insertion,56,0.9012820512820513,0,0.26000000000000001,minimum_robot_environment_excluding_cube_fcl_distance,0.009056788030140928,left_fr3_link7,carriage_minus_y_wall
192,B_constrained_insertion,56,0.9012820512820513,0,0.26000000000000001,minimum_wrist_tool_environment_fcl_distance,0.009056788030140928,left_fr3_link7,carriage_minus_y_wall
193,B_constrained_insertion,57,0.90326923076923082,0,0.26000000000000001,minimum_fcl_distance,0.0009996945209899365,shared_cube,left_fr3_side_suction
193,B_constrained_insertion,57,0.90326923076923082,0,0.26000000000000001,minimum_self_and_inter_arm_fcl_distance,0.0020285193035323827,left_fr3_link7,left_fr3_side_suction
193,B_constrained_insertion,57,0.90326923076923082,0,0.26000000000000001,minimum_inter_arm_fcl_distance,0.12362815879413488,left_fr3_side_suction,right_fr3_side_suction
193,B_constrained_insertion,57,0.90326923076923082,0,0.26000000000000001,minimum_robot_world_fcl_distance,0.0009996945209899365,shared_cube,left_fr3_side_suction
193,B_constrained_insertion,57,0.90326923076923082,0,0.26000000000000001,minimum_robot_environment_excluding_cube_fcl_distance,0.009056742216859159,left_fr3_link7,carriage_minus_y_wall
193,B_constrained_insertion,57,0.90326923076923082,0,0.26000000000000001,minimum_wrist_tool_environment_fcl_distance,0.009056742216859159,left_fr3_link7,carriage_minus_y_wall
194,B_constrained_insertion,58,0.90525641025641035,0,0.26000000000000001,minimum_fcl_distance,0.000999686279222925,shared_cube,left_fr3_side_suction
194,B_constrained_insertion,58,0.90525641025641035,0,0.26000000000000001,minimum_self_and_inter_arm_fcl_distance,0.0020285193035323524,right_fr3_link7,right_fr3_side_suction
194,B_constrained_insertion,58,0.90525641025641035,0,0.26000000000000001,minimum_inter_arm_fcl_distance,0.12362815050908783,left_fr3_side_suction,right_fr3_side_suction
194,B_constrained_insertion,58,0.90525641025641035,0,0.26000000000000001,minimum_robot_world_fcl_distance,0.000999686279222925,shared_cube,left_fr3_side_suction
194,B_constrained_insertion,58,0.90525641025641035,0,0.26000000000000001,minimum_robot_environment_excluding_cube_fcl_distance,0.00905669502165886,left_fr3_link7,carriage_minus_y_wall
194,B_constrained_insertion,58,0.90525641025641035,0,0.26000000000000001,minimum_wrist_tool_environment_fcl_distance,0.00905669502165886,left_fr3_link7,carriage_minus_y_wall
195,B_constrained_insertion,59,0.90724358974358976,0,0.26000000000000001,minimum_fcl_distance,0.0009996777468499196,shared_cube,left_fr3_side_suction
195,B_constrained_insertion,59,0.90724358974358976,0,0.26000000000000001,minimum_self_and_inter_arm_fcl_distance,0.0020285193035323597,right_fr3_link7,right_fr3_side_suction
195,B_constrained_insertion,59,0.90724358974358976,0,0.26000000000000001,minimum_inter_arm_fcl_distance,0.1236281419421866,left_fr3_side_suction,right_fr3_side_suction
195,B_constrained_insertion,59,0.90724358974358976,0,0.26000000000000001,minimum_robot_world_fcl_distance,0.0009996777468499196,shared_cube,left_fr3_side_suction
195,B_constrained_insertion,59,0.90724358974358976,0,0.26000000000000001,minimum_robot_environment_excluding_cube_fcl_distance,0.009056646382196113,left_fr3_link7,carriage_minus_y_wall
195,B_constrained_insertion,59,0.90724358974358976,0,0.26000000000000001,minimum_wrist_tool_environment_fcl_distance,0.009056646382196113,left_fr3_link7,carriage_minus_y_wall
196,B_constrained_insertion,60,0.90923076923076929,0,0.26000000000000001,minimum_fcl_distance,0.0009996689104571322,shared_cube,left_fr3_side_suction
196,B_constrained_insertion,60,0.90923076923076929,0,0.26000000000000001,minimum_self_and_inter_arm_fcl_distance,0.002028519303532422,left_fr3_link7,left_fr3_side_suction
196,B_constrained_insertion,60,0.90923076923076929,0,0.26000000000000001,minimum_inter_arm_fcl_distance,0.12362813308114207,left_fr3_side_suction,right_fr3_side_suction
196,B_constrained_insertion,60,0.90923076923076929,0,0.26000000000000001,minimum_robot_world_fcl_distance,0.0009996689104571322,shared_cube,left_fr3_side_suction
196,B_constrained_insertion,60,0.90923076923076929,0,0.26000000000000001,minimum_robot_environment_excluding_cube_fcl_distance,0.00905659623449516,left_fr3_link7,carriage_minus_y_wall
196,B_constrained_insertion,60,0.90923076923076929,0,0.26000000000000001,minimum_wrist_tool_environment_fcl_distance,0.00905659623449516,left_fr3_link7,carriage_minus_y_wall
197,B_constrained_insertion,61,0.91121794871794881,0,0.26000000000000001,minimum_fcl_distance,0.000999866596962133,shared_cube,right_fr3_side_suction
197,B_constrained_insertion,61,0.91121794871794881,0,0.26000000000000001,minimum_self_and_inter_arm_fcl_distance,0.0020285193035324296,right_fr3_link7,right_fr3_side_suction
197,B_constrained_insertion,61,0.91121794871794881,0,0.26000000000000001,minimum_inter_arm_fcl_distance,0.1236283913055039,left_fr3_side_suction,right_fr3_side_suction
197,B_constrained_insertion,61,0.91121794871794881,0,0.26000000000000001,minimum_robot_world_fcl_distance,0.000999866596962133,shared_cube,right_fr3_side_suction
197,B_constrained_insertion,61,0.91121794871794881,0,0.26000000000000001,minimum_robot_environment_excluding_cube_fcl_distance,0.009058524227487864,left_fr3_link7,carriage_minus_y_wall
197,B_constrained_insertion,61,0.91121794871794881,0,0.26000000000000001,minimum_wrist_tool_environment_fcl_distance,0.009058524227487864,left_fr3_link7,carriage_minus_y_wall
198,B_constrained_insertion,62,0.91320512820512822,0,0.26000000000000001,minimum_fcl_distance,0.000999863969484659,shared_cube,right_fr3_side_suction
198,B_constrained_insertion,62,0.91320512820512822,0,0.26000000000000001,minimum_self_and_inter_arm_fcl_distance,0.002028519303532397,right_fr3_link7,right_fr3_side_suction
198,B_constrained_insertion,62,0.91320512820512822,0,0.26000000000000001,minimum_inter_arm_fcl_distance,0.1236283896419112,left_fr3_side_suction,right_fr3_side_suction
198,B_constrained_insertion,62,0.91320512820512822,0,0.26000000000000001,minimum_robot_world_fcl_distance,0.000999863969484659,shared_cube,right_fr3_side_suction
198,B_constrained_insertion,62,0.91320512820512822,0,0.26000000000000001,minimum_robot_environment_excluding_cube_fcl_distance,0.009058522858580215,left_fr3_link7,carriage_minus_y_wall
198,B_constrained_insertion,62,0.91320512820512822,0,0.26000000000000001,minimum_wrist_tool_environment_fcl_distance,0.009058522858580215,left_fr3_link7,carriage_minus_y_wall
199,B_constrained_insertion,63,0.91519230769230775,0,0.26000000000000001,minimum_fcl_distance,0.0009998612849532857,shared_cube,right_fr3_side_suction
199,B_constrained_insertion,63,0.91519230769230775,0,0.26000000000000001,minimum_self_and_inter_arm_fcl_distance,0.0020285193035323584,right_fr3_link7,right_fr3_side_suction
199,B_constrained_insertion,63,0.91519230769230775,0,0.26000000000000001,minimum_inter_arm_fcl_distance,0.12362838792162013,left_fr3_side_suction,right_fr3_side_suction
199,B_constrained_insertion,63,0.91519230769230775,0,0.26000000000000001,minimum_robot_world_fcl_distance,0.0009998612849532857,shared_cube,right_fr3_side_suction
199,B_constrained_insertion,63,0.91519230769230775,0,0.26000000000000001,minimum_robot_environment_excluding_cube_fcl_distance,0.009058521192741214,left_fr3_link7,carriage_minus_y_wall
199,B_constrained_insertion,63,0.91519230769230775,0,0.26000000000000001,minimum_wrist_tool_environment_fcl_distance,0.009058521192741214,left_fr3_link7,carriage_minus_y_wall
200,B_constrained_insertion,64,0.91717948717948727,0,0.26000000000000001,minimum_fcl_distance,0.0009998585424592123,shared_cube,right_fr3_side_suction
200,B_constrained_insertion,64,0.91717948717948727,0,0.26000000000000001,minimum_self_and_inter_arm_fcl_distance,0.0020285193035323532,left_fr3_link7,left_fr3_side_suction
200,B_constrained_insertion,64,0.91717948717948727,0,0.26000000000000001,minimum_inter_arm_fcl_distance,0.12362838617415098,left_fr3_side_suction,right_fr3_side_suction
200,B_constrained_insertion,64,0.91717948717948727,0,0.26000000000000001,minimum_robot_world_fcl_distance,0.0009998585424592123,shared_cube,right_fr3_side_suction
200,B_constrained_insertion,64,0.91717948717948727,0,0.26000000000000001,minimum_robot_environment_excluding_cube_fcl_distance,0.009058519466195103,left_fr3_link7,carriage_minus_y_wall
200,B_constrained_insertion,64,0.91717948717948727,0,0.26000000000000001,minimum_wrist_tool_environment_fcl_distance,0.009058519466195103,left_fr3_link7,carriage_minus_y_wall
201,B_constrained_insertion,65,0.91916666666666669,0,0.26000000000000001,minimum_fcl_distance,0.0009998557411288337,shared_cube,right_fr3_side_suction
201,B_constrained_insertion,65,0.91916666666666669,0,0.26000000000000001,minimum_self_and_inter_arm_fcl_distance,0.002028519303532399,right_fr3_link7,right_fr3_side_suction
201,B_constrained_insertion,65,0.91916666666666669,0,0.26000000000000001,minimum_inter_arm_fcl_distance,0.12362838439931852,left_fr3_side_suction,right_fr3_side_suction
201,B_constrained_insertion,65,0.91916666666666669,0,0.26000000000000001,minimum_robot_world_fcl_distance,0.0009998557411288337,shared_cube,right_fr3_side_suction
201,B_constrained_insertion,65,0.91916666666666669,0,0.26000000000000001,minimum_robot_environment_excluding_cube_fcl_distance,0.009058517676306669,left_fr3_link7,carriage_minus_y_wall
201,B_constrained_insertion,65,0.91916666666666669,0,0.26000000000000001,minimum_wrist_tool_environment_fcl_distance,0.009058517676306669,left_fr3_link7,carriage_minus_y_wall
202,B_constrained_insertion,66,0.92115384615384621,0,0.26000000000000001,minimum_fcl_distance,0.0009998528801353026,shared_cube,right_fr3_side_suction
202,B_constrained_insertion,66,0.92115384615384621,0,0.26000000000000001,minimum_self_and_inter_arm_fcl_distance,0.002028519303532387,right_fr3_link7,right_fr3_side_suction
202,B_constrained_insertion,66,0.92115384615384621,0,0.26000000000000001,minimum_inter_arm_fcl_distance,0.12362838259698843,left_fr3_side_suction,right_fr3_side_suction
202,B_constrained_insertion,66,0.92115384615384621,0,0.26000000000000001,minimum_robot_world_fcl_distance,0.0009998528801353026,shared_cube,right_fr3_side_suction
202,B_constrained_insertion,66,0.92115384615384621,0,0.26000000000000001,minimum_robot_environment_excluding_cube_fcl_distance,0.009058515820464387,left_fr3_link7,carriage_minus_y_wall
202,B_constrained_insertion,66,0.92115384615384621,0,0.26000000000000001,minimum_wrist_tool_environment_fcl_distance,0.009058515820464387,left_fr3_link7,carriage_minus_y_wall
203,B_constrained_insertion,67,0.92314102564102574,0,0.26000000000000001,minimum_fcl_distance,0.0009998499587107173,shared_cube,right_fr3_side_suction
203,B_constrained_insertion,67,0.92314102564102574,0,0.26000000000000001,minimum_self_and_inter_arm_fcl_distance,0.002028519303532424,left_fr3_link7,left_fr3_side_suction
203,B_constrained_insertion,67,0.92314102564102574,0,0.26000000000000001,minimum_inter_arm_fcl_distance,0.12362838076710025,left_fr3_side_suction,right_fr3_side_suction
203,B_constrained_insertion,67,0.92314102564102574,0,0.26000000000000001,minimum_robot_world_fcl_distance,0.0009998499587107173,shared_cube,right_fr3_side_suction
203,B_constrained_insertion,67,0.92314102564102574,0,0.26000000000000001,minimum_robot_environment_excluding_cube_fcl_distance,0.00905851389616048,left_fr3_link7,carriage_minus_y_wall
203,B_constrained_insertion,67,0.92314102564102574,0,0.26000000000000001,minimum_wrist_tool_environment_fcl_distance,0.00905851389616048,left_fr3_link7,carriage_minus_y_wall
204,B_constrained_insertion,68,0.92512820512820515,0,0.26000000000000001,minimum_fcl_distance,0.0009998469761579405,shared_cube,right_fr3_side_suction
204,B_constrained_insertion,68,0.92512820512820515,0,0.26000000000000001,minimum_self_and_inter_arm_fcl_distance,0.0020285193035323914,left_fr3_link7,left_fr3_side_suction
204,B_constrained_insertion,68,0.92512820512820515,0,0.26000000000000001,minimum_inter_arm_fcl_distance,0.12362837890967768,left_fr3_side_suction,right_fr3_side_suction
204,B_constrained_insertion,68,0.92512820512820515,0,0.26000000000000001,minimum_robot_world_fcl_distance,0.0009998469761579405,shared_cube,right_fr3_side_suction
204,B_constrained_insertion,68,0.92512820512820515,0,0.26000000000000001,minimum_robot_environment_excluding_cube_fcl_distance,0.00905851190106166,left_fr3_link7,carriage_minus_y_wall
204,B_constrained_insertion,68,0.92512820512820515,0,0.26000000000000001,minimum_wrist_tool_environment_fcl_distance,0.00905851190106166,left_fr3_link7,carriage_minus_y_wall
205,B_constrained_insertion,69,0.92711538461538467,0,0.26000000000000001,minimum_fcl_distance,0.000999843931866024,shared_cube,right_fr3_side_suction
205,B_constrained_insertion,69,0.92711538461538467,0,0.26000000000000001,minimum_self_and_inter_arm_fcl_distance,0.002028519303532352,right_fr3_link7,right_fr3_side_suction
205,B_constrained_insertion,69,0.92711538461538467,0,0.26000000000000001,minimum_inter_arm_fcl_distance,0.12362837702485326,left_fr3_side_suction,right_fr3_side_suction
205,B_constrained_insertion,69,0.92711538461538467,0,0.26000000000000001,minimum_robot_world_fcl_distance,0.000999843931866024,shared_cube,right_fr3_side_suction
205,B_constrained_insertion,69,0.92711538461538467,0,0.26000000000000001,minimum_robot_environment_excluding_cube_fcl_distance,0.009058509833090617,left_fr3_link7,carriage_minus_y_wall
205,B_constrained_insertion,69,0.92711538461538467,0,0.26000000000000001,minimum_wrist_tool_environment_fcl_distance,0.009058509833090617,left_fr3_link7,carriage_minus_y_wall
206,B_constrained_insertion,70,0.9291025641025642,0,0.26000000000000001,minimum_fcl_distance,0.0009998408253252457,shared_cube,right_fr3_side_suction
206,B_constrained_insertion,70,0.9291025641025642,0,0.26000000000000001,minimum_self_and_inter_arm_fcl_distance,0.002028519303532325,right_fr3_link7,right_fr3_side_suction
206,B_constrained_insertion,70,0.9291025641025642,0,0.26000000000000001,minimum_inter_arm_fcl_distance,0.12362837511288849,left_fr3_side_suction,right_fr3_side_suction
206,B_constrained_insertion,70,0.9291025641025642,0,0.26000000000000001,minimum_robot_world_fcl_distance,0.0009998408253252457,shared_cube,right_fr3_side_suction
206,B_constrained_insertion,70,0.9291025641025642,0,0.26000000000000001,minimum_robot_environment_excluding_cube_fcl_distance,0.009058507690529032,left_fr3_link7,carriage_minus_y_wall
206,B_constrained_insertion,70,0.9291025641025642,0,0.26000000000000001,minimum_wrist_tool_environment_fcl_distance,0.009058507690529032,left_fr3_link7,carriage_minus_y_wall
207,B_constrained_insertion,71,0.93108974358974361,0,0.26000000000000001,minimum_fcl_distance,0.0009998376561439974,shared_cube,right_fr3_side_suction
207,B_constrained_insertion,71,0.93108974358974361,0,0.26000000000000001,minimum_self_and_inter_arm_fcl_distance,0.0020285193035324126,left_fr3_link7,left_fr3_side_suction
207,B_constrained_insertion,71,0.93108974358974361,0,0.26000000000000001,minimum_inter_arm_fcl_distance,0.12362837317420118,left_fr3_side_suction,right_fr3_side_suction
207,B_constrained_insertion,71,0.93108974358974361,0,0.26000000000000001,minimum_robot_world_fcl_distance,0.0009998376561439974,shared_cube,right_fr3_side_suction
207,B_constrained_insertion,71,0.93108974358974361,0,0.26000000000000001,minimum_robot_environment_excluding_cube_fcl_distance,0.009058505472141515,left_fr3_link7,carriage_minus_y_wall
207,B_constrained_insertion,71,0.93108974358974361,0,0.26000000000000001,minimum_wrist_tool_environment_fcl_distance,0.009058505472141515,left_fr3_link7,carriage_minus_y_wall
208,B_constrained_insertion,72,0.93307692307692314,0,0.26000000000000001,minimum_fcl_distance,0.00099983442406996,shared_cube,right_fr3_side_suction
208,B_constrained_insertion,72,0.93307692307692314,0,0.26000000000000001,minimum_self_and_inter_arm_fcl_distance,0.0020285193035323055,left_fr3_link7,left_fr3_side_suction
208,B_constrained_insertion,72,0.93307692307692314,0,0.26000000000000001,minimum_inter_arm_fcl_distance,0.12362837120940005,left_fr3_side_suction,right_fr3_side_suction
208,B_constrained_insertion,72,0.93307692307692314,0,0.26000000000000001,minimum_robot_world_fcl_distance,0.00099983442406996,shared_cube,right_fr3_side_suction
208,B_constrained_insertion,72,0.93307692307692314,0,0.26000000000000001,minimum_robot_environment_excluding_cube_fcl_distance,0.009058503177322833,left_fr3_link7,carriage_minus_y_wall
208,B_constrained_insertion,72,0.93307692307692314,0,0.26000000000000001,minimum_wrist_tool_environment_fcl_distance,0.009058503177322833,left_fr3_link7,carriage_minus_y_wall
209,B_constrained_insertion,73,0.93506410256410266,0,0.26000000000000001,minimum_fcl_distance,0.0009998311290053997,shared_cube,right_fr3_side_suction
209,B_constrained_insertion,73,0.93506410256410266,0,0.26000000000000001,minimum_self_and_inter_arm_fcl_distance,0.002028519303532352,right_fr3_link7,right_fr3_side_suction
209,B_constrained_insertion,73,0.93506410256410266,0,0.26000000000000001,minimum_inter_arm_fcl_distance,0.12362836921931501,left_fr3_side_suction,right_fr3_side_suction
209,B_constrained_insertion,73,0.93506410256410266,0,0.26000000000000001,minimum_robot_world_fcl_distance,0.0009998311290053997,shared_cube,right_fr3_side_suction
209,B_constrained_insertion,73,0.93506410256410266,0,0.26000000000000001,minimum_robot_environment_excluding_cube_fcl_distance,0.009058500806275911,left_fr3_link7,carriage_minus_y_wall
209,B_constrained_insertion,73,0.93506410256410266,0,0.26000000000000001,minimum_wrist_tool_environment_fcl_distance,0.009058500806275911,left_fr3_link7,carriage_minus_y_wall
210,B_constrained_insertion,74,0.93705128205128208,0,0.26000000000000001,minimum_fcl_distance,0.0009998277710335415,shared_cube,right_fr3_side_suction
210,B_constrained_insertion,74,0.93705128205128208,0,0.26000000000000001,minimum_self_and_inter_arm_fcl_distance,0.0020285193035323315,right_fr3_link7,right_fr3_side_suction
210,B_constrained_insertion,74,0.93705128205128208,0,0.26000000000000001,minimum_inter_arm_fcl_distance,0.12362836720504572,left_fr3_side_suction,right_fr3_side_suction
210,B_constrained_insertion,74,0.93705128205128208,0,0.26000000000000001,minimum_robot_world_fcl_distance,0.0009998277710335415,shared_cube,right_fr3_side_suction
210,B_constrained_insertion,74,0.93705128205128208,0,0.26000000000000001,minimum_robot_environment_excluding_cube_fcl_distance,0.009058498360212624,left_fr3_link7,carriage_minus_y_wall
210,B_constrained_insertion,74,0.93705128205128208,0,0.26000000000000001,minimum_wrist_tool_environment_fcl_distance,0.009058498360212624,left_fr3_link7,carriage_minus_y_wall
211,B_constrained_insertion,75,0.9390384615384616,0,0.26000000000000001,minimum_fcl_distance,0.0009998243504375373,shared_cube,right_fr3_side_suction
211,B_constrained_insertion,75,0.9390384615384616,0,0.26000000000000001,minimum_self_and_inter_arm_fcl_distance,0.002028519303532388,right_fr3_link7,right_fr3_side_suction
211,B_constrained_insertion,75,0.9390384615384616,0,0.26000000000000001,minimum_inter_arm_fcl_distance,0.12362836516800253,left_fr3_side_suction,right_fr3_side_suction
211,B_constrained_insertion,75,0.9390384615384616,0,0.26000000000000001,minimum_robot_world_fcl_distance,0.0009998243504375373,shared_cube,right_fr3_side_suction
211,B_constrained_insertion,75,0.9390384615384616,0,0.26000000000000001,minimum_robot_environment_excluding_cube_fcl_distance,0.009058495841593284,left_fr3_link7,carriage_minus_y_wall
211,B_constrained_insertion,75,0.9390384615384616,0,0.26000000000000001,minimum_wrist_tool_environment_fcl_distance,0.009058495841593284,left_fr3_link7,carriage_minus_y_wall
212,B_constrained_insertion,76,0.94102564102564112,0,0.26000000000000001,minimum_fcl_distance,0.000999820867725783,shared_cube,right_fr3_side_suction
212,B_constrained_insertion,76,0.94102564102564112,0,0.26000000000000001,minimum_self_and_inter_arm_fcl_distance,0.0020285193035323203,left_fr3_link7,left_fr3_side_suction
212,B_constrained_insertion,76,0.94102564102564112,0,0.26000000000000001,minimum_inter_arm_fcl_distance,0.12362836310996217,left_fr3_side_suction,right_fr3_side_suction
212,B_constrained_insertion,76,0.94102564102564112,0,0.26000000000000001,minimum_robot_world_fcl_distance,0.000999820867725783,shared_cube,right_fr3_side_suction
212,B_constrained_insertion,76,0.94102564102564112,0,0.26000000000000001,minimum_robot_environment_excluding_cube_fcl_distance,0.009058493254390098,left_fr3_link7,carriage_minus_y_wall
212,B_constrained_insertion,76,0.94102564102564112,0,0.26000000000000001,minimum_wrist_tool_environment_fcl_distance,0.009058493254390098,left_fr3_link7,carriage_minus_y_wall
213,B_constrained_insertion,77,0.94301282051282054,0,0.26000000000000001,minimum_fcl_distance,0.0009998173236555946,shared_cube,right_fr3_side_suction
213,B_constrained_insertion,77,0.94301282051282054,0,0.26000000000000001,minimum_self_and_inter_arm_fcl_distance,0.002028519303532344,right_fr3_link7,right_fr3_side_suction
213,B_constrained_insertion,77,0.94301282051282054,0,0.26000000000000001,minimum_inter_arm_fcl_distance,0.12362836103312393,left_fr3_side_suction,right_fr3_side_suction
213,B_constrained_insertion,77,0.94301282051282054,0,0.26000000000000001,minimum_robot_world_fcl_distance,0.0009998173236555946,shared_cube,right_fr3_side_suction
213,B_constrained_insertion,77,0.94301282051282054,0,0.26000000000000001,minimum_robot_environment_excluding_cube_fcl_distance,0.009058490604381917,left_fr3_link7,carriage_minus_y_wall
213,B_constrained_insertion,77,0.94301282051282054,0,0.26000000000000001,minimum_wrist_tool_environment_fcl_distance,0.009058490604381917,left_fr3_link7,carriage_minus_y_wall
214,B_constrained_insertion,78,0.94500000000000006,0,0.26000000000000001,minimum_fcl_distance,0.0009998137192602416,shared_cube,right_fr3_side_suction
214,B_constrained_insertion,78,0.94500000000000006,0,0.26000000000000001,minimum_self_and_inter_arm_fcl_distance,0.002028519303532327,right_fr3_link7,right_fr3_side_suction
214,B_constrained_insertion,78,0.94500000000000006,0,0.26000000000000001,minimum_inter_arm_fcl_distance,0.12362835894017171,left_fr3_side_suction,right_fr3_side_suction
214,B_constrained_insertion,78,0.94500000000000006,0,0.26000000000000001,minimum_robot_world_fcl_distance,0.0009998137192602416,shared_cube,right_fr3_side_suction
214,B_constrained_insertion,78,0.94500000000000006,0,0.26000000000000001,minimum_robot_environment_excluding_cube_fcl_distance,0.00905848789947116,left_fr3_link7,carriage_minus_y_wall
214,B_constrained_insertion,78,0.94500000000000006,0,0.26000000000000001,minimum_wrist_tool_environment_fcl_distance,0.00905848789947116,left_fr3_link7,carriage_minus_y_wall
215,B_constrained_insertion,79,0.94698717948717959,0,0.26000000000000001,minimum_fcl_distance,0.0009998100558730103,shared_cube,right_fr3_side_suction
215,B_constrained_insertion,79,0.94698717948717959,0,0.26000000000000001,minimum_self_and_inter_arm_fcl_distance,0.0020285193035323554,left_fr3_link7,left_fr3_side_suction
215,B_constrained_insertion,79,0.94698717948717959,0,0.26000000000000001,minimum_inter_arm_fcl_distance,0.12362835683433576,left_fr3_side_suction,right_fr3_side_suction
215,B_constrained_insertion,79,0.94698717948717959,0,0.26000000000000001,minimum_robot_world_fcl_distance,0.0009998100558730103,shared_cube,right_fr3_side_suction
215,B_constrained_insertion,79,0.94698717948717959,0,0.26000000000000001,minimum_robot_environment_excluding_cube_fcl_distance,0.009058485150013127,left_fr3_link7,carriage_minus_y_wall
215,B_constrained_insertion,79,0.94698717948717959,0,0.26000000000000001,minimum_wrist_tool_environment_fcl_distance,0.009058485150013127,left_fr3_link7,carriage_minus_y_wall
216,B_constrained_insertion,80,0.948974358974359,0,0.26000000000000001,minimum_fcl_distance,0.0009998063351529787,shared_cube,right_fr3_side_suction
216,B_constrained_insertion,80,0.948974358974359,0,0.26000000000000001,minimum_self_and_inter_arm_fcl_distance,0.002028519303532372,left_fr3_link7,left_fr3_side_suction
216,B_constrained_insertion,80,0.948974358974359,0,0.26000000000000001,minimum_inter_arm_fcl_distance,0.12362835471945546,left_fr3_side_suction,right_fr3_side_suction
216,B_constrained_insertion,80,0.948974358974359,0,0.26000000000000001,minimum_robot_world_fcl_distance,0.0009998063351529787,shared_cube,right_fr3_side_suction
216,B_constrained_insertion,80,0.948974358974359,0,0.26000000000000001,minimum_robot_environment_excluding_cube_fcl_distance,0.009058482369144144,left_fr3_link7,carriage_minus_y_wall
216,B_constrained_insertion,80,0.948974358974359,0,0.26000000000000001,minimum_wrist_tool_environment_fcl_distance,0.009058482369144144,left_fr3_link7,carriage_minus_y_wall
217,B_constrained_insertion,81,0.95096153846153852,0,0.26000000000000001,minimum_fcl_distance,0.0009998025591127552,shared_cube,right_fr3_side_suction
217,B_constrained_insertion,81,0.95096153846153852,0,0.26000000000000001,minimum_self_and_inter_arm_fcl_distance,0.0020285193035323584,right_fr3_link7,right_fr3_side_suction
217,B_constrained_insertion,81,0.95096153846153852,0,0.26000000000000001,minimum_inter_arm_fcl_distance,0.12362835260003913,left_fr3_side_suction,right_fr3_side_suction
217,B_constrained_insertion,81,0.95096153846153852,0,0.26000000000000001,minimum_robot_world_fcl_distance,0.0009998025591127552,shared_cube,right_fr3_side_suction
217,B_constrained_insertion,81,0.95096153846153852,0,0.26000000000000001,minimum_robot_environment_excluding_cube_fcl_distance,0.009058479573085362,left_fr3_link7,carriage_minus_y_wall
217,B_constrained_insertion,81,0.95096153846153852,0,0.26000000000000001,minimum_wrist_tool_environment_fcl_distance,0.009058479573085362,left_fr3_link7,carriage_minus_y_wall
218,B_constrained_insertion,82,0.95294871794871805,0,0.26000000000000001,minimum_fcl_distance,0.0009997987301406555,shared_cube,right_fr3_side_suction
218,B_constrained_insertion,82,0.95294871794871805,0,0.26000000000000001,minimum_self_and_inter_arm_fcl_distance,0.002028519303532368,right_fr3_link7,right_fr3_side_suction
218,B_constrained_insertion,82,0.95294871794871805,0,0.26000000000000001,minimum_inter_arm_fcl_distance,0.12362835048131196,left_fr3_side_suction,right_fr3_side_suction
218,B_constrained_insertion,82,0.95294871794871805,0,0.26000000000000001,minimum_robot_world_fcl_distance,0.0009997987301406555,shared_cube,right_fr3_side_suction
218,B_constrained_insertion,82,0.95294871794871805,0,0.26000000000000001,minimum_robot_environment_excluding_cube_fcl_distance,0.009058476781394046,left_fr3_link7,carriage_minus_y_wall
218,B_constrained_insertion,82,0.95294871794871805,0,0.26000000000000001,minimum_wrist_tool_environment_fcl_distance,0.009058476781394046,left_fr3_link7,carriage_minus_y_wall
219,B_constrained_insertion,83,0.95493589743589746,0,0.26000000000000001,minimum_fcl_distance,0.0009997948510251315,shared_cube,right_fr3_side_suction
219,B_constrained_insertion,83,0.95493589743589746,0,0.26000000000000001,minimum_self_and_inter_arm_fcl_distance,0.002028519303532402,right_fr3_link7,right_fr3_side_suction
219,B_constrained_insertion,83,0.95493589743589746,0,0.26000000000000001,minimum_inter_arm_fcl_distance,0.1236283483692475,left_fr3_side_suction,right_fr3_side_suction
219,B_constrained_insertion,83,0.95493589743589746,0,0.26000000000000001,minimum_robot_world_fcl_distance,0.0009997948510251315,shared_cube,right_fr3_side_suction
219,B_constrained_insertion,83,0.95493589743589746,0,0.26000000000000001,minimum_robot_environment_excluding_cube_fcl_distance,0.009058474017130488,left_fr3_link7,carriage_minus_y_wall
219,B_constrained_insertion,83,0.95493589743589746,0,0.26000000000000001,minimum_wrist_tool_environment_fcl_distance,0.009058474017130488,left_fr3_link7,carriage_minus_y_wall
220,B_constrained_insertion,84,0.95692307692307699,0,0.26000000000000001,minimum_fcl_distance,0.0009997909249768438,shared_cube,right_fr3_side_suction
220,B_constrained_insertion,84,0.95692307692307699,0,0.26000000000000001,minimum_self_and_inter_arm_fcl_distance,0.0020285193035324577,left_fr3_link7,left_fr3_side_suction
220,B_constrained_insertion,84,0.95692307692307699,0,0.26000000000000001,minimum_inter_arm_fcl_distance,0.12362834627057917,left_fr3_side_suction,right_fr3_side_suction
220,B_constrained_insertion,84,0.95692307692307699,0,0.26000000000000001,minimum_robot_world_fcl_distance,0.0009997909249768438,shared_cube,right_fr3_side_suction
220,B_constrained_insertion,84,0.95692307692307699,0,0.26000000000000001,minimum_robot_environment_excluding_cube_fcl_distance,0.009058471306890735,left_fr3_link7,carriage_minus_y_wall
220,B_constrained_insertion,84,0.95692307692307699,0,0.26000000000000001,minimum_wrist_tool_environment_fcl_distance,0.009058471306890735,left_fr3_link7,carriage_minus_y_wall
221,B_constrained_insertion,85,0.95891025641025651,0,0.26000000000000001,minimum_fcl_distance,0.000999786955645933,shared_cube,right_fr3_side_suction
221,B_constrained_insertion,85,0.95891025641025651,0,0.26000000000000001,minimum_self_and_inter_arm_fcl_distance,0.0020285193035323697,left_fr3_link7,left_fr3_side_suction
221,B_constrained_insertion,85,0.95891025641025651,0,0.26000000000000001,minimum_inter_arm_fcl_distance,0.12362834419277638,left_fr3_side_suction,right_fr3_side_suction
221,B_constrained_insertion,85,0.95891025641025651,0,0.26000000000000001,minimum_robot_world_fcl_distance,0.000999786955645933,shared_cube,right_fr3_side_suction
221,B_constrained_insertion,85,0.95891025641025651,0,0.26000000000000001,minimum_robot_environment_excluding_cube_fcl_distance,0.009058468680668388,left_fr3_link7,carriage_minus_y_wall
221,B_constrained_insertion,85,0.95891025641025651,0,0.26000000000000001,minimum_wrist_tool_environment_fcl_distance,0.009058468680668388,left_fr3_link7,carriage_minus_y_wall
222,B_constrained_insertion,86,0.96089743589743604,0,0.26000000000000001,minimum_fcl_distance,0.0009997829471397432,shared_cube,right_fr3_side_suction
222,B_constrained_insertion,86,0.96089743589743604,0,0.26000000000000001,minimum_self_and_inter_arm_fcl_distance,0.002028519303532373,right_fr3_link7,right_fr3_side_suction
222,B_constrained_insertion,86,0.96089743589743604,0,0.26000000000000001,minimum_inter_arm_fcl_distance,0.12362834214398273,left_fr3_side_suction,right_fr3_side_suction
222,B_constrained_insertion,86,0.96089743589743604,0,0.26000000000000001,minimum_robot_world_fcl_distance,0.0009997829471397432,shared_cube,right_fr3_side_suction
222,B_constrained_insertion,86,0.96089743589743604,0,0.26000000000000001,minimum_robot_environment_excluding_cube_fcl_distance,0.009058466171492923,left_fr3_link7,carriage_minus_y_wall
222,B_constrained_insertion,86,0.96089743589743604,0,0.26000000000000001,minimum_wrist_tool_environment_fcl_distance,0.009058466171492923,left_fr3_link7,carriage_minus_y_wall
223,B_constrained_insertion,87,0.96288461538461545,0,0.26000000000000001,minimum_fcl_distance,0.0009997789040318327,shared_cube,right_fr3_side_suction
223,B_constrained_insertion,87,0.96288461538461545,0,0.26000000000000001,minimum_self_and_inter_arm_fcl_distance,0.0020285193035322947,right_fr3_link7,right_fr3_side_suction
223,B_constrained_insertion,87,0.96288461538461545,0,0.26000000000000001,minimum_inter_arm_fcl_distance,0.12362834013290461,left_fr3_side_suction,right_fr3_side_suction
223,B_constrained_insertion,87,0.96288461538461545,0,0.26000000000000001,minimum_robot_world_fcl_distance,0.0009997789040318327,shared_cube,right_fr3_side_suction
223,B_constrained_insertion,87,0.96288461538461545,0,0.26000000000000001,minimum_robot_environment_excluding_cube_fcl_distance,0.009058463814811735,left_fr3_link7,carriage_minus_y_wall
223,B_constrained_insertion,87,0.96288461538461545,0,0.26000000000000001,minimum_wrist_tool_environment_fcl_distance,0.009058463814811735,left_fr3_link7,carriage_minus_y_wall
224,B_constrained_insertion,88,0.96487179487179497,0,0.26000000000000001,minimum_fcl_distance,0.000999774831370508,shared_cube,right_fr3_side_suction
224,B_constrained_insertion,88,0.96487179487179497,0,0.26000000000000001,minimum_self_and_inter_arm_fcl_distance,0.0020285193035323792,right_fr3_link7,right_fr3_side_suction
224,B_constrained_insertion,88,0.96487179487179497,0,0.26000000000000001,minimum_inter_arm_fcl_distance,0.12362833816865108,left_fr3_side_suction,right_fr3_side_suction
224,B_constrained_insertion,88,0.96487179487179497,0,0.26000000000000001,minimum_robot_world_fcl_distance,0.000999774831370508,shared_cube,right_fr3_side_suction
224,B_constrained_insertion,88,0.96487179487179497,0,0.26000000000000001,minimum_robot_environment_excluding_cube_fcl_distance,0.009058461647585607,left_fr3_link7,carriage_minus_y_wall
224,B_constrained_insertion,88,0.96487179487179497,0,0.26000000000000001,minimum_wrist_tool_environment_fcl_distance,0.009058461647585607,left_fr3_link7,carriage_minus_y_wall
225,B_constrained_insertion,89,0.96685897435897439,0,0.26000000000000001,minimum_fcl_distance,0.0009997707346787682,shared_cube,right_fr3_side_suction
225,B_constrained_insertion,89,0.96685897435897439,0,0.26000000000000001,minimum_self_and_inter_arm_fcl_distance,0.0020285193035323346,right_fr3_link7,right_fr3_side_suction
225,B_constrained_insertion,89,0.96685897435897439,0,0.26000000000000001,minimum_inter_arm_fcl_distance,0.12362833626051736,left_fr3_side_suction,right_fr3_side_suction
225,B_constrained_insertion,89,0.96685897435897439,0,0.26000000000000001,minimum_robot_world_fcl_distance,0.0009997707346787682,shared_cube,right_fr3_side_suction
225,B_constrained_insertion,89,0.96685897435897439,0,0.26000000000000001,minimum_robot_environment_excluding_cube_fcl_distance,0.009058459707105794,left_fr3_link7,carriage_minus_y_wall
225,B_constrained_insertion,89,0.96685897435897439,0,0.26000000000000001,minimum_wrist_tool_environment_fcl_distance,0.009058459707105794,left_fr3_link7,carriage_minus_y_wall
226,B_constrained_insertion,90,0.96884615384615391,0,0.26000000000000001,minimum_fcl_distance,0.0009997666199502628,shared_cube,right_fr3_side_suction
226,B_constrained_insertion,90,0.96884615384615391,0,0.26000000000000001,minimum_self_and_inter_arm_fcl_distance,0.002028519303532365,right_fr3_link7,right_fr3_side_suction
226,B_constrained_insertion,90,0.96884615384615391,0,0.26000000000000001,minimum_inter_arm_fcl_distance,0.12362833441772235,left_fr3_side_suction,right_fr3_side_suction
226,B_constrained_insertion,90,0.96884615384615391,0,0.26000000000000001,minimum_robot_world_fcl_distance,0.0009997666199502628,shared_cube,right_fr3_side_suction
226,B_constrained_insertion,90,0.96884615384615391,0,0.26000000000000001,minimum_robot_environment_excluding_cube_fcl_distance,0.009058458029558212,left_fr3_link7,carriage_minus_y_wall
226,B_constrained_insertion,90,0.96884615384615391,0,0.26000000000000001,minimum_wrist_tool_environment_fcl_distance,0.009058458029558212,left_fr3_link7,carriage_minus_y_wall
227,B_constrained_insertion,91,0.97083333333333344,0,0.26000000000000001,minimum_fcl_distance,0.0009997624936364453,shared_cube,right_fr3_side_suction
227,B_constrained_insertion,91,0.97083333333333344,0,0.26000000000000001,minimum_self_and_inter_arm_fcl_distance,0.002028519303532381,left_fr3_link7,left_fr3_side_suction
227,B_constrained_insertion,91,0.97083333333333344,0,0.26000000000000001,minimum_inter_arm_fcl_distance,0.12362833264911287,left_fr3_side_suction,right_fr3_side_suction
227,B_constrained_insertion,91,0.97083333333333344,0,0.26000000000000001,minimum_robot_world_fcl_distance,0.0009997624936364453,shared_cube,right_fr3_side_suction
227,B_constrained_insertion,91,0.97083333333333344,0,0.26000000000000001,minimum_robot_environment_excluding_cube_fcl_distance,0.009058456648402168,left_fr3_link7,carriage_minus_y_wall
227,B_constrained_insertion,91,0.97083333333333344,0,0.26000000000000001,minimum_wrist_tool_environment_fcl_distance,0.009058456648402168,left_fr3_link7,carriage_minus_y_wall
228,B_constrained_insertion,92,0.97282051282051285,0,0.26000000000000001,minimum_fcl_distance,0.0009997583626283198,shared_cube,right_fr3_side_suction
228,B_constrained_insertion,92,0.97282051282051285,0,0.26000000000000001,minimum_self_and_inter_arm_fcl_distance,0.0020285193035323255,left_fr3_link7,left_fr3_side_suction
228,B_constrained_insertion,92,0.97282051282051285,0,0.26000000000000001,minimum_inter_arm_fcl_distance,0.12362833096284574,left_fr3_side_suction,right_fr3_side_suction
228,B_constrained_insertion,92,0.97282051282051285,0,0.26000000000000001,minimum_robot_world_fcl_distance,0.0009997583626283198,shared_cube,right_fr3_side_suction
228,B_constrained_insertion,92,0.97282051282051285,0,0.26000000000000001,minimum_robot_environment_excluding_cube_fcl_distance,0.009058455592680592,left_fr3_link7,carriage_minus_y_wall
228,B_constrained_insertion,92,0.97282051282051285,0,0.26000000000000001,minimum_wrist_tool_environment_fcl_distance,0.009058455592680592,left_fr3_link7,carriage_minus_y_wall
229,B_constrained_insertion,93,0.97480769230769237,0,0.26000000000000001,minimum_fcl_distance,0.0009997542342272592,shared_cube,right_fr3_side_suction
229,B_constrained_insertion,93,0.97480769230769237,0,0.26000000000000001,minimum_self_and_inter_arm_fcl_distance,0.0020285193035323324,right_fr3_link7,right_fr3_side_suction
229,B_constrained_insertion,93,0.97480769230769237,0,0.26000000000000001,minimum_inter_arm_fcl_distance,0.12362832936607712,left_fr3_side_suction,right_fr3_side_suction
229,B_constrained_insertion,93,0.97480769230769237,0,0.26000000000000001,minimum_robot_world_fcl_distance,0.0009997542342272592,shared_cube,right_fr3_side_suction
229,B_constrained_insertion,93,0.97480769230769237,0,0.26000000000000001,minimum_robot_environment_excluding_cube_fcl_distance,0.009058454885387214,left_fr3_link7,carriage_minus_y_wall
229,B_constrained_insertion,93,0.97480769230769237,0,0.26000000000000001,minimum_wrist_tool_environment_fcl_distance,0.009058454885387214,left_fr3_link7,carriage_minus_y_wall
230,B_constrained_insertion,94,0.97679487179487179,0,0.26000000000000001,minimum_fcl_distance,0.0009997501161119113,shared_cube,right_fr3_side_suction
230,B_constrained_insertion,94,0.97679487179487179,0,0.26000000000000001,minimum_self_and_inter_arm_fcl_distance,0.002028519303532369,left_fr3_link7,left_fr3_side_suction
230,B_constrained_insertion,94,0.97679487179487179,0,0.26000000000000001,minimum_inter_arm_fcl_distance,0.12362832786468898,left_fr3_side_suction,right_fr3_side_suction
230,B_constrained_insertion,94,0.97679487179487179,0,0.26000000000000001,minimum_robot_world_fcl_distance,0.0009997501161119113,shared_cube,right_fr3_side_suction
230,B_constrained_insertion,94,0.97679487179487179,0,0.26000000000000001,minimum_robot_environment_excluding_cube_fcl_distance,0.00905845454204999,left_fr3_link7,carriage_minus_y_wall
230,B_constrained_insertion,94,0.97679487179487179,0,0.26000000000000001,minimum_wrist_tool_environment_fcl_distance,0.00905845454204999,left_fr3_link7,carriage_minus_y_wall
231,B_constrained_insertion,95,0.97878205128205131,0,0.26000000000000001,minimum_fcl_distance,0.0009997460162933694,shared_cube,right_fr3_side_suction
231,B_constrained_insertion,95,0.97878205128205131,0,0.26000000000000001,minimum_self_and_inter_arm_fcl_distance,0.00202851930353235,left_fr3_link7,left_fr3_side_suction
231,B_constrained_insertion,95,0.97878205128205131,0,0.26000000000000001,minimum_inter_arm_fcl_distance,0.12362832646306728,left_fr3_side_suction,right_fr3_side_suction
231,B_constrained_insertion,95,0.97878205128205131,0,0.26000000000000001,minimum_robot_world_fcl_distance,0.0009997460162933694,shared_cube,right_fr3_side_suction
231,B_constrained_insertion,95,0.97878205128205131,0,0.26000000000000001,minimum_robot_environment_excluding_cube_fcl_distance,0.009058454569679877,left_fr3_link7,carriage_minus_y_wall
231,B_constrained_insertion,95,0.97878205128205131,0,0.26000000000000001,minimum_wrist_tool_environment_fcl_distance,0.009058454569679877,left_fr3_link7,carriage_minus_y_wall
232,B_constrained_insertion,96,0.98076923076923084,0,0.26000000000000001,minimum_fcl_distance,0.000999741943062912,shared_cube,right_fr3_side_suction
232,B_constrained_insertion,96,0.98076923076923084,0,0.26000000000000001,minimum_self_and_inter_arm_fcl_distance,0.0020285193035323645,left_fr3_link7,left_fr3_side_suction
232,B_constrained_insertion,96,0.98076923076923084,0,0.26000000000000001,minimum_inter_arm_fcl_distance,0.12362832516396774,left_fr3_side_suction,right_fr3_side_suction
232,B_constrained_insertion,96,0.98076923076923084,0,0.26000000000000001,minimum_robot_world_fcl_distance,0.000999741943062912,shared_cube,right_fr3_side_suction
232,B_constrained_insertion,96,0.98076923076923084,0,0.26000000000000001,minimum_robot_environment_excluding_cube_fcl_distance,0.009058454966201284,left_fr3_link7,carriage_minus_y_wall
232,B_constrained_insertion,96,0.98076923076923084,0,0.26000000000000001,minimum_wrist_tool_environment_fcl_distance,0.009058454966201284,left_fr3_link7,carriage_minus_y_wall
233,B_constrained_insertion,97,0.98275641025641036,0,0.26000000000000001,minimum_fcl_distance,0.0009997379049330565,shared_cube,right_fr3_side_suction
233,B_constrained_insertion,97,0.98275641025641036,0,0.26000000000000001,minimum_self_and_inter_arm_fcl_distance,0.0020285193035323537,left_fr3_link7,left_fr3_side_suction
233,B_constrained_insertion,97,0.98275641025641036,0,0.26000000000000001,minimum_inter_arm_fcl_distance,0.12362832396847029,left_fr3_side_suction,right_fr3_side_suction
233,B_constrained_insertion,97,0.98275641025641036,0,0.26000000000000001,minimum_robot_world_fcl_distance,0.0009997379049330565,shared_cube,right_fr3_side_suction
233,B_constrained_insertion,97,0.98275641025641036,0,0.26000000000000001,minimum_robot_environment_excluding_cube_fcl_distance,0.009058455720442296,left_fr3_link7,carriage_minus_y_wall
233,B_constrained_insertion,97,0.98275641025641036,0,0.26000000000000001,minimum_wrist_tool_environment_fcl_distance,0.009058455720442296,left_fr3_link7,carriage_minus_y_wall
234,B_constrained_insertion,98,0.98474358974358978,0,0.26000000000000001,minimum_fcl_distance,0.0009997339105708531,shared_cube,right_fr3_side_suction
234,B_constrained_insertion,98,0.98474358974358978,0,0.26000000000000001,minimum_self_and_inter_arm_fcl_distance,0.0020285193035323584,left_fr3_link7,left_fr3_side_suction
234,B_constrained_insertion,98,0.98474358974358978,0,0.26000000000000001,minimum_inter_arm_fcl_distance,0.12362832287603298,left_fr3_side_suction,right_fr3_side_suction
234,B_constrained_insertion,98,0.98474358974358978,0,0.26000000000000001,minimum_robot_world_fcl_distance,0.0009997339105708531,shared_cube,right_fr3_side_suction
234,B_constrained_insertion,98,0.98474358974358978,0,0.26000000000000001,minimum_robot_environment_excluding_cube_fcl_distance,0.009058456812687092,left_fr3_link7,carriage_minus_y_wall
234,B_constrained_insertion,98,0.98474358974358978,0,0.26000000000000001,minimum_wrist_tool_environment_fcl_distance,0.009058456812687092,left_fr3_link7,carriage_minus_y_wall
235,B_constrained_insertion,99,0.9867307692307693,0,0.26000000000000001,minimum_fcl_distance,0.0009997299687236204,shared_cube,right_fr3_side_suction
235,B_constrained_insertion,99,0.9867307692307693,0,0.26000000000000001,minimum_self_and_inter_arm_fcl_distance,0.002028519303532372,left_fr3_link7,left_fr3_side_suction
235,B_constrained_insertion,99,0.9867307692307693,0,0.26000000000000001,minimum_inter_arm_fcl_distance,0.12362832188463378,left_fr3_side_suction,right_fr3_side_suction
235,B_constrained_insertion,99,0.9867307692307693,0,0.26000000000000001,minimum_robot_world_fcl_distance,0.0009997299687236204,shared_cube,right_fr3_side_suction
235,B_constrained_insertion,99,0.9867307692307693,0,0.26000000000000001,minimum_robot_environment_excluding_cube_fcl_distance,0.009058458215739864,left_fr3_link7,carriage_minus_y_wall
235,B_constrained_insertion,99,0.9867307692307693,0,0.26000000000000001,minimum_wrist_tool_environment_fcl_distance,0.009058458215739864,left_fr3_link7,carriage_minus_y_wall
236,B_constrained_insertion,100,0.98871794871794882,0,0.26000000000000001,minimum_fcl_distance,0.0009999774927338173,shared_cube,left_fr3_side_suction
236,B_constrained_insertion,100,0.98871794871794882,0,0.26000000000000001,minimum_self_and_inter_arm_fcl_distance,0.0020285193035323077,left_fr3_link7,left_fr3_side_suction
236,B_constrained_insertion,100,0.98871794871794882,0,0.26000000000000001,minimum_inter_arm_fcl_distance,0.12362845303939266,left_fr3_side_suction,right_fr3_side_suction
236,B_constrained_insertion,100,0.98871794871794882,0,0.26000000000000001,minimum_robot_world_fcl_distance,0.0009999774927338173,shared_cube,left_fr3_side_suction
236,B_constrained_insertion,100,0.98871794871794882,0,0.26000000000000001,minimum_robot_environment_excluding_cube_fcl_distance,0.009058459896388035,left_fr3_link7,carriage_minus_y_wall
236,B_constrained_insertion,100,0.98871794871794882,0,0.26000000000000001,minimum_wrist_tool_environment_fcl_distance,0.009058459896388035,left_fr3_link7,carriage_minus_y_wall
237,B_constrained_insertion,101,0.99070512820512824,0,0.26000000000000001,minimum_fcl_distance,0.000999977809557492,shared_cube,left_fr3_side_suction
237,B_constrained_insertion,101,0.99070512820512824,0,0.26000000000000001,minimum_self_and_inter_arm_fcl_distance,0.0020285193035323654,right_fr3_link7,right_fr3_side_suction
237,B_constrained_insertion,101,0.99070512820512824,0,0.26000000000000001,minimum_inter_arm_fcl_distance,0.12362845326196936,left_fr3_side_suction,right_fr3_side_suction
237,B_constrained_insertion,101,0.99070512820512824,0,0.26000000000000001,minimum_robot_world_fcl_distance,0.000999977809557492,shared_cube,left_fr3_side_suction
237,B_constrained_insertion,101,0.99070512820512824,0,0.26000000000000001,minimum_robot_environment_excluding_cube_fcl_distance,0.009058461817112885,left_fr3_link7,carriage_minus_y_wall
237,B_constrained_insertion,101,0.99070512820512824,0,0.26000000000000001,minimum_wrist_tool_environment_fcl_distance,0.009058461817112885,left_fr3_link7,carriage_minus_y_wall
238,B_constrained_insertion,102,0.99269230769230776,0,0.26000000000000001,minimum_fcl_distance,0.0009999781649047798,shared_cube,left_fr3_side_suction
238,B_constrained_insertion,102,0.99269230769230776,0,0.26000000000000001,minimum_self_and_inter_arm_fcl_distance,0.002028519303532356,right_fr3_link7,right_fr3_side_suction
238,B_constrained_insertion,102,0.99269230769230776,0,0.26000000000000001,minimum_inter_arm_fcl_distance,0.12362845350938968,left_fr3_side_suction,right_fr3_side_suction
238,B_constrained_insertion,102,0.99269230769230776,0,0.26000000000000001,minimum_robot_world_fcl_distance,0.0009999781649047798,shared_cube,left_fr3_side_suction
238,B_constrained_insertion,102,0.99269230769230776,0,0.26000000000000001,minimum_robot_environment_excluding_cube_fcl_distance,0.009058463937888296,left_fr3_link7,carriage_minus_y_wall
238,B_constrained_insertion,102,0.99269230769230776,0,0.26000000000000001,minimum_wrist_tool_environment_fcl_distance,0.009058463937888296,left_fr3_link7,carriage_minus_y_wall
239,B_constrained_insertion,103,0.99467948717948729,0,0.26000000000000001,minimum_fcl_distance,0.00099997855108846,shared_cube,left_fr3_side_suction
239,B_constrained_insertion,103,0.99467948717948729,0,0.26000000000000001,minimum_self_and_inter_arm_fcl_distance,0.00202851930353239,left_fr3_link7,left_fr3_side_suction
239,B_constrained_insertion,103,0.99467948717948729,0,0.26000000000000001,minimum_inter_arm_fcl_distance,0.12362845378504136,left_fr3_side_suction,right_fr3_side_suction
239,B_constrained_insertion,103,0.99467948717948729,0,0.26000000000000001,minimum_robot_world_fcl_distance,0.00099997855108846,shared_cube,left_fr3_side_suction
239,B_constrained_insertion,103,0.99467948717948729,0,0.26000000000000001,minimum_robot_environment_excluding_cube_fcl_distance,0.009058466217917213,left_fr3_link7,carriage_minus_y_wall
239,B_constrained_insertion,103,0.99467948717948729,0,0.26000000000000001,minimum_wrist_tool_environment_fcl_distance,0.009058466217917213,left_fr3_link7,carriage_minus_y_wall
240,B_constrained_insertion,104,0.9966666666666667,0,0.26000000000000001,minimum_fcl_distance,0.0009999789605517986,shared_cube,left_fr3_side_suction
240,B_constrained_insertion,104,0.9966666666666667,0,0.26000000000000001,minimum_self_and_inter_arm_fcl_distance,0.0020285193035323493,left_fr3_link7,left_fr3_side_suction
240,B_constrained_insertion,104,0.9966666666666667,0,0.26000000000000001,minimum_inter_arm_fcl_distance,0.12362845408246141,left_fr3_side_suction,right_fr3_side_suction
240,B_constrained_insertion,104,0.9966666666666667,0,0.26000000000000001,minimum_robot_world_fcl_distance,0.0009999789605517986,shared_cube,left_fr3_side_suction
240,B_constrained_insertion,104,0.9966666666666667,0,0.26000000000000001,minimum_robot_environment_excluding_cube_fcl_distance,0.009058468617177491,left_fr3_link7,carriage_minus_y_wall
240,B_constrained_insertion,104,0.9966666666666667,0,0.26000000000000001,minimum_wrist_tool_environment_fcl_distance,0.009058468617177491,left_fr3_link7,carriage_minus_y_wall
241,B_constrained_insertion,105,0.99865384615384623,0,0.26000000000000001,minimum_fcl_distance,0.0009999793861125495,shared_cube,left_fr3_side_suction
241,B_constrained_insertion,105,0.99865384615384623,0,0.26000000000000001,minimum_self_and_inter_arm_fcl_distance,0.0020285193035323597,right_fr3_link7,right_fr3_side_suction
241,B_constrained_insertion,105,0.99865384615384623,0,0.26000000000000001,minimum_inter_arm_fcl_distance,0.12362845439549618,left_fr3_side_suction,right_fr3_side_suction
241,B_constrained_insertion,105,0.99865384615384623,0,0.26000000000000001,minimum_robot_world_fcl_distance,0.0009999793861125495,shared_cube,left_fr3_side_suction
241,B_constrained_insertion,105,0.99865384615384623,0,0.26000000000000001,minimum_robot_environment_excluding_cube_fcl_distance,0.00905847109770196,left_fr3_link7,carriage_minus_y_wall
241,B_constrained_insertion,105,0.99865384615384623,0,0.26000000000000001,minimum_wrist_tool_environment_fcl_distance,0.00905847109770196,left_fr3_link7,carriage_minus_y_wall
242,B_constrained_insertion,106,1.0006410256410256,0,0.26000000000000001,minimum_fcl_distance,0.0009999798211500174,shared_cube,left_fr3_side_suction
242,B_constrained_insertion,106,1.0006410256410256,0,0.26000000000000001,minimum_self_and_inter_arm_fcl_distance,0.002028519303532382,right_fr3_link7,right_fr3_side_suction
242,B_constrained_insertion,106,1.0006410256410256,0,0.26000000000000001,minimum_inter_arm_fcl_distance,0.12362845471846497,left_fr3_side_suction,right_fr3_side_suction
242,B_constrained_insertion,106,1.0006410256410256,0,0.26000000000000001,minimum_robot_world_fcl_distance,0.0009999798211500174,shared_cube,left_fr3_side_suction
242,B_constrained_insertion,106,1.0006410256410256,0,0.26000000000000001,minimum_robot_environment_excluding_cube_fcl_distance,0.009058473624539945,left_fr3_link7,carriage_minus_y_wall
242,B_constrained_insertion,106,1.0006410256410256,0,0.26000000000000001,minimum_wrist_tool_environment_fcl_distance,0.009058473624539945,left_fr3_link7,carriage_minus_y_wall
243,B_constrained_insertion,107,1.0026282051282052,0,0.26000000000000001,minimum_fcl_distance,0.0009999802597304547,shared_cube,left_fr3_side_suction
243,B_constrained_insertion,107,1.0026282051282052,0,0.26000000000000001,minimum_self_and_inter_arm_fcl_distance,0.0020285193035323172,left_fr3_link7,left_fr3_side_suction
243,B_constrained_insertion,107,1.0026282051282052,0,0.26000000000000001,minimum_inter_arm_fcl_distance,0.12362845504626815,left_fr3_side_suction,right_fr3_side_suction
243,B_constrained_insertion,107,1.0026282051282052,0,0.26000000000000001,minimum_robot_world_fcl_distance,0.0009999802597304547,shared_cube,left_fr3_side_suction
243,B_constrained_insertion,107,1.0026282051282052,0,0.26000000000000001,minimum_robot_environment_excluding_cube_fcl_distance,0.009058476166404733,left_fr3_link7,carriage_minus_y_wall
243,B_constrained_insertion,107,1.0026282051282052,0,0.26000000000000001,minimum_wrist_tool_environment_fcl_distance,0.009058476166404733,left_fr3_link7,carriage_minus_y_wall
244,B_constrained_insertion,108,1.0046153846153847,0,0.26000000000000001,minimum_fcl_distance,0.0009999806966744674,shared_cube,left_fr3_side_suction
244,B_constrained_insertion,108,1.0046153846153847,0,0.26000000000000001,minimum_self_and_inter_arm_fcl_distance,0.002028519303532311,left_fr3_link7,left_fr3_side_suction
244,B_constrained_insertion,108,1.0046153846153847,0,0.26000000000000001,minimum_inter_arm_fcl_distance,0.12362845537444714,left_fr3_side_suction,right_fr3_side_suction
244,B_constrained_insertion,108,1.0046153846153847,0,0.26000000000000001,minimum_robot_world_fcl_distance,0.0009999806966744674,shared_cube,left_fr3_side_suction
244,B_constrained_insertion,108,1.0046153846153847,0,0.26000000000000001,minimum_robot_environment_excluding_cube_fcl_distance,0.009058478696025572,left_fr3_link7,carriage_minus_y_wall
244,B_constrained_insertion,108,1.0046153846153847,0,0.26000000000000001,minimum_wrist_tool_environment_fcl_distance,0.009058478696025572,left_fr3_link7,carriage_minus_y_wall
245,B_constrained_insertion,109,1.0066025641025642,0,0.26000000000000001,minimum_fcl_distance,0.000999981127579185,shared_cube,left_fr3_side_suction
245,B_constrained_insertion,109,1.0066025641025642,0,0.26000000000000001,minimum_self_and_inter_arm_fcl_distance,0.002028519303532325,right_fr3_link7,right_fr3_side_suction
245,B_constrained_insertion,109,1.0066025641025642,0,0.26000000000000001,minimum_inter_arm_fcl_distance,0.1236284556992006,left_fr3_side_suction,right_fr3_side_suction
245,B_constrained_insertion,109,1.0066025641025642,0,0.26000000000000001,minimum_robot_world_fcl_distance,0.000999981127579185,shared_cube,left_fr3_side_suction
245,B_constrained_insertion,109,1.0066025641025642,0,0.26000000000000001,minimum_robot_environment_excluding_cube_fcl_distance,0.009058481190249353,left_fr3_link7,carriage_minus_y_wall
245,B_constrained_insertion,109,1.0066025641025642,0,0.26000000000000001,minimum_wrist_tool_environment_fcl_distance,0.009058481190249353,left_fr3_link7,carriage_minus_y_wall
246,B_constrained_insertion,110,1.0085897435897437,0,0.26000000000000001,minimum_fcl_distance,0.0009999815487992953,shared_cube,left_fr3_side_suction
246,B_constrained_insertion,110,1.0085897435897437,0,0.26000000000000001,minimum_self_and_inter_arm_fcl_distance,0.002028519303532406,left_fr3_link7,left_fr3_side_suction
246,B_constrained_insertion,110,1.0085897435897437,0,0.26000000000000001,minimum_inter_arm_fcl_distance,0.12362845601737062,left_fr3_side_suction,right_fr3_side_suction
246,B_constrained_insertion,110,1.0085897435897437,0,0.26000000000000001,minimum_robot_world_fcl_distance,0.0009999815487992953,shared_cube,left_fr3_side_suction
246,B_constrained_insertion,110,1.0085897435897437,0,0.26000000000000001,minimum_robot_environment_excluding_cube_fcl_distance,0.009058483629945062,left_fr3_link7,carriage_minus_y_wall
246,B_constrained_insertion,110,1.0085897435897437,0,0.26000000000000001,minimum_wrist_tool_environment_fcl_distance,0.009058483629945062,left_fr3_link7,carriage_minus_y_wall
247,B_constrained_insertion,111,1.0105769230769233,0,0.26000000000000001,minimum_fcl_distance,0.000999981957403776,shared_cube,left_fr3_side_suction
247,B_constrained_insertion,111,1.0105769230769233,0,0.26000000000000001,minimum_self_and_inter_arm_fcl_distance,0.002028519303532392,left_fr3_link7,left_fr3_side_suction
247,B_constrained_insertion,111,1.0105769230769233,0,0.26000000000000001,minimum_inter_arm_fcl_distance,0.12362845632640422,left_fr3_side_suction,right_fr3_side_suction
247,B_constrained_insertion,111,1.0105769230769233,0,0.26000000000000001,minimum_robot_world_fcl_distance,0.000999981957403776,shared_cube,left_fr3_side_suction
247,B_constrained_insertion,111,1.0105769230769233,0,0.26000000000000001,minimum_robot_environment_excluding_cube_fcl_distance,0.009058485999761863,left_fr3_link7,carriage_minus_y_wall
247,B_constrained_insertion,111,1.0105769230769233,0,0.26000000000000001,minimum_wrist_tool_environment_fcl_distance,0.009058485999761863,left_fr3_link7,carriage_minus_y_wall
248,B_constrained_insertion,112,1.0125641025641026,0,0.26000000000000001,minimum_fcl_distance,0.0009999823511103948,shared_cube,left_fr3_side_suction
248,B_constrained_insertion,112,1.0125641025641026,0,0.26000000000000001,minimum_self_and_inter_arm_fcl_distance,0.0020285193035323268,left_fr3_link7,left_fr3_side_suction
248,B_constrained_insertion,112,1.0125641025641026,0,0.26000000000000001,minimum_inter_arm_fcl_distance,0.12362845662429629,left_fr3_side_suction,right_fr3_side_suction
248,B_constrained_insertion,112,1.0125641025641026,0,0.26000000000000001,minimum_robot_world_fcl_distance,0.0009999823511103948,shared_cube,left_fr3_side_suction
248,B_constrained_insertion,112,1.0125641025641026,0,0.26000000000000001,minimum_robot_environment_excluding_cube_fcl_distance,0.009058488287795714,left_fr3_link7,carriage_minus_y_wall
248,B_constrained_insertion,112,1.0125641025641026,0,0.26000000000000001,minimum_wrist_tool_environment_fcl_distance,0.009058488287795714,left_fr3_link7,carriage_minus_y_wall
249,B_constrained_insertion,113,1.0145512820512821,0,0.26000000000000001,minimum_fcl_distance,0.0009999827282153387,shared_cube,left_fr3_side_suction
249,B_constrained_insertion,113,1.0145512820512821,0,0.26000000000000001,minimum_self_and_inter_arm_fcl_distance,0.002028519303532389,right_fr3_link7,right_fr3_side_suction
249,B_constrained_insertion,113,1.0145512820512821,0,0.26000000000000001,minimum_inter_arm_fcl_distance,0.12362845690953102,left_fr3_side_suction,right_fr3_side_suction
249,B_constrained_insertion,113,1.0145512820512821,0,0.26000000000000001,minimum_robot_world_fcl_distance,0.0009999827282153387,shared_cube,left_fr3_side_suction
249,B_constrained_insertion,113,1.0145512820512821,0,0.26000000000000001,minimum_robot_environment_excluding_cube_fcl_distance,0.009058490485198953,left_fr3_link7,carriage_minus_y_wall
249,B_constrained_insertion,113,1.0145512820512821,0,0.26000000000000001,minimum_wrist_tool_environment_fcl_distance,0.009058490485198953,left_fr3_link7,carriage_minus_y_wall
250,B_constrained_insertion,114,1.0165384615384616,0,0.26000000000000001,minimum_fcl_distance,0.000999983087514355,shared_cube,left_fr3_side_suction
250,B_constrained_insertion,114,1.0165384615384616,0,0.26000000000000001,minimum_self_and_inter_arm_fcl_distance,0.0020285193035323077,right_fr3_link7,right_fr3_side_suction
250,B_constrained_insertion,114,1.0165384615384616,0,0.26000000000000001,minimum_inter_arm_fcl_distance,0.12362845718101252,left_fr3_side_suction,right_fr3_side_suction
250,B_constrained_insertion,114,1.0165384615384616,0,0.26000000000000001,minimum_robot_world_fcl_distance,0.000999983087514355,shared_cube,left_fr3_side_suction
250,B_constrained_insertion,114,1.0165384615384616,0,0.26000000000000001,minimum_robot_environment_excluding_cube_fcl_distance,0.009058492585774977,left_fr3_link7,carriage_minus_y_wall
250,B_constrained_insertion,114,1.0165384615384616,0,0.26000000000000001,minimum_wrist_tool_environment_fcl_distance,0.009058492585774977,left_fr3_link7,carriage_minus_y_wall
251,B_constrained_insertion,115,1.0185256410256411,0,0.26000000000000001,minimum_fcl_distance,0.000999983428226786,shared_cube,left_fr3_side_suction
251,B_constrained_insertion,115,1.0185256410256411,0,0.26000000000000001,minimum_self_and_inter_arm_fcl_distance,0.0020285193035323714,right_fr3_link7,right_fr3_side_suction
251,B_constrained_insertion,115,1.0185256410256411,0,0.26000000000000001,minimum_inter_arm_fcl_distance,0.12362845743799993,left_fr3_side_suction,right_fr3_side_suction
251,B_constrained_insertion,115,1.0185256410256411,0,0.26000000000000001,minimum_robot_world_fcl_distance,0.000999983428226786,shared_cube,left_fr3_side_suction
251,B_constrained_insertion,115,1.0185256410256411,0,0.26000000000000001,minimum_robot_environment_excluding_cube_fcl_distance,0.009058494585576164,left_fr3_link7,carriage_minus_y_wall
251,B_constrained_insertion,115,1.0185256410256411,0,0.26000000000000001,minimum_wrist_tool_environment_fcl_distance,0.009058494585576164,left_fr3_link7,carriage_minus_y_wall
252,B_constrained_insertion,116,1.0205128205128207,0,0.26000000000000001,minimum_fcl_distance,0.0009999837499254547,shared_cube,left_fr3_side_suction
252,B_constrained_insertion,116,1.0205128205128207,0,0.26000000000000001,minimum_self_and_inter_arm_fcl_distance,0.0020285193035323576,right_fr3_link7,right_fr3_side_suction
252,B_constrained_insertion,116,1.0205128205128207,0,0.26000000000000001,minimum_inter_arm_fcl_distance,0.12362845768004913,left_fr3_side_suction,right_fr3_side_suction
252,B_constrained_insertion,116,1.0205128205128207,0,0.26000000000000001,minimum_robot_world_fcl_distance,0.0009999837499254547,shared_cube,left_fr3_side_suction
252,B_constrained_insertion,116,1.0205128205128207,0,0.26000000000000001,minimum_robot_environment_excluding_cube_fcl_distance,0.009058496482524547,left_fr3_link7,carriage_minus_y_wall
252,B_constrained_insertion,116,1.0205128205128207,0,0.26000000000000001,minimum_wrist_tool_environment_fcl_distance,0.009058496482524547,left_fr3_link7,carriage_minus_y_wall
253,B_constrained_insertion,117,1.0225,0,0.26000000000000001,minimum_fcl_distance,0.0009999840524708976,shared_cube,left_fr3_side_suction
253,B_constrained_insertion,117,1.0225,0,0.26000000000000001,minimum_self_and_inter_arm_fcl_distance,0.0020285193035323493,left_fr3_link7,left_fr3_side_suction
253,B_constrained_insertion,117,1.0225,0,0.26000000000000001,minimum_inter_arm_fcl_distance,0.12362845790695542,left_fr3_side_suction,right_fr3_side_suction
253,B_constrained_insertion,117,1.0225,0,0.26000000000000001,minimum_robot_world_fcl_distance,0.0009999840524708976,shared_cube,left_fr3_side_suction
253,B_constrained_insertion,117,1.0225,0,0.26000000000000001,minimum_robot_environment_excluding_cube_fcl_distance,0.009058498276065804,left_fr3_link7,carriage_minus_y_wall
253,B_constrained_insertion,117,1.0225,0,0.26000000000000001,minimum_wrist_tool_environment_fcl_distance,0.009058498276065804,left_fr3_link7,carriage_minus_y_wall
254,B_constrained_insertion,118,1.0244871794871795,0,0.26000000000000001,minimum_fcl_distance,0.0009999843359524186,shared_cube,left_fr3_side_suction
254,B_constrained_insertion,118,1.0244871794871795,0,0.26000000000000001,minimum_self_and_inter_arm_fcl_distance,0.0020285193035323346,left_fr3_link7,left_fr3_side_suction
254,B_constrained_insertion,118,1.0244871794871795,0,0.26000000000000001,minimum_inter_arm_fcl_distance,0.12362845811870471,left_fr3_side_suction,right_fr3_side_suction
254,B_constrained_insertion,118,1.0244871794871795,0,0.26000000000000001,minimum_robot_world_fcl_distance,0.0009999843359524186,shared_cube,left_fr3_side_suction
254,B_constrained_insertion,118,1.0244871794871795,0,0.26000000000000001,minimum_robot_environment_excluding_cube_fcl_distance,0.009058499966862808,left_fr3_link7,carriage_minus_y_wall
254,B_constrained_insertion,118,1.0244871794871795,0,0.26000000000000001,minimum_wrist_tool_environment_fcl_distance,0.009058499966862808,left_fr3_link7,carriage_minus_y_wall
255,B_constrained_insertion,119,1.026474358974359,0,0.26000000000000001,minimum_fcl_distance,0.0009999846006387147,shared_cube,left_fr3_side_suction
255,B_constrained_insertion,119,1.026474358974359,0,0.26000000000000001,minimum_self_and_inter_arm_fcl_distance,0.0020285193035324027,left_fr3_link7,left_fr3_side_suction
255,B_constrained_insertion,119,1.026474358974359,0,0.26000000000000001,minimum_inter_arm_fcl_distance,0.12362845831543125,left_fr3_side_suction,right_fr3_side_suction
255,B_constrained_insertion,119,1.026474358974359,0,0.26000000000000001,minimum_robot_world_fcl_distance,0.0009999846006387147,shared_cube,left_fr3_side_suction
255,B_constrained_insertion,119,1.026474358974359,0,0.26000000000000001,minimum_robot_environment_excluding_cube_fcl_distance,0.009058501556527343,left_fr3_link7,carriage_minus_y_wall
255,B_constrained_insertion,119,1.026474358974359,0,0.26000000000000001,minimum_wrist_tool_environment_fcl_distance,0.009058501556527343,left_fr3_link7,carriage_minus_y_wall
256,B_constrained_insertion,120,1.0284615384615385,0,0.26000000000000001,minimum_fcl_distance,0.0009999848469347044,shared_cube,left_fr3_side_suction
256,B_constrained_insertion,120,1.0284615384615385,0,0.26000000000000001,minimum_self_and_inter_arm_fcl_distance,0.002028519303532352,left_fr3_link7,left_fr3_side_suction
256,B_constrained_insertion,120,1.0284615384615385,0,0.26000000000000001,minimum_inter_arm_fcl_distance,0.12362845849738155,left_fr3_side_suction,right_fr3_side_suction
256,B_constrained_insertion,120,1.0284615384615385,0,0.26000000000000001,minimum_robot_world_fcl_distance,0.0009999848469347044,shared_cube,left_fr3_side_suction
256,B_constrained_insertion,120,1.0284615384615385,0,0.26000000000000001,minimum_robot_environment_excluding_cube_fcl_distance,0.009058503047391463,left_fr3_link7,carriage_minus_y_wall
256,B_constrained_insertion,120,1.0284615384615385,0,0.26000000000000001,minimum_wrist_tool_environment_fcl_distance,0.009058503047391463,left_fr3_link7,carriage_minus_y_wall
257,B_constrained_insertion,121,1.0304487179487181,0,0.26000000000000001,minimum_fcl_distance,0.0009999850753452798,shared_cube,left_fr3_side_suction
257,B_constrained_insertion,121,1.0304487179487181,0,0.26000000000000001,minimum_self_and_inter_arm_fcl_distance,0.0020285193035323654,left_fr3_link7,left_fr3_side_suction
257,B_constrained_insertion,121,1.0304487179487181,0,0.26000000000000001,minimum_inter_arm_fcl_distance,0.12362845866488494,left_fr3_side_suction,right_fr3_side_suction
257,B_constrained_insertion,121,1.0304487179487181,0,0.26000000000000001,minimum_robot_world_fcl_distance,0.0009999850753452798,shared_cube,left_fr3_side_suction
257,B_constrained_insertion,121,1.0304487179487181,0,0.26000000000000001,minimum_robot_environment_excluding_cube_fcl_distance,0.009058504442317265,left_fr3_link7,carriage_minus_y_wall
257,B_constrained_insertion,121,1.0304487179487181,0,0.26000000000000001,minimum_wrist_tool_environment_fcl_distance,0.009058504442317265,left_fr3_link7,carriage_minus_y_wall
258,B_constrained_insertion,122,1.0324358974358976,0,0.26000000000000001,minimum_fcl_distance,0.0009999852864456453,shared_cube,left_fr3_side_suction
258,B_constrained_insertion,122,1.0324358974358976,0,0.26000000000000001,minimum_self_and_inter_arm_fcl_distance,0.002028519303532396,right_fr3_link7,right_fr3_side_suction
258,B_constrained_insertion,122,1.0324358974358976,0,0.26000000000000001,minimum_inter_arm_fcl_distance,0.12362845881832794,left_fr3_side_suction,right_fr3_side_suction
258,B_constrained_insertion,122,1.0324358974358976,0,0.26000000000000001,minimum_robot_world_fcl_distance,0.0009999852864456453,shared_cube,left_fr3_side_suction
258,B_constrained_insertion,122,1.0324358974358976,0,0.26000000000000001,minimum_robot_environment_excluding_cube_fcl_distance,0.009058505744537376,left_fr3_link7,carriage_minus_y_wall
258,B_constrained_insertion,122,1.0324358974358976,0,0.26000000000000001,minimum_wrist_tool_environment_fcl_distance,0.009058505744537376,left_fr3_link7,carriage_minus_y_wall
259,B_constrained_insertion,123,1.0344230769230771,0,0.26000000000000001,minimum_fcl_distance,0.0009999854808562128,shared_cube,left_fr3_side_suction
259,B_constrained_insertion,123,1.0344230769230771,0,0.26000000000000001,minimum_self_and_inter_arm_fcl_distance,0.0020285193035323884,right_fr3_link7,right_fr3_side_suction
259,B_constrained_insertion,123,1.0344230769230771,0,0.26000000000000001,minimum_inter_arm_fcl_distance,0.12362845895813453,left_fr3_side_suction,right_fr3_side_suction
259,B_constrained_insertion,123,1.0344230769230771,0,0.26000000000000001,minimum_robot_world_fcl_distance,0.0009999854808562128,shared_cube,left_fr3_side_suction
259,B_constrained_insertion,123,1.0344230769230771,0,0.26000000000000001,minimum_robot_environment_excluding_cube_fcl_distance,0.009058506957526552,left_fr3_link7,carriage_minus_y_wall
259,B_constrained_insertion,123,1.0344230769230771,0,0.26000000000000001,minimum_wrist_tool_environment_fcl_distance,0.009058506957526552,left_fr3_link7,carriage_minus_y_wall
260,B_constrained_insertion,124,1.0364102564102564,0,0.26000000000000001,minimum_fcl_distance,0.0009999856592255183,shared_cube,left_fr3_side_suction
260,B_constrained_insertion,124,1.0364102564102564,0,0.26000000000000001,minimum_self_and_inter_arm_fcl_distance,0.0020285193035323216,right_fr3_link7,right_fr3_side_suction
260,B_constrained_insertion,124,1.0364102564102564,0,0.26000000000000001,minimum_inter_arm_fcl_distance,0.12362845908475212,left_fr3_side_suction,right_fr3_side_suction
260,B_constrained_insertion,124,1.0364102564102564,0,0.26000000000000001,minimum_robot_world_fcl_distance,0.0009999856592255183,shared_cube,left_fr3_side_suction
260,B_constrained_insertion,124,1.0364102564102564,0,0.26000000000000001,minimum_robot_environment_excluding_cube_fcl_distance,0.00905850808489693,left_fr3_link7,carriage_minus_y_wall
260,B_constrained_insertion,124,1.0364102564102564,0,0.26000000000000001,minimum_wrist_tool_environment_fcl_distance,0.00905850808489693,left_fr3_link7,carriage_minus_y_wall
261,B_constrained_insertion,125,1.0383974358974359,0,0.26000000000000001,minimum_fcl_distance,0.000999985822211377,shared_cube,left_fr3_side_suction
261,B_constrained_insertion,125,1.0383974358974359,0,0.26000000000000001,minimum_self_and_inter_arm_fcl_distance,0.00202851930353246,right_fr3_link7,right_fr3_side_suction
261,B_constrained_insertion,125,1.0383974358974359,0,0.26000000000000001,minimum_inter_arm_fcl_distance,0.12362845919863621,left_fr3_side_suction,right_fr3_side_suction
261,B_constrained_insertion,125,1.0383974358974359,0,0.26000000000000001,minimum_robot_world_fcl_distance,0.000999985822211377,shared_cube,left_fr3_side_suction
261,B_constrained_insertion,125,1.0383974358974359,0,0.26000000000000001,minimum_robot_environment_excluding_cube_fcl_distance,0.009058509130317065,left_fr3_link7,carriage_minus_y_wall
261,B_constrained_insertion,125,1.0383974358974359,0,0.26000000000000001,minimum_wrist_tool_environment_fcl_distance,0.009058509130317065,left_fr3_link7,carriage_minus_y_wall
262,B_constrained_insertion,126,1.0403846153846155,0,0.26000000000000001,minimum_fcl_distance,0.0009999859704709836,shared_cube,left_fr3_side_suction
262,B_constrained_insertion,126,1.0403846153846155,0,0.26000000000000001,minimum_self_and_inter_arm_fcl_distance,0.0020285193035323545,right_fr3_link7,right_fr3_side_suction
262,B_constrained_insertion,126,1.0403846153846155,0,0.26000000000000001,minimum_inter_arm_fcl_distance,0.1236284593002426,left_fr3_side_suction,right_fr3_side_suction
262,B_constrained_insertion,126,1.0403846153846155,0,0.26000000000000001,minimum_robot_world_fcl_distance,0.0009999859704709836,shared_cube,left_fr3_side_suction
262,B_constrained_insertion,126,1.0403846153846155,0,0.26000000000000001,minimum_robot_environment_excluding_cube_fcl_distance,0.009058510097447068,left_fr3_link7,carriage_minus_y_wall
262,B_constrained_insertion,126,1.0403846153846155,0,0.26000000000000001,minimum_wrist_tool_environment_fcl_distance,0.009058510097447068,left_fr3_link7,carriage_minus_y_wall
263,B_constrained_insertion,127,1.042371794871795,0,0.26000000000000001,minimum_fcl_distance,0.0009999861046519581,shared_cube,left_fr3_side_suction
263,B_constrained_insertion,127,1.042371794871795,0,0.26000000000000001,minimum_self_and_inter_arm_fcl_distance,0.0020285193035323545,left_fr3_link7,left_fr3_side_suction
263,B_constrained_insertion,127,1.042371794871795,0,0.26000000000000001,minimum_inter_arm_fcl_distance,0.12362845939002093,left_fr3_side_suction,right_fr3_side_suction
263,B_constrained_insertion,127,1.042371794871795,0,0.26000000000000001,minimum_robot_world_fcl_distance,0.0009999861046519581,shared_cube,left_fr3_side_suction
263,B_constrained_insertion,127,1.042371794871795,0,0.26000000000000001,minimum_robot_environment_excluding_cube_fcl_distance,0.009058510989889324,left_fr3_link7,carriage_minus_y_wall
263,B_constrained_insertion,127,1.042371794871795,0,0.26000000000000001,minimum_wrist_tool_environment_fcl_distance,0.009058510989889324,left_fr3_link7,carriage_minus_y_wall
264,B_constrained_insertion,128,1.0443589743589745,0,0.26000000000000001,minimum_fcl_distance,0.000999986225384642,shared_cube,left_fr3_side_suction
264,B_constrained_insertion,128,1.0443589743589745,0,0.26000000000000001,minimum_self_and_inter_arm_fcl_distance,0.002028519303532351,right_fr3_link7,right_fr3_side_suction
264,B_constrained_insertion,128,1.0443589743589745,0,0.26000000000000001,minimum_inter_arm_fcl_distance,0.1236284594684078,left_fr3_side_suction,right_fr3_side_suction
264,B_constrained_insertion,128,1.0443589743589745,0,0.26000000000000001,minimum_robot_world_fcl_distance,0.000999986225384642,shared_cube,left_fr3_side_suction
264,B_constrained_insertion,128,1.0443589743589745,0,0.26000000000000001,minimum_robot_environment_excluding_cube_fcl_distance,0.009058511811152479,left_fr3_link7,carriage_minus_y_wall
264,B_constrained_insertion,128,1.0443589743589745,0,0.26000000000000001,minimum_wrist_tool_environment_fcl_distance,0.009058511811152479,left_fr3_link7,carriage_minus_y_wall
265,B_constrained_insertion,129,1.0463461538461538,0,0.26000000000000001,minimum_fcl_distance,0.000999986333275792,shared_cube,left_fr3_side_suction
265,B_constrained_insertion,129,1.0463461538461538,0,0.26000000000000001,minimum_self_and_inter_arm_fcl_distance,0.0020285193035322977,left_fr3_link7,left_fr3_side_suction
265,B_constrained_insertion,129,1.0463461538461538,0,0.26000000000000001,minimum_inter_arm_fcl_distance,0.12362845953582223,left_fr3_side_suction,right_fr3_side_suction
265,B_constrained_insertion,129,1.0463461538461538,0,0.26000000000000001,minimum_robot_world_fcl_distance,0.000999986333275792,shared_cube,left_fr3_side_suction
265,B_constrained_insertion,129,1.0463461538461538,0,0.26000000000000001,minimum_robot_environment_excluding_cube_fcl_distance,0.009058512564624279,left_fr3_link7,carriage_minus_y_wall
265,B_constrained_insertion,129,1.0463461538461538,0,0.26000000000000001,minimum_wrist_tool_environment_fcl_distance,0.009058512564624279,left_fr3_link7,carriage_minus_y_wall
266,B_constrained_insertion,130,1.0483333333333333,0,0.26000000000000001,minimum_fcl_distance,0.0009999864289078357,shared_cube,left_fr3_side_suction
266,B_constrained_insertion,130,1.0483333333333333,0,0.26000000000000001,minimum_self_and_inter_arm_fcl_distance,0.002028519303532372,right_fr3_link7,right_fr3_side_suction
266,B_constrained_insertion,130,1.0483333333333333,0,0.26000000000000001,minimum_inter_arm_fcl_distance,0.12362845959266572,left_fr3_side_suction,right_fr3_side_suction
266,B_constrained_insertion,130,1.0483333333333333,0,0.26000000000000001,minimum_robot_world_fcl_distance,0.0009999864289078357,shared_cube,left_fr3_side_suction
266,B_constrained_insertion,130,1.0483333333333333,0,0.26000000000000001,minimum_robot_environment_excluding_cube_fcl_distance,0.009058513253552612,left_fr3_link7,carriage_minus_y_wall
266,B_constrained_insertion,130,1.0483333333333333,0,0.26000000000000001,minimum_wrist_tool_environment_fcl_distance,0.009058513253552612,left_fr3_link7,carriage_minus_y_wall
267,B_constrained_insertion,131,1.0503205128205129,0,0.26000000000000001,minimum_fcl_distance,0.0009999865128346155,shared_cube,left_fr3_side_suction
267,B_constrained_insertion,131,1.0503205128205129,0,0.26000000000000001,minimum_self_and_inter_arm_fcl_distance,0.0020285193035322947,right_fr3_link7,right_fr3_side_suction
267,B_constrained_insertion,131,1.0503205128205129,0,0.26000000000000001,minimum_inter_arm_fcl_distance,0.12362845963931914,left_fr3_side_suction,right_fr3_side_suction
267,B_constrained_insertion,131,1.0503205128205129,0,0.26000000000000001,minimum_robot_world_fcl_distance,0.0009999865128346155,shared_cube,left_fr3_side_suction
267,B_constrained_insertion,131,1.0503205128205129,0,0.26000000000000001,minimum_robot_environment_excluding_cube_fcl_distance,0.009058513881033157,left_fr3_link7,carriage_minus_y_wall
267,B_constrained_insertion,131,1.0503205128205129,0,0.26000000000000001,minimum_wrist_tool_environment_fcl_distance,0.009058513881033157,left_fr3_link7,carriage_minus_y_wall
268,B_constrained_insertion,132,1.0523076923076924,0,0.26000000000000001,minimum_fcl_distance,0.0009999865855805227,shared_cube,left_fr3_side_suction
268,B_constrained_insertion,132,1.0523076923076924,0,0.26000000000000001,minimum_self_and_inter_arm_fcl_distance,0.0020285193035323957,left_fr3_link7,left_fr3_side_suction
268,B_constrained_insertion,132,1.0523076923076924,0,0.26000000000000001,minimum_inter_arm_fcl_distance,0.12362845967614103,left_fr3_side_suction,right_fr3_side_suction
268,B_constrained_insertion,132,1.0523076923076924,0,0.26000000000000001,minimum_robot_world_fcl_distance,0.0009999865855805227,shared_cube,left_fr3_side_suction
268,B_constrained_insertion,132,1.0523076923076924,0,0.26000000000000001,minimum_robot_environment_excluding_cube_fcl_distance,0.00905851445000216,left_fr3_link7,carriage_minus_y_wall
268,B_constrained_insertion,132,1.0523076923076924,0,0.26000000000000001,minimum_wrist_tool_environment_fcl_distance,0.00905851445000216,left_fr3_link7,carriage_minus_y_wall
269,B_constrained_insertion,133,1.0542948717948719,0,0.26000000000000001,minimum_fcl_distance,0.0009999866476386886,shared_cube,left_fr3_side_suction
269,B_constrained_insertion,133,1.0542948717948719,0,0.26000000000000001,minimum_self_and_inter_arm_fcl_distance,0.002028519303532348,left_fr3_link7,left_fr3_side_suction
269,B_constrained_insertion,133,1.0542948717948719,0,0.26000000000000001,minimum_inter_arm_fcl_distance,0.1236284597034673,left_fr3_side_suction,right_fr3_side_suction
269,B_constrained_insertion,133,1.0542948717948719,0,0.26000000000000001,minimum_robot_world_fcl_distance,0.0009999866476386886,shared_cube,left_fr3_side_suction
269,B_constrained_insertion,133,1.0542948717948719,0,0.26000000000000001,minimum_robot_environment_excluding_cube_fcl_distance,0.009058514963234173,left_fr3_link7,carriage_minus_y_wall
269,B_constrained_insertion,133,1.0542948717948719,0,0.26000000000000001,minimum_wrist_tool_environment_fcl_distance,0.009058514963234173,left_fr3_link7,carriage_minus_y_wall
270,B_constrained_insertion,134,1.0562820512820514,0,0.26000000000000001,minimum_fcl_distance,0.0009999866994732818,shared_cube,left_fr3_side_suction
270,B_constrained_insertion,134,1.0562820512820514,0,0.26000000000000001,minimum_self_and_inter_arm_fcl_distance,0.002028519303532385,left_fr3_link7,left_fr3_side_suction
270,B_constrained_insertion,134,1.0562820512820514,0,0.26000000000000001,minimum_inter_arm_fcl_distance,0.12362845972161406,left_fr3_side_suction,right_fr3_side_suction
270,B_constrained_insertion,134,1.0562820512820514,0,0.26000000000000001,minimum_robot_world_fcl_distance,0.0009999866994732818,shared_cube,left_fr3_side_suction
270,B_constrained_insertion,134,1.0562820512820514,0,0.26000000000000001,minimum_robot_environment_excluding_cube_fcl_distance,0.00905851542333828,left_fr3_link7,carriage_minus_y_wall
270,B_constrained_insertion,134,1.0562820512820514,0,0.26000000000000001,minimum_wrist_tool_environment_fcl_distance,0.00905851542333828,left_fr3_link7,carriage_minus_y_wall
271,B_constrained_insertion,135,1.058269230769231,0,0.26000000000000001,minimum_fcl_distance,0.0009999867415175592,shared_cube,left_fr3_side_suction
271,B_constrained_insertion,135,1.058269230769231,0,0.26000000000000001,minimum_self_and_inter_arm_fcl_distance,0.002028519303532368,left_fr3_link7,left_fr3_side_suction
271,B_constrained_insertion,135,1.058269230769231,0,0.26000000000000001,minimum_inter_arm_fcl_distance,0.1236284597308733,left_fr3_side_suction,right_fr3_side_suction
271,B_constrained_insertion,135,1.058269230769231,0,0.26000000000000001,minimum_robot_world_fcl_distance,0.0009999867415175592,shared_cube,left_fr3_side_suction
271,B_constrained_insertion,135,1.058269230769231,0,0.26000000000000001,minimum_robot_environment_excluding_cube_fcl_distance,0.009058515832763141,left_fr3_link7,carriage_minus_y_wall
271,B_constrained_insertion,135,1.058269230769231,0,0.26000000000000001,minimum_wrist_tool_environment_fcl_distance,0.009058515832763141,left_fr3_link7,carriage_minus_y_wall
272,B_constrained_insertion,136,1.0602564102564103,0,0.26000000000000001,minimum_fcl_distance,0.0009999867741749468,shared_cube,left_fr3_side_suction
272,B_constrained_insertion,136,1.0602564102564103,0,0.26000000000000001,minimum_self_and_inter_arm_fcl_distance,0.002028519303532362,left_fr3_link7,left_fr3_side_suction
272,B_constrained_insertion,136,1.0602564102564103,0,0.26000000000000001,minimum_inter_arm_fcl_distance,0.1236284597315162,left_fr3_side_suction,right_fr3_side_suction
272,B_constrained_insertion,136,1.0602564102564103,0,0.26000000000000001,minimum_robot_world_fcl_distance,0.0009999867741749468,shared_cube,left_fr3_side_suction
272,B_constrained_insertion,136,1.0602564102564103,0,0.26000000000000001,minimum_robot_environment_excluding_cube_fcl_distance,0.009058516193799276,left_fr3_link7,carriage_minus_y_wall
272,B_constrained_insertion,136,1.0602564102564103,0,0.26000000000000001,minimum_wrist_tool_environment_fcl_distance,0.009058516193799276,left_fr3_link7,carriage_minus_y_wall
273,B_constrained_insertion,137,1.0622435897435898,0,0.26000000000000001,minimum_fcl_distance,0.0009999867978208112,shared_cube,left_fr3_side_suction
273,B_constrained_insertion,137,1.0622435897435898,0,0.26000000000000001,minimum_self_and_inter_arm_fcl_distance,0.0020285193035324044,right_fr3_link7,right_fr3_side_suction
273,B_constrained_insertion,137,1.0622435897435898,0,0.26000000000000001,minimum_inter_arm_fcl_distance,0.12362845972379427,left_fr3_side_suction,right_fr3_side_suction
273,B_constrained_insertion,137,1.0622435897435898,0,0.26000000000000001,minimum_robot_world_fcl_distance,0.0009999867978208112,shared_cube,left_fr3_side_suction
273,B_constrained_insertion,137,1.0622435897435898,0,0.26000000000000001,minimum_robot_environment_excluding_cube_fcl_distance,0.00905851650858219,left_fr3_link7,carriage_minus_y_wall
273,B_constrained_insertion,137,1.0622435897435898,0,0.26000000000000001,minimum_wrist_tool_environment_fcl_distance,0.00905851650858219,left_fr3_link7,carriage_minus_y_wall
274,B_constrained_insertion,138,1.0642307692307693,0,0.26000000000000001,minimum_fcl_distance,0.0009999868128023669,shared_cube,left_fr3_side_suction
274,B_constrained_insertion,138,1.0642307692307693,0,0.26000000000000001,minimum_self_and_inter_arm_fcl_distance,0.0020285193035323892,right_fr3_link7,right_fr3_side_suction
274,B_constrained_insertion,138,1.0642307692307693,0,0.26000000000000001,minimum_inter_arm_fcl_distance,0.1236284597079381,left_fr3_side_suction,right_fr3_side_suction
274,B_constrained_insertion,138,1.0642307692307693,0,0.26000000000000001,minimum_robot_world_fcl_distance,0.0009999868128023669,shared_cube,left_fr3_side_suction
274,B_constrained_insertion,138,1.0642307692307693,0,0.26000000000000001,minimum_robot_environment_excluding_cube_fcl_distance,0.009058516779099891,left_fr3_link7,carriage_minus_y_wall
274,B_constrained_insertion,138,1.0642307692307693,0,0.26000000000000001,minimum_wrist_tool_environment_fcl_distance,0.009058516779099891,left_fr3_link7,carriage_minus_y_wall
275,B_constrained_insertion,139,1.0662179487179488,0,0.26000000000000001,minimum_fcl_distance,0.0009999868194393179,shared_cube,left_fr3_side_suction
275,B_constrained_insertion,139,1.0662179487179488,0,0.26000000000000001,minimum_self_and_inter_arm_fcl_distance,0.002028519303532353,left_fr3_link7,left_fr3_side_suction
275,B_constrained_insertion,139,1.0662179487179488,0,0.26000000000000001,minimum_inter_arm_fcl_distance,0.12362845968415738,left_fr3_side_suction,right_fr3_side_suction
275,B_constrained_insertion,139,1.0662179487179488,0,0.26000000000000001,minimum_robot_world_fcl_distance,0.0009999868194393179,shared_cube,left_fr3_side_suction
275,B_constrained_insertion,139,1.0662179487179488,0,0.26000000000000001,minimum_robot_environment_excluding_cube_fcl_distance,0.009058517007198116,left_fr3_link7,carriage_minus_y_wall
275,B_constrained_insertion,139,1.0662179487179488,0,0.26000000000000001,minimum_wrist_tool_environment_fcl_distance,0.009058517007198116,left_fr3_link7,carriage_minus_y_wall
276,B_constrained_insertion,140,1.0682051282051284,0,0.26000000000000001,minimum_fcl_distance,0.000999986818027102,shared_cube,left_fr3_side_suction
276,B_constrained_insertion,140,1.0682051282051284,0,0.26000000000000001,minimum_self_and_inter_arm_fcl_distance,0.0020285193035323606,right_fr3_link7,right_fr3_side_suction
276,B_constrained_insertion,140,1.0682051282051284,0,0.26000000000000001,minimum_inter_arm_fcl_distance,0.12362845965264614,left_fr3_side_suction,right_fr3_side_suction
276,B_constrained_insertion,140,1.0682051282051284,0,0.26000000000000001,minimum_robot_world_fcl_distance,0.000999986818027102,shared_cube,left_fr3_side_suction
276,B_constrained_insertion,140,1.0682051282051284,0,0.26000000000000001,minimum_robot_environment_excluding_cube_fcl_distance,0.009058517194584918,left_fr3_link7,carriage_minus_y_wall
276,B_constrained_insertion,140,1.0682051282051284,0,0.26000000000000001,minimum_wrist_tool_environment_fcl_distance,0.009058517194584918,left_fr3_link7,carriage_minus_y_wall
277,B_constrained_insertion,141,1.0701923076923077,0,0.26000000000000001,minimum_fcl_distance,0.0009999868088351376,shared_cube,left_fr3_side_suction
277,B_constrained_insertion,141,1.0701923076923077,0,0.26000000000000001,minimum_self_and_inter_arm_fcl_distance,0.002028519303532372,right_fr3_link7,right_fr3_side_suction
277,B_constrained_insertion,141,1.0701923076923077,0,0.26000000000000001,minimum_inter_arm_fcl_distance,0.12362845961357788,left_fr3_side_suction,right_fr3_side_suction
277,B_constrained_insertion,141,1.0701923076923077,0,0.26000000000000001,minimum_robot_world_fcl_distance,0.0009999868088351376,shared_cube,left_fr3_side_suction
277,B_constrained_insertion,141,1.0701923076923077,0,0.26000000000000001,minimum_robot_environment_excluding_cube_fcl_distance,0.009058517342839672,left_fr3_link7,carriage_minus_y_wall
277,B_constrained_insertion,141,1.0701923076923077,0,0.26000000000000001,minimum_wrist_tool_environment_fcl_distance,0.009058517342839672,left_fr3_link7,carriage_minus_y_wall
278,B_constrained_insertion,142,1.0721794871794872,0,0.26000000000000001,minimum_fcl_distance,0.0009999867921105649,shared_cube,left_fr3_side_suction
278,B_constrained_insertion,142,1.0721794871794872,0,0.26000000000000001,minimum_self_and_inter_arm_fcl_distance,0.002028519303532403,right_fr3_link7,right_fr3_side_suction
278,B_constrained_insertion,142,1.0721794871794872,0,0.26000000000000001,minimum_inter_arm_fcl_distance,0.12362845956711029,left_fr3_side_suction,right_fr3_side_suction
278,B_constrained_insertion,142,1.0721794871794872,0,0.26000000000000001,minimum_robot_world_fcl_distance,0.0009999867921105649,shared_cube,left_fr3_side_suction
278,B_constrained_insertion,142,1.0721794871794872,0,0.26000000000000001,minimum_robot_environment_excluding_cube_fcl_distance,0.00905851745341616,left_fr3_link7,carriage_minus_y_wall
278,B_constrained_insertion,142,1.0721794871794872,0,0.26000000000000001,minimum_wrist_tool_environment_fcl_distance,0.00905851745341616,left_fr3_link7,carriage_minus_y_wall
279,B_constrained_insertion,143,1.0741666666666667,0,0.26000000000000001,minimum_fcl_distance,0.0009999867680767877,shared_cube,left_fr3_side_suction
279,B_constrained_insertion,143,1.0741666666666667,0,0.26000000000000001,minimum_self_and_inter_arm_fcl_distance,0.002028519303532335,right_fr3_link7,right_fr3_side_suction
279,B_constrained_insertion,143,1.0741666666666667,0,0.26000000000000001,minimum_inter_arm_fcl_distance,0.12362845951338367,left_fr3_side_suction,right_fr3_side_suction
279,B_constrained_insertion,143,1.0741666666666667,0,0.26000000000000001,minimum_robot_world_fcl_distance,0.0009999867680767877,shared_cube,left_fr3_side_suction
279,B_constrained_insertion,143,1.0741666666666667,0,0.26000000000000001,minimum_robot_environment_excluding_cube_fcl_distance,0.008104618180613603,left_fr3_link7,carriage_deep_wall
279,B_constrained_insertion,143,1.0741666666666667,0,0.26000000000000001,minimum_wrist_tool_environment_fcl_distance,0.008104618180613603,left_fr3_link7,carriage_deep_wall
280,B_constrained_insertion,144,1.0761538461538462,0,0.26000000000000001,minimum_fcl_distance,0.0009999867369374117,shared_cube,left_fr3_side_suction
280,B_constrained_insertion,144,1.0761538461538462,0,0.26000000000000001,minimum_self_and_inter_arm_fcl_distance,0.002028519303532384,right_fr3_link7,right_fr3_side_suction
280,B_constrained_insertion,144,1.0761538461538462,0,0.26000000000000001,minimum_inter_arm_fcl_distance,0.12362845945252274,left_fr3_side_suction,right_fr3_side_suction
280,B_constrained_insertion,144,1.0761538461538462,0,0.26000000000000001,minimum_robot_world_fcl_distance,0.0009999867369374117,shared_cube,left_fr3_side_suction
280,B_constrained_insertion,144,1.0761538461538462,0,0.26000000000000001,minimum_robot_environment_excluding_cube_fcl_distance,0.0065192440517407154,left_fr3_link7,carriage_deep_wall
280,B_constrained_insertion,144,1.0761538461538462,0,0.26000000000000001,minimum_wrist_tool_environment_fcl_distance,0.0065192440517407154,left_fr3_link7,carriage_deep_wall
281,B_constrained_insertion,145,1.0781410256410258,0,0.26000000000000001,minimum_fcl_distance,0.0009999866988739947,shared_cube,left_fr3_side_suction
281,B_constrained_insertion,145,1.0781410256410258,0,0.26000000000000001,minimum_self_and_inter_arm_fcl_distance,0.0020285193035323853,right_fr3_link7,right_fr3_side_suction
281,B_constrained_insertion,145,1.0781410256410258,0,0.26000000000000001,minimum_inter_arm_fcl_distance,0.1236284593846358,left_fr3_side_suction,right_fr3_side_suction
281,B_constrained_insertion,145,1.0781410256410258,0,0.26000000000000001,minimum_robot_world_fcl_distance,0.0009999866988739947,shared_cube,left_fr3_side_suction
281,B_constrained_insertion,145,1.0781410256410258,0,0.26000000000000001,minimum_robot_environment_excluding_cube_fcl_distance,0.0049338699198682775,left_fr3_link7,carriage_deep_wall
281,B_constrained_insertion,145,1.0781410256410258,0,0.26000000000000001,minimum_wrist_tool_environment_fcl_distance,0.0049338699198682775,left_fr3_link7,carriage_deep_wall
282,B_constrained_insertion,146,1.0801282051282053,0,0.26000000000000001,minimum_fcl_distance,0.0009999866540499546,shared_cube,left_fr3_side_suction
282,B_constrained_insertion,146,1.0801282051282053,0,0.26000000000000001,minimum_self_and_inter_arm_fcl_distance,0.002028519303532346,left_fr3_link7,left_fr3_side_suction
282,B_constrained_insertion,146,1.0801282051282053,0,0.26000000000000001,minimum_inter_arm_fcl_distance,0.1236284593098169,left_fr3_side_suction,right_fr3_side_suction
282,B_constrained_insertion,146,1.0801282051282053,0,0.26000000000000001,minimum_robot_world_fcl_distance,0.0009999866540499546,shared_cube,left_fr3_side_suction
282,B_constrained_insertion,146,1.0801282051282053,0,0.26000000000000001,minimum_robot_environment_excluding_cube_fcl_distance,0.0034241947700983455,left_fr3_link7,carriage_deep_wall
282,B_constrained_insertion,146,1.0801282051282053,0,0.26000000000000001,minimum_wrist_tool_environment_fcl_distance,0.0034241947700983455,left_fr3_link7,carriage_deep_wall
283,B_constrained_insertion,147,1.0821153846153848,0,0.26000000000000001,minimum_fcl_distance,0.0009999866026091909,shared_cube,left_fr3_side_suction
283,B_constrained_insertion,147,1.0821153846153848,0,0.26000000000000001,minimum_self_and_inter_arm_fcl_distance,0.0020285193035323008,right_fr3_link7,right_fr3_side_suction
283,B_constrained_insertion,147,1.0821153846153848,0,0.26000000000000001,minimum_inter_arm_fcl_distance,0.1236284592281457,left_fr3_side_suction,right_fr3_side_suction
283,B_constrained_insertion,147,1.0821153846153848,0,0.26000000000000001,minimum_robot_world_fcl_distance,0.0009999866026091909,shared_cube,left_fr3_side_suction
283,B_constrained_insertion,147,1.0821153846153848,0,0.26000000000000001,minimum_robot_environment_excluding_cube_fcl_distance,0.0026024022454848336,left_fr3_link7,carriage_deep_wall
283,B_constrained_insertion,147,1.0821153846153848,0,0.26000000000000001,minimum_wrist_tool_environment_fcl_distance,0.0026024022454848336,left_fr3_link7,carriage_deep_wall
284,B_constrained_insertion,148,1.0841025641025641,0,0.26000000000000001,minimum_fcl_distance,0.0009999865446790235,shared_cube,left_fr3_side_suction
284,B_constrained_insertion,148,1.0841025641025641,0,0.26000000000000001,minimum_self_and_inter_arm_fcl_distance,0.0020285193035323025,right_fr3_link7,right_fr3_side_suction
284,B_constrained_insertion,148,1.0841025641025641,0,0.26000000000000001,minimum_inter_arm_fcl_distance,0.12362845913968741,left_fr3_side_suction,right_fr3_side_suction
284,B_constrained_insertion,148,1.0841025641025641,0,0.26000000000000001,minimum_robot_world_fcl_distance,0.0009999865446790235,shared_cube,left_fr3_side_suction
284,B_constrained_insertion,148,1.0841025641025641,0,0.26000000000000001,minimum_robot_environment_excluding_cube_fcl_distance,0.002552406555412384,left_fr3_link7,carriage_deep_wall
284,B_constrained_insertion,148,1.0841025641025641,0,0.26000000000000001,minimum_wrist_tool_environment_fcl_distance,0.002552406555412384,left_fr3_link7,carriage_deep_wall
285,B_constrained_insertion,149,1.0860897435897436,0,0.26000000000000001,minimum_fcl_distance,0.0009999864803687344,shared_cube,left_fr3_side_suction
285,B_constrained_insertion,149,1.0860897435897436,0,0.26000000000000001,minimum_self_and_inter_arm_fcl_distance,0.0020285193035323203,right_fr3_link7,right_fr3_side_suction
285,B_constrained_insertion,149,1.0860897435897436,0,0.26000000000000001,minimum_inter_arm_fcl_distance,0.12362845904449372,left_fr3_side_suction,right_fr3_side_suction
285,B_constrained_insertion,149,1.0860897435897436,0,0.26000000000000001,minimum_robot_world_fcl_distance,0.0009999864803687344,shared_cube,left_fr3_side_suction
285,B_constrained_insertion,149,1.0860897435897436,0,0.26000000000000001,minimum_robot_environment_excluding_cube_fcl_distance,0.0025098831362009716,left_fr3_link7,carriage_deep_wall
285,B_constrained_insertion,149,1.0860897435897436,0,0.26000000000000001,minimum_wrist_tool_environment_fcl_distance,0.0025098831362009716,left_fr3_link7,carriage_deep_wall
286,B_constrained_insertion,150,1.0880769230769232,0,0.26000000000000001,minimum_fcl_distance,0.0009999864097713336,shared_cube,left_fr3_side_suction
286,B_constrained_insertion,150,1.0880769230769232,0,0.26000000000000001,minimum_self_and_inter_arm_fcl_distance,0.0020285193035324096,right_fr3_link7,right_fr3_side_suction
286,B_constrained_insertion,150,1.0880769230769232,0,0.26000000000000001,minimum_inter_arm_fcl_distance,0.12362845894260208,left_fr3_side_suction,right_fr3_side_suction
286,B_constrained_insertion,150,1.0880769230769232,0,0.26000000000000001,minimum_robot_world_fcl_distance,0.0009999864097713336,shared_cube,left_fr3_side_suction
286,B_constrained_insertion,150,1.0880769230769232,0,0.26000000000000001,minimum_robot_environment_excluding_cube_fcl_distance,0.0024673596912647405,left_fr3_link7,carriage_deep_wall
286,B_constrained_insertion,150,1.0880769230769232,0,0.26000000000000001,minimum_wrist_tool_environment_fcl_distance,0.0024673596912647405,left_fr3_link7,carriage_deep_wall
287,B_constrained_insertion,151,1.0900641025641027,0,0.26000000000000001,minimum_fcl_distance,0.0009999863329651817,shared_cube,left_fr3_side_suction
287,B_constrained_insertion,151,1.0900641025641027,0,0.26000000000000001,minimum_self_and_inter_arm_fcl_distance,0.002028519303532341,left_fr3_link7,left_fr3_side_suction
287,B_constrained_insertion,151,1.0900641025641027,0,0.26000000000000001,minimum_inter_arm_fcl_distance,0.1236284588340377,left_fr3_side_suction,right_fr3_side_suction
287,B_constrained_insertion,151,1.0900641025641027,0,0.26000000000000001,minimum_robot_world_fcl_distance,0.0009999863329651817,shared_cube,left_fr3_side_suction
287,B_constrained_insertion,151,1.0900641025641027,0,0.26000000000000001,minimum_robot_environment_excluding_cube_fcl_distance,0.0024248362216687915,left_fr3_link7,carriage_deep_wall
287,B_constrained_insertion,151,1.0900641025641027,0,0.26000000000000001,minimum_wrist_tool_environment_fcl_distance,0.0024248362216687915,left_fr3_link7,carriage_deep_wall
288,B_constrained_insertion,152,1.0920512820512822,0,0.26000000000000001,minimum_fcl_distance,0.0009999862500123776,shared_cube,left_fr3_side_suction
288,B_constrained_insertion,152,1.0920512820512822,0,0.26000000000000001,minimum_self_and_inter_arm_fcl_distance,0.0020285193035323285,right_fr3_link7,right_fr3_side_suction
288,B_constrained_insertion,152,1.0920512820512822,0,0.26000000000000001,minimum_inter_arm_fcl_distance,0.12362845871881223,left_fr3_side_suction,right_fr3_side_suction
288,B_constrained_insertion,152,1.0920512820512822,0,0.26000000000000001,minimum_robot_world_fcl_distance,0.0009999862500123776,shared_cube,left_fr3_side_suction
288,B_constrained_insertion,152,1.0920512820512822,0,0.26000000000000001,minimum_robot_environment_excluding_cube_fcl_distance,0.0023823127283941962,left_fr3_link7,carriage_deep_wall
288,B_constrained_insertion,152,1.0920512820512822,0,0.26000000000000001,minimum_wrist_tool_environment_fcl_distance,0.0023823127283941962,left_fr3_link7,carriage_deep_wall
289,B_constrained_insertion,153,1.0940384615384615,0,0.26000000000000001,minimum_fcl_distance,0.0009999861609612773,shared_cube,left_fr3_side_suction
289,B_constrained_insertion,153,1.0940384615384615,0,0.26000000000000001,minimum_self_and_inter_arm_fcl_distance,0.0020285193035323476,right_fr3_link7,right_fr3_side_suction
289,B_constrained_insertion,153,1.0940384615384615,0,0.26000000000000001,minimum_inter_arm_fcl_distance,0.12362845859692487,left_fr3_side_suction,right_fr3_side_suction
289,B_constrained_insertion,153,1.0940384615384615,0,0.26000000000000001,minimum_robot_world_fcl_distance,0.0009999861609612773,shared_cube,left_fr3_side_suction
289,B_constrained_insertion,153,1.0940384615384615,0,0.26000000000000001,minimum_robot_environment_excluding_cube_fcl_distance,0.0023397892123438006,left_fr3_link7,carriage_deep_wall
289,B_constrained_insertion,153,1.0940384615384615,0,0.26000000000000001,minimum_wrist_tool_environment_fcl_distance,0.0023397892123438006,left_fr3_link7,carriage_deep_wall
290,B_constrained_insertion,154,1.096025641025641,0,0.26000000000000001,minimum_fcl_distance,0.0009999860658454762,shared_cube,left_fr3_side_suction
290,B_constrained_insertion,154,1.096025641025641,0,0.26000000000000001,minimum_self_and_inter_arm_fcl_distance,0.0020285193035323805,right_fr3_link7,right_fr3_side_suction
290,B_constrained_insertion,154,1.096025641025641,0,0.26000000000000001,minimum_inter_arm_fcl_distance,0.12362845846836128,left_fr3_side_suction,right_fr3_side_suction
290,B_constrained_insertion,154,1.096025641025641,0,0.26000000000000001,minimum_robot_world_fcl_distance,0.0009999860658454762,shared_cube,left_fr3_side_suction
290,B_constrained_insertion,154,1.096025641025641,0,0.26000000000000001,minimum_robot_environment_excluding_cube_fcl_distance,0.002297265674348165,left_fr3_link7,carriage_deep_wall
290,B_constrained_insertion,154,1.096025641025641,0,0.26000000000000001,minimum_wrist_tool_environment_fcl_distance,0.002297265674348165,left_fr3_link7,carriage_deep_wall
291,B_constrained_insertion,155,1.0980128205128206,0,0.26000000000000001,minimum_fcl_distance,0.0009999859646854876,shared_cube,left_fr3_side_suction
291,B_constrained_insertion,155,1.0980128205128206,0,0.26000000000000001,minimum_self_and_inter_arm_fcl_distance,0.002028519303532331,left_fr3_link7,left_fr3_side_suction
291,B_constrained_insertion,155,1.0980128205128206,0,0.26000000000000001,minimum_inter_arm_fcl_distance,0.12362845833309534,left_fr3_side_suction,right_fr3_side_suction
291,B_constrained_insertion,155,1.0980128205128206,0,0.26000000000000001,minimum_robot_world_fcl_distance,0.0009999859646854876,shared_cube,left_fr3_side_suction
291,B_constrained_insertion,155,1.0980128205128206,0,0.26000000000000001,minimum_robot_environment_excluding_cube_fcl_distance,0.0022547421151685562,left_fr3_link7,carriage_deep_wall
291,B_constrained_insertion,155,1.0980128205128206,0,0.26000000000000001,minimum_wrist_tool_environment_fcl_distance,0.0022547421151685562,left_fr3_link7,carriage_deep_wall
292,B_constrained_insertion,156,1.1000000000000001,0,0.26000000000000001,minimum_fcl_distance,0.00099998585748793,shared_cube,left_fr3_side_suction
292,B_constrained_insertion,156,1.1000000000000001,0,0.26000000000000001,minimum_self_and_inter_arm_fcl_distance,0.0020285193035322886,right_fr3_link7,right_fr3_side_suction
292,B_constrained_insertion,156,1.1000000000000001,0,0.26000000000000001,minimum_inter_arm_fcl_distance,0.12362845819108818,left_fr3_side_suction,right_fr3_side_suction
292,B_constrained_insertion,156,1.1000000000000001,0,0.26000000000000001,minimum_robot_world_fcl_distance,0.00099998585748793,shared_cube,left_fr3_side_suction
292,B_constrained_insertion,156,1.1000000000000001,0,0.26000000000000001,minimum_robot_environment_excluding_cube_fcl_distance,0.0022122185355011987,left_fr3_link7,carriage_deep_wall
292,B_constrained_insertion,156,1.1000000000000001,0,0.26000000000000001,minimum_wrist_tool_environment_fcl_distance,0.0022122185355011987,left_fr3_link7,carriage_deep_wall
