[Thread debugging using libthread_db enabled]
Using host libthread_db library "/lib/x86_64-linux-gnu/libthread_db.so.1".
TASK01_STARTUP_GUARD {"scope": "startup_diagnosis_only", "status": "GUARD_INSTALLED", "original_gui_sha256": "539615dc789460abc2e3b0b2e7c09dff8c7ad00b8dc74327f1e8d114a0a1a77c", "source": "/home/ubuntu2004/lmy/dual-arm-coordinated-manipulation-reproduction/platforms/isaac_ros2/handoff/task01_insert_ready_gui.py", "barrier_line": 125, "observed_line": null, "pid": 17071, "robot_suction_rail_commands_authorized": false, "simulation_timestamp": null, "not_scientific_simulation_evidence": true}
[Detaching after vfork from child process 17097]
TASK01_STARTUP_GUARD {"scope": "startup_diagnosis_only", "status": "BEFORE_SOURCE_LINE", "original_gui_sha256": "539615dc789460abc2e3b0b2e7c09dff8c7ad00b8dc74327f1e8d114a0a1a77c", "source": "/home/ubuntu2004/lmy/dual-arm-coordinated-manipulation-reproduction/platforms/isaac_ros2/handoff/task01_insert_ready_gui.py", "barrier_line": 125, "observed_line": 88, "pid": 17071, "robot_suction_rail_commands_authorized": false, "simulation_timestamp": null, "not_scientific_simulation_evidence": true}
[New Thread 0x73c0573ff640 (LWP 17109)]
[New Thread 0x73c04ffff640 (LWP 17110)]
[Thread 0x73c04ffff640 (LWP 17110) exited]
[New Thread 0x73c04ffff640 (LWP 17111)]
[New Thread 0x73c04f7fe640 (LWP 17112)]
[New Thread 0x73c04effd640 (LWP 17113)]
[New Thread 0x73c04e7fc640 (LWP 17114)]
[New Thread 0x73c04dffb640 (LWP 17115)]
[New Thread 0x73c04d7fa640 (LWP 17116)]
[New Thread 0x73c04cff9640 (LWP 17117)]
[New Thread 0x73c037fff640 (LWP 17118)]
[New Thread 0x73c035bfe640 (LWP 17119)]
[New Thread 0x73c034dfd640 (LWP 17120)]
[New Thread 0x73c022fff640 (LWP 17121)]
[New Thread 0x73c0215fe640 (LWP 17122)]
[New Thread 0x73c01bfff640 (LWP 17123)]
[New Thread 0x73c01a3ff640 (LWP 17124)]
[New Thread 0x73c00bfff640 (LWP 17125)]
[New Thread 0x73c00abfe640 (LWP 17126)]
[New Thread 0x73bffa1ff640 (LWP 17127)]
[New Thread 0x73bff99fe640 (LWP 17128)]
[New Thread 0x73bff91fd640 (LWP 17129)]
[New Thread 0x73bfebfff640 (LWP 17227)]
[New Thread 0x73bfe0bff640 (LWP 17230)]
[New Thread 0x73bfdbfff640 (LWP 17237)]
[New Thread 0x73bfe83ff640 (LWP 17244)]
[New Thread 0x73bfe03fe640 (LWP 17245)]
[Detaching after vfork from child process 17246]
[Thread 0x73bfe03fe640 (LWP 17245) exited]
[Thread 0x73bfe83ff640 (LWP 17244) exited]
[New Thread 0x73bfda7ff640 (LWP 17247)]
[New Thread 0x73bfd9ffe640 (LWP 17248)]
[New Thread 0x73bfd97fd640 (LWP 17249)]
[New Thread 0x73bfd8ffc640 (LWP 17250)]
[Detaching after fork from child process 17252]
[Detaching after fork from child process 17253]
[New Thread 0x73bfb89ff640 (LWP 17255)]
[New Thread 0x73bfb81fe640 (LWP 17256)]
[Thread 0x73bfb81fe640 (LWP 17256) exited]
[Thread 0x73bfb89ff640 (LWP 17255) exited]
[New Thread 0x73bfb81fe640 (LWP 17269)]
[New Thread 0x73bfb89ff640 (LWP 17270)]
[New Thread 0x73bf879de640 (LWP 17271)]
[New Thread 0x73bf85fbc640 (LWP 17272)]
[New Thread 0x73bf857bb640 (LWP 17274)]
[New Thread 0x73bf84fba640 (LWP 17275)]
[New Thread 0x73bf70fff640 (LWP 17277)]
[New Thread 0x73bf63fff640 (LWP 17278)]
[New Thread 0x73bf637fe640 (LWP 17285)]
[New Thread 0x73bf615dc640 (LWP 17300)]
[New Thread 0x73bf60ddb640 (LWP 17302)]
[New Thread 0x73bf4bfff640 (LWP 17304)]
[New Thread 0x73bf4b7fe640 (LWP 17305)]
[New Thread 0x73bf4affd640 (LWP 17306)]
[New Thread 0x73bf4a7fc640 (LWP 17307)]
[New Thread 0x73bf49ffb640 (LWP 17308)]
[New Thread 0x73bf497fa640 (LWP 17309)]
[New Thread 0x73bf48ff9640 (LWP 17310)]
[New Thread 0x73bf487f8640 (LWP 17311)]
[New Thread 0x73bf47ff7640 (LWP 17312)]
[New Thread 0x73bf477f6640 (LWP 17313)]
[New Thread 0x73bf46ff5640 (LWP 17314)]
[New Thread 0x73bf467f4640 (LWP 17315)]
[New Thread 0x73bf45ff3640 (LWP 17316)]
[New Thread 0x73bf457f2640 (LWP 17317)]
[New Thread 0x73bf44ff1640 (LWP 17318)]
[New Thread 0x73bf447f0640 (LWP 17319)]
[New Thread 0x73bf43fef640 (LWP 17320)]
[New Thread 0x73bf414ed640 (LWP 17322)]
[New Thread 0x73bf40cec640 (LWP 17323)]
[New Thread 0x73bf1bfff640 (LWP 17324)]
[New Thread 0x73bf1b7fe640 (LWP 17325)]
[New Thread 0x73bf1affd640 (LWP 17326)]
[Detaching after fork from child process 17328]
[New Thread 0x73bebc5ff640 (LWP 17392)]
[New Thread 0x73beb81fe640 (LWP 17393)]
[New Thread 0x73bebc1fe640 (LWP 17394)]
[New Thread 0x73bebb9fc640 (LWP 17396)]
[New Thread 0x73bebb5fb640 (LWP 17397)]
[New Thread 0x73bebbdfd640 (LWP 17395)]
[New Thread 0x73beba5f7640 (LWP 17401)]
[New Thread 0x73beba9f8640 (LWP 17399)]
[New Thread 0x73beba1f6640 (LWP 17402)]
[New Thread 0x73bebb1fa640 (LWP 17398)]
[New Thread 0x73bebadf9640 (LWP 17400)]
[New Thread 0x73beb9df5640 (LWP 17403)]
[New Thread 0x73beb95f3640 (LWP 17405)]
[New Thread 0x73beb99f4640 (LWP 17404)]
[New Thread 0x73beb85ff640 (LWP 17431)]
[Info] [carb] Logging to file: /home/ubuntu2004/isaacsim-4.5.0/kit/logs/Kit/Isaac-Sim Python/4.5/kit_20261009_092619.log
2026-10-09 01:26:19 [0ms] [Warning] [omni.kit.app.plugin] No crash reporter present, dumps uploading isn't available.
[8.178s] [ext: omni.kit.async_engine-0.0.1] startup
[14.451s] [ext: omni.metrics.core-0.0.1] startup
[14.525s] [ext: omni.client.lib-1.0.0] startup
[15.186s] [ext: omni.blobkey-1.1.2] startup
[15.215s] [ext: omni.stats-1.0.1] startup
[15.291s] [ext: omni.datastore-0.0.0] startup
[15.760s] [ext: omni.client-1.2.2] startup
[15.962s] [ext: omni.ujitso.default-1.0.0] startup
[16.040s] [ext: omni.hsscclient-1.1.1] startup
2026-10-09 01:26:35 [15,777ms] [Warning] [omni.datastore] OmniHub is inaccessible
[16.240s] [ext: omni.gpu_foundation.shadercache.vulkan-1.0.0] startup
[16.293s] [ext: omni.assets.plugins-0.0.0] startup
[16.424s] [ext: omni.gpu_foundation-0.0.0] startup
[17.278s] [ext: carb.windowing.plugins-1.0.0] startup
[17.403s] [ext: omni.kit.renderer.init-0.0.0] startup

|---------------------------------------------------------------------------------------------|
| Driver Version: 580.178.04    | Graphics API: Vulkan
|=============================================================================================|
| GPU | Name                             | Active | LDA | GPU Memory | Vendor-ID | LUID       |
|     |                                  |        |     |            | Device-ID | UUID       |
|     |                                  |        |     |            | Bus-ID    |            |
|---------------------------------------------------------------------------------------------|
| 0   | NVIDIA GeForce RTX 3070          | Yes: 0 |     | 8438    MB | 10de      | 0          |
|     |                                  |        |     |            | 2488      | ba060710.. |
|     |                                  |        |     |            | 1         |            |
|=============================================================================================|
| OS: 22.04.5 LTS (Jammy Jellyfish) ubuntu, Version: 22.04.5, Kernel: 6.8.0-138-generic
| XServer Vendor: The X.Org Foundation, XServer Version: 12101004 (1.21.1.4)
| Processor: Intel(R) Core(TM) i7-10700F CPU @ 2.90GHz
| Cores: 8 | Logical Cores: 16
|---------------------------------------------------------------------------------------------|
| Total Memory (MB): 48107 | Free Memory: 41796
| Total Page/Swap (MB): 2047 | Free Page/Swap: 2047
|---------------------------------------------------------------------------------------------|
[20.359s] [ext: omni.kit.pipapi-0.0.0] startup
[20.381s] [ext: omni.kit.pip_archive-0.0.0] startup
[20.382s] [ext: omni.pip.compute-1.4.5] startup
[20.392s] [ext: omni.materialx.libs-1.0.6] startup
[20.543s] [ext: omni.kit.telemetry-0.5.1] startup
[20.787s] [ext: omni.pip.cloud-1.1.7] startup
[20.840s] [ext: omni.isaac.core_archive-2.3.3] startup
[20.841s] [ext: omni.usd.config-1.0.5] startup
[21.033s] [ext: omni.gpucompute.plugins-0.0.0] startup
[21.165s] [ext: omni.usd.libs-1.0.1] startup
[24.791s] [ext: omni.isaac.ml_archive-2.1.2] startup
[24.814s] [ext: omni.mdl-55.0.1] startup
[24.968s] [ext: omni.iray.libs-0.0.0] startup
[26.084s] [ext: omni.mdl.neuraylib-0.2.10] startup
[26.181s] [ext: omni.kit.usd.mdl-1.0.7] startup
[27.500s] [ext: omni.kit.loop-isaac-1.2.1] startup
[27.565s] [ext: omni.kit.test-1.1.2] startup
[27.979s] [ext: omni.appwindow-1.1.9] startup
[28.092s] [ext: omni.kit.renderer.core-1.0.2] startup
[28.590s] [ext: omni.kit.renderer.capture-0.0.0] startup
[28.674s] [ext: omni.kit.renderer.imgui-1.0.2] startup
[29.330s] [ext: omni.ui-2.26.5] startup
[29.500s] [ext: omni.kit.mainwindow-1.0.3] startup
[29.504s] [ext: carb.audio-0.1.0] startup
[29.581s] [ext: omni.uiaudio-1.0.0] startup
[29.629s] [ext: omni.kit.uiapp-0.0.0] startup
[29.629s] [ext: omni.usd.schema.metrics.assembler-106.5.0] startup
[29.673s] [ext: omni.usd.schema.anim-0.0.0] startup
[30.128s] [ext: omni.usd.schema.isaac-3.0.2] startup
[30.128s] [ext: omni.usd.schema.geospatial-0.0.0] startup
[30.172s] [ext: omn[New Thread 0x73bfe83ff640 (LWP 17457)]
[New Thread 0x73be2e5ff640 (LWP 17482)]
[New Thread 0x73be2ddfe640 (LWP 17483)]
[New Thread 0x73be2d5fd640 (LWP 17484)]
[New Thread 0x73be1c3ff640 (LWP 17498)]
[New Thread 0x73be1bbfe640 (LWP 17499)]
[New Thread 0x73be191ff640 (LWP 17500)]
[New Thread 0x73be167ff640 (LWP 17501)]
[New Thread 0x73be13dff640 (LWP 17502)]
[New Thread 0x73be0f3ff640 (LWP 17503)]
[New Thread 0x73be0ebfe640 (LWP 17504)]
[New Thread 0x73be0c1ff640 (LWP 17505)]
[New Thread 0x73be077ff640 (LWP 17506)]
[New Thread 0x73be04dff640 (LWP 17507)]
[New Thread 0x73be045fe640 (LWP 17508)]
[New Thread 0x73bdffbff640 (LWP 17509)]
[New Thread 0x73bdff3fe640 (LWP 17510)]
[New Thread 0x73bdfa9ff640 (LWP 17511)]
[New Thread 0x73bdf7fff640 (LWP 17512)]
[New Thread 0x73bdf3fff640 (LWP 17525)]
i.usd.schema.physx-106.5.7] startup
[30.614s] [ext: omni.usd.schema.audio-0.0.0] startup
[30.726s] [ext: omni.usd.schema.semantics-0.0.0] startup
[30.795s] [ext: omni.usd_resolver-1.0.0] startup
[30.900s] [ext: usdrt.scenegraph-7.5.1] startup
[31.593s] [ext: omni.kit.actions.core-1.0.0] startup
[31.689s] [ext: omni.timeline-1.0.11] startup
[31.764s] [ext: omni.usd.core-1.4.2] startup
[31.828s] [ext: omni.resourcemonitor-107.0.0] startup
[31.887s] [ext: omni.activity.core-1.0.1] startup
[31.922s] [ext: omni.kit.audiodeviceenum-1.0.1] startup
[31.985s] [ext: omni.hydra.usdrt_delegate-7.5.1] startup
[32.253s] [ext: omni.graph.exec-0.9.4] startup
[32.302s] [ext: omni.kit.window.popup_dialog-2.0.24] startup
[32.359s] [ext: omni.kit.exec.core-0.13.4] startup
[32.433s] [ext: omni.kit.widget.nucleus_connector-1.1.10] startup
[32.437s] [ext: omni.kit.usd_undo-0.1.8] startup
[32.450s] [ext: omni.kit.commands-1.4.9] startup
[32.526s] [ext: omni.hydra.scene_delegate-0.3.3] startup
[32.611s] [ext: omni.usd-1.12.4] startup
[33.174s] [ext: omni.kit.asset_converter-2.8.3] startup
[33.547s] [ext: omni.usd.schema.omniscripting-1.0.0] startup
[33.732s] [ext: omni.usd.schema.omnigraph-1.0.0] startup
[33.869s] [ext: omni.usd.schema.forcefield-106.5.7] startup
[33.971s] [ext: isaacsim.robot.schema-3.1.2] startup
[34.147s] [ext: omni.inspect-1.0.1] startup
[34.219s] [ext: omni.kit.notification_manager-1.0.9] startup
[34.223s] [ext: omni.graph.core-2.181.8] startup
[34.464s] [ext: isaacsim.core.deprecation_manager-0.2.2] startup
[34.491s] [ext: omni.index.libs-380600.1777.0] startup
[34.491s] [ext: omni.ujitso.processor.texture-1.0.0] startup
[34.560s] [ext: omni.index-1.0.1] startup
[34.603s] [ext: omni.kit.widget.path_field-2.0.11] startup
[34.670s] [ext: omni.volume-0.5.0] startup
[35.188s] [ext: omni.ujitso.client-0.0.0] startup
[35.211s] [ext: omni.hydra.rtx.shadercache.vulkan-1.0.0] startup
[35.221s] [ext: omni.kit.widget.browser_bar-2.0.10] startup
[35.251s] [ext: omni.kit.clipboard-1.0.5] startup
[35.298s] [ext: omni.hydra.rtx-1.0.0] startup
2026-10-09 01:26:54 [35,150ms] [Warning] [omni.log] Source: omni.hydra was already registered.
[36.569s] [ext: omni.kit.viewport.registry-104.0.6] startup
[36.601s] [ext: omni.kit.helper.file_utils-0.1.9] startup
[36.630s] [ext: omni.kit.widget.options_menu-1.1.6] startup
[36.637s] [ext: omni.kit.menu.core-1.1.2] startup
[36.660s] [ext: omni.kit.widget.filebrowser-2.10.52] startup
[36.699s] [ext: omni.ui.scene-1.11.2] startup
[36.837s] [ext: omni.kit.widget.options_button-1.0.3] startup
[36.874s] [ext: omni.kit.widget.context_menu-1.2.4] startup
[36.877s] [ext: omni.kit.viewport.legacy_gizmos-1.0.16] startup
[36.918s] [ext: omni.kit.usd.layers-2.2.0] startup
[37.030s] [ext: omni.kit.window.filepicker-2.11.7] startup
[37.076s] [ext: omni.kit.hydra_texture-1.4.0] startup
[37.175s] [ext: omni.kit.viewport.scene_camera_model-1.0.5] startup
[37.254s] [ext: omni.kit.context_menu-1.8.3] startup
[37.257s] [ext: omni.kit.window.file_importer-1.1.14] startup
[37.318s] [ext: omni.kit.menu.utils-1.7.7] startup
[37.346s] [ext: omni.kit.widget.viewport-107.0.7] startup
[37.387s] [ext: omni.kit.window.drop_support-1.0.4] startup
[37.388s] [ext: omni.kit.raycast.query-1.0.5] startup
[37.487s] [ext: omni.kit.material.library-1.5.15] startup
[37.524s] [ext: omni.hydra.engine.stats-1.0.3] startup
[37.569s] [ext: omni.kit.viewport.window-107.0.8] startup
[37.717s] [ext: omni.warp.core-1.5.0] startup
[39.497s] [ext: omni.kit.viewport.utility-1.0.18] startup
[39.524s] [ext: omni.kit.hotkeys.core-1.3.10] startup
[39.525s] [ext: omni.kit.widget.prompt-1.0.7] startup
[39.546s] [ext: omni.kit.usd.collect-2.2.22] startup
[39.573s] [ext: omni.kit.window.content_browser_registry-0.0.6] startup
[39.602s] [ext: omni.graph.tools-1.79.1] startup
[39.719s] [ext: omni.kit.window.file_exporter-1.0.31] startup
[39.743s] [ext: omni.kit.stage_template.core-1.1.22] startup
[39.745s] [ext: omni.graph.image.core-0.6.0] startup
[39.788s] [ext: omni.graph.action_core-1.1.7] startup
[39.882s] [ext: omni.graph-1.140.2] startup
[40.083s] [ext: o[New Thread 0x73bdf2fff640 (LWP 17529)]
[Thread 0x73bdf2fff640 (LWP 17529) exited]
[New Thread 0x73bdf2fff640 (LWP 17530)]
[New Thread 0x73bdf27fe640 (LWP 17531)]
[Thread 0x73bdf27fe640 (LWP 17531) exited]
[Thread 0x73bdf2fff640 (LWP 17530) exited]
[New Thread 0x73bdf2fff640 (LWP 17532)]
[New Thread 0x73bdf27fe640 (LWP 17533)]
[Thread 0x73bdf27fe640 (LWP 17533) exited]
[Thread 0x73bdf2fff640 (LWP 17532) exited]
[New Thread 0x73bdf2fff640 (LWP 17534)]
[New Thread 0x73bdf27fe640 (LWP 17535)]
[Thread 0x73bdf27fe640 (LWP 17535) exited]
[Thread 0x73bdf2fff640 (LWP 17534) exited]
[New Thread 0x73bdf2fff640 (LWP 17536)]
[New Thread 0x73bdf27fe640 (LWP 17537)]
[New Thread 0x73bdf1ffd640 (LWP 17538)]
[New Thread 0x73bdf17fc640 (LWP 17539)]
[New Thread 0x73bdf0ffb640 (LWP 17540)]
[New Thread 0x73bddbfff640 (LWP 17541)]
[New Thread 0x73bddb7fe640 (LWP 17542)]
[New Thread 0x73bddaffd640 (LWP 17543)]
[New Thread 0x73bdda7fc640 (LWP 17544)]
[New Thread 0x73bdd9ffb640 (LWP 17545)]
[New Thread 0x73bdd97fa640 (LWP 17546)]
[New Thread 0x73bdd8ff9640 (LWP 17547)]
[New Thread 0x73bdb7fff640 (LWP 17548)]
[New Thread 0x73bdb77fe640 (LWP 17549)]
[New Thread 0x73bdb6ffd640 (LWP 17550)]
[New Thread 0x73bdb67fc640 (LWP 17551)]
[New Thread 0x73bdb5ffb640 (LWP 17552)]
[New Thread 0x73bdb57fa640 (LWP 17553)]
[New Thread 0x73bdb4ff9640 (LWP 17554)]
[New Thread 0x73bd97fff640 (LWP 17555)]
[New Thread 0x73bd977fe640 (LWP 17556)]
[Thread 0x73bdb6ffd640 (LWP 17550) exited]
[Thread 0x73bdd8ff9640 (LWP 17547) exited]
[Thread 0x73bdb67fc640 (LWP 17551) exited]
[Thread 0x73bdb4ff9640 (LWP 17554) exited]
[Thread 0x73bdb57fa640 (LWP 17553) exited]
[Thread 0x73bdb5ffb640 (LWP 17552) exited]
[Thread 0x73bd977fe640 (LWP 17556) exited]
[Thread 0x73bdf27fe640 (LWP 17537) exited]
[Thread 0x73bdf17fc640 (LWP 17539) exited]
[Thread 0x73bdf0ffb640 (LWP 17540) exited]
[Thread 0x73bdd97fa640 (LWP 17546) exited]
[Thread 0x73bddb7fe640 (LWP 17542) exited]
[Thread 0x73bdf2fff640 (LWP 17536) exited]
[Thread 0x73bdf1ffd640 (LWP 17538) exited]
[Thread 0x73bdd9ffb640 (LWP 17545) exited]
[Thread 0x73bdda7fc640 (LWP 17544) exited]
[Thread 0x73bddbfff640 (LWP 17541) exited]
[Thread 0x73bdb7fff640 (LWP 17548) exited]
[Thread 0x73bd97fff640 (LWP 17555) exited]
[Thread 0x73bdb77fe640 (LWP 17549) exited]
[Thread 0x73bddaffd640 (LWP 17543) exited]
[New Thread 0x73bddaffd640 (LWP 17570)]
[New Thread 0x73bdb77fe640 (LWP 17571)]
[Thread 0x73bdb77fe640 (LWP 17571) exited]
[New Thread 0x73bdb77fe640 (LWP 17572)]
[Thread 0x73bdb77fe640 (LWP 17572) exited]
[New Thread 0x73bdb77fe640 (LWP 17585)]
[New Thread 0x73bd97fff640 (LWP 17586)]
[New Thread 0x73bdb7fff640 (LWP 17587)]
[New Thread 0x73bd957ff640 (LWP 17588)]
[New Thread 0x73bd94ffe640 (LWP 17589)]
[New Thread 0x73bd8ddff640 (LWP 17590)]
[New Thread 0x73bd8d5fe640 (LWP 17591)]
[New Thread 0x73bd8cdfd640 (LWP 17592)]
[New Thread 0x73bd691ff640 (LWP 17593)]
[New Thread 0x73bd689fe640 (LWP 17594)]
[New Thread 0x73bd63fff640 (LWP 17595)]
[New Thread 0x73bd637fe640 (LWP 17596)]
[New Thread 0x73bd5edff640 (LWP 17597)]
[New Thread 0x73bd5c3ff640 (LWP 17598)]
[New Thread 0x73bd599ff640 (LWP 17599)]
[New Thread 0x73bca57ff640 (LWP 17671)]
[Thread 0x73bca57ff640 (LWP 17671) exited]
[New Thread 0x73bca57ff640 (LWP 17672)]
[Thread 0x73bca57ff640 (LWP 17672) exited]
[New Thread 0x73bca57ff640 (LWP 17673)]
[Thread 0x73bca57ff640 (LWP 17673) exited]
[New Thread 0x73bca57ff640 (LWP 17674)]
[Thread 0x73bca57ff640 (LWP 17674) exited]
[New Thread 0x73bca57ff640 (LWP 17687)]
[Thread 0x73bca57ff640 (LWP 17687) exited]
[New Thread 0x73bca57ff640 (LWP 17688)]
[Thread 0x73bca57ff640 (LWP 17688) exited]
[New Thread 0x73bca57ff640 (LWP 17689)]
[Thread 0x73bca57ff640 (LWP 17689) exited]
[New Thread 0x73bca57ff640 (LWP 17690)]
[New Thread 0x73bca37ff640 (LWP 17691)]
[New Thread 0x73bca2ffe640 (LWP 17692)]
[New Thread 0x73bca27fd640 (LWP 17693)]
[New Thread 0x73bca1ffc640 (LWP 17694)]
[New Thread 0x73bca17fb640 (LWP 17695)]
[Thread 0x73bca17fb640 (LWP 17695) exited]
[Thread 0x73bca27fd640 (LWP 17693) exited]
[Thread 0x73bca1ffc640 (LWP 17694) exited]
[Thread 0x73bca2ffe640 (LWP 17692) exited]
[Thread 0x73bca37ff640 (LWP 17691) exited]
[Thread 0x73bca57ff640 (LWP 17690) exited]
[New Thread 0x73bca57ff640 (LWP 17696)]
[New Thread 0x73bca37ff640 (LWP 17697)]
[Thread 0x73bca37ff640 (LWP 17697) exited]
[Thread 0x73bca57ff640 (LWP 17696) exited]
[New Thread 0x73bca57ff640 (LWP 17698)]
[Thread 0x73bca57ff640 (LWP 17698) exited]
[New Thread 0x73bca57ff640 (LWP 17699)]
[Thread 0x73bca57ff640 (LWP 17699) exited]
[New Thread 0x73bca57ff640 (LWP 17700)]
[Thread 0x73bca57ff640 (LWP 17700) exited]
[Detaching after vfork from child process 17715]
mni.kit.window.file-1.3.57] startup
[40.097s] [ext: omni.kit.widget.filter-1.1.4] startup
[40.185s] [ext: omni.graph.image.nodes-1.3.0] startup
[40.496s] [ext: omni.graph.action_nodes-1.40.1] startup
[40.591s] [ext: omni.kit.window.content_browser-2.10.3] startup
[41.587s] [ext: omni.kvdb-106.5.7] startup
[41.761s] [ext: omni.graph.action-1.120.0] startup
[41.762s] [ext: omni.kit.tool.collect-2.2.16] startup
[41.785s] [ext: omni.graph.nodes-1.162.1] startup
[42.117s] [ext: omni.kit.widget.searchfield-1.1.8] startup
[42.142s] [ext: omni.localcache-106.5.7] startup
[42.231s] [ext: omni.convexdecomposition-106.5.7] startup
[42.310s] [ext: omni.kit.widget.stage_icons-1.0.6] startup
[42.340s] [ext: omni.kit.widget.stage-2.11.6] startup
[42.408s] [ext: omni.usdphysics-106.5.7] startup
[42.450s] [ext: omni.physx.foundation-106.5.7] startup
[42.626s] [ext: omni.physics.tensors-106.5.7] startup
[42.740s] [ext: omni.kit.window.stage-2.5.11] startup
[42.772s] [ext: omni.kit.property.adapter.core-1.0.2] startup
[42.811s] [ext: omni.physx.cooking-106.5.7] startup
[42.905s] [ext: omni.kit.widget.zoombar-1.0.5] startup
[42.928s] [ext: omni.kit.widget.highlight_label-1.0.3] startup
[42.952s] [ext: omni.kit.property.adapter.usd-1.0.2] startup
[42.955s] [ext: omni.kit.property.adapter.fabric-1.0.3] startup
[42.959s] [ext: omni.physx-106.5.7] startup
[43.255s] [ext: omni.kit.browser.core-2.3.11] startup
[43.279s] [ext: omni.kit.window.property-1.11.5] startup
[43.307s] [ext: omni.kit.widget.text_editor-1.0.2] startup
[43.389s] [ext: omni.kit.property.usd-4.2.16] startup
[43.448s] [ext: omni.physx.tensors-106.5.7] startup
[43.540s] [ext: omni.kit.menu.stage-1.2.5] startup
[43.559s] [ext: omni.kit.browser.folder.core-1.10.1] startup
[43.616s] [ext: omni.warp-1.5.0] startup
[43.670s] [ext: isaacsim.examples.browser-0.1.8] startup
[43.691s] [ext: omni.physx.stageupdate-106.5.7] startup
[43.890s] [ext: omni.kit.numpy.common-0.1.2] startup
[43.922s] [ext: isaacsim.core.version-2.0.2] startup
[43.943s] [ext: omni.isaac.dynamic_control-1.3.15] startup
2026-10-09 01:27:03 [43,841ms] [Warning] [omni.isaac.dynamic_control] omni.isaac.dynamic_control is deprecated as of Isaac Sim 4.5. No action is needed from end-users.
[44.171s] [ext: isaacsim.storage.native-1.0.6] startup
[44.175s] [ext: omni.kit.menu.create-1.0.17] startup
[44.190s] [ext: isaacsim.core.utils-2.2.8] startup
[44.256s] [ext: omni.kit.widget.searchable_combobox-1.0.6] startup
[44.280s] [ext: omni.kit.primitive.mesh-1.0.17] startup
[44.297s] [ext: isaacsim.core.simulation_manager-0.3.3] startup
[56.903s] [ext: omni.kit.scripting-106.5.2] startup
[56.991s] [ext: omni.kit.stage_templates-1.2.6] startup
[57.053s] [ext: isaacsim.core.prims-0.3.7] startup
[57.197s] [ext: isaacsim.replicator.behavior-1.0.8] startup
[57.201s] [ext: isaacsim.core.api-4.2.16] startup
[57.299s] [ext: omni.ui_query-1.1.7] startup
[57.330s] [ext: omni.kit.manipulator.viewport-107.0.1] startup
[57.333s] [ext: omni.kit.ui_test-1.3.3] startup
[57.337s] [ext: omni.kit.window.extensions-1.4.25] startup
[57.360s] [ext: omni.graph.visualization.nodes-2.1.1] startup
[57.384s] [ext: omni.kit.tool.asset_importer-2.12.2] startup
[58.080s] [ext: isaacsim.gui.components-1.0.9] startup
[58.249s] [ext: omni.kit.widget.settings-1.2.2] startup
[58.275s] [ext: omni.kit.widget.graph-1.12.17] startup
[58.287s] [ext: omni.kit.window.preferences-1.7.0] startup
[58.301s] [ext: omni.kit.graph.delegate.default-1.2.2] startup
[58.308s] [ext: omni.kit.viewport.menubar.core-107.1.2] startup
[58.375s] [ext: omni.kit.widget.material_preview-1.0.16] startup
[58.379s] [ext: omni.kit.graph.usd.commands-1.3.1] startup
[58.382s] [ext: omni.kit.graph.editor.core-1.5.3] startup
[58.388s] [ext: omni.syntheticdata-0.6.10] startup
[58.762s] [ext: omni.kit.window.material_graph-1.8.19] startup
[59.050s] [ext: omni.graph.scriptnode-1.40.1] startup
[59.070s] [ext: isaacsim.core.cloner-1.3.4] startup
[59.111s] [ext: omni.replicator.core-1.11.35] startup
2026-10-09 01:27:20 [60,337ms] [Warning] [omni.replicator.core.scripts.extension] No material configuratio[New Thread 0x73bca57ff640 (LWP 17716)]
[Thread 0x73bca57ff640 (LWP 17716) exited]
[New Thread 0x73bca57ff640 (LWP 17717)]
[New Thread 0x73bca37ff640 (LWP 17718)]
[Thread 0x73bca37ff640 (LWP 17718) exited]
[Thread 0x73bca57ff640 (LWP 17717) exited]
[New Thread 0x73bca57ff640 (LWP 17719)]
[New Thread 0x73bca37ff640 (LWP 17720)]
[Thread 0x73bca57ff640 (LWP 17719) exited]
[Thread 0x73bca37ff640 (LWP 17720) exited]
[New Thread 0x73bca37ff640 (LWP 17721)]
[New Thread 0x73bca57ff640 (LWP 17722)]
[New Thread 0x73bca2ffe640 (LWP 17723)]
[Thread 0x73bca2ffe640 (LWP 17723) exited]
[Thread 0x73bca57ff640 (LWP 17722) exited]
[New Thread 0x73bca57ff640 (LWP 17724)]
[Thread 0x73bca57ff640 (LWP 17724) exited]
[New Thread 0x73bca57ff640 (LWP 17725)]
[Thread 0x73bca57ff640 (LWP 17725) exited]
[New Thread 0x73bca57ff640 (LWP 17726)]
[Thread 0x73bca57ff640 (LWP 17726) exited]
[Thread 0x73bca37ff640 (LWP 17721) exited]
[New Thread 0x73bca37ff640 (LWP 17750)]
[New Thread 0x73bca57ff640 (LWP 17751)]
[Thread 0x73bca57ff640 (LWP 17751) exited]
[Thread 0x73bca37ff640 (LWP 17750) exited]
[New Thread 0x73bca37ff640 (LWP 17752)]
[New Thread 0x73bca57ff640 (LWP 17753)]
[Thread 0x73bca57ff640 (LWP 17753) exited]
[Thread 0x73bca37ff640 (LWP 17752) exited]
[New Thread 0x73bca57ff640 (LWP 17754)]
[Thread 0x73bca57ff640 (LWP 17754) exited]
[New Thread 0x73bca57ff640 (LWP 17755)]
[Thread 0x73bca57ff640 (LWP 17755) exited]
[New Thread 0x73bca57ff640 (LWP 17756)]
[Thread 0x73bca57ff640 (LWP 17756) exited]
[New Thread 0x73bca57ff640 (LWP 17757)]
[Thread 0x73bca57ff640 (LWP 17757) exited]
[New Thread 0x73bca57ff640 (LWP 17769)]
[Thread 0x73bca57ff640 (LWP 17769) exited]
[New Thread 0x73bca57ff640 (LWP 17770)]
[Thread 0x73bca57ff640 (LWP 17770) exited]
[New Thread 0x73bca57ff640 (LWP 17771)]
[Thread 0x73bca57ff640 (LWP 17771) exited]
[New Thread 0x73bca57ff640 (LWP 17772)]
[Thread 0x73bca57ff640 (LWP 17772) exited]
[New Thread 0x73bca57ff640 (LWP 17773)]
[Thread 0x73bca57ff640 (LWP 17773) exited]
[New Thread 0x73bca57ff640 (LWP 17774)]
[Thread 0x73bca57ff640 (LWP 17774) exited]
[New Thread 0x73bca57ff640 (LWP 17775)]
[Thread 0x73bca57ff640 (LWP 17775) exited]
n file, adding configuration to material settings directly.
[60.676s] [ext: omni.isaac.cloner-1.0.2] startup
2026-10-09 01:27:20 [60,407ms] [Warning] [omni.isaac.cloner] omni.isaac.cloner has been deprecated in favor of isaacsim.core.cloner. Please update your code accordingly.
[60.737s] [ext: isaacsim.core.nodes-2.1.4] startup
[60.981s] [ext: isaacsim.asset.importer.urdf-2.3.10] startup
[62.642s] [ext: omni.isaac.core-4.0.3] startup
2026-10-09 01:27:22 [62,326ms] [Warning] [omni.isaac.core.physics_context.physics_context] omni.isaac.core.physics_context.physics_context has been deprecated in favor of isaacsim.core.api.physics_context.physics_context. Please update your code accordingly.
2026-10-09 01:27:22 [62,327ms] [Warning] [omni.isaac.core.simulation_context.simulation_context] omni.isaac.core.simulation_context.simulation_context has been deprecated in favor of isaacsim.core.api.simulation_context.simulation_context. Please update your code accordingly.
2026-10-09 01:27:22 [62,328ms] [Warning] [omni.isaac.core.world.world] omni.isaac.core.world.world has been deprecated in favor of isaacsim.core.api.world.world. Please update your code accordingly.
2026-10-09 01:27:22 [62,328ms] [Warning] [omni.isaac.core] omni.isaac.core has been deprecated in favor of isaacsim.core.api. Please update your code accordingly.
[62.658s] [ext: omni.isaac.core_nodes-2.0.2] startup
2026-10-09 01:27:22 [62,331ms] [Warning] [omni.isaac.core_nodes] omni.isaac.core_nodes has been deprecated in favor of isaacsim.core.nodes. Please update your code accordingly.
[62.661s] [ext: omni.anim.curve.core-1.2.0] startup
[62.997s] [ext: isaacsim.robot_motion.lula-4.0.4] startup
[63.258s] [ext: isaacsim.asset.importer.mjcf-2.3.3] startup
[63.393s] [ext: isaacsim.robot_motion.motion_generation-8.0.6] startup
[63.423s] [ext: isaacsim.asset.browser-1.3.4] startup
[63.870s] [ext: isaacsim.robot.surface_gripper-2.0.6] startup
[63.939s] [ext: omni.kit.selection-0.1.5] startup
[63.982s] [ext: isaacsim.robot_motion.lula_test_widget-1.0.5] startup
[64.027s] [ext: omni.isaac.assets_check-0.3.9] startup
2026-10-09 01:27:23 [63,741ms] [Warning] [omni.isaac.assets_check] omni.isaac.assets_check has been deprecated in favor of isaacsim.asset.browser. Please update your code accordingly.
[64.070s] [ext: isaacsim.robot.manipulators-3.0.4] startup
[64.115s] [ext: isaacsim.sensors.physics-0.3.5] startup
[64.261s] [ext: isaacsim.gui.menu-2.0.9] startup
[64.376s] [ext: omni.isaac.lula_test_widget-1.0.2] startup
2026-10-09 01:27:23 [64,050ms] [Warning] [omni.isaac.lula_test_widget] omni.isaac.lula_test_widget has been deprecated in favor of isaacsim.robot_motion.lula_test_widget. Please update your code accordingly.
[64.381s] [ext: omni.sensors.nv.common-2.5.0-coreapi] startup
[65.457s] [ext: omni.isaac.manipulators-3.0.3] startup
2026-10-09 01:27:24 [65,157ms] [Warning] [omni.isaac.manipulators] omni.isaac.manipulators has been deprecated in favor of isaacsim.robot.manipulators. Please update your code accordingly.
2026-10-09 01:27:24 [65,158ms] [Warning] [omni.isaac.manipulators.controllers] omni.isaac.manipulators has been deprecated in favor of isaacsim.robot.manipulators. Please update your code accordingly.
2026-10-09 01:27:24 [65,158ms] [Warning] [omni.isaac.manipulators.controllers.pick_place_controller] omni.isaac.manipulators has been deprecated in favor of isaacsim.robot.manipulators. Please update your code accordingly.
2026-10-09 01:27:24 [65,191ms] [Warning] [omni.isaac.manipulators.controllers.stacking_controller] omni.isaac.manipulators has been deprecated in favor of isaacsim.robot.manipulators. Please update your code accordingly.
2026-10-09 01:27:24 [65,191ms] [Warning] [omni.isaac.manipulators.grippers] omni.isaac.manipulators has been deprecated in favor of isaacsim.robot.manipulators. Please update your code accordingly.
2026-10-09 01:27:24 [65,191ms] [Warning] [omni.isaac.manipulators.grippers.gripper] omni.isaac.manipulators has been deprecated in favor of isaacsim.robot.manipulators. Please update your code accordingly.
2026-10-09 01:27:24 [65,192ms] [Warning] [omni.isaac.manipulators.grippers.parallel_gripper] omni.isaac.manipulators has been deprecated in favor of isaacsim.robot.manipulators. Please update your code accordingly.
2026-10-09 01:27:24 [65,192ms] [Warning] [omni.isaac.manipulators.grippers.surface_gripper] omni.isaac.manipulators has been deprecated in favor of isaacsim.robot.manipulators. Please update your code accordingly.
2026-10-09 01:27:24 [65,192ms] [Warning] [omni.isaac.manipulators.manipulators] omni.isaac.manipulators has been deprecated in favor of isaacsim.robot.manipulators. Please update your code accordingly.
2026-10-09 01:27:24 [65,193ms] [Warning] [omni.isaac.manipulators.manipulators.single_manipulator] omni.isaac.manipulators has been deprecated in favor of isaacsim.robot.manipulators. Please update your code accordingly.
[65.522s] [ext: isaacsim.robot.policy.examples-4.0.3] startup
[65.550s] [ext: omni.isaac.menu-1.0.2] startup
2026-10-09 01:27:24 [65,224ms] [Warning] [omni.isaac.menu] omni.isaac.menu has been deprecated in favor of isaacsim.gui.menu. Please update your code accordingly.
[65.554s] [ext: omni.isaac.motion_generation-8.0.2] startup
2026-10-09 01:27:24 [65,229ms] [Warning] [omni.isaac.motion_generation] omni.isaac.motion_generation has been deprecated in favor of isaacsim.robot_motion.motion_generation. Please update your code accordingly.
2026-10-09 01:27:24 [65,229ms] [Warning] [omni.isaac.motion_generation.articulation_kinematics_solver] omni.isaac.motion_generation has been deprecated in favor of isaacsim.robot_motion.motion_generation. Please update your code accordingly.
2026-10-09 01:27:24 [65,229ms] [Warning] [omni.isaac.motion_generation.articulation_motion_policy] omni.isaac.motion_generation has been deprecated in favor of isaacsim.robot_motion.motion_generation. Please update your code accordingly.
2026-10-09 01:27:24 [65,230ms] [Warning] [omni.isaac.motion_generation.articulation_trajectory] omni.isaac.motion_generation has been deprecated in favor of isaacsim.robot_motion.motion_generation. Please update your code accordingly.
2026-10-09 01:27:24 [65,230ms] [Warning] [omni.isaac.motion_generation.kinematics_interface] omni.isaac.motion_generation has been deprecated in favor of isaacsim.robot_motion.motion_generation. Please update your code accordingly.
2026-10-09 01:27:24 [65,230ms] [Warning] [omni.isaac.motion_generation.lula] omni.isaac.motion_generation has been deprecated in favor of isaacsim.robot_motion.motion_generation. Please update your code accordingly.
2026-10-09 01:27:24 [65,230ms] [Warning] [omni.isaac.motion_generation.lula.kinematics] omni.isaac.motion_generation has been deprecated in favor of isaacsim.robot_motion.motion_generation. Please update your code accordingly.
2026-10-09 01:27:24 [65,231ms] [Warning] [omni.isaac.motion_generation.lula.motion_policies] omni.isaac.motion_generation has been deprecated in favor of isaacsim.robot_motion.motion_generation. Please update your code accordingly.
2026-10-09 01:27:24 [65,231ms] [Warning] [omni.isaac.motion_generation.lula.path_planners] omni.isaac.motion_generation has been deprecated in favor of isaacsim.robot_motion.motion_generation. Please update your code accordingly.
2026-10-09 01:27:24 [65,231ms] [Warning] [omni.isaac.motion_generation.lula.trajectory_generator] omni.isaac.motion_generation has been deprecated in favor of isaacsim.robot_motion.motion_generation. Please update your code accordingly.
2026-10-09 01:27:24 [65,232ms] [Warning] [omni.isaac.motion_generation.motion_policy_controller] omni.isaac.motion_generation has been deprecated in favor of isaacsim.robot_motion.motion_generation. Please update your code accordingly.
2026-10-09 01:27:24 [65,232ms] [Warning] [omni.isaac.motion_generation.motion_policy_interface] omni.isaac.motion_generation has been deprecated in favor of isaacsim.robot_motion.motion_generation. Please update your code accordingly.
2026-10-09 01:27:24 [65,232ms] [Warning] [omni.isaac.motion_generation.path_planner_visualizer] omni.isaac.motion_generation has been deprecated in favor of isaacsim.rob[New Thread 0x73bca57ff640 (LWP 17789)]
[Thread 0x73bca57ff640 (LWP 17789) exited]
[New Thread 0x73bca57ff640 (LWP 17790)]
[Thread 0x73bca57ff640 (LWP 17790) exited]
[New Thread 0x73bca57ff640 (LWP 17791)]
[New Thread 0x73bca37ff640 (LWP 17792)]
[Thread 0x73bca37ff640 (LWP 17792) exited]
[Thread 0x73bca57ff640 (LWP 17791) exited]
[New Thread 0x73bca37ff640 (LWP 17793)]
[Thread 0x73bca37ff640 (LWP 17793) exited]
[New Thread 0x73bca37ff640 (LWP 17794)]
[Thread 0x73bca37ff640 (LWP 17794) exited]
[New Thread 0x73bca37ff640 (LWP 17795)]
[Thread 0x73bca37ff640 (LWP 17795) exited]
ot_motion.motion_generation. Please update your code accordingly.
2026-10-09 01:27:24 [65,232ms] [Warning] [omni.isaac.motion_generation.path_planning_interface] omni.isaac.motion_generation has been deprecated in favor of isaacsim.robot_motion.motion_generation. Please update your code accordingly.
2026-10-09 01:27:24 [65,233ms] [Warning] [omni.isaac.motion_generation.trajectory] omni.isaac.motion_generation has been deprecated in favor of isaacsim.robot_motion.motion_generation. Please update your code accordingly.
2026-10-09 01:27:24 [65,233ms] [Warning] [omni.isaac.motion_generation.world_interface] omni.isaac.motion_generation has been deprecated in favor of isaacsim.robot_motion.motion_generation. Please update your code accordingly.
[65.562s] [ext: omni.sensors.nv.materials-1.4.0-coreapi] startup
[65.941s] [ext: omni.isaac.nucleus-1.0.3] startup
2026-10-09 01:27:25 [65,641ms] [Warning] [omni.isaac.nucleus] omni.isaac.nucleus has been deprecated in favor of isaacsim.storage.native. Please update your code accordingly.
2026-10-09 01:27:25 [65,642ms] [Warning] [omni.isaac.nucleus.nucleus] omni.isaac.nucleus.nucleus has been deprecated in favor of isaacsim.storage.native. Please update your code accordingly.
[65.971s] [ext: omni.isaac.quadruped-3.0.2] startup
2026-10-09 01:27:25 [65,644ms] [Warning] [omni.isaac.quadruped] omni.isaac.quadruped has been deprecated in favor of isaacsim.robot.policy.examples. Please update your code accordingly.
[65.973s] [ext: omni.kit.manipulator.selector-1.1.1] startup
[65.996s] [ext: omni.sensors.nv.wpm-2.4.0-coreapi] startup
[66.188s] [ext: omni.sensors.nv.lidar-2.6.3-coreapi] startup
[66.416s] [ext: omni.sensors.nv.ids-1.4.0-coreapi] startup
[66.855s] [ext: isaacsim.robot.manipulators.examples-1.0.3] startup
[66.878s] [ext: isaacsim.util.debug_draw-2.0.2] startup
[66.992s] [ext: omni.sensors.tiled-0.0.6] startup
[67.053s] [ext: omni.sensors.nv.radar-2.6.1-coreapi] startup
[67.396s] [ext: omni.kit.widget.toolbar-1.7.3] startup
[67.450s] [ext: omni.kit.manipulator.transform-106.0.1] startup
[67.473s] [ext: isaacsim.sensors.physx-2.2.4] startup
[67.627s] [ext: isaacsim.sensors.rtx-13.6.3] startup
[67.780s] [ext: isaacsim.sensors.camera-0.2.9] startup
[67.841s] [ext: isaacsim.cortex.framework-1.0.2] startup
[67.872s] [ext: omni.kit.manipulator.tool.snap-1.5.12] startup
[67.895s] [ext: omni.isaac.range_sensor-4.0.2] startup
[67.898s] [ext: omni.isaac.surface_gripper-2.0.2] startup
2026-10-09 01:27:27 [67,571ms] [Warning] [omni.isaac.surface_gripper] omni.isaac.surface_gripper has been deprecated in favor of isaacsim.robot.surface_gripper. Please update your code accordingly.
[67.901s] [ext: omni.isaac.sensor-13.0.3] startup
2026-10-09 01:27:27 [67,574ms] [Warning] [omni.isaac.sensor] omni.isaac.sensor has been deprecated in favor of isaacsim.sensors.camera, isaacsim.sensors.physics, isaacsim.sensors.physx, and isaacsim.sensors.rtx. Please update your code accordingly.
2026-10-09 01:27:27 [67,575ms] [Warning] [omni.isaac.sensor.camera] omni.isaac.sensor.camera has been deprecated in favor of isaacsim.sensors.camera.camera. Please update your code accordingly.
2026-10-09 01:27:27 [67,575ms] [Warning] [omni.isaac.sensor.camera_view] omni.isaac.sensor.camera_view has been deprecated in favor of isaacsim.sensors.camera.camera_view. Please update your code accordingly.
2026-10-09 01:27:27 [67,575ms] [Warning] [omni.isaac.sensor.commands] omni.isaac.sensor.commands has been deprecated in favor of isaacsim.sensors.physics.commands, isaacsim.sensors.physx.commands, and isaacsim.sensors.rtx.commands. Please update your code accordingly.
2026-10-09 01:27:27 [67,575ms] [Warning] [omni.isaac.sensor.contact_sensor] omni.isaac.sensor.contact_sensor has been deprecated in favor of isaacsim.sensors.physics.contact_sensor. Please update your code accordingly.
2026-10-09 01:27:27 [67,576ms] [Warning] [omni.isaac.sensor.imu_sensor] omni.isaac.sensor.imu_sensor has been deprecated in favor of isaacsim.sensors.physics.imu_sensor. Please update your code accordingly.
2026-10-09 01:27:27 [67,576ms] [Warning] [o[New Thread 0x73bca37ff640 (LWP 17806)]
[Thread 0x73bca37ff640 (LWP 17806) exited]
[New Thread 0x73bca37ff640 (LWP 17807)]
[Thread 0x73bca37ff640 (LWP 17807) exited]
[New Thread 0x73bca37ff640 (LWP 17808)]
[Thread 0x73bca37ff640 (LWP 17808) exited]
[New Thread 0x73bca37ff640 (LWP 17809)]
[Thread 0x73bca37ff640 (LWP 17809) exited]
[New Thread 0x73bca37ff640 (LWP 17810)]
[New Thread 0x73bca57ff640 (LWP 17811)]
[Thread 0x73bca57ff640 (LWP 17811) exited]
[Thread 0x73bca37ff640 (LWP 17810) exited]
[New Thread 0x73bca37ff640 (LWP 17812)]
mni.isaac.sensor.lidar_rtx] omni.isaac.sensor.lidar_rtx has been deprecated in favor of isaacsim.sensors.rtx.lidar_rtx. Please update your code accordingly.
2026-10-09 01:27:27 [67,576ms] [Warning] [omni.isaac.sensor.rotating_lidar_physX] omni.isaac.sensor.imu_sensor has been deprecated in favor of isaacsim.sensors.physix.rotating_lidar_physX. Please update your code accordingly.
2026-10-09 01:27:27 [67,578ms] [Warning] [omni.isaac.sensor.scripts.samples.contact_sensor] omni.isaac.sensor.scripts.samples.contact_sensor has been deprecated in favor of isaacsim.sensors.physics.scripts.samples.contact_sensor. Please update your code accordingly.
2026-10-09 01:27:27 [67,578ms] [Warning] [omni.isaac.sensor.scripts.samples.imu_sensor] omni.isaac.sensor.scripts.samples.imu_sensor has been deprecated in favor of isaacsim.sensors.physics.scripts.samples.imu_sensor. Please update your code accordingly.
2026-10-09 01:27:27 [67,578ms] [Warning] [omni.isaac.sensor.scripts.samples.lightbeam_sensor] omni.isaac.sensor.scripts.samples.lightbeam_sensor has been deprecated in favor of isaacsim.sensors.physx.scripts.samples.lightbeam_sensor. Please update your code accordingly.
[67.907s] [ext: omni.isaac.cortex-1.0.2] startup
2026-10-09 01:27:27 [67,597ms] [Warning] [omni.isaac.cortex] omni.isaac.cortex has been deprecated in favor of isaacsim.cortex.framework. Please update your code accordingly.
[67.926s] [ext: omni.kit.viewport.manipulator.transform-107.0.4] startup
[67.932s] [ext: omni.debugdraw-0.1.3] startup
[68.007s] [ext: omni.isaac.universal_robots-1.0.2] startup
2026-10-09 01:27:27 [67,679ms] [Warning] [omni.isaac.universal_robots] omni.isaac.universal_robots has been deprecated in favor of isaacsim.robot.manipulators.examples.universal_robots. Please update your code accordingly.
2026-10-09 01:27:27 [67,679ms] [Warning] [omni.isaac.universal_robots.kinematics_solver] omni.isaac.franka has been deprecated in favor of isaacsim.robot.manipulators.examples.universal_robots. Please update your code accordingly.
2026-10-09 01:27:27 [67,700ms] [Warning] [omni.isaac.universal_robots.ur10] omni.isaac.franka has been deprecated in favor of isaacsim.robot.manipulators.examples.universal_robots. Please update your code accordingly.
[68.032s] [ext: omni.isaac.utils-2.0.2] startup
[68.033s] [ext: omni.kit.manipulator.prim.core-107.0.7] startup
[68.071s] [ext: omni.fabric.commands-1.1.5] startup
[68.115s] [ext: omni.kit.manipulator.selection-106.0.1] startup
[68.130s] [ext: omni.kit.viewport.actions-107.0.0] startup
[68.143s] [ext: omni.kit.manipulator.prim.usd-107.0.3] startup
[68.147s] [ext: omni.kit.manipulator.prim.fabric-107.0.4] startup
[68.159s] [ext: isaacsim.cortex.behaviors-2.0.3] startup
[68.162s] [ext: omni.kit.widget.layers-1.8.2] startup
[68.203s] [ext: omni.kit.viewport.menubar.display-107.0.3] startup
[68.218s] [ext: omni.kit.manipulator.prim-107.0.0] startup
[68.220s] [ext: omni.isaac.cortex.sample_behaviors-2.0.2] startup
2026-10-09 01:27:27 [67,891ms] [Warning] [omni.isaac.cortex.sample_behaviors] omni.isaac.cortex.sample_behaviors has been deprecated in favor of isaacsim.cortex.behaviors. Please update your code accordingly.
[68.221s] [ext: omni.graph.ui_nodes-1.40.1] startup
[68.357s] [ext: omni.usdphysics.ui-106.5.7] startup
[68.501s] [ext: omni.physx.commands-106.5.7] startup
[68.559s] [ext: omni.kit.property.camera-1.0.9] startup
[68.582s] [ext: omni.hydra.scene_api-0.1.2] startup
[68.764s] [ext: omni.kit.property.geometry-1.3.3] startup
[68.785s] [ext: omni.kit.property.light-1.0.11] startup
[68.789s] [ext: omni.physx.ui-106.5.7] startup
[69.007s] [ext: omni.kit.property.material-1.10.17] startup
[69.048s] [ext: omni.kit.property.render-1.1.3] startup
[69.052s] [ext: omni.kit.property.transform-1.5.10] startup
[69.072s] [ext: omni.kit.property.audio-1.0.16] startup
[69.076s] [ext: isaacsim.gui.property-1.0.4] startup
[69.105s] [ext: omni.physx.demos-106.5.7] startup
[69.185s] [ext: omni.kit.property.physx-106.5.7] startup
[69.414s] [ext: omni.isaac.lula-4.0.2] startup
2026-10-09 01:27:28 [69,095ms] [Warning] [omni.isaac.[New Thread 0x73bca57ff640 (LWP 17825)]
[Thread 0x73bca57ff640 (LWP 17825) exited]
[New Thread 0x73bca57ff640 (LWP 17826)]
[Thread 0x73bca57ff640 (LWP 17826) exited]
[New Thread 0x73bca57ff640 (LWP 17827)]
[Thread 0x73bca57ff640 (LWP 17827) exited]
[New Thread 0x73bca57ff640 (LWP 17828)]
[Thread 0x73bca57ff640 (LWP 17828) exited]
[New Thread 0x73bca57ff640 (LWP 17829)]
[New Thread 0x73bca2ffe640 (LWP 17830)]
[Thread 0x73bca57ff640 (LWP 17829) exited]
[Thread 0x73bca2ffe640 (LWP 17830) exited]
[New Thread 0x73bca2ffe640 (LWP 17831)]
[Thread 0x73bca2ffe640 (LWP 17831) exited]
[New Thread 0x73bca2ffe640 (LWP 17832)]
[Thread 0x73bca2ffe640 (LWP 17832) exited]
[New Thread 0x73bca2ffe640 (LWP 17833)]
[Thread 0x73bca2ffe640 (LWP 17833) exited]
[New Thread 0x73bca2ffe640 (LWP 17834)]
[Thread 0x73bca2ffe640 (LWP 17834) exited]
[New Thread 0x73bca2ffe640 (LWP 17835)]
[Thread 0x73bca2ffe640 (LWP 17835) exited]
[New Thread 0x73bca2ffe640 (LWP 17836)]
[Thread 0x73bca2ffe640 (LWP 17836) exited]
[New Thread 0x73bca2ffe640 (LWP 17837)]
[Thread 0x73bca2ffe640 (LWP 17837) exited]
[New Thread 0x73bca2ffe640 (LWP 17838)]
[Thread 0x73bca2ffe640 (LWP 17838) exited]
[New Thread 0x73bca2ffe640 (LWP 17839)]
[New Thread 0x73bca57ff640 (LWP 17840)]
[Thread 0x73bca57ff640 (LWP 17840) exited]
[Thread 0x73bca2ffe640 (LWP 17839) exited]
[New Thread 0x73bca57ff640 (LWP 17841)]
[Thread 0x73bca57ff640 (LWP 17841) exited]
[New Thread 0x73bca57ff640 (LWP 17842)]
[Thread 0x73bca57ff640 (LWP 17842) exited]
[New Thread 0x73bca57ff640 (LWP 17843)]
[Thread 0x73bca57ff640 (LWP 17843) exited]
lula] omni.isaac.lula has been deprecated in favor of isaacsim.robot_motion.lula. Please update your code accordingly.
[69.424s] [ext: omni.kit.property.bundle-1.3.2] startup
[69.429s] [ext: omni.kit.property.isaac-1.0.2] startup
2026-10-09 01:27:28 [69,117ms] [Warning] [omni.kit.property.isaac] omni.kit.property.isaac has been deprecated in favor of isaacsim.gui.property. Please update your code accordingly.
2026-10-09 01:27:28 [69,118ms] [Warning] [omni.kit.property.isaac.widgets] omni.kit.property.isaac.widgets has been deprecated in favor of isaacsim.gui.property.widgets. Please update your code accordingly.
[69.448s] [ext: omni.physx.vehicle-106.5.7] startup
[69.614s] [ext: omni.kit.viewport.menubar.camera-107.0.2] startup
[69.641s] [ext: omni.kit.viewport.menubar.lighting-106.0.2] startup
[69.647s] [ext: omni.kit.viewport.menubar.render-107.0.8] startup
[69.663s] [ext: omni.kit.viewport.menubar.settings-107.0.3] startup
[69.672s] [ext: omni.kit.window.console-0.2.14] startup
[69.800s] [ext: omni.physx.camera-106.5.7] startup
[69.923s] [ext: omni.kit.window.toolbar-1.6.2] startup
[69.956s] [ext: omni.isaac.version-2.0.2] startup
2026-10-09 01:27:29 [69,629ms] [Warning] [omni.isaac.version] omni.isaac.version has been deprecated in favor of isaacsim.core.version. Please update your code accordingly.
[69.959s] [ext: isaacsim.robot.wheeled_robots-4.0.3] startup
[70.259s] [ext: omni.physx.cct-106.5.7] startup
[70.390s] [ext: omni.physx.graph-106.5.7] startup
[70.674s] [ext: isaacsim.replicator.writers-1.0.1] startup
[70.947s] [ext: omni.physx.supportui-106.5.7] startup
[71.156s] [ext: omni.physx.telemetry-106.5.7] startup
[71.277s] [ext: omni.isaac.wheeled_robots-3.0.3] startup
2026-10-09 01:27:30 [70,958ms] [Warning] [omni.isaac.wheeled_robots] omni.isaac.wheeled_robots has been deprecated in favor of isaacsim.robot.wheeled_robots. Please update your code accordingly.
2026-10-09 01:27:30 [70,959ms] [Warning] [omni.isaac.wheeled_robots.controllers] omni.isaac.wheeled_robots has been deprecated in favor of isaacsim.robot.wheeled_robots. Please update your code accordingly.
2026-10-09 01:27:30 [70,959ms] [Warning] [omni.isaac.wheeled_robots.controllers.ackermann_controller] omni.isaac.wheeled_robots has been deprecated in favor of isaacsim.robot.wheeled_robots. Please update your code accordingly.
2026-10-09 01:27:30 [70,960ms] [Warning] [omni.isaac.wheeled_robots.controllers.differential_controller] omni.isaac.wheeled_robots has been deprecated in favor of isaacsim.robot.wheeled_robots. Please update your code accordingly.
2026-10-09 01:27:30 [70,960ms] [Warning] [omni.isaac.wheeled_robots.controllers.holonomic_controller] omni.isaac.wheeled_robots has been deprecated in favor of isaacsim.robot.wheeled_robots. Please update your code accordingly.
2026-10-09 01:27:30 [70,960ms] [Warning] [omni.isaac.wheeled_robots.controllers.quintic_path_planner] omni.isaac.wheeled_robots has been deprecated in favor of isaacsim.robot.wheeled_robots. Please update your code accordingly.
2026-10-09 01:27:30 [70,961ms] [Warning] [omni.isaac.wheeled_robots.controllers.stanley_control] omni.isaac.wheeled_robots has been deprecated in favor of isaacsim.robot.wheeled_robots. Please update your code accordingly.
2026-10-09 01:27:30 [70,961ms] [Warning] [omni.isaac.wheeled_robots.controllers.wheel_base_pose_controller] omni.isaac.wheeled_robots has been deprecated in favor of isaacsim.robot.wheeled_robots. Please update your code accordingly.
2026-10-09 01:27:30 [70,962ms] [Warning] [omni.isaac.wheeled_robots.impl] omni.isaac.wheeled_robots has been deprecated in favor of isaacsim.robot.wheeled_robots. Please update your code accordingly.
2026-10-09 01:27:30 [70,962ms] [Warning] [omni.isaac.wheeled_robots.robots] omni.isaac.wheeled_robots has been deprecated in favor of isaacsim.robot.wheeled_robots. Please update your code accordingly.
2026-10-09 01:27:30 [70,963ms] [Warning] [omni.isaac.wheeled_robots.robots.holonomic_robot_usd_setup] omni.isaac.wheeled_robots has been deprecated in favor of isaacsim.robot.wheeled_robots. Please update your co[New Thread 0x73bca57ff640 (LWP 17844)]
[Thread 0x73bca57ff640 (LWP 17844) exited]
[New Thread 0x73bca57ff640 (LWP 17845)]
[Thread 0x73bca57ff640 (LWP 17845) exited]
[New Thread 0x73bca57ff640 (LWP 17846)]
[Thread 0x73bca57ff640 (LWP 17846) exited]
[New Thread 0x73bca57ff640 (LWP 17847)]
[Thread 0x73bca57ff640 (LWP 17847) exited]
[New Thread 0x73bca57ff640 (LWP 17848)]
[New Thread 0x73bca2ffe640 (LWP 17849)]
[Thread 0x73bca57ff640 (LWP 17848) exited]
[New Thread 0x73bca57ff640 (LWP 17850)]
[Thread 0x73bca57ff640 (LWP 17850) exited]
[New Thread 0x73bca57ff640 (LWP 17851)]
[Thread 0x73bca57ff640 (LWP 17851) exited]
[New Thread 0x73bca57ff640 (LWP 17852)]
[Thread 0x73bca57ff640 (LWP 17852) exited]
[New Thread 0x73bca57ff640 (LWP 17853)]
[Thread 0x73bca57ff640 (LWP 17853) exited]
[New Thread 0x73bca57ff640 (LWP 17854)]
[Thread 0x73bca57ff640 (LWP 17854) exited]
[New Thread 0x73bca57ff640 (LWP 17855)]
[Thread 0x73bca57ff640 (LWP 17855) exited]
[New Thread 0x73bca57ff640 (LWP 17856)]
[Thread 0x73bca57ff640 (LWP 17856) exited]
[New Thread 0x73bca57ff640 (LWP 17857)]
[New Thread 0x73bca1ffc640 (LWP 17858)]
[New Thread 0x73bc523ff640 (LWP 17868)]
[Thread 0x73bc523ff640 (LWP 17868) exited]
[New Thread 0x73beb69ff640 (LWP 17881)]
[New Thread 0x73beb65ff640 (LWP 17882)]
de accordingly.
2026-10-09 01:27:30 [70,963ms] [Warning] [omni.isaac.wheeled_robots.robots.wheeled_robot] omni.isaac.wheeled_robots has been deprecated in favor of isaacsim.robot.wheeled_robots. Please update your code accordingly.
[71.292s] [ext: omni.isaac.franka-1.0.2] startup
2026-10-09 01:27:30 [70,982ms] [Warning] [omni.isaac.franka] omni.isaac.franka has been deprecated in favor of isaacsim.robot.manipulators.examples.franka. Please update your code accordingly.
2026-10-09 01:27:30 [70,983ms] [Warning] [omni.isaac.franka.franka] omni.isaac.franka has been deprecated in favor of isaacsim.robot.manipulators.examples.franka. Please update your code accordingly.
2026-10-09 01:27:30 [71,016ms] [Warning] [omni.isaac.franka.kinematics_solver] omni.isaac.franka has been deprecated in favor of isaacsim.robot.manipulators.examples.franka. Please update your code accordingly.
[71.345s] [ext: isaacsim.replicator.domain_randomization-1.0.2] startup
[71.353s] [ext: isaacsim.replicator.examples-1.1.2] startup
[71.381s] [ext: omni.kit.window.status_bar-0.1.7] startup
[71.484s] [ext: omni.rtx.window.settings-0.6.17] startup
[71.572s] [ext: omni.usd.metrics.assembler-106.5.0] startup
[71.718s] [ext: omni.physx.bundle-106.5.7] startup
[71.719s] [ext: isaacsim.app.about-2.0.7] startup
[71.736s] [ext: omni.replicator.isaac-2.0.3] startup
2026-10-09 01:27:31 [71,409ms] [Warning] [omni.replicator.isaac] omni.replicator.isaac has been deprecated in favor of isaacsim.replicator.domain_randomization, isaacsim.replicator.examples, isaacsim.replicator.writers. Please update your code accordingly.
[71.738s] [ext: omni.replicator.replicator_yaml-2.0.10] startup
[71.762s] [ext: omni.rtx.settings.core-0.6.3] startup
[71.846s] [ext: omni.usd.metrics.assembler.ui-106.5.0] startup
[71.858s] [ext: isaacsim.simulation_app-2.4.2] startup
[71.860s] [ext: omni.isaac.window.about-2.0.2] startup
2026-10-09 01:27:31 [71,535ms] [Warning] [omni.isaac.window.about] omni.isaac.window.about has been deprecated in favor of isaacsim.app.about. Please update your code accordingly.
2026-10-09 01:27:31 [71,535ms] [Warning] [omni.isaac.window.about.about] omni.isaac.window.about.about has been deprecated in favor of isaacsim.app.about.about. Please update your code accordingly.
[71.864s] [ext: semantics.schema.editor-0.3.10] startup
[71.869s] [ext: omni.kit.ui.actions-1.0.2] startup
[71.871s] [ext: semantics.schema.property-1.0.5] startup
[71.874s] [ext: omni.kit.manipulator.camera-106.0.3] startup
[71.897s] [ext: omni.isaac.kit-2.0.3] startup
2026-10-09 01:27:31 [71,591ms] [Warning] [omni.isaac.kit] omni.isaac.kit has been deprecated in favor of isaacsim.simulation_app. Please update your code accordingly.
[71.920s] [ext: omni.isaac.asset_browser-1.0.2] startup
2026-10-09 01:27:31 [71,620ms] [Warning] [omni.isaac.asset_browser] omni.isaac.asset_browser has been deprecated in favor of isaacsim.asset.browser. Please update your code accordingly.
[71.949s] [ext: isaacsim.core.throttling-2.0.2] startup
[71.976s] [ext: omni.kit.menu.common-1.1.9] startup
[71.992s] [ext: isaacsim.exp.base-4.5.0] startup
[71.993s] [ext: isaacsim.exp.base.python-4.5.0] startup
[72.008s] Simulation App Starting
[75.869s] app ready
[New Thread 0x73bc50fff640 (LWP 17883)]
[New Thread 0x73bc2bdff640 (LWP 17896)]
[New Thread 0x73bc2b5fe640 (LWP 17897)]
[Thread 0x73bc2b5fe640 (LWP 17897) exited]
[New Thread 0x73bc2adfd640 (LWP 17898)]
[Thread 0x73bc2adfd640 (LWP 17898) exited]
[New Thread 0x73bc2a5fc640 (LWP 17900)]
[Thread 0x73bc2a5fc640 (LWP 17900) exited]
[New Thread 0x73bc29dfb640 (LWP 17901)]
[Thread 0x73bc29dfb640 (LWP 17901) exited]
[New Thread 0x73bc287ff640 (LWP 17902)]
[New Thread 0x73bc27ffe640 (LWP 17903)]
[New Thread 0x73bc277fd640 (LWP 17904)]
[New Thread 0x73bc26ffc640 (LWP 17905)]
[New Thread 0x73bc267fb640 (LWP 17906)]
[New Thread 0x73bc25ffa640 (LWP 17907)]
[New Thread 0x73bc257f9640 (LWP 17908)]
[New Thread 0x73bc24ff8640 (LWP 17909)]
[New Thread 0x73bc247f7640 (LWP 17910)]
[New Thread 0x73bc23ff6640 (LWP 17911)]
[New Thread 0x73bc237f5640 (LWP 17912)]
[New Thread 0x73bc22ff4640 (LWP 17913)]
[New Thread 0x73bc227f3640 (LWP 17914)]
[New Thread 0x73bc21ff2640 (LWP 17915)]
[New Thread 0x73bc217f1640 (LWP 17916)]
[New Thread 0x73bc20ff0640 (LWP 17917)]
[New Thread 0x73bc207ef640 (LWP 17918)]
[Thread 0x73bc207ef640 (LWP 17918) exited]
[Thread 0x73bc20ff0640 (LWP 17917) exited]
[Thread 0x73bc217f1640 (LWP 17916) exited]
[Thread 0x73bc21ff2640 (LWP 17915) exited]
[Thread 0x73bc227f3640 (LWP 17914) exited]
[Thread 0x73bc22ff4640 (LWP 17913) exited]
[Thread 0x73bc237f5640 (LWP 17912) exited]
[Thread 0x73bc23ff6640 (LWP 17911) exited]
[Thread 0x73bc247f7640 (LWP 17910) exited]
[Thread 0x73bc24ff8640 (LWP 17909) exited]
[Thread 0x73bc257f9640 (LWP 17908) exited]
[Thread 0x73bc25ffa640 (LWP 17907) exited]
[Thread 0x73bc267fb640 (LWP 17906) exited]
[Thread 0x73bc26ffc640 (LWP 17905) exited]
[Thread 0x73bc277fd640 (LWP 17904) exited]
[New Thread 0x73bc277fd640 (LWP 17919)]
[Thread 0x73bc50fff640 (LWP 17883) exited]
[New Thread 0x73bc50fff640 (LWP 17920)]
[Thread 0x73bc50fff640 (LWP 17920) exited]
[New Thread 0x73bc26ffc640 (LWP 17921)]
[New Thread 0x73bc267fb640 (LWP 17930)]
[Thread 0x73bc267fb640 (LWP 17930) exited]
[New Thread 0x73bc25ffa640 (LWP 17931)]
[Thread 0x73bc25ffa640 (LWP 17931) exited]
[New Thread 0x73afe3fff640 (LWP 17932)]
[Thread 0x73afe3fff640 (LWP 17932) exited]
[New Thread 0x73afe37fe640 (LWP 17933)]
[Thread 0x73afe37fe640 (LWP 17933) exited]
[New Thread 0x73afe2ffd640 (LWP 17934)]
[Thread 0x73afe2ffd640 (LWP 17934) exited]
2026-10-09 01:27:37 [77,905ms] [Warning] [rtx.scenedb.plugin] SceneDbContext : TLAS limit buffer size 7508933632
2026-10-09 01:27:37 [77,905ms] [Warning] [rtx.scenedb.plugin] SceneDbContext : TLAS limit : valid false, within: false
2026-10-09 01:27:37 [77,905ms] [Warning] [rtx.scenedb.plugin] SceneDbContext : TLAS limit : decrement: 167690, decrement size: 7433845248
2026-10-09 01:27:37 [77,905ms] [Warning] [rtx.scenedb.plugin] SceneDbContext : New limit 9574251 (slope: 447, intercept: 13179904)
2026-10-09 01:27:37 [77,905ms] [Warning] [rtx.scenedb.plugin] SceneDbContext : TLAS limit buffer size 4287216384
2026-10-09 01:27:37 [77,905ms] [Warning] [rtx.scenedb.plugin] SceneDbContext : TLAS limit : valid true, within: true
[New Thread 0x73afdcbff640 (LWP 17975)]
[Thread 0x73afdcbff640 (LWP 17975) exited]
[New Thread 0x73afd17ff640 (LWP 17976)]
[Thread 0x73afd17ff640 (LWP 17976) exited]
[New Thread 0x73afd0ffe640 (LWP 17977)]
[Thread 0x73afd0ffe640 (LWP 17977) exited]
[New Thread 0x73afcbfff640 (LWP 17978)]
[Thread 0x73afcbfff640 (LWP 17978) exited]
[New Thread 0x73afcb7fe640 (LWP 18016)]
[Thread 0x73afcb7fe640 (LWP 18016) exited]
[New Thread 0x73afcaffd640 (LWP 18017)]
[Thread 0x73afcaffd640 (LWP 18017) exited]
[New Thread 0x73afca7fc640 (LWP 18018)]
[Thread 0x73afca7fc640 (LWP 18018) exited]
[New Thread 0x73afc9ffb640 (LWP 18019)]
[Thread 0x73afc9ffb640 (LWP 18019) exited]
[New Thread 0x73afc97fa640 (LWP 18056)]
[Thread 0x73afc97fa640 (LWP 18056) exited]
[New Thread 0x73afc8ff9640 (LWP 18083)]
[New Thread 0x73af966f1640 (LWP 18084)]
[New Thread 0x73af95ef0640 (LWP 18085)]
[New Thread 0x73af94eee640 (LWP 18087)]
[New Thread 0x73af956ef640 (LWP 18086)]
[New Thread 0x73af8ffff640 (LWP 18088)]
[New Thread 0x73af8f7fe640 (LWP 18089)]
[New Thread 0x73af8effd640 (LWP 18090)]
[Thread 0x73af8ffff640 (LWP 18088) exited]
[Thread 0x73af8f7fe640 (LWP 18089) exited]
[Thread 0x73afc8ff9640 (LWP 18083) exited]
[Thread 0x73af95ef0640 (LWP 18085) exited]
[Thread 0x73af8effd640 (LWP 18090) exited]
[Thread 0x73af956ef640 (LWP 18086) exited]
[Thread 0x73af94eee640 (LWP 18087) exited]
[Thread 0x73af966f1640 (LWP 18084) exited]
Starting kit application with the following args:  ['/home/ubuntu2004/isaacsim-4.5.0/exts/isaacsim.simulation_app/isaacsim/simulation_app/simulation_app.py', '/home/ubuntu2004/isaacsim-4.5.0/apps/isaacsim.exp.base.python.kit', '--/app/tokens/exe-path=/home/ubuntu2004/isaacsim-4.5.0/kit', '--/persistent/app/viewport/displayOptions=3094', '--/rtx/materialDb/syncLoads=False', '--/rtx/hydra/materialSyncLoads=False', '--/omni.kit.plugin/syncUsdLoads=False', '--/app/renderer/resolution/width=1280', '--/app/renderer/resolution/height=960', '--/app/window/width=1440', '--/app/window/height=900', '--/renderer/multiGpu/enabled=False', '--/app/fastShutdown=True', '--/app/installSignalHandlers=0', '--ext-folder', '/home/ubuntu2004/isaacsim-4.5.0/exts', '--ext-folder', '/home/ubuntu2004/isaacsim-4.5.0/apps', '--/physics/cudaDevice=0', '--portable']
Passing the following args to the base kit application:  ['--output-dir', '/home/ubuntu2004/lmy/dual-arm-coordinated-manipulation-reproduction/results/20261009_TASK01_startup_native_stack01/raw', '--wall-limit-sec', '180', '--reset-repeats', '0']
Warp 1.5.0 initialized:
   CUDA Toolkit 11.8, Driver 13.0
   Devices:
     "cpu"      : "x86_64"
     "cuda:0"   : "NVIDIA GeForce RTX 3070" (8 GiB, sm_86, mempool enabled)
   Kernel cache:
     /home/ubuntu2004/.cache/warp/1.5.0
TASK01_STARTUP_GUARD {"scope": "startup_diagnosis_only", "status": "BEFORE_SOURCE_LINE", "original_gui_sha256": "539615dc789460abc2e3b0b2e7c09dff8c7ad00b8dc74327f1e8d114a0a1a77c", "source": "/home/ubuntu2004/lmy/dual-arm-coordinated-manipulation-reproduction/platforms/isaac_ros2/handoff/task01_insert_ready_gui.py", "barrier_line": 125, "observed_line": 100, "pid": 17071, "robot_suction_rail_commands_authorized": false, "simulation_timestamp": null, "not_scientific_simulation_evidence": true}
[Detaching after vfork from child process 18133]
[New Thread 0x73af5adff640 (LWP 18147)]
[Thread 0x73af5adff640 (LWP 18147) exited]
[New Thread 0x73af5adff640 (LWP 18149)]
[Thread 0x73af5adff640 (LWP 18149) exited]
[New Thread 0x73af5adff640 (LWP 18150)]
[Thread 0x73af5adff640 (LWP 18150) exited]
[New Thread 0x73af5adff640 (LWP 18152)]
[Thread 0x73af5adff640 (LWP 18152) exited]
[New Thread 0x73af5adff640 (LWP 18153)]
[Thread 0x73af5adff640 (LWP 18153) exited]
[New Thread 0x73af5adff640 (LWP 18154)]
[Thread 0x73af5adff640 (LWP 18154) exited]
TASK01_STARTUP_GUARD {"scope": "startup_diagnosis_only", "status": "BEFORE_SOURCE_LINE", "original_gui_sha256": "539615dc789460abc2e3b0b2e7c09dff8c7ad00b8dc74327f1e8d114a0a1a77c", "source": "/home/ubuntu2004/lmy/dual-arm-coordinated-manipulation-reproduction/platforms/isaac_ros2/handoff/task01_insert_ready_gui.py", "barrier_line": 125, "observed_line": 106, "pid": 17071, "robot_suction_rail_commands_authorized": false, "simulation_timestamp": null, "not_scientific_simulation_evidence": true}
TASK01_STARTUP_GUARD {"scope": "startup_diagnosis_only", "status": "BEFORE_SOURCE_LINE", "original_gui_sha256": "539615dc789460abc2e3b0b2e7c09dff8c7ad00b8dc74327f1e8d114a0a1a77c", "source": "/home/ubuntu2004/lmy/dual-arm-coordinated-manipulation-reproduction/platforms/isaac_ros2/handoff/task01_insert_ready_gui.py", "barrier_line": 125, "observed_line": 107, "pid": 17071, "robot_suction_rail_commands_authorized": false, "simulation_timestamp": null, "not_scientific_simulation_evidence": true}
TASK01_STARTUP_GUARD {"scope": "startup_diagnosis_only", "status": "BEFORE_SOURCE_LINE", "original_gui_sha256": "539615dc789460abc2e3b0b2e7c09dff8c7ad00b8dc74327f1e8d114a0a1a77c", "source": "/home/ubuntu2004/lmy/dual-arm-coordinated-manipulation-reproduction/platforms/isaac_ros2/handoff/task01_insert_ready_gui.py", "barrier_line": 125, "observed_line": 120, "pid": 17071, "robot_suction_rail_commands_authorized": false, "simulation_timestamp": null, "not_scientific_simulation_evidence": true}
TASK01_STARTUP_GUARD {"scope": "startup_diagnosis_only", "status": "BEFORE_SOURCE_LINE", "original_gui_sha256": "539615dc789460abc2e3b0b2e7c09dff8c7ad00b8dc74327f1e8d114a0a1a77c", "source": "/home/ubuntu2004/lmy/dual-arm-coordinated-manipulation-reproduction/platforms/isaac_ros2/handoff/task01_insert_ready_gui.py", "barrier_line": 125, "observed_line": 122, "pid": 17071, "robot_suction_rail_commands_authorized": false, "simulation_timestamp": null, "not_scientific_simulation_evidence": true}
TASK01_STARTUP_GUARD {"scope": "startup_diagnosis_only", "status": "BEFORE_SOURCE_LINE", "original_gui_sha256": "539615dc789460abc2e3b0b2e7c09dff8c7ad00b8dc74327f1e8d114a0a1a77c", "source": "/home/ubuntu2004/lmy/dual-arm-coordinated-manipulation-reproduction/platforms/isaac_ros2/handoff/task01_insert_ready_gui.py", "barrier_line": 125, "observed_line": 124, "pid": 17071, "robot_suction_rail_commands_authorized": false, "simulation_timestamp": null, "not_scientific_simulation_evidence": true}
[New Thread 0x73af85dfd640 (LWP 18174)]
[New Thread 0x73af84dfb640 (LWP 18176)]
[New Thread 0x73af5a5fe640 (LWP 18177)]
[New Thread 0x73af59dfd640 (LWP 18178)]
[New Thread 0x73af86dff640 (LWP 18172)]
[New Thread 0x73af5adff640 (LWP 18171)]
[New Thread 0x73af855fc640 (LWP 18175)]
[New Thread 0x73af865fe640 (LWP 18173)]
[Thread 0x73af5a5fe640 (LWP 18177) exited]
[Thread 0x73af84dfb640 (LWP 18176) exited]
[Thread 0x73af855fc640 (LWP 18175) exited]
[Thread 0x73af86dff640 (LWP 18172) exited]
[Thread 0x73af85dfd640 (LWP 18174) exited]
[Thread 0x73af865fe640 (LWP 18173) exited]
[Thread 0x73af59dfd640 (LWP 18178) exited]
[Thread 0x73af5adff640 (LWP 18171) exited]
malloc_consolidate(): unaligned fastbin chunk detected

Thread 67 "tbb.worker" received signal SIGSEGV, Segmentation fault.
[Switching to Thread 0x73bebc5ff640 (LWP 17392)]
0x000073be3cf418d9 in ?? () from /home/ubuntu2004/isaacsim-4.5.0/extscache/omni.graph.core-2.181.8+d02c707b.lx64.r/bin/libomni.graph.core.plugin.so
TASK01_GDB_STOPPED_INFERIOR_PID=17071
TASK01_GDB_COMMAND=info program
	Using the running image of child Thread 0x73bebc5ff640 (LWP 17392).
Program stopped at 0x73be3cf418d9.
It stopped with signal SIGSEGV, Segmentation fault.
TASK01_GDB_COMMAND=p $_siginfo
$1 = {si_signo = 11, si_errno = 0, si_code = 1, _sifields = {_pad = {64, 0 <repeats 27 times>}, _kill = {si_pid = 64, si_uid = 0}, _timer = {si_tid = 64, si_overrun = 0, si_sigval = {sival_int = 0, sival_ptr = 0x0}}, _rt = {si_pid = 64, si_uid = 0, si_sigval = {sival_int = 0, sival_ptr = 0x0}}, _sigchld = {si_pid = 64, si_uid = 0, si_status = 0, si_utime = 0, si_stime = 0}, _sigfault = {si_addr = 0x40, _addr_lsb = 0, _addr_bnd = {_lower = 0x0, _upper = 0x0}}, _sigpoll = {si_band = 64, si_fd = 0}, _sigsys = {_call_addr = 0x40, _syscall = 0, _arch = 0}}}
TASK01_GDB_COMMAND=bt 30
#0  0x000073be3cf418d9 in ?? () from /home/ubuntu2004/isaacsim-4.5.0/extscache/omni.graph.core-2.181.8+d02c707b.lx64.r/bin/libomni.graph.core.plugin.so
#1  0x000073bdf4e38f59 in ?? () from /home/ubuntu2004/isaacsim-4.5.0/extscache/omni.graph.image.core-0.6.0+d02c707b.lx64.r/bin/libomni.graph.image.core.plugin.so
#2  0x000073bdf4e41057 in ?? () from /home/ubuntu2004/isaacsim-4.5.0/extscache/omni.graph.image.core-0.6.0+d02c707b.lx64.r/bin/libomni.graph.image.core.plugin.so
#3  0x000073be5b2205dc in ?? () from /home/ubuntu2004/isaacsim-4.5.0/extscache/omni.kit.exec.core-0.13.4+d02c707b.lx64.r.cp310/bin/libomni.kit.exec.core.plugin.so
#4  0x000073be5b2206cd in ?? () from /home/ubuntu2004/isaacsim-4.5.0/extscache/omni.kit.exec.core-0.13.4+d02c707b.lx64.r.cp310/bin/libomni.kit.exec.core.plugin.so
#5  0x000073bf0742f38a in ?? () from /home/ubuntu2004/isaacsim-4.5.0/extscache/omni.usd.libs-1.0.1+d02c707b.lx64.r.cp310/bin/libtbb.so
#6  0x000073bf07427d19 in ?? () from /home/ubuntu2004/isaacsim-4.5.0/extscache/omni.usd.libs-1.0.1+d02c707b.lx64.r.cp310/bin/libtbb.so
#7  0x000073bf07427475 in ?? () from /home/ubuntu2004/isaacsim-4.5.0/extscache/omni.usd.libs-1.0.1+d02c707b.lx64.r.cp310/bin/libtbb.so
#8  0x000073bf07421e7d in ?? () from /home/ubuntu2004/isaacsim-4.5.0/extscache/omni.usd.libs-1.0.1+d02c707b.lx64.r.cp310/bin/libtbb.so
#9  0x000073bf07421dc6 in ?? () from /home/ubuntu2004/isaacsim-4.5.0/extscache/omni.usd.libs-1.0.1+d02c707b.lx64.r.cp310/bin/libtbb.so
#10 0x000073c063e94a83 in start_thread (arg=...) at ./nptl/pthread_create.c:442
#11 0x000073c063f268e0 in clone3 () at ../sysdeps/unix/sysv/linux/x86_64/clone3.S:81
TASK01_GDB_COMMAND=info threads
  Id   Target Id                                           Frame 
  1    Thread 0x73c064d22b80 (LWP 17071) "python3"         0x000073bf0742fdd2 in ?? () from /home/ubuntu2004/isaacsim-4.5.0/extscache/omni.usd.libs-1.0.1+d02c707b.lx64.r.cp310/bin/libtbb.so
  2    Thread 0x73c0573ff640 (LWP 17109) "Profiler proces" syscall () at ../sysdeps/unix/sysv/linux/x86_64/syscall.S:38
  4    Thread 0x73c04ffff640 (LWP 17111) "carb.tasking0"   syscall () at ../sysdeps/unix/sysv/linux/x86_64/syscall.S:38
  5    Thread 0x73c04f7fe640 (LWP 17112) "carb.tasking1"   syscall () at ../sysdeps/unix/sysv/linux/x86_64/syscall.S:38
  6    Thread 0x73c04effd640 (LWP 17113) "carb.tasking2"   __futex_abstimed_wait_common (cancel=..., private=..., abstime=..., clockid=..., expected=..., futex_word=...) at ./nptl/futex-internal.c:103
  7    Thread 0x73c04e7fc640 (LWP 17114) "carb.tasking3"   syscall () at ../sysdeps/unix/sysv/linux/x86_64/syscall.S:38
  8    Thread 0x73c04dffb640 (LWP 17115) "carb.tasking4"   __futex_abstimed_wait_common (cancel=..., private=..., abstime=..., clockid=..., expected=..., futex_word=...) at ./nptl/futex-internal.c:103
  9    Thread 0x73c04d7fa640 (LWP 17116) "carb.tasking5"   __pthread_kill_implementation (no_tid=..., signo=..., threadid=...) at ./nptl/pthread_kill.c:44
  10   Thread 0x73c04cff9640 (LWP 17117) "carb.tasking6"   syscall () at ../sysdeps/unix/sysv/linux/x86_64/syscall.S:38
  11   Thread 0x73c037fff640 (LWP 17118) "carb.tasking7"   __futex_abstimed_wait_common (cancel=..., private=..., abstime=..., clockid=..., expected=..., futex_word=...) at ./nptl/futex-internal.c:103
  12   Thread 0x73c035bfe640 (LWP 17119) "carb.tasking8"   syscall () at ../sysdeps/unix/sysv/linux/x86_64/syscall.S:38
  13   Thread 0x73c034dfd640 (LWP 17120) "carb.tasking9"   syscall () at ../sysdeps/unix/sysv/linux/x86_64/syscall.S:38
  14   Thread 0x73c022fff640 (LWP 17121) "carb.tasking10"  syscall () at ../sysdeps/unix/sysv/linux/x86_64/syscall.S:38
  15   Thread 0x73c0215fe640 (LWP 17122) "carb.tasking11"  syscall () at ../sysdeps/unix/sysv/linux/x86_64/syscall.S:38
  16   Thread 0x73c01bfff640 (LWP 17123) "carb.tasking12"  __futex_abstimed_wait_common (cancel=..., private=..., abstime=..., clockid=..., expected=..., futex_word=...) at ./nptl/futex-internal.c:103
  17   Thread 0x73c01a3ff640 (LWP 17124) "carb.tasking13"  __futex_abstimed_wait_common (cancel=..., private=..., abstime=..., clockid=..., expected=..., futex_word=...) at ./nptl/futex-internal.c:103
  18   Thread 0x73c00bfff640 (LWP 17125) "carb.tasking14"  __futex_abstimed_wait_common (cancel=..., private=..., abstime=..., clockid=..., expected=..., futex_word=...) at ./nptl/futex-internal.c:103
  19   Thread 0x73c00abfe640 (LWP 17126) "carb.tasking15"  syscall () at ../sysdeps/unix/sysv/linux/x86_64/syscall.S:38
  20   Thread 0x73bffa1ff640 (LWP 17127) "carb.task watch" syscall () at ../sysdeps/unix/sysv/linux/x86_64/syscall.S:38
  21   Thread 0x73bff99fe640 (LWP 17128) "heartbeat threa" syscall () at ../sysdeps/unix/sysv/linux/x86_64/syscall.S:38
  22   Thread 0x73bff91fd640 (LWP 17129) "FileSystemWatch" 0x000073c063f18d1f in __GI___poll (fds=..., nfds=..., timeout=...) at ../sysdeps/unix/sysv/linux/poll.c:29
  23   Thread 0x73bfebfff640 (LWP 17227) "structured log " syscall () at ../sysdeps/unix/sysv/linux/x86_64/syscall.S:38
  24   Thread 0x73bfe0bff640 (LWP 17230) "OC Print"        syscall () at ../sysdeps/unix/sysv/linux/x86_64/syscall.S:38
  25   Thread 0x73bfdbfff640 (LWP 17237) "OC Tick"         syscall () at ../sysdeps/unix/sysv/linux/x86_64/syscall.S:38
  28   Thread 0x73bfda7ff640 (LWP 17247) "python3"         0x000073c063ee57b8 in __GI___clock_nanosleep (clock_id=..., flags=..., req=..., rem=...) at ../sysdeps/unix/sysv/linux/clock_nanosleep.c:78
  29   Thread 0x73bfd9ffe640 (LWP 17248) "python3"         syscall () at ../sysdeps/unix/sysv/linux/x86_64/syscall.S:38
  30   Thread 0x73bfd97fd640 (LWP 17249) "python3"         0x000073c063ee57b8 in __GI___clock_nanosleep (clock_id=..., flags=..., req=..., rem=...) at ../sysdeps/unix/sysv/linux/clock_nanosleep.c:78
  31   Thread 0x73bfd8ffc640 (LWP 17250) "python3"         0x000073c063ee57b8 in __GI___clock_nanosleep (clock_id=..., flags=..., req=..., rem=...) at ../sysdeps/unix/sysv/linux/clock_nanosleep.c:78
  34   Thread 0x73bfb81fe640 (LWP 17269) "cuda0000dc00038" 0x000073c063f18d1f in __GI___poll (fds=..., nfds=..., timeout=...) at ../sysdeps/unix/sysv/linux/poll.c:29
  35   Thread 0x73bfb89ff640 (LWP 17270) "python3"         __futex_abstimed_wait_common64 (private=..., cancel=..., abstime=..., op=..., expected=..., futex_word=...) at ./nptl/futex-internal.c:57
  36   Thread 0x73bf879de640 (LWP 17271) "cuda-EvtHandlr"  0x000073c063f18d1f in __GI___poll (fds=..., nfds=..., timeout=...) at ../sysdeps/unix/sysv/linux/poll.c:29
  37   Thread 0x73bf85fbc640 (LWP 17272) "python3"         0x000073c063f18d1f in __GI___poll (fds=..., nfds=..., timeout=...) at ../sysdeps/unix/sysv/linux/poll.c:29
  38   Thread 0x73bf857bb640 (LWP 17274) "python3"         __futex_abstimed_wait_common64 (private=..., cancel=..., abstime=..., op=..., expected=..., futex_word=...) at ./nptl/futex-internal.c:57
  39   Thread 0x73bf84fba640 (LWP 17275) "[vkcf] Analysis" __futex_abstimed_wait_common64 (private=..., cancel=..., abstime=..., op=..., expected=..., futex_word=...) at ./nptl/futex-internal.c:57
  40   Thread 0x73bf70fff640 (LWP 17277) "[vkrt] Analysis" __futex_abstimed_wait_common64 (private=..., cancel=..., abstime=..., op=..., expected=..., futex_word=...) at ./nptl/futex-internal.c:57
  41   Thread 0x73bf63fff640 (LWP 17278) "[vkps] Update"   __futex_abstimed_wait_common64 (private=..., cancel=..., abstime=..., op=..., expected=..., futex_word=...) at ./nptl/futex-internal.c:57
  42   Thread 0x73bf637fe640 (LWP 17285) "cuda-EvtHandlr"  0x000073c063f18d1f in __GI___poll (fds=..., nfds=..., timeout=...) at ../sysdeps/unix/sysv/linux/poll.c:29
  43   Thread 0x73bf615dc640 (LWP 17300) "python3"         __futex_abstimed_wait_common64 (private=..., cancel=..., abstime=..., op=..., expected=..., futex_word=...) at ./nptl/futex-internal.c:57
  44   Thread 0x73bf60ddb640 (LWP 17302) "carb.task timer" syscall () at ../sysdeps/unix/sysv/linux/x86_64/syscall.S:38
  45   Thread 0x73bf4bfff640 (LWP 17304) "python3"         __futex_abstimed_wait_common64 (private=..., cancel=..., abstime=..., op=..., expected=..., futex_word=...) at ./nptl/futex-internal.c:57
  46   Thread 0x73bf4b7fe640 (LWP 17305) "python3"         __futex_abstimed_wait_common64 (private=..., cancel=..., abstime=..., op=..., expected=..., futex_word=...) at ./nptl/futex-internal.c:57
  47   Thread 0x73bf4affd640 (LWP 17306) "python3"         __futex_abstimed_wait_common64 (private=..., cancel=..., abstime=..., op=..., expected=..., futex_word=...) at ./nptl/futex-internal.c:57
  48   Thread 0x73bf4a7fc640 (LWP 17307) "python3"         __futex_abstimed_wait_common64 (private=..., cancel=..., abstime=..., op=..., expected=..., futex_word=...) at ./nptl/futex-internal.c:57
  49   Thread 0x73bf49ffb640 (LWP 17308) "python3"         __futex_abstimed_wait_common64 (private=..., cancel=..., abstime=..., op=..., expected=..., futex_word=...) at ./nptl/futex-internal.c:57
  50   Thread 0x73bf497fa640 (LWP 17309) "python3"         __futex_abstimed_wait_common64 (private=..., cancel=..., abstime=..., op=..., expected=..., futex_word=...) at ./nptl/futex-internal.c:57
  51   Thread 0x73bf48ff9640 (LWP 17310) "python3"         __futex_abstimed_wait_common64 (private=..., cancel=..., abstime=..., op=..., expected=..., futex_word=...) at ./nptl/futex-internal.c:57
  52   Thread 0x73bf487f8640 (LWP 17311) "python3"         __futex_abstimed_wait_common64 (private=..., cancel=..., abstime=..., op=..., expected=..., futex_word=...) at ./nptl/futex-internal.c:57
  53   Thread 0x73bf47ff7640 (LWP 17312) "python3"         __futex_abstimed_wait_common64 (private=..., cancel=..., abstime=..., op=..., expected=..., futex_word=...) at ./nptl/futex-internal.c:57
  54   Thread 0x73bf477f6640 (LWP 17313) "python3"         __futex_abstimed_wait_common64 (private=..., cancel=..., abstime=..., op=..., expected=..., futex_word=...) at ./nptl/futex-internal.c:57
  55   Thread 0x73bf46ff5640 (LWP 17314) "python3"         __futex_abstimed_wait_common64 (private=..., cancel=..., abstime=..., op=..., expected=..., futex_word=...) at ./nptl/futex-internal.c:57
  56   Thread 0x73bf467f4640 (LWP 17315) "python3"         __futex_abstimed_wait_common64 (private=..., cancel=..., abstime=..., op=..., expected=..., futex_word=...) at ./nptl/futex-internal.c:57
  57   Thread 0x73bf45ff3640 (LWP 17316) "python3"         __futex_abstimed_wait_common64 (private=..., cancel=..., abstime=..., op=..., expected=..., futex_word=...) at ./nptl/futex-internal.c:57
  58   Thread 0x73bf457f2640 (LWP 17317) "python3"         __futex_abstimed_wait_common64 (private=..., cancel=..., abstime=..., op=..., expected=..., futex_word=...) at ./nptl/futex-internal.c:57
  59   Thread 0x73bf44ff1640 (LWP 17318) "python3"         __futex_abstimed_wait_common64 (private=..., cancel=..., abstime=..., op=..., expected=..., futex_word=...) at ./nptl/futex-internal.c:57
  60   Thread 0x73bf447f0640 (LWP 17319) "python3"         __futex_abstimed_wait_common64 (private=..., cancel=..., abstime=..., op=..., expected=..., futex_word=...) at ./nptl/futex-internal.c:57
  61   Thread 0x73bf43fef640 (LWP 17320) "python3"         syscall () at ../sysdeps/unix/sysv/linux/x86_64/syscall.S:38
  62   Thread 0x73bf414ed640 (LWP 17322) "rtx::streaming " syscall () at ../sysdeps/unix/sysv/linux/x86_64/syscall.S:38
  63   Thread 0x73bf40cec640 (LWP 17323) "python3"         0x000073c063ee57b8 in __GI___clock_nanosleep (clock_id=..., flags=..., req=..., rem=...) at ../sysdeps/unix/sysv/linux/clock_nanosleep.c:78
  64   Thread 0x73bf1bfff640 (LWP 17324) "rtx.shaderdb.Fi" syscall () at ../sysdeps/unix/sysv/linux/x86_64/syscall.S:38
  65   Thread 0x73bf1b7fe640 (LWP 17325) "rtx.shaderdb.Fi" syscall () at ../sysdeps/unix/sysv/linux/x86_64/syscall.S:38
  66   Thread 0x73bf1affd640 (LWP 17326) "rtx.shaderdb.Fi" syscall () at ../sysdeps/unix/sysv/linux/x86_64/syscall.S:38
* 67   Thread 0x73bebc5ff640 (LWP 17392) "tbb.worker"      0x000073be3cf418d9 in ?? () from /home/ubuntu2004/isaacsim-4.5.0/extscache/omni.graph.core-2.181.8+d02c707b.lx64.r/bin/libomni.graph.core.plugin.so
  68   Thread 0x73beb81fe640 (LWP 17393) "tbb.worker"      syscall () at ../sysdeps/unix/sysv/linux/x86_64/syscall.S:38
  69   Thread 0x73bebc1fe640 (LWP 17394) "tbb.worker"      syscall () at ../sysdeps/unix/sysv/linux/x86_64/syscall.S:38
  70   Thread 0x73bebb9fc640 (LWP 17396) "tbb.worker"      syscall () at ../sysdeps/unix/sysv/linux/x86_64/syscall.S:38
  71   Thread 0x73bebb5fb640 (LWP 17397) "tbb.worker"      syscall () at ../sysdeps/unix/sysv/linux/x86_64/syscall.S:38
  72   Thread 0x73bebbdfd640 (LWP 17395) "tbb.worker"      syscall () at ../sysdeps/unix/sysv/linux/x86_64/syscall.S:38
  73   Thread 0x73beba5f7640 (LWP 17401) "tbb.worker"      syscall () at ../sysdeps/unix/sysv/linux/x86_64/syscall.S:38
  74   Thread 0x73beba9f8640 (LWP 17399) "tbb.worker"      syscall () at ../sysdeps/unix/sysv/linux/x86_64/syscall.S:38
  75   Thread 0x73beba1f6640 (LWP 17402) "tbb.worker"      syscall () at ../sysdeps/unix/sysv/linux/x86_64/syscall.S:38
  76   Thread 0x73bebb1fa640 (LWP 17398) "tbb.worker"      syscall () at ../sysdeps/unix/sysv/linux/x86_64/syscall.S:38
  77   Thread 0x73bebadf9640 (LWP 17400) "tbb.worker"      syscall () at ../sysdeps/unix/sysv/linux/x86_64/syscall.S:38
  78   Thread 0x73beb9df5640 (LWP 17403) "tbb.worker"      syscall () at ../sysdeps/unix/sysv/linux/x86_64/syscall.S:38
  79   Thread 0x73beb95f3640 (LWP 17405) "tbb.worker"      syscall () at ../sysdeps/unix/sysv/linux/x86_64/syscall.S:38
  80   Thread 0x73beb99f4640 (LWP 17404) "tbb.worker"      syscall () at ../sysdeps/unix/sysv/linux/x86_64/syscall.S:38
  81   Thread 0x73beb85ff640 (LWP 17431) "tbb.worker"      syscall () at ../sysdeps/unix/sysv/linux/x86_64/syscall.S:38
  82   Thread 0x73bfe83ff640 (LWP 17457) "PA device monit" 0x000073c063f18e1e in __ppoll (fds=..., nfds=..., timeout=..., sigmask=...) at ../sysdeps/unix/sysv/linux/ppoll.c:42
  83   Thread 0x73be2e5ff640 (LWP 17482) "OC File IO"      syscall () at ../sysdeps/unix/sysv/linux/x86_64/syscall.S:38
  84   Thread 0x73be2ddfe640 (LWP 17483) "OC Directory Wa" 0x000073c063f18d1f in __GI___poll (fds=..., nfds=..., timeout=...) at ../sysdeps/unix/sysv/linux/poll.c:29
  85   Thread 0x73be2d5fd640 (LWP 17484) "OC Py CBs"       syscall () at ../sysdeps/unix/sysv/linux/x86_64/syscall.S:38
  86   Thread 0x73be1c3ff640 (LWP 17498) "python3"         __futex_abstimed_wait_common64 (private=..., cancel=..., abstime=..., op=..., expected=..., futex_word=...) at ./nptl/futex-internal.c:57
  87   Thread 0x73be1bbfe640 (LWP 17499) "python3"         __futex_abstimed_wait_common64 (private=..., cancel=..., abstime=..., op=..., expected=..., futex_word=...) at ./nptl/futex-internal.c:57
  88   Thread 0x73be191ff640 (LWP 17500) "python3"         __futex_abstimed_wait_common64 (private=..., cancel=..., abstime=..., op=..., expected=..., futex_word=...) at ./nptl/futex-internal.c:57
  89   Thread 0x73be167ff640 (LWP 17501) "python3"         __futex_abstimed_wait_common64 (private=..., cancel=..., abstime=..., op=..., expected=..., futex_word=...) at ./nptl/futex-internal.c:57
  90   Thread 0x73be13dff640 (LWP 17502) "python3"         __futex_abstimed_wait_common64 (private=..., cancel=..., abstime=..., op=..., expected=..., futex_word=...) at ./nptl/futex-internal.c:57
  91   Thread 0x73be0f3ff640 (LWP 17503) "python3"         __futex_abstimed_wait_common64 (private=..., cancel=..., abstime=..., op=..., expected=..., futex_word=...) at ./nptl/futex-internal.c:57
  92   Thread 0x73be0ebfe640 (LWP 17504) "python3"         __futex_abstimed_wait_common64 (private=..., cancel=..., abstime=..., op=..., expected=..., futex_word=...) at ./nptl/futex-internal.c:57
  93   Thread 0x73be0c1ff640 (LWP 17505) "python3"         __futex_abstimed_wait_common64 (private=..., cancel=..., abstime=..., op=..., expected=..., futex_word=...) at ./nptl/futex-internal.c:57
  94   Thread 0x73be077ff640 (LWP 17506) "python3"         __futex_abstimed_wait_common64 (private=..., cancel=..., abstime=..., op=..., expected=..., futex_word=...) at ./nptl/futex-internal.c:57
  95   Thread 0x73be04dff640 (LWP 17507) "python3"         __futex_abstimed_wait_common64 (private=..., cancel=..., abstime=..., op=..., expected=..., futex_word=...) at ./nptl/futex-internal.c:57
  96   Thread 0x73be045fe640 (LWP 17508) "python3"         __futex_abstimed_wait_common64 (private=..., cancel=..., abstime=..., op=..., expected=..., futex_word=...) at ./nptl/futex-internal.c:57
  97   Thread 0x73bdffbff640 (LWP 17509) "python3"         __futex_abstimed_wait_common64 (private=..., cancel=..., abstime=..., op=..., expected=..., futex_word=...) at ./nptl/futex-internal.c:57
  98   Thread 0x73bdff3fe640 (LWP 17510) "python3"         __futex_abstimed_wait_common64 (private=..., cancel=..., abstime=..., op=..., expected=..., futex_word=...) at ./nptl/futex-internal.c:57
  99   Thread 0x73bdfa9ff640 (LWP 17511) "python3"         __futex_abstimed_wait_common64 (private=..., cancel=..., abstime=..., op=..., expected=..., futex_word=...) at ./nptl/futex-internal.c:57
  100  Thread 0x73bdf7fff640 (LWP 17512) "python3"         __futex_abstimed_wait_common64 (private=..., cancel=..., abstime=..., op=..., expected=..., futex_word=...) at ./nptl/futex-internal.c:57
  101  Thread 0x73bdf3fff640 (LWP 17525) "python3"         __futex_abstimed_wait_common64 (private=..., cancel=..., abstime=..., op=..., expected=..., futex_word=...) at ./nptl/futex-internal.c:57
  130  Thread 0x73bddaffd640 (LWP 17570) "python3"         __futex_abstimed_wait_common64 (private=..., cancel=..., abstime=..., op=..., expected=..., futex_word=...) at ./nptl/futex-internal.c:57
  133  Thread 0x73bdb77fe640 (LWP 17585) "python3"         __futex_abstimed_wait_common64 (private=..., cancel=..., abstime=..., op=..., expected=..., futex_word=...) at ./nptl/futex-internal.c:57
  134  Thread 0x73bd97fff640 (LWP 17586) "python3"         __futex_abstimed_wait_common64 (private=..., cancel=..., abstime=..., op=..., expected=..., futex_word=...) at ./nptl/futex-internal.c:57
  135  Thread 0x73bdb7fff640 (LWP 17587) "python3"         __futex_abstimed_wait_common64 (private=..., cancel=..., abstime=..., op=..., expected=..., futex_word=...) at ./nptl/futex-internal.c:57
  136  Thread 0x73bd957ff640 (LWP 17588) "python3"         __futex_abstimed_wait_common64 (private=..., cancel=..., abstime=..., op=..., expected=..., futex_word=...) at ./nptl/futex-internal.c:57
  137  Thread 0x73bd94ffe640 (LWP 17589) "python3"         __futex_abstimed_wait_common64 (private=..., cancel=..., abstime=..., op=..., expected=..., futex_word=...) at ./nptl/futex-internal.c:57
  138  Thread 0x73bd8ddff640 (LWP 17590) "python3"         __futex_abstimed_wait_common64 (private=..., cancel=..., abstime=..., op=..., expected=..., futex_word=...) at ./nptl/futex-internal.c:57
  139  Thread 0x73bd8d5fe640 (LWP 17591) "python3"         __futex_abstimed_wait_common64 (private=..., cancel=..., abstime=..., op=..., expected=..., futex_word=...) at ./nptl/futex-internal.c:57
  140  Thread 0x73bd8cdfd640 (LWP 17592) "python3"         __futex_abstimed_wait_common64 (private=..., cancel=..., abstime=..., op=..., expected=..., futex_word=...) at ./nptl/futex-internal.c:57
  141  Thread 0x73bd691ff640 (LWP 17593) "python3"         __futex_abstimed_wait_common64 (private=..., cancel=..., abstime=..., op=..., expected=..., futex_word=...) at ./nptl/futex-internal.c:57
  142  Thread 0x73bd689fe640 (LWP 17594) "python3"         __futex_abstimed_wait_common64 (private=..., cancel=..., abstime=..., op=..., expected=..., futex_word=...) at ./nptl/futex-internal.c:57
  143  Thread 0x73bd63fff640 (LWP 17595) "python3"         __futex_abstimed_wait_common64 (private=..., cancel=..., abstime=..., op=..., expected=..., futex_word=...) at ./nptl/futex-internal.c:57
  144  Thread 0x73bd637fe640 (LWP 17596) "python3"         __futex_abstimed_wait_common64 (private=..., cancel=..., abstime=..., op=..., expected=..., futex_word=...) at ./nptl/futex-internal.c:57
  145  Thread 0x73bd5edff640 (LWP 17597) "python3"         __futex_abstimed_wait_common64 (private=..., cancel=..., abstime=..., op=..., expected=..., futex_word=...) at ./nptl/futex-internal.c:57
  146  Thread 0x73bd5c3ff640 (LWP 17598) "python3"         __futex_abstimed_wait_common64 (private=..., cancel=..., abstime=..., op=..., expected=..., futex_word=...) at ./nptl/futex-internal.c:57
  147  Thread 0x73bd599ff640 (LWP 17599) "python3"         __futex_abstimed_wait_common64 (private=..., cancel=..., abstime=..., op=..., expected=..., futex_word=...) at ./nptl/futex-internal.c:57
  205  Thread 0x73bca37ff640 (LWP 17812) "tbb.worker"      0x000073c063ee57b8 in __GI___clock_nanosleep (clock_id=..., flags=..., req=..., rem=...) at ../sysdeps/unix/sysv/linux/clock_nanosleep.c:78
  230  Thread 0x73bca2ffe640 (LWP 17849) "python3"         __futex_abstimed_wait_common64 (private=..., cancel=..., abstime=..., op=..., expected=..., futex_word=...) at ./nptl/futex-internal.c:57
  238  Thread 0x73bca57ff640 (LWP 17857) "python3"         0x000073c063ee57b8 in __GI___clock_nanosleep (clock_id=..., flags=..., req=..., rem=...) at ../sysdeps/unix/sysv/linux/clock_nanosleep.c:78
  239  Thread 0x73bca1ffc640 (LWP 17858) "python3"         __futex_abstimed_wait_common64 (private=..., cancel=..., abstime=..., op=..., expected=..., futex_word=...) at ./nptl/futex-internal.c:57
  241  Thread 0x73beb69ff640 (LWP 17881) "PulseAudio stre" 0x000073c063ee57b8 in __GI___clock_nanosleep (clock_id=..., flags=..., req=..., rem=...) at ../sysdeps/unix/sysv/linux/clock_nanosleep.c:78
  242  Thread 0x73beb65ff640 (LWP 17882) "Omniverse Kit U" 0x000073c063ee57b8 in __GI___clock_nanosleep (clock_id=..., flags=..., req=..., rem=...) at ../sysdeps/unix/sysv/linux/clock_nanosleep.c:78
  244  Thread 0x73bc2bdff640 (LWP 17896) "python3"         __futex_abstimed_wait_common64 (private=..., cancel=..., abstime=..., op=..., expected=..., futex_word=...) at ./nptl/futex-internal.c:57
  249  Thread 0x73bc287ff640 (LWP 17902) "carb.tasking1"   0x000073c063f25ebe in epoll_wait (epfd=..., events=..., maxevents=..., timeout=...) at ../sysdeps/unix/sysv/linux/epoll_wait.c:30
  250  Thread 0x73bc27ffe640 (LWP 17903) "carb.tasking1"   0x000073c063f25ebe in epoll_wait (epfd=..., events=..., maxevents=..., timeout=...) at ../sysdeps/unix/sysv/linux/epoll_wait.c:30
  266  Thread 0x73bc277fd640 (LWP 17919) "carb.tasking1"   0x000073c063f25ebe in epoll_wait (epfd=..., events=..., maxevents=..., timeout=...) at ../sysdeps/unix/sysv/linux/epoll_wait.c:30
  268  Thread 0x73bc26ffc640 (LWP 17921) "rtx.scenedb.fre" 0x000073c063ee57b8 in __GI___clock_nanosleep (clock_id=..., flags=..., req=..., rem=...) at ../sysdeps/unix/sysv/linux/clock_nanosleep.c:78
TASK01_GDB_COMMAND=thread apply all bt 6

Thread 268 (Thread 0x73bc26ffc640 (LWP 17921) "rtx.scenedb.fre"):
#0  0x000073c063ee57b8 in __GI___clock_nanosleep (clock_id=..., flags=..., req=..., rem=...) at ../sysdeps/unix/sysv/linux/clock_nanosleep.c:78
#1  0x000073c063eea637 in __GI___nanosleep (req=..., rem=...) at ../sysdeps/unix/sysv/linux/nanosleep.c:25
#2  0x000073be3572ce87 in ?? () from /home/ubuntu2004/isaacsim-4.5.0/extscache/omni.hydra.rtx-1.0.0+d02c707b.lx64.r/bin/deps/librtx.scenedb.plugin.so
#3  0x000073be3572d7a6 in ?? () from /home/ubuntu2004/isaacsim-4.5.0/extscache/omni.hydra.rtx-1.0.0+d02c707b.lx64.r/bin/deps/librtx.scenedb.plugin.so
#4  0x000073c063adc253 in ?? () from /lib/x86_64-linux-gnu/libstdc++.so.6
#5  0x000073c063e94a83 in start_thread (arg=...) at ./nptl/pthread_create.c:442

Thread 266 (Thread 0x73bc277fd640 (LWP 17919) "carb.tasking1"):
#0  0x000073c063f25ebe in epoll_wait (epfd=..., events=..., maxevents=..., timeout=...) at ../sysdeps/unix/sysv/linux/epoll_wait.c:30
#1  0x000073bede103ba7 in ?? () from /home/ubuntu2004/isaacsim-4.5.0/extscache/omni.iray.libs-0.0.0+d02c707b.lx64.r/bin/iray/libneuray.so
#2  0x000073bede113742 in ?? () from /home/ubuntu2004/isaacsim-4.5.0/extscache/omni.iray.libs-0.0.0+d02c707b.lx64.r/bin/iray/libneuray.so
#3  0x000073c063e94a83 in start_thread (arg=...) at ./nptl/pthread_create.c:442
#4  0x000073c063f268e0 in clone3 () at ../sysdeps/unix/sysv/linux/x86_64/clone3.S:81

Thread 250 (Thread 0x73bc27ffe640 (LWP 17903) "carb.tasking1"):
#0  0x000073c063f25ebe in epoll_wait (epfd=..., events=..., maxevents=..., timeout=...) at ../sysdeps/unix/sysv/linux/epoll_wait.c:30
#1  0x000073bede103ba7 in ?? () from /home/ubuntu2004/isaacsim-4.5.0/extscache/omni.iray.libs-0.0.0+d02c707b.lx64.r/bin/iray/libneuray.so
#2  0x000073bede113742 in ?? () from /home/ubuntu2004/isaacsim-4.5.0/extscache/omni.iray.libs-0.0.0+d02c707b.lx64.r/bin/iray/libneuray.so
#3  0x000073c063e94a83 in start_thread (arg=...) at ./nptl/pthread_create.c:442
#4  0x000073c063f268e0 in clone3 () at ../sysdeps/unix/sysv/linux/x86_64/clone3.S:81

Thread 249 (Thread 0x73bc287ff640 (LWP 17902) "carb.tasking1"):
#0  0x000073c063f25ebe in epoll_wait (epfd=..., events=..., maxevents=..., timeout=...) at ../sysdeps/unix/sysv/linux/epoll_wait.c:30
#1  0x000073bede103ba7 in ?? () from /home/ubuntu2004/isaacsim-4.5.0/extscache/omni.iray.libs-0.0.0+d02c707b.lx64.r/bin/iray/libneuray.so
#2  0x000073bedddb66f0 in ?? () from /home/ubuntu2004/isaacsim-4.5.0/extscache/omni.iray.libs-0.0.0+d02c707b.lx64.r/bin/iray/libneuray.so
#3  0x000073bede113742 in ?? () from /home/ubuntu2004/isaacsim-4.5.0/extscache/omni.iray.libs-0.0.0+d02c707b.lx64.r/bin/iray/libneuray.so
#4  0x000073c063e94a83 in start_thread (arg=...) at ./nptl/pthread_create.c:442
#5  0x000073c063f268e0 in clone3 () at ../sysdeps/unix/sysv/linux/x86_64/clone3.S:81

Thread 244 (Thread 0x73bc2bdff640 (LWP 17896) "python3"):
#0  __futex_abstimed_wait_common64 (private=..., cancel=..., abstime=..., op=..., expected=..., futex_word=...) at ./nptl/futex-internal.c:57
#1  __futex_abstimed_wait_common (cancel=..., private=..., abstime=..., clockid=..., expected=..., futex_word=...) at ./nptl/futex-internal.c:87
#2  __GI___futex_abstimed_wait_cancelable64 (futex_word=..., expected=..., clockid=..., abstime=..., private=...) at ./nptl/futex-internal.c:139
#3  0x000073c063e9cb9f in do_futex_wait (sem=..., abstime=..., clockid=...) at ./nptl/sem_waitcommon.c:111
#4  0x000073c063e9cc38 in __new_sem_wait_slow64 (sem=..., abstime=..., clockid=...) at ./nptl/sem_waitcommon.c:183
#5  0x000073c063e9ccb1 in __new_sem_wait (sem=...) at ./nptl/sem_wait.c:42

Thread 242 (Thread 0x73beb65ff640 (LWP 17882) "Omniverse Kit U"):
#0  0x000073c063ee57b8 in __GI___clock_nanosleep (clock_id=..., flags=..., req=..., rem=...) at ../sysdeps/unix/sysv/linux/clock_nanosleep.c:78
#1  0x000073c063eea637 in __GI___nanosleep (req=..., rem=...) at ../sysdeps/unix/sysv/linux/nanosleep.c:25
#2  0x000073c063f1c07f in usleep (useconds=...) at ../sysdeps/posix/usleep.c:31
#3  0x000073be9d51d14e in ?? () from /home/ubuntu2004/isaacsim-4.5.0/extscache/carb.audio-0.1.0+d02c707b.lx64.r.cp310/bin/libcarb.audio-forge.plugin.so
#4  0x000000003a5c1ee0 in ?? ()
#5  0x00000000000030d4 in ?? ()

Thread 241 (Thread 0x73beb69ff640 (LWP 17881) "PulseAudio stre"):
#0  0x000073c063ee57b8 in __GI___clock_nanosleep (clock_id=..., flags=..., req=..., rem=...) at ../sysdeps/unix/sysv/linux/clock_nanosleep.c:78
#1  0x000073c063eea637 in __GI___nanosleep (req=..., rem=...) at ../sysdeps/unix/sysv/linux/nanosleep.c:25
#2  0x000073be9d495a58 in ?? () from /home/ubuntu2004/isaacsim-4.5.0/extscache/carb.audio-0.1.0+d02c707b.lx64.r.cp310/bin/libcarb.audio-forge.plugin.so
#3  0x0000000000000000 in ?? ()

Thread 239 (Thread 0x73bca1ffc640 (LWP 17858) "python3"):
#0  __futex_abstimed_wait_common64 (private=..., cancel=..., abstime=..., op=..., expected=..., futex_word=...) at ./nptl/futex-internal.c:57
#1  __futex_abstimed_wait_common (cancel=..., private=..., abstime=..., clockid=..., expected=..., futex_word=...) at ./nptl/futex-internal.c:87
#2  __GI___futex_abstimed_wait_cancelable64 (futex_word=..., expected=..., clockid=..., abstime=..., private=...) at ./nptl/futex-internal.c:139
#3  0x000073c063e93a01 in __pthread_cond_wait_common (abstime=..., clockid=..., mutex=..., cond=...) at ./nptl/pthread_cond_wait.c:503
#4  ___pthread_cond_wait (cond=..., mutex=...) at ./nptl/pthread_cond_wait.c:627
#5  0x000073c063aac747 in std::condition_variable::wait(std::unique_lock<std::mutex>&) () from /lib/x86_64-linux-gnu/libstdc++.so.6

Thread 238 (Thread 0x73bca57ff640 (LWP 17857) "python3"):
#0  0x000073c063ee57b8 in __GI___clock_nanosleep (clock_id=..., flags=..., req=..., rem=...) at ../sysdeps/unix/sysv/linux/clock_nanosleep.c:78
#1  0x000073c063eea637 in __GI___nanosleep (req=..., rem=...) at ../sysdeps/unix/sysv/linux/nanosleep.c:25
#2  0x000073beb8e2645d in ?? () from /home/ubuntu2004/isaacsim-4.5.0/exts/omni.kit.loop-isaac/bin/libomni.kit.loop-isaac.plugin.so
#3  0x000073beb8e267a8 in ?? () from /home/ubuntu2004/isaacsim-4.5.0/exts/omni.kit.loop-isaac/bin/libomni.kit.loop-isaac.plugin.so
#4  0x000073c063adc253 in ?? () from /lib/x86_64-linux-gnu/libstdc++.so.6
#5  0x000073c063e94a83 in start_thread (arg=...) at ./nptl/pthread_create.c:442

Thread 230 (Thread 0x73bca2ffe640 (LWP 17849) "python3"):
#0  __futex_abstimed_wait_common64 (private=..., cancel=..., abstime=..., op=..., expected=..., futex_word=...) at ./nptl/futex-internal.c:57
#1  __futex_abstimed_wait_common (cancel=..., private=..., abstime=..., clockid=..., expected=..., futex_word=...) at ./nptl/futex-internal.c:87
#2  __GI___futex_abstimed_wait_cancelable64 (futex_word=..., expected=..., clockid=..., abstime=..., private=...) at ./nptl/futex-internal.c:139
#3  0x000073c063e9cb9f in do_futex_wait (sem=..., abstime=..., clockid=...) at ./nptl/sem_waitcommon.c:111
#4  0x000073c063e9cc38 in __new_sem_wait_slow64 (sem=..., abstime=..., clockid=...) at ./nptl/sem_waitcommon.c:183
#5  0x000073c063e9ccb1 in __new_sem_wait (sem=...) at ./nptl/sem_wait.c:42

Thread 205 (Thread 0x73bca37ff640 (LWP 17812) "tbb.worker"):
#0  0x000073c063ee57b8 in __GI___clock_nanosleep (clock_id=..., flags=..., req=..., rem=...) at ../sysdeps/unix/sysv/linux/clock_nanosleep.c:78
#1  0x000073c063eea637 in __GI___nanosleep (req=..., rem=...) at ../sysdeps/unix/sysv/linux/nanosleep.c:25
#2  0x000073bf05e04110 in ?? () from /home/ubuntu2004/isaacsim-4.5.0/extscache/omni.usd.libs-1.0.1+d02c707b.lx64.r.cp310/bin/libwork.so
#3  0x000073c063adc253 in ?? () from /lib/x86_64-linux-gnu/libstdc++.so.6
#4  0x000073c063e94a83 in start_thread (arg=...) at ./nptl/pthread_create.c:442
#5  0x000073c063f268e0 in clone3 () at ../sysdeps/unix/sysv/linux/x86_64/clone3.S:81

Thread 147 (Thread 0x73bd599ff640 (LWP 17599) "python3"):
#0  __futex_abstimed_wait_common64 (private=..., cancel=..., abstime=..., op=..., expected=..., futex_word=...) at ./nptl/futex-internal.c:57
#1  __futex_abstimed_wait_common (cancel=..., private=..., abstime=..., clockid=..., expected=..., futex_word=...) at ./nptl/futex-internal.c:87
#2  __GI___futex_abstimed_wait_cancelable64 (futex_word=..., expected=..., clockid=..., abstime=..., private=...) at ./nptl/futex-internal.c:139
#3  0x000073c063e93a01 in __pthread_cond_wait_common (abstime=..., clockid=..., mutex=..., cond=...) at ./nptl/pthread_cond_wait.c:503
#4  ___pthread_cond_wait (cond=..., mutex=...) at ./nptl/pthread_cond_wait.c:627
#5  0x000073bd8e13eb5b in blas_thread_server () from /home/ubuntu2004/isaacsim-4.5.0/exts/omni.pip.compute/pip_prebundle/scipy/sparse/linalg/_isolve/../../../../scipy.libs/libopenblasp-r0-41284840.3.18.so

Thread 146 (Thread 0x73bd5c3ff640 (LWP 17598) "python3"):
#0  __futex_abstimed_wait_common64 (private=..., cancel=..., abstime=..., op=..., expected=..., futex_word=...) at ./nptl/futex-internal.c:57
#1  __futex_abstimed_wait_common (cancel=..., private=..., abstime=..., clockid=..., expected=..., futex_word=...) at ./nptl/futex-internal.c:87
#2  __GI___futex_abstimed_wait_cancelable64 (futex_word=..., expected=..., clockid=..., abstime=..., private=...) at ./nptl/futex-internal.c:139
#3  0x000073c063e93a01 in __pthread_cond_wait_common (abstime=..., clockid=..., mutex=..., cond=...) at ./nptl/pthread_cond_wait.c:503
#4  ___pthread_cond_wait (cond=..., mutex=...) at ./nptl/pthread_cond_wait.c:627
#5  0x000073bd8e13eb5b in blas_thread_server () from /home/ubuntu2004/isaacsim-4.5.0/exts/omni.pip.compute/pip_prebundle/scipy/sparse/linalg/_isolve/../../../../scipy.libs/libopenblasp-r0-41284840.3.18.so

Thread 145 (Thread 0x73bd5edff640 (LWP 17597) "python3"):
#0  __futex_abstimed_wait_common64 (private=..., cancel=..., abstime=..., op=..., expected=..., futex_word=...) at ./nptl/futex-internal.c:57
#1  __futex_abstimed_wait_common (cancel=..., private=..., abstime=..., clockid=..., expected=..., futex_word=...) at ./nptl/futex-internal.c:87
#2  __GI___futex_abstimed_wait_cancelable64 (futex_word=..., expected=..., clockid=..., abstime=..., private=...) at ./nptl/futex-internal.c:139
#3  0x000073c063e93a01 in __pthread_cond_wait_common (abstime=..., clockid=..., mutex=..., cond=...) at ./nptl/pthread_cond_wait.c:503
#4  ___pthread_cond_wait (cond=..., mutex=...) at ./nptl/pthread_cond_wait.c:627
#5  0x000073bd8e13eb5b in blas_thread_server () from /home/ubuntu2004/isaacsim-4.5.0/exts/omni.pip.compute/pip_prebundle/scipy/sparse/linalg/_isolve/../../../../scipy.libs/libopenblasp-r0-41284840.3.18.so

Thread 144 (Thread 0x73bd637fe640 (LWP 17596) "python3"):
#0  __futex_abstimed_wait_common64 (private=..., cancel=..., abstime=..., op=..., expected=..., futex_word=...) at ./nptl/futex-internal.c:57
#1  __futex_abstimed_wait_common (cancel=..., private=..., abstime=..., clockid=..., expected=..., futex_word=...) at ./nptl/futex-internal.c:87
#2  __GI___futex_abstimed_wait_cancelable64 (futex_word=..., expected=..., clockid=..., abstime=..., private=...) at ./nptl/futex-internal.c:139
#3  0x000073c063e93a01 in __pthread_cond_wait_common (abstime=..., clockid=..., mutex=..., cond=...) at ./nptl/pthread_cond_wait.c:503
#4  ___pthread_cond_wait (cond=..., mutex=...) at ./nptl/pthread_cond_wait.c:627
#5  0x000073bd8e13eb5b in blas_thread_server () from /home/ubuntu2004/isaacsim-4.5.0/exts/omni.pip.compute/pip_prebundle/scipy/sparse/linalg/_isolve/../../../../scipy.libs/libopenblasp-r0-41284840.3.18.so

Thread 143 (Thread 0x73bd63fff640 (LWP 17595) "python3"):
#0  __futex_abstimed_wait_common64 (private=..., cancel=..., abstime=..., op=..., expected=..., futex_word=...) at ./nptl/futex-internal.c:57
#1  __futex_abstimed_wait_common (cancel=..., private=..., abstime=..., clockid=..., expected=..., futex_word=...) at ./nptl/futex-internal.c:87
#2  __GI___futex_abstimed_wait_cancelable64 (futex_word=..., expected=..., clockid=..., abstime=..., private=...) at ./nptl/futex-internal.c:139
#3  0x000073c063e93a01 in __pthread_cond_wait_common (abstime=..., clockid=..., mutex=..., cond=...) at ./nptl/pthread_cond_wait.c:503
#4  ___pthread_cond_wait (cond=..., mutex=...) at ./nptl/pthread_cond_wait.c:627
#5  0x000073bd8e13eb5b in blas_thread_server () from /home/ubuntu2004/isaacsim-4.5.0/exts/omni.pip.compute/pip_prebundle/scipy/sparse/linalg/_isolve/../../../../scipy.libs/libopenblasp-r0-41284840.3.18.so

Thread 142 (Thread 0x73bd689fe640 (LWP 17594) "python3"):
#0  __futex_abstimed_wait_common64 (private=..., cancel=..., abstime=..., op=..., expected=..., futex_word=...) at ./nptl/futex-internal.c:57
#1  __futex_abstimed_wait_common (cancel=..., private=..., abstime=..., clockid=..., expected=..., futex_word=...) at ./nptl/futex-internal.c:87
#2  __GI___futex_abstimed_wait_cancelable64 (futex_word=..., expected=..., clockid=..., abstime=..., private=...) at ./nptl/futex-internal.c:139
#3  0x000073c063e93a01 in __pthread_cond_wait_common (abstime=..., clockid=..., mutex=..., cond=...) at ./nptl/pthread_cond_wait.c:503
#4  ___pthread_cond_wait (cond=..., mutex=...) at ./nptl/pthread_cond_wait.c:627
#5  0x000073bd8e13eb5b in blas_thread_server () from /home/ubuntu2004/isaacsim-4.5.0/exts/omni.pip.compute/pip_prebundle/scipy/sparse/linalg/_isolve/../../../../scipy.libs/libopenblasp-r0-41284840.3.18.so

Thread 141 (Thread 0x73bd691ff640 (LWP 17593) "python3"):
#0  __futex_abstimed_wait_common64 (private=..., cancel=..., abstime=..., op=..., expected=..., futex_word=...) at ./nptl/futex-internal.c:57
#1  __futex_abstimed_wait_common (cancel=..., private=..., abstime=..., clockid=..., expected=..., futex_word=...) at ./nptl/futex-internal.c:87
#2  __GI___futex_abstimed_wait_cancelable64 (futex_word=..., expected=..., clockid=..., abstime=..., private=...) at ./nptl/futex-internal.c:139
#3  0x000073c063e93a01 in __pthread_cond_wait_common (abstime=..., clockid=..., mutex=..., cond=...) at ./nptl/pthread_cond_wait.c:503
#4  ___pthread_cond_wait (cond=..., mutex=...) at ./nptl/pthread_cond_wait.c:627
#5  0x000073bd8e13eb5b in blas_thread_server () from /home/ubuntu2004/isaacsim-4.5.0/exts/omni.pip.compute/pip_prebundle/scipy/sparse/linalg/_isolve/../../../../scipy.libs/libopenblasp-r0-41284840.3.18.so

Thread 140 (Thread 0x73bd8cdfd640 (LWP 17592) "python3"):
#0  __futex_abstimed_wait_common64 (private=..., cancel=..., abstime=..., op=..., expected=..., futex_word=...) at ./nptl/futex-internal.c:57
#1  __futex_abstimed_wait_common (cancel=..., private=..., abstime=..., clockid=..., expected=..., futex_word=...) at ./nptl/futex-internal.c:87
#2  __GI___futex_abstimed_wait_cancelable64 (futex_word=..., expected=..., clockid=..., abstime=..., private=...) at ./nptl/futex-internal.c:139
#3  0x000073c063e93a01 in __pthread_cond_wait_common (abstime=..., clockid=..., mutex=..., cond=...) at ./nptl/pthread_cond_wait.c:503
#4  ___pthread_cond_wait (cond=..., mutex=...) at ./nptl/pthread_cond_wait.c:627
#5  0x000073bd8e13eb5b in blas_thread_server () from /home/ubuntu2004/isaacsim-4.5.0/exts/omni.pip.compute/pip_prebundle/scipy/sparse/linalg/_isolve/../../../../scipy.libs/libopenblasp-r0-41284840.3.18.so

Thread 139 (Thread 0x73bd8d5fe640 (LWP 17591) "python3"):
#0  __futex_abstimed_wait_common64 (private=..., cancel=..., abstime=..., op=..., expected=..., futex_word=...) at ./nptl/futex-internal.c:57
#1  __futex_abstimed_wait_common (cancel=..., private=..., abstime=..., clockid=..., expected=..., futex_word=...) at ./nptl/futex-internal.c:87
#2  __GI___futex_abstimed_wait_cancelable64 (futex_word=..., expected=..., clockid=..., abstime=..., private=...) at ./nptl/futex-internal.c:139
#3  0x000073c063e93a01 in __pthread_cond_wait_common (abstime=..., clockid=..., mutex=..., cond=...) at ./nptl/pthread_cond_wait.c:503
#4  ___pthread_cond_wait (cond=..., mutex=...) at ./nptl/pthread_cond_wait.c:627
#5  0x000073bd8e13eb5b in blas_thread_server () from /home/ubuntu2004/isaacsim-4.5.0/exts/omni.pip.compute/pip_prebundle/scipy/sparse/linalg/_isolve/../../../../scipy.libs/libopenblasp-r0-41284840.3.18.so

Thread 138 (Thread 0x73bd8ddff640 (LWP 17590) "python3"):
#0  __futex_abstimed_wait_common64 (private=..., cancel=..., abstime=..., op=..., expected=..., futex_word=...) at ./nptl/futex-internal.c:57
#1  __futex_abstimed_wait_common (cancel=..., private=..., abstime=..., clockid=..., expected=..., futex_word=...) at ./nptl/futex-internal.c:87
#2  __GI___futex_abstimed_wait_cancelable64 (futex_word=..., expected=..., clockid=..., abstime=..., private=...) at ./nptl/futex-internal.c:139
#3  0x000073c063e93a01 in __pthread_cond_wait_common (abstime=..., clockid=..., mutex=..., cond=...) at ./nptl/pthread_cond_wait.c:503
#4  ___pthread_cond_wait (cond=..., mutex=...) at ./nptl/pthread_cond_wait.c:627
#5  0x000073bd8e13eb5b in blas_thread_server () from /home/ubuntu2004/isaacsim-4.5.0/exts/omni.pip.compute/pip_prebundle/scipy/sparse/linalg/_isolve/../../../../scipy.libs/libopenblasp-r0-41284840.3.18.so

Thread 137 (Thread 0x73bd94ffe640 (LWP 17589) "python3"):
#0  __futex_abstimed_wait_common64 (private=..., cancel=..., abstime=..., op=..., expected=..., futex_word=...) at ./nptl/futex-internal.c:57
#1  __futex_abstimed_wait_common (cancel=..., private=..., abstime=..., clockid=..., expected=..., futex_word=...) at ./nptl/futex-internal.c:87
#2  __GI___futex_abstimed_wait_cancelable64 (futex_word=..., expected=..., clockid=..., abstime=..., private=...) at ./nptl/futex-internal.c:139
#3  0x000073c063e93a01 in __pthread_cond_wait_common (abstime=..., clockid=..., mutex=..., cond=...) at ./nptl/pthread_cond_wait.c:503
#4  ___pthread_cond_wait (cond=..., mutex=...) at ./nptl/pthread_cond_wait.c:627
#5  0x000073bd8e13eb5b in blas_thread_server () from /home/ubuntu2004/isaacsim-4.5.0/exts/omni.pip.compute/pip_prebundle/scipy/sparse/linalg/_isolve/../../../../scipy.libs/libopenblasp-r0-41284840.3.18.so

Thread 136 (Thread 0x73bd957ff640 (LWP 17588) "python3"):
#0  __futex_abstimed_wait_common64 (private=..., cancel=..., abstime=..., op=..., expected=..., futex_word=...) at ./nptl/futex-internal.c:57
#1  __futex_abstimed_wait_common (cancel=..., private=..., abstime=..., clockid=..., expected=..., futex_word=...) at ./nptl/futex-internal.c:87
#2  __GI___futex_abstimed_wait_cancelable64 (futex_word=..., expected=..., clockid=..., abstime=..., private=...) at ./nptl/futex-internal.c:139
#3  0x000073c063e93a01 in __pthread_cond_wait_common (abstime=..., clockid=..., mutex=..., cond=...) at ./nptl/pthread_cond_wait.c:503
#4  ___pthread_cond_wait (cond=..., mutex=...) at ./nptl/pthread_cond_wait.c:627
#5  0x000073bd8e13eb5b in blas_thread_server () from /home/ubuntu2004/isaacsim-4.5.0/exts/omni.pip.compute/pip_prebundle/scipy/sparse/linalg/_isolve/../../../../scipy.libs/libopenblasp-r0-41284840.3.18.so

Thread 135 (Thread 0x73bdb7fff640 (LWP 17587) "python3"):
#0  __futex_abstimed_wait_common64 (private=..., cancel=..., abstime=..., op=..., expected=..., futex_word=...) at ./nptl/futex-internal.c:57
#1  __futex_abstimed_wait_common (cancel=..., private=..., abstime=..., clockid=..., expected=..., futex_word=...) at ./nptl/futex-internal.c:87
#2  __GI___futex_abstimed_wait_cancelable64 (futex_word=..., expected=..., clockid=..., abstime=..., private=...) at ./nptl/futex-internal.c:139
#3  0x000073c063e93a01 in __pthread_cond_wait_common (abstime=..., clockid=..., mutex=..., cond=...) at ./nptl/pthread_cond_wait.c:503
#4  ___pthread_cond_wait (cond=..., mutex=...) at ./nptl/pthread_cond_wait.c:627
#5  0x000073bd8e13eb5b in blas_thread_server () from /home/ubuntu2004/isaacsim-4.5.0/exts/omni.pip.compute/pip_prebundle/scipy/sparse/linalg/_isolve/../../../../scipy.libs/libopenblasp-r0-41284840.3.18.so

Thread 134 (Thread 0x73bd97fff640 (LWP 17586) "python3"):
#0  __futex_abstimed_wait_common64 (private=..., cancel=..., abstime=..., op=..., expected=..., futex_word=...) at ./nptl/futex-internal.c:57
#1  __futex_abstimed_wait_common (cancel=..., private=..., abstime=..., clockid=..., expected=..., futex_word=...) at ./nptl/futex-internal.c:87
#2  __GI___futex_abstimed_wait_cancelable64 (futex_word=..., expected=..., clockid=..., abstime=..., private=...) at ./nptl/futex-internal.c:139
#3  0x000073c063e93a01 in __pthread_cond_wait_common (abstime=..., clockid=..., mutex=..., cond=...) at ./nptl/pthread_cond_wait.c:503
#4  ___pthread_cond_wait (cond=..., mutex=...) at ./nptl/pthread_cond_wait.c:627
#5  0x000073bd8e13eb5b in blas_thread_server () from /home/ubuntu2004/isaacsim-4.5.0/exts/omni.pip.compute/pip_prebundle/scipy/sparse/linalg/_isolve/../../../../scipy.libs/libopenblasp-r0-41284840.3.18.so

Thread 133 (Thread 0x73bdb77fe640 (LWP 17585) "python3"):
#0  __futex_abstimed_wait_common64 (private=..., cancel=..., abstime=..., op=..., expected=..., futex_word=...) at ./nptl/futex-internal.c:57
#1  __futex_abstimed_wait_common (cancel=..., private=..., abstime=..., clockid=..., expected=..., futex_word=...) at ./nptl/futex-internal.c:87
#2  __GI___futex_abstimed_wait_cancelable64 (futex_word=..., expected=..., clockid=..., abstime=..., private=...) at ./nptl/futex-internal.c:139
#3  0x000073c063e93a01 in __pthread_cond_wait_common (abstime=..., clockid=..., mutex=..., cond=...) at ./nptl/pthread_cond_wait.c:503
#4  ___pthread_cond_wait (cond=..., mutex=...) at ./nptl/pthread_cond_wait.c:627
#5  0x000073bd8e13eb5b in blas_thread_server () from /home/ubuntu2004/isaacsim-4.5.0/exts/omni.pip.compute/pip_prebundle/scipy/sparse/linalg/_isolve/../../../../scipy.libs/libopenblasp-r0-41284840.3.18.so

Thread 130 (Thread 0x73bddaffd640 (LWP 17570) "python3"):
#0  __futex_abstimed_wait_common64 (private=..., cancel=..., abstime=..., op=..., expected=..., futex_word=...) at ./nptl/futex-internal.c:57
#1  __futex_abstimed_wait_common (cancel=..., private=..., abstime=..., clockid=..., expected=..., futex_word=...) at ./nptl/futex-internal.c:87
#2  __GI___futex_abstimed_wait_cancelable64 (futex_word=..., expected=..., clockid=..., abstime=..., private=...) at ./nptl/futex-internal.c:139
#3  0x000073c063e9cb9f in do_futex_wait (sem=..., abstime=..., clockid=...) at ./nptl/sem_waitcommon.c:111
#4  0x000073c063e9cc38 in __new_sem_wait_slow64 (sem=..., abstime=..., clockid=...) at ./nptl/sem_waitcommon.c:183
#5  0x000073c063e9ccb1 in __new_sem_wait (sem=...) at ./nptl/sem_wait.c:42

Thread 101 (Thread 0x73bdf3fff640 (LWP 17525) "python3"):
#0  __futex_abstimed_wait_common64 (private=..., cancel=..., abstime=..., op=..., expected=..., futex_word=...) at ./nptl/futex-internal.c:57
#1  __futex_abstimed_wait_common (cancel=..., private=..., abstime=..., clockid=..., expected=..., futex_word=...) at ./nptl/futex-internal.c:87
#2  __GI___futex_abstimed_wait_cancelable64 (futex_word=..., expected=..., clockid=..., abstime=..., private=...) at ./nptl/futex-internal.c:139
#3  0x000073c063e9cb9f in do_futex_wait (sem=..., abstime=..., clockid=...) at ./nptl/sem_waitcommon.c:111
#4  0x000073c063e9cc38 in __new_sem_wait_slow64 (sem=..., abstime=..., clockid=...) at ./nptl/sem_waitcommon.c:183
#5  0x000073c063e9ccb1 in __new_sem_wait (sem=...) at ./nptl/sem_wait.c:42

Thread 100 (Thread 0x73bdf7fff640 (LWP 17512) "python3"):
#0  __futex_abstimed_wait_common64 (private=..., cancel=..., abstime=..., op=..., expected=..., futex_word=...) at ./nptl/futex-internal.c:57
#1  __futex_abstimed_wait_common (cancel=..., private=..., abstime=..., clockid=..., expected=..., futex_word=...) at ./nptl/futex-internal.c:87
#2  __GI___futex_abstimed_wait_cancelable64 (futex_word=..., expected=..., clockid=..., abstime=..., private=...) at ./nptl/futex-internal.c:139
#3  0x000073c063e93a01 in __pthread_cond_wait_common (abstime=..., clockid=..., mutex=..., cond=...) at ./nptl/pthread_cond_wait.c:503
#4  ___pthread_cond_wait (cond=..., mutex=...) at ./nptl/pthread_cond_wait.c:627
#5  0x000073be1d1506fb in ?? () from /home/ubuntu2004/isaacsim-4.5.0/extscache/omni.kit.pip_archive-0.0.0+d02c707b.lx64.cp310/pip_prebundle/numpy/core/../../numpy.libs/libopenblas64_p-r0-0cf96a72.3.23.dev.so

Thread 99 (Thread 0x73bdfa9ff640 (LWP 17511) "python3"):
#0  __futex_abstimed_wait_common64 (private=..., cancel=..., abstime=..., op=..., expected=..., futex_word=...) at ./nptl/futex-internal.c:57
#1  __futex_abstimed_wait_common (cancel=..., private=..., abstime=..., clockid=..., expected=..., futex_word=...) at ./nptl/futex-internal.c:87
#2  __GI___futex_abstimed_wait_cancelable64 (futex_word=..., expected=..., clockid=..., abstime=..., private=...) at ./nptl/futex-internal.c:139
#3  0x000073c063e93a01 in __pthread_cond_wait_common (abstime=..., clockid=..., mutex=..., cond=...) at ./nptl/pthread_cond_wait.c:503
#4  ___pthread_cond_wait (cond=..., mutex=...) at ./nptl/pthread_cond_wait.c:627
#5  0x000073be1d1506fb in ?? () from /home/ubuntu2004/isaacsim-4.5.0/extscache/omni.kit.pip_archive-0.0.0+d02c707b.lx64.cp310/pip_prebundle/numpy/core/../../numpy.libs/libopenblas64_p-r0-0cf96a72.3.23.dev.so

Thread 98 (Thread 0x73bdff3fe640 (LWP 17510) "python3"):
#0  __futex_abstimed_wait_common64 (private=..., cancel=..., abstime=..., op=..., expected=..., futex_word=...) at ./nptl/futex-internal.c:57
#1  __futex_abstimed_wait_common (cancel=..., private=..., abstime=..., clockid=..., expected=..., futex_word=...) at ./nptl/futex-internal.c:87
#2  __GI___futex_abstimed_wait_cancelable64 (futex_word=..., expected=..., clockid=..., abstime=..., private=...) at ./nptl/futex-internal.c:139
#3  0x000073c063e93a01 in __pthread_cond_wait_common (abstime=..., clockid=..., mutex=..., cond=...) at ./nptl/pthread_cond_wait.c:503
#4  ___pthread_cond_wait (cond=..., mutex=...) at ./nptl/pthread_cond_wait.c:627
#5  0x000073be1d1506fb in ?? () from /home/ubuntu2004/isaacsim-4.5.0/extscache/omni.kit.pip_archive-0.0.0+d02c707b.lx64.cp310/pip_prebundle/numpy/core/../../numpy.libs/libopenblas64_p-r0-0cf96a72.3.23.dev.so

Thread 97 (Thread 0x73bdffbff640 (LWP 17509) "python3"):
#0  __futex_abstimed_wait_common64 (private=..., cancel=..., abstime=..., op=..., expected=..., futex_word=...) at ./nptl/futex-internal.c:57
#1  __futex_abstimed_wait_common (cancel=..., private=..., abstime=..., clockid=..., expected=..., futex_word=...) at ./nptl/futex-internal.c:87
#2  __GI___futex_abstimed_wait_cancelable64 (futex_word=..., expected=..., clockid=..., abstime=..., private=...) at ./nptl/futex-internal.c:139
#3  0x000073c063e93a01 in __pthread_cond_wait_common (abstime=..., clockid=..., mutex=..., cond=...) at ./nptl/pthread_cond_wait.c:503
#4  ___pthread_cond_wait (cond=..., mutex=...) at ./nptl/pthread_cond_wait.c:627
#5  0x000073be1d1506fb in ?? () from /home/ubuntu2004/isaacsim-4.5.0/extscache/omni.kit.pip_archive-0.0.0+d02c707b.lx64.cp310/pip_prebundle/numpy/core/../../numpy.libs/libopenblas64_p-r0-0cf96a72.3.23.dev.so

Thread 96 (Thread 0x73be045fe640 (LWP 17508) "python3"):
#0  __futex_abstimed_wait_common64 (private=..., cancel=..., abstime=..., op=..., expected=..., futex_word=...) at ./nptl/futex-internal.c:57
#1  __futex_abstimed_wait_common (cancel=..., private=..., abstime=..., clockid=..., expected=..., futex_word=...) at ./nptl/futex-internal.c:87
#2  __GI___futex_abstimed_wait_cancelable64 (futex_word=..., expected=..., clockid=..., abstime=..., private=...) at ./nptl/futex-internal.c:139
#3  0x000073c063e93a01 in __pthread_cond_wait_common (abstime=..., clockid=..., mutex=..., cond=...) at ./nptl/pthread_cond_wait.c:503
#4  ___pthread_cond_wait (cond=..., mutex=...) at ./nptl/pthread_cond_wait.c:627
#5  0x000073be1d1506fb in ?? () from /home/ubuntu2004/isaacsim-4.5.0/extscache/omni.kit.pip_archive-0.0.0+d02c707b.lx64.cp310/pip_prebundle/numpy/core/../../numpy.libs/libopenblas64_p-r0-0cf96a72.3.23.dev.so

Thread 95 (Thread 0x73be04dff640 (LWP 17507) "python3"):
#0  __futex_abstimed_wait_common64 (private=..., cancel=..., abstime=..., op=..., expected=..., futex_word=...) at ./nptl/futex-internal.c:57
#1  __futex_abstimed_wait_common (cancel=..., private=..., abstime=..., clockid=..., expected=..., futex_word=...) at ./nptl/futex-internal.c:87
#2  __GI___futex_abstimed_wait_cancelable64 (futex_word=..., expected=..., clockid=..., abstime=..., private=...) at ./nptl/futex-internal.c:139
#3  0x000073c063e93a01 in __pthread_cond_wait_common (abstime=..., clockid=..., mutex=..., cond=...) at ./nptl/pthread_cond_wait.c:503
#4  ___pthread_cond_wait (cond=..., mutex=...) at ./nptl/pthread_cond_wait.c:627
#5  0x000073be1d1506fb in ?? () from /home/ubuntu2004/isaacsim-4.5.0/extscache/omni.kit.pip_archive-0.0.0+d02c707b.lx64.cp310/pip_prebundle/numpy/core/../../numpy.libs/libopenblas64_p-r0-0cf96a72.3.23.dev.so

Thread 94 (Thread 0x73be077ff640 (LWP 17506) "python3"):
#0  __futex_abstimed_wait_common64 (private=..., cancel=..., abstime=..., op=..., expected=..., futex_word=...) at ./nptl/futex-internal.c:57
#1  __futex_abstimed_wait_common (cancel=..., private=..., abstime=..., clockid=..., expected=..., futex_word=...) at ./nptl/futex-internal.c:87
#2  __GI___futex_abstimed_wait_cancelable64 (futex_word=..., expected=..., clockid=..., abstime=..., private=...) at ./nptl/futex-internal.c:139
#3  0x000073c063e93a01 in __pthread_cond_wait_common (abstime=..., clockid=..., mutex=..., cond=...) at ./nptl/pthread_cond_wait.c:503
#4  ___pthread_cond_wait (cond=..., mutex=...) at ./nptl/pthread_cond_wait.c:627
#5  0x000073be1d1506fb in ?? () from /home/ubuntu2004/isaacsim-4.5.0/extscache/omni.kit.pip_archive-0.0.0+d02c707b.lx64.cp310/pip_prebundle/numpy/core/../../numpy.libs/libopenblas64_p-r0-0cf96a72.3.23.dev.so

Thread 93 (Thread 0x73be0c1ff640 (LWP 17505) "python3"):
#0  __futex_abstimed_wait_common64 (private=..., cancel=..., abstime=..., op=..., expected=..., futex_word=...) at ./nptl/futex-internal.c:57
#1  __futex_abstimed_wait_common (cancel=..., private=..., abstime=..., clockid=..., expected=..., futex_word=...) at ./nptl/futex-internal.c:87
#2  __GI___futex_abstimed_wait_cancelable64 (futex_word=..., expected=..., clockid=..., abstime=..., private=...) at ./nptl/futex-internal.c:139
#3  0x000073c063e93a01 in __pthread_cond_wait_common (abstime=..., clockid=..., mutex=..., cond=...) at ./nptl/pthread_cond_wait.c:503
#4  ___pthread_cond_wait (cond=..., mutex=...) at ./nptl/pthread_cond_wait.c:627
#5  0x000073be1d1506fb in ?? () from /home/ubuntu2004/isaacsim-4.5.0/extscache/omni.kit.pip_archive-0.0.0+d02c707b.lx64.cp310/pip_prebundle/numpy/core/../../numpy.libs/libopenblas64_p-r0-0cf96a72.3.23.dev.so

Thread 92 (Thread 0x73be0ebfe640 (LWP 17504) "python3"):
#0  __futex_abstimed_wait_common64 (private=..., cancel=..., abstime=..., op=..., expected=..., futex_word=...) at ./nptl/futex-internal.c:57
#1  __futex_abstimed_wait_common (cancel=..., private=..., abstime=..., clockid=..., expected=..., futex_word=...) at ./nptl/futex-internal.c:87
#2  __GI___futex_abstimed_wait_cancelable64 (futex_word=..., expected=..., clockid=..., abstime=..., private=...) at ./nptl/futex-internal.c:139
#3  0x000073c063e93a01 in __pthread_cond_wait_common (abstime=..., clockid=..., mutex=..., cond=...) at ./nptl/pthread_cond_wait.c:503
#4  ___pthread_cond_wait (cond=..., mutex=...) at ./nptl/pthread_cond_wait.c:627
#5  0x000073be1d1506fb in ?? () from /home/ubuntu2004/isaacsim-4.5.0/extscache/omni.kit.pip_archive-0.0.0+d02c707b.lx64.cp310/pip_prebundle/numpy/core/../../numpy.libs/libopenblas64_p-r0-0cf96a72.3.23.dev.so

Thread 91 (Thread 0x73be0f3ff640 (LWP 17503) "python3"):
#0  __futex_abstimed_wait_common64 (private=..., cancel=..., abstime=..., op=..., expected=..., futex_word=...) at ./nptl/futex-internal.c:57
#1  __futex_abstimed_wait_common (cancel=..., private=..., abstime=..., clockid=..., expected=..., futex_word=...) at ./nptl/futex-internal.c:87
#2  __GI___futex_abstimed_wait_cancelable64 (futex_word=..., expected=..., clockid=..., abstime=..., private=...) at ./nptl/futex-internal.c:139
#3  0x000073c063e93a01 in __pthread_cond_wait_common (abstime=..., clockid=..., mutex=..., cond=...) at ./nptl/pthread_cond_wait.c:503
#4  ___pthread_cond_wait (cond=..., mutex=...) at ./nptl/pthread_cond_wait.c:627
#5  0x000073be1d1506fb in ?? () from /home/ubuntu2004/isaacsim-4.5.0/extscache/omni.kit.pip_archive-0.0.0+d02c707b.lx64.cp310/pip_prebundle/numpy/core/../../numpy.libs/libopenblas64_p-r0-0cf96a72.3.23.dev.so

Thread 90 (Thread 0x73be13dff640 (LWP 17502) "python3"):
#0  __futex_abstimed_wait_common64 (private=..., cancel=..., abstime=..., op=..., expected=..., futex_word=...) at ./nptl/futex-internal.c:57
#1  __futex_abstimed_wait_common (cancel=..., private=..., abstime=..., clockid=..., expected=..., futex_word=...) at ./nptl/futex-internal.c:87
#2  __GI___futex_abstimed_wait_cancelable64 (futex_word=..., expected=..., clockid=..., abstime=..., private=...) at ./nptl/futex-internal.c:139
#3  0x000073c063e93a01 in __pthread_cond_wait_common (abstime=..., clockid=..., mutex=..., cond=...) at ./nptl/pthread_cond_wait.c:503
#4  ___pthread_cond_wait (cond=..., mutex=...) at ./nptl/pthread_cond_wait.c:627
#5  0x000073be1d1506fb in ?? () from /home/ubuntu2004/isaacsim-4.5.0/extscache/omni.kit.pip_archive-0.0.0+d02c707b.lx64.cp310/pip_prebundle/numpy/core/../../numpy.libs/libopenblas64_p-r0-0cf96a72.3.23.dev.so

Thread 89 (Thread 0x73be167ff640 (LWP 17501) "python3"):
#0  __futex_abstimed_wait_common64 (private=..., cancel=..., abstime=..., op=..., expected=..., futex_word=...) at ./nptl/futex-internal.c:57
#1  __futex_abstimed_wait_common (cancel=..., private=..., abstime=..., clockid=..., expected=..., futex_word=...) at ./nptl/futex-internal.c:87
#2  __GI___futex_abstimed_wait_cancelable64 (futex_word=..., expected=..., clockid=..., abstime=..., private=...) at ./nptl/futex-internal.c:139
#3  0x000073c063e93a01 in __pthread_cond_wait_common (abstime=..., clockid=..., mutex=..., cond=...) at ./nptl/pthread_cond_wait.c:503
#4  ___pthread_cond_wait (cond=..., mutex=...) at ./nptl/pthread_cond_wait.c:627
#5  0x000073be1d1506fb in ?? () from /home/ubuntu2004/isaacsim-4.5.0/extscache/omni.kit.pip_archive-0.0.0+d02c707b.lx64.cp310/pip_prebundle/numpy/core/../../numpy.libs/libopenblas64_p-r0-0cf96a72.3.23.dev.so

Thread 88 (Thread 0x73be191ff640 (LWP 17500) "python3"):
#0  __futex_abstimed_wait_common64 (private=..., cancel=..., abstime=..., op=..., expected=..., futex_word=...) at ./nptl/futex-internal.c:57
#1  __futex_abstimed_wait_common (cancel=..., private=..., abstime=..., clockid=..., expected=..., futex_word=...) at ./nptl/futex-internal.c:87
#2  __GI___futex_abstimed_wait_cancelable64 (futex_word=..., expected=..., clockid=..., abstime=..., private=...) at ./nptl/futex-internal.c:139
#3  0x000073c063e93a01 in __pthread_cond_wait_common (abstime=..., clockid=..., mutex=..., cond=...) at ./nptl/pthread_cond_wait.c:503
#4  ___pthread_cond_wait (cond=..., mutex=...) at ./nptl/pthread_cond_wait.c:627
#5  0x000073be1d1506fb in ?? () from /home/ubuntu2004/isaacsim-4.5.0/extscache/omni.kit.pip_archive-0.0.0+d02c707b.lx64.cp310/pip_prebundle/numpy/core/../../numpy.libs/libopenblas64_p-r0-0cf96a72.3.23.dev.so

Thread 87 (Thread 0x73be1bbfe640 (LWP 17499) "python3"):
#0  __futex_abstimed_wait_common64 (private=..., cancel=..., abstime=..., op=..., expected=..., futex_word=...) at ./nptl/futex-internal.c:57
#1  __futex_abstimed_wait_common (cancel=..., private=..., abstime=..., clockid=..., expected=..., futex_word=...) at ./nptl/futex-internal.c:87
#2  __GI___futex_abstimed_wait_cancelable64 (futex_word=..., expected=..., clockid=..., abstime=..., private=...) at ./nptl/futex-internal.c:139
#3  0x000073c063e93a01 in __pthread_cond_wait_common (abstime=..., clockid=..., mutex=..., cond=...) at ./nptl/pthread_cond_wait.c:503
#4  ___pthread_cond_wait (cond=..., mutex=...) at ./nptl/pthread_cond_wait.c:627
#5  0x000073be1d1506fb in ?? () from /home/ubuntu2004/isaacsim-4.5.0/extscache/omni.kit.pip_archive-0.0.0+d02c707b.lx64.cp310/pip_prebundle/numpy/core/../../numpy.libs/libopenblas64_p-r0-0cf96a72.3.23.dev.so

Thread 86 (Thread 0x73be1c3ff640 (LWP 17498) "python3"):
#0  __futex_abstimed_wait_common64 (private=..., cancel=..., abstime=..., op=..., expected=..., futex_word=...) at ./nptl/futex-internal.c:57
#1  __futex_abstimed_wait_common (cancel=..., private=..., abstime=..., clockid=..., expected=..., futex_word=...) at ./nptl/futex-internal.c:87
#2  __GI___futex_abstimed_wait_cancelable64 (futex_word=..., expected=..., clockid=..., abstime=..., private=...) at ./nptl/futex-internal.c:139
#3  0x000073c063e93a01 in __pthread_cond_wait_common (abstime=..., clockid=..., mutex=..., cond=...) at ./nptl/pthread_cond_wait.c:503
#4  ___pthread_cond_wait (cond=..., mutex=...) at ./nptl/pthread_cond_wait.c:627
#5  0x000073be1d1506fb in ?? () from /home/ubuntu2004/isaacsim-4.5.0/extscache/omni.kit.pip_archive-0.0.0+d02c707b.lx64.cp310/pip_prebundle/numpy/core/../../numpy.libs/libopenblas64_p-r0-0cf96a72.3.23.dev.so

Thread 85 (Thread 0x73be2d5fd640 (LWP 17484) "OC Py CBs"):
#0  syscall () at ../sysdeps/unix/sysv/linux/x86_64/syscall.S:38
#1  0x000073bfe3c2bbf8 in ?? () from /home/ubuntu2004/isaacsim-4.5.0/kit/extscore/omni.client.lib/omni/client/impl/_omniclient.cpython-310-x86_64-linux-gnu.so
#2  0x000073c063adc253 in ?? () from /lib/x86_64-linux-gnu/libstdc++.so.6
#3  0x000073c063e94a83 in start_thread (arg=...) at ./nptl/pthread_create.c:442
#4  0x000073c063f268e0 in clone3 () at ../sysdeps/unix/sysv/linux/x86_64/clone3.S:81

Thread 84 (Thread 0x73be2ddfe640 (LWP 17483) "OC Directory Wa"):
#0  0x000073c063f18d1f in __GI___poll (fds=..., nfds=..., timeout=...) at ../sysdeps/unix/sysv/linux/poll.c:29
#1  0x000073bfe9b1cfd3 in ?? () from /home/ubuntu2004/isaacsim-4.5.0/kit/extscore/omni.client.lib/bin/libomniclient.so
#2  0x000073c063adc253 in ?? () from /lib/x86_64-linux-gnu/libstdc++.so.6
#3  0x000073c063e94a83 in start_thread (arg=...) at ./nptl/pthread_create.c:442
#4  0x000073c063f268e0 in clone3 () at ../sysdeps/unix/sysv/linux/x86_64/clone3.S:81

Thread 83 (Thread 0x73be2e5ff640 (LWP 17482) "OC File IO"):
#0  syscall () at ../sysdeps/unix/sysv/linux/x86_64/syscall.S:38
#1  0x000073bfe9b11ac4 in ?? () from /home/ubuntu2004/isaacsim-4.5.0/kit/extscore/omni.client.lib/bin/libomniclient.so
#2  0x000073bfe9b1778e in ?? () from /home/ubuntu2004/isaacsim-4.5.0/kit/extscore/omni.client.lib/bin/libomniclient.so
#3  0x000073bfe9b17838 in ?? () from /home/ubuntu2004/isaacsim-4.5.0/kit/extscore/omni.client.lib/bin/libomniclient.so
#4  0x000073c063adc253 in ?? () from /lib/x86_64-linux-gnu/libstdc++.so.6
#5  0x000073c063e94a83 in start_thread (arg=...) at ./nptl/pthread_create.c:442

Thread 82 (Thread 0x73bfe83ff640 (LWP 17457) "PA device monit"):
#0  0x000073c063f18e1e in __ppoll (fds=..., nfds=..., timeout=..., sigmask=...) at ../sysdeps/unix/sysv/linux/ppoll.c:42
#1  0x000073bfd86c4621 in pa_mainloop_poll () from /lib/x86_64-linux-gnu/libpulse.so.0
#2  0x000073bfd86cf0bb in pa_mainloop_iterate () from /lib/x86_64-linux-gnu/libpulse.so.0
#3  0x000073be9d555986 in ?? () from /home/ubuntu2004/isaacsim-4.5.0/extscache/carb.audio-0.1.0+d02c707b.lx64.r.cp310/bin/libcarb.audio-forge.plugin.so
#4  0x000073bfcc0008e0 in ?? ()
#5  0x0d2c936cc72b2b00 in ?? ()

Thread 81 (Thread 0x73beb85ff640 (LWP 17431) "tbb.worker"):
#0  syscall () at ../sysdeps/unix/sysv/linux/x86_64/syscall.S:38
#1  0x000073bf07421fc7 in ?? () from /home/ubuntu2004/isaacsim-4.5.0/extscache/omni.usd.libs-1.0.1+d02c707b.lx64.r.cp310/bin/libtbb.so
#2  0x000073bf07421dc6 in ?? () from /home/ubuntu2004/isaacsim-4.5.0/extscache/omni.usd.libs-1.0.1+d02c707b.lx64.r.cp310/bin/libtbb.so
#3  0x000073c063e94a83 in start_thread (arg=...) at ./nptl/pthread_create.c:442
#4  0x000073c063f268e0 in clone3 () at ../sysdeps/unix/sysv/linux/x86_64/clone3.S:81

Thread 80 (Thread 0x73beb99f4640 (LWP 17404) "tbb.worker"):
#0  syscall () at ../sysdeps/unix/sysv/linux/x86_64/syscall.S:38
#1  0x000073bf07421fc7 in ?? () from /home/ubuntu2004/isaacsim-4.5.0/extscache/omni.usd.libs-1.0.1+d02c707b.lx64.r.cp310/bin/libtbb.so
#2  0x000073bf07421dc6 in ?? () from /home/ubuntu2004/isaacsim-4.5.0/extscache/omni.usd.libs-1.0.1+d02c707b.lx64.r.cp310/bin/libtbb.so
#3  0x000073c063e94a83 in start_thread (arg=...) at ./nptl/pthread_create.c:442
#4  0x000073c063f268e0 in clone3 () at ../sysdeps/unix/sysv/linux/x86_64/clone3.S:81

Thread 79 (Thread 0x73beb95f3640 (LWP 17405) "tbb.worker"):
#0  syscall () at ../sysdeps/unix/sysv/linux/x86_64/syscall.S:38
#1  0x000073bf07421fc7 in ?? () from /home/ubuntu2004/isaacsim-4.5.0/extscache/omni.usd.libs-1.0.1+d02c707b.lx64.r.cp310/bin/libtbb.so
#2  0x000073bf07421dc6 in ?? () from /home/ubuntu2004/isaacsim-4.5.0/extscache/omni.usd.libs-1.0.1+d02c707b.lx64.r.cp310/bin/libtbb.so
#3  0x000073c063e94a83 in start_thread (arg=...) at ./nptl/pthread_create.c:442
#4  0x000073c063f268e0 in clone3 () at ../sysdeps/unix/sysv/linux/x86_64/clone3.S:81

Thread 78 (Thread 0x73beb9df5640 (LWP 17403) "tbb.worker"):
#0  syscall () at ../sysdeps/unix/sysv/linux/x86_64/syscall.S:38
#1  0x000073bf07421fc7 in ?? () from /home/ubuntu2004/isaacsim-4.5.0/extscache/omni.usd.libs-1.0.1+d02c707b.lx64.r.cp310/bin/libtbb.so
#2  0x000073bf07421dc6 in ?? () from /home/ubuntu2004/isaacsim-4.5.0/extscache/omni.usd.libs-1.0.1+d02c707b.lx64.r.cp310/bin/libtbb.so
#3  0x000073c063e94a83 in start_thread (arg=...) at ./nptl/pthread_create.c:442
#4  0x000073c063f268e0 in clone3 () at ../sysdeps/unix/sysv/linux/x86_64/clone3.S:81

Thread 77 (Thread 0x73bebadf9640 (LWP 17400) "tbb.worker"):
#0  syscall () at ../sysdeps/unix/sysv/linux/x86_64/syscall.S:38
#1  0x000073bf07421fc7 in ?? () from /home/ubuntu2004/isaacsim-4.5.0/extscache/omni.usd.libs-1.0.1+d02c707b.lx64.r.cp310/bin/libtbb.so
#2  0x000073bf07421dc6 in ?? () from /home/ubuntu2004/isaacsim-4.5.0/extscache/omni.usd.libs-1.0.1+d02c707b.lx64.r.cp310/bin/libtbb.so
#3  0x000073c063e94a83 in start_thread (arg=...) at ./nptl/pthread_create.c:442
#4  0x000073c063f268e0 in clone3 () at ../sysdeps/unix/sysv/linux/x86_64/clone3.S:81

Thread 76 (Thread 0x73bebb1fa640 (LWP 17398) "tbb.worker"):
#0  syscall () at ../sysdeps/unix/sysv/linux/x86_64/syscall.S:38
#1  0x000073bf07421fc7 in ?? () from /home/ubuntu2004/isaacsim-4.5.0/extscache/omni.usd.libs-1.0.1+d02c707b.lx64.r.cp310/bin/libtbb.so
#2  0x000073bf07421dc6 in ?? () from /home/ubuntu2004/isaacsim-4.5.0/extscache/omni.usd.libs-1.0.1+d02c707b.lx64.r.cp310/bin/libtbb.so
#3  0x000073c063e94a83 in start_thread (arg=...) at ./nptl/pthread_create.c:442
#4  0x000073c063f268e0 in clone3 () at ../sysdeps/unix/sysv/linux/x86_64/clone3.S:81

Thread 75 (Thread 0x73beba1f6640 (LWP 17402) "tbb.worker"):
#0  syscall () at ../sysdeps/unix/sysv/linux/x86_64/syscall.S:38
#1  0x000073bf07421fc7 in ?? () from /home/ubuntu2004/isaacsim-4.5.0/extscache/omni.usd.libs-1.0.1+d02c707b.lx64.r.cp310/bin/libtbb.so
#2  0x000073bf07421dc6 in ?? () from /home/ubuntu2004/isaacsim-4.5.0/extscache/omni.usd.libs-1.0.1+d02c707b.lx64.r.cp310/bin/libtbb.so
#3  0x000073c063e94a83 in start_thread (arg=...) at ./nptl/pthread_create.c:442
#4  0x000073c063f268e0 in clone3 () at ../sysdeps/unix/sysv/linux/x86_64/clone3.S:81

Thread 74 (Thread 0x73beba9f8640 (LWP 17399) "tbb.worker"):
#0  syscall () at ../sysdeps/unix/sysv/linux/x86_64/syscall.S:38
#1  0x000073bf07421fc7 in ?? () from /home/ubuntu2004/isaacsim-4.5.0/extscache/omni.usd.libs-1.0.1+d02c707b.lx64.r.cp310/bin/libtbb.so
#2  0x000073bf07421dc6 in ?? () from /home/ubuntu2004/isaacsim-4.5.0/extscache/omni.usd.libs-1.0.1+d02c707b.lx64.r.cp310/bin/libtbb.so
#3  0x000073c063e94a83 in start_thread (arg=...) at ./nptl/pthread_create.c:442
#4  0x000073c063f268e0 in clone3 () at ../sysdeps/unix/sysv/linux/x86_64/clone3.S:81

Thread 73 (Thread 0x73beba5f7640 (LWP 17401) "tbb.worker"):
#0  syscall () at ../sysdeps/unix/sysv/linux/x86_64/syscall.S:38
#1  0x000073bf07421fc7 in ?? () from /home/ubuntu2004/isaacsim-4.5.0/extscache/omni.usd.libs-1.0.1+d02c707b.lx64.r.cp310/bin/libtbb.so
#2  0x000073bf07421dc6 in ?? () from /home/ubuntu2004/isaacsim-4.5.0/extscache/omni.usd.libs-1.0.1+d02c707b.lx64.r.cp310/bin/libtbb.so
#3  0x000073c063e94a83 in start_thread (arg=...) at ./nptl/pthread_create.c:442
#4  0x000073c063f268e0 in clone3 () at ../sysdeps/unix/sysv/linux/x86_64/clone3.S:81

Thread 72 (Thread 0x73bebbdfd640 (LWP 17395) "tbb.worker"):
#0  syscall () at ../sysdeps/unix/sysv/linux/x86_64/syscall.S:38
#1  0x000073bf07421fc7 in ?? () from /home/ubuntu2004/isaacsim-4.5.0/extscache/omni.usd.libs-1.0.1+d02c707b.lx64.r.cp310/bin/libtbb.so
#2  0x000073bf07421dc6 in ?? () from /home/ubuntu2004/isaacsim-4.5.0/extscache/omni.usd.libs-1.0.1+d02c707b.lx64.r.cp310/bin/libtbb.so
#3  0x000073c063e94a83 in start_thread (arg=...) at ./nptl/pthread_create.c:442
#4  0x000073c063f268e0 in clone3 () at ../sysdeps/unix/sysv/linux/x86_64/clone3.S:81

Thread 71 (Thread 0x73bebb5fb640 (LWP 17397) "tbb.worker"):
#0  syscall () at ../sysdeps/unix/sysv/linux/x86_64/syscall.S:38
#1  0x000073bf07421fc7 in ?? () from /home/ubuntu2004/isaacsim-4.5.0/extscache/omni.usd.libs-1.0.1+d02c707b.lx64.r.cp310/bin/libtbb.so
#2  0x000073bf07421dc6 in ?? () from /home/ubuntu2004/isaacsim-4.5.0/extscache/omni.usd.libs-1.0.1+d02c707b.lx64.r.cp310/bin/libtbb.so
#3  0x000073c063e94a83 in start_thread (arg=...) at ./nptl/pthread_create.c:442
#4  0x000073c063f268e0 in clone3 () at ../sysdeps/unix/sysv/linux/x86_64/clone3.S:81

Thread 70 (Thread 0x73bebb9fc640 (LWP 17396) "tbb.worker"):
#0  syscall () at ../sysdeps/unix/sysv/linux/x86_64/syscall.S:38
#1  0x000073bf07421fc7 in ?? () from /home/ubuntu2004/isaacsim-4.5.0/extscache/omni.usd.libs-1.0.1+d02c707b.lx64.r.cp310/bin/libtbb.so
#2  0x000073bf07421dc6 in ?? () from /home/ubuntu2004/isaacsim-4.5.0/extscache/omni.usd.libs-1.0.1+d02c707b.lx64.r.cp310/bin/libtbb.so
#3  0x000073c063e94a83 in start_thread (arg=...) at ./nptl/pthread_create.c:442
#4  0x000073c063f268e0 in clone3 () at ../sysdeps/unix/sysv/linux/x86_64/clone3.S:81

Thread 69 (Thread 0x73bebc1fe640 (LWP 17394) "tbb.worker"):
#0  syscall () at ../sysdeps/unix/sysv/linux/x86_64/syscall.S:38
#1  0x000073bf07421fc7 in ?? () from /home/ubuntu2004/isaacsim-4.5.0/extscache/omni.usd.libs-1.0.1+d02c707b.lx64.r.cp310/bin/libtbb.so
#2  0x000073bf07421dc6 in ?? () from /home/ubuntu2004/isaacsim-4.5.0/extscache/omni.usd.libs-1.0.1+d02c707b.lx64.r.cp310/bin/libtbb.so
#3  0x000073c063e94a83 in start_thread (arg=...) at ./nptl/pthread_create.c:442
#4  0x000073c063f268e0 in clone3 () at ../sysdeps/unix/sysv/linux/x86_64/clone3.S:81

Thread 68 (Thread 0x73beb81fe640 (LWP 17393) "tbb.worker"):
#0  syscall () at ../sysdeps/unix/sysv/linux/x86_64/syscall.S:38
#1  0x000073bf07421fc7 in ?? () from /home/ubuntu2004/isaacsim-4.5.0/extscache/omni.usd.libs-1.0.1+d02c707b.lx64.r.cp310/bin/libtbb.so
#2  0x000073bf07421dc6 in ?? () from /home/ubuntu2004/isaacsim-4.5.0/extscache/omni.usd.libs-1.0.1+d02c707b.lx64.r.cp310/bin/libtbb.so
#3  0x000073c063e94a83 in start_thread (arg=...) at ./nptl/pthread_create.c:442
#4  0x000073c063f268e0 in clone3 () at ../sysdeps/unix/sysv/linux/x86_64/clone3.S:81

Thread 67 (Thread 0x73bebc5ff640 (LWP 17392) "tbb.worker"):
#0  0x000073be3cf418d9 in ?? () from /home/ubuntu2004/isaacsim-4.5.0/extscache/omni.graph.core-2.181.8+d02c707b.lx64.r/bin/libomni.graph.core.plugin.so
#1  0x000073bdf4e38f59 in ?? () from /home/ubuntu2004/isaacsim-4.5.0/extscache/omni.graph.image.core-0.6.0+d02c707b.lx64.r/bin/libomni.graph.image.core.plugin.so
#2  0x000073bdf4e41057 in ?? () from /home/ubuntu2004/isaacsim-4.5.0/extscache/omni.graph.image.core-0.6.0+d02c707b.lx64.r/bin/libomni.graph.image.core.plugin.so
#3  0x000073be5b2205dc in ?? () from /home/ubuntu2004/isaacsim-4.5.0/extscache/omni.kit.exec.core-0.13.4+d02c707b.lx64.r.cp310/bin/libomni.kit.exec.core.plugin.so
#4  0x000073be5b2206cd in ?? () from /home/ubuntu2004/isaacsim-4.5.0/extscache/omni.kit.exec.core-0.13.4+d02c707b.lx64.r.cp310/bin/libomni.kit.exec.core.plugin.so
#5  0x000073bf0742f38a in ?? () from /home/ubuntu2004/isaacsim-4.5.0/extscache/omni.usd.libs-1.0.1+d02c707b.lx64.r.cp310/bin/libtbb.so

Thread 66 (Thread 0x73bf1affd640 (LWP 17326) "rtx.shaderdb.Fi"):
#0  syscall () at ../sysdeps/unix/sysv/linux/x86_64/syscall.S:38
#1  0x000073c055c39753 in ?? () from /home/ubuntu2004/isaacsim-4.5.0/kit/kernel/plugins/libcarb.tasking.plugin.so
#2  0x000073c055c3a14c in ?? () from /home/ubuntu2004/isaacsim-4.5.0/kit/kernel/plugins/libcarb.tasking.plugin.so
#3  0x000073bfbf85d91b in std::thread::_State_impl<std::thread::_Invoker<std::tuple<omni::JoinableSleepThread::start<rtx::shaderdb::FileWatchedCache<bool>::FileWatchedCache()::{lambda()#1}>(rtx::shaderdb::FileWatchedCache<bool>::FileWatchedCache()::{lambda()#1})::{lambda()#1}> > >::_M_run() () from /home/ubuntu2004/isaacsim-4.5.0/extscache/omni.gpu_foundation-0.0.0+d02c707b.lx64.r.cp310/bin/deps/libgpu.foundation.plugin.so
#4  0x000073c063adc253 in ?? () from /lib/x86_64-linux-gnu/libstdc++.so.6
#5  0x000073c063e94a83 in start_thread (arg=...) at ./nptl/pthread_create.c:442

Thread 65 (Thread 0x73bf1b7fe640 (LWP 17325) "rtx.shaderdb.Fi"):
#0  syscall () at ../sysdeps/unix/sysv/linux/x86_64/syscall.S:38
#1  0x000073c055c39753 in ?? () from /home/ubuntu2004/isaacsim-4.5.0/kit/kernel/plugins/libcarb.tasking.plugin.so
#2  0x000073c055c3a14c in ?? () from /home/ubuntu2004/isaacsim-4.5.0/kit/kernel/plugins/libcarb.tasking.plugin.so
#3  0x000073bfbf85d448 in std::thread::_State_impl<std::thread::_Invoker<std::tuple<omni::JoinableSleepThread::start<rtx::shaderdb::FileWatchedCache<rtx::shaderdb::FileContent>::FileWatchedCache()::{lambda()#1}>(rtx::shaderdb::FileWatchedCache<rtx::shaderdb::FileContent>::FileWatchedCache()::{lambda()#1})::{lambda()#1}> > >::_M_run() () from /home/ubuntu2004/isaacsim-4.5.0/extscache/omni.gpu_foundation-0.0.0+d02c707b.lx64.r.cp310/bin/deps/libgpu.foundation.plugin.so
#4  0x000073c063adc253 in ?? () from /lib/x86_64-linux-gnu/libstdc++.so.6
#5  0x000073c063e94a83 in start_thread (arg=...) at ./nptl/pthread_create.c:442

Thread 64 (Thread 0x73bf1bfff640 (LWP 17324) "rtx.shaderdb.Fi"):
#0  syscall () at ../sysdeps/unix/sysv/linux/x86_64/syscall.S:38
#1  0x000073c055c39753 in ?? () from /home/ubuntu2004/isaacsim-4.5.0/kit/kernel/plugins/libcarb.tasking.plugin.so
#2  0x000073c055c3a14c in ?? () from /home/ubuntu2004/isaacsim-4.5.0/kit/kernel/plugins/libcarb.tasking.plugin.so
#3  0x000073bfbf85cee5 in std::thread::_State_impl<std::thread::_Invoker<std::tuple<omni::JoinableSleepThread::start<rtx::shaderdb::FileWatchedCache<std::string>::FileWatchedCache()::{lambda()#1}>(rtx::shaderdb::FileWatchedCache<std::string>::FileWatchedCache()::{lambda()#1})::{lambda()#1}> > >::_M_run() () from /home/ubuntu2004/isaacsim-4.5.0/extscache/omni.gpu_foundation-0.0.0+d02c707b.lx64.r.cp310/bin/deps/libgpu.foundation.plugin.so
#4  0x000073c063adc253 in ?? () from /lib/x86_64-linux-gnu/libstdc++.so.6
#5  0x000073c063e94a83 in start_thread (arg=...) at ./nptl/pthread_create.c:442

Thread 63 (Thread 0x73bf40cec640 (LWP 17323) "python3"):
#0  0x000073c063ee57b8 in __GI___clock_nanosleep (clock_id=..., flags=..., req=..., rem=...) at ../sysdeps/unix/sysv/linux/clock_nanosleep.c:78
#1  0x000073c063eea637 in __GI___nanosleep (req=..., rem=...) at ../sysdeps/unix/sysv/linux/nanosleep.c:25
#2  0x000073bfbf7fc7c5 in ?? () from /home/ubuntu2004/isaacsim-4.5.0/extscache/omni.gpu_foundation-0.0.0+d02c707b.lx64.r.cp310/bin/deps/libgpu.foundation.plugin.so
#3  0x000073c063adc253 in ?? () from /lib/x86_64-linux-gnu/libstdc++.so.6
#4  0x000073c063e94a83 in start_thread (arg=...) at ./nptl/pthread_create.c:442
#5  0x000073c063f268e0 in clone3 () at ../sysdeps/unix/sysv/linux/x86_64/clone3.S:81

Thread 62 (Thread 0x73bf414ed640 (LWP 17322) "rtx::streaming "):
#0  syscall () at ../sysdeps/unix/sysv/linux/x86_64/syscall.S:38
#1  0x000073bfbf8743c4 in ?? () from /home/ubuntu2004/isaacsim-4.5.0/extscache/omni.gpu_foundation-0.0.0+d02c707b.lx64.r.cp310/bin/deps/libgpu.foundation.plugin.so
#2  0x000073bfbf871a0b in ?? () from /home/ubuntu2004/isaacsim-4.5.0/extscache/omni.gpu_foundation-0.0.0+d02c707b.lx64.r.cp310/bin/deps/libgpu.foundation.plugin.so
#3  0x000073c063adc253 in ?? () from /lib/x86_64-linux-gnu/libstdc++.so.6
#4  0x000073c063e94a83 in start_thread (arg=...) at ./nptl/pthread_create.c:442
#5  0x000073c063f268e0 in clone3 () at ../sysdeps/unix/sysv/linux/x86_64/clone3.S:81

Thread 61 (Thread 0x73bf43fef640 (LWP 17320) "python3"):
#0  syscall () at ../sysdeps/unix/sysv/linux/x86_64/syscall.S:38
#1  0x000073bfbf7641fa in ?? () from /home/ubuntu2004/isaacsim-4.5.0/extscache/omni.gpu_foundation-0.0.0+d02c707b.lx64.r.cp310/bin/deps/libgpu.foundation.plugin.so
#2  0x000073c063adc253 in ?? () from /lib/x86_64-linux-gnu/libstdc++.so.6
#3  0x000073c063e94a83 in start_thread (arg=...) at ./nptl/pthread_create.c:442
#4  0x000073c063f268e0 in clone3 () at ../sysdeps/unix/sysv/linux/x86_64/clone3.S:81

Thread 60 (Thread 0x73bf447f0640 (LWP 17319) "python3"):
#0  __futex_abstimed_wait_common64 (private=..., cancel=..., abstime=..., op=..., expected=..., futex_word=...) at ./nptl/futex-internal.c:57
#1  __futex_abstimed_wait_common (cancel=..., private=..., abstime=..., clockid=..., expected=..., futex_word=...) at ./nptl/futex-internal.c:87
#2  __GI___futex_abstimed_wait_cancelable64 (futex_word=..., expected=..., clockid=..., abstime=..., private=...) at ./nptl/futex-internal.c:139
#3  0x000073c063e9cb9f in do_futex_wait (sem=..., abstime=..., clockid=...) at ./nptl/sem_waitcommon.c:111
#4  0x000073c063e9cc38 in __new_sem_wait_slow64 (sem=..., abstime=..., clockid=...) at ./nptl/sem_waitcommon.c:183
#5  0x000073bfc2da0bf8 in IlmThread_3_2::Semaphore::wait() () from /home/ubuntu2004/isaacsim-4.5.0/extscache/omni.assets.plugins-0.0.0+d02c707b.lx64.r/bin/deps/libcarb.imaging.plugin.so

Thread 59 (Thread 0x73bf44ff1640 (LWP 17318) "python3"):
#0  __futex_abstimed_wait_common64 (private=..., cancel=..., abstime=..., op=..., expected=..., futex_word=...) at ./nptl/futex-internal.c:57
#1  __futex_abstimed_wait_common (cancel=..., private=..., abstime=..., clockid=..., expected=..., futex_word=...) at ./nptl/futex-internal.c:87
#2  __GI___futex_abstimed_wait_cancelable64 (futex_word=..., expected=..., clockid=..., abstime=..., private=...) at ./nptl/futex-internal.c:139
#3  0x000073c063e9cb9f in do_futex_wait (sem=..., abstime=..., clockid=...) at ./nptl/sem_waitcommon.c:111
#4  0x000073c063e9cc38 in __new_sem_wait_slow64 (sem=..., abstime=..., clockid=...) at ./nptl/sem_waitcommon.c:183
#5  0x000073bfc2da0bf8 in IlmThread_3_2::Semaphore::wait() () from /home/ubuntu2004/isaacsim-4.5.0/extscache/omni.assets.plugins-0.0.0+d02c707b.lx64.r/bin/deps/libcarb.imaging.plugin.so

Thread 58 (Thread 0x73bf457f2640 (LWP 17317) "python3"):
#0  __futex_abstimed_wait_common64 (private=..., cancel=..., abstime=..., op=..., expected=..., futex_word=...) at ./nptl/futex-internal.c:57
#1  __futex_abstimed_wait_common (cancel=..., private=..., abstime=..., clockid=..., expected=..., futex_word=...) at ./nptl/futex-internal.c:87
#2  __GI___futex_abstimed_wait_cancelable64 (futex_word=..., expected=..., clockid=..., abstime=..., private=...) at ./nptl/futex-internal.c:139
#3  0x000073c063e9cb9f in do_futex_wait (sem=..., abstime=..., clockid=...) at ./nptl/sem_waitcommon.c:111
#4  0x000073c063e9cc38 in __new_sem_wait_slow64 (sem=..., abstime=..., clockid=...) at ./nptl/sem_waitcommon.c:183
#5  0x000073bfc2da0bf8 in IlmThread_3_2::Semaphore::wait() () from /home/ubuntu2004/isaacsim-4.5.0/extscache/omni.assets.plugins-0.0.0+d02c707b.lx64.r/bin/deps/libcarb.imaging.plugin.so

Thread 57 (Thread 0x73bf45ff3640 (LWP 17316) "python3"):
#0  __futex_abstimed_wait_common64 (private=..., cancel=..., abstime=..., op=..., expected=..., futex_word=...) at ./nptl/futex-internal.c:57
#1  __futex_abstimed_wait_common (cancel=..., private=..., abstime=..., clockid=..., expected=..., futex_word=...) at ./nptl/futex-internal.c:87
#2  __GI___futex_abstimed_wait_cancelable64 (futex_word=..., expected=..., clockid=..., abstime=..., private=...) at ./nptl/futex-internal.c:139
#3  0x000073c063e9cb9f in do_futex_wait (sem=..., abstime=..., clockid=...) at ./nptl/sem_waitcommon.c:111
#4  0x000073c063e9cc38 in __new_sem_wait_slow64 (sem=..., abstime=..., clockid=...) at ./nptl/sem_waitcommon.c:183
#5  0x000073bfc2da0bf8 in IlmThread_3_2::Semaphore::wait() () from /home/ubuntu2004/isaacsim-4.5.0/extscache/omni.assets.plugins-0.0.0+d02c707b.lx64.r/bin/deps/libcarb.imaging.plugin.so

Thread 56 (Thread 0x73bf467f4640 (LWP 17315) "python3"):
#0  __futex_abstimed_wait_common64 (private=..., cancel=..., abstime=..., op=..., expected=..., futex_word=...) at ./nptl/futex-internal.c:57
#1  __futex_abstimed_wait_common (cancel=..., private=..., abstime=..., clockid=..., expected=..., futex_word=...) at ./nptl/futex-internal.c:87
#2  __GI___futex_abstimed_wait_cancelable64 (futex_word=..., expected=..., clockid=..., abstime=..., private=...) at ./nptl/futex-internal.c:139
#3  0x000073c063e9cb9f in do_futex_wait (sem=..., abstime=..., clockid=...) at ./nptl/sem_waitcommon.c:111
#4  0x000073c063e9cc38 in __new_sem_wait_slow64 (sem=..., abstime=..., clockid=...) at ./nptl/sem_waitcommon.c:183
#5  0x000073bfc2da0bf8 in IlmThread_3_2::Semaphore::wait() () from /home/ubuntu2004/isaacsim-4.5.0/extscache/omni.assets.plugins-0.0.0+d02c707b.lx64.r/bin/deps/libcarb.imaging.plugin.so

Thread 55 (Thread 0x73bf46ff5640 (LWP 17314) "python3"):
#0  __futex_abstimed_wait_common64 (private=..., cancel=..., abstime=..., op=..., expected=..., futex_word=...) at ./nptl/futex-internal.c:57
#1  __futex_abstimed_wait_common (cancel=..., private=..., abstime=..., clockid=..., expected=..., futex_word=...) at ./nptl/futex-internal.c:87
#2  __GI___futex_abstimed_wait_cancelable64 (futex_word=..., expected=..., clockid=..., abstime=..., private=...) at ./nptl/futex-internal.c:139
#3  0x000073c063e9cb9f in do_futex_wait (sem=..., abstime=..., clockid=...) at ./nptl/sem_waitcommon.c:111
#4  0x000073c063e9cc38 in __new_sem_wait_slow64 (sem=..., abstime=..., clockid=...) at ./nptl/sem_waitcommon.c:183
#5  0x000073bfc2da0bf8 in IlmThread_3_2::Semaphore::wait() () from /home/ubuntu2004/isaacsim-4.5.0/extscache/omni.assets.plugins-0.0.0+d02c707b.lx64.r/bin/deps/libcarb.imaging.plugin.so

Thread 54 (Thread 0x73bf477f6640 (LWP 17313) "python3"):
#0  __futex_abstimed_wait_common64 (private=..., cancel=..., abstime=..., op=..., expected=..., futex_word=...) at ./nptl/futex-internal.c:57
#1  __futex_abstimed_wait_common (cancel=..., private=..., abstime=..., clockid=..., expected=..., futex_word=...) at ./nptl/futex-internal.c:87
#2  __GI___futex_abstimed_wait_cancelable64 (futex_word=..., expected=..., clockid=..., abstime=..., private=...) at ./nptl/futex-internal.c:139
#3  0x000073c063e9cb9f in do_futex_wait (sem=..., abstime=..., clockid=...) at ./nptl/sem_waitcommon.c:111
#4  0x000073c063e9cc38 in __new_sem_wait_slow64 (sem=..., abstime=..., clockid=...) at ./nptl/sem_waitcommon.c:183
#5  0x000073bfc2da0bf8 in IlmThread_3_2::Semaphore::wait() () from /home/ubuntu2004/isaacsim-4.5.0/extscache/omni.assets.plugins-0.0.0+d02c707b.lx64.r/bin/deps/libcarb.imaging.plugin.so

Thread 53 (Thread 0x73bf47ff7640 (LWP 17312) "python3"):
#0  __futex_abstimed_wait_common64 (private=..., cancel=..., abstime=..., op=..., expected=..., futex_word=...) at ./nptl/futex-internal.c:57
#1  __futex_abstimed_wait_common (cancel=..., private=..., abstime=..., clockid=..., expected=..., futex_word=...) at ./nptl/futex-internal.c:87
#2  __GI___futex_abstimed_wait_cancelable64 (futex_word=..., expected=..., clockid=..., abstime=..., private=...) at ./nptl/futex-internal.c:139
#3  0x000073c063e9cb9f in do_futex_wait (sem=..., abstime=..., clockid=...) at ./nptl/sem_waitcommon.c:111
#4  0x000073c063e9cc38 in __new_sem_wait_slow64 (sem=..., abstime=..., clockid=...) at ./nptl/sem_waitcommon.c:183
#5  0x000073bfc2da0bf8 in IlmThread_3_2::Semaphore::wait() () from /home/ubuntu2004/isaacsim-4.5.0/extscache/omni.assets.plugins-0.0.0+d02c707b.lx64.r/bin/deps/libcarb.imaging.plugin.so

Thread 52 (Thread 0x73bf487f8640 (LWP 17311) "python3"):
#0  __futex_abstimed_wait_common64 (private=..., cancel=..., abstime=..., op=..., expected=..., futex_word=...) at ./nptl/futex-internal.c:57
#1  __futex_abstimed_wait_common (cancel=..., private=..., abstime=..., clockid=..., expected=..., futex_word=...) at ./nptl/futex-internal.c:87
#2  __GI___futex_abstimed_wait_cancelable64 (futex_word=..., expected=..., clockid=..., abstime=..., private=...) at ./nptl/futex-internal.c:139
#3  0x000073c063e9cb9f in do_futex_wait (sem=..., abstime=..., clockid=...) at ./nptl/sem_waitcommon.c:111
#4  0x000073c063e9cc38 in __new_sem_wait_slow64 (sem=..., abstime=..., clockid=...) at ./nptl/sem_waitcommon.c:183
#5  0x000073bfc2da0bf8 in IlmThread_3_2::Semaphore::wait() () from /home/ubuntu2004/isaacsim-4.5.0/extscache/omni.assets.plugins-0.0.0+d02c707b.lx64.r/bin/deps/libcarb.imaging.plugin.so

Thread 51 (Thread 0x73bf48ff9640 (LWP 17310) "python3"):
#0  __futex_abstimed_wait_common64 (private=..., cancel=..., abstime=..., op=..., expected=..., futex_word=...) at ./nptl/futex-internal.c:57
#1  __futex_abstimed_wait_common (cancel=..., private=..., abstime=..., clockid=..., expected=..., futex_word=...) at ./nptl/futex-internal.c:87
#2  __GI___futex_abstimed_wait_cancelable64 (futex_word=..., expected=..., clockid=..., abstime=..., private=...) at ./nptl/futex-internal.c:139
#3  0x000073c063e9cb9f in do_futex_wait (sem=..., abstime=..., clockid=...) at ./nptl/sem_waitcommon.c:111
#4  0x000073c063e9cc38 in __new_sem_wait_slow64 (sem=..., abstime=..., clockid=...) at ./nptl/sem_waitcommon.c:183
#5  0x000073bfc2da0bf8 in IlmThread_3_2::Semaphore::wait() () from /home/ubuntu2004/isaacsim-4.5.0/extscache/omni.assets.plugins-0.0.0+d02c707b.lx64.r/bin/deps/libcarb.imaging.plugin.so

Thread 50 (Thread 0x73bf497fa640 (LWP 17309) "python3"):
#0  __futex_abstimed_wait_common64 (private=..., cancel=..., abstime=..., op=..., expected=..., futex_word=...) at ./nptl/futex-internal.c:57
#1  __futex_abstimed_wait_common (cancel=..., private=..., abstime=..., clockid=..., expected=..., futex_word=...) at ./nptl/futex-internal.c:87
#2  __GI___futex_abstimed_wait_cancelable64 (futex_word=..., expected=..., clockid=..., abstime=..., private=...) at ./nptl/futex-internal.c:139
#3  0x000073c063e9cb9f in do_futex_wait (sem=..., abstime=..., clockid=...) at ./nptl/sem_waitcommon.c:111
#4  0x000073c063e9cc38 in __new_sem_wait_slow64 (sem=..., abstime=..., clockid=...) at ./nptl/sem_waitcommon.c:183
#5  0x000073bfc2da0bf8 in IlmThread_3_2::Semaphore::wait() () from /home/ubuntu2004/isaacsim-4.5.0/extscache/omni.assets.plugins-0.0.0+d02c707b.lx64.r/bin/deps/libcarb.imaging.plugin.so

Thread 49 (Thread 0x73bf49ffb640 (LWP 17308) "python3"):
#0  __futex_abstimed_wait_common64 (private=..., cancel=..., abstime=..., op=..., expected=..., futex_word=...) at ./nptl/futex-internal.c:57
#1  __futex_abstimed_wait_common (cancel=..., private=..., abstime=..., clockid=..., expected=..., futex_word=...) at ./nptl/futex-internal.c:87
#2  __GI___futex_abstimed_wait_cancelable64 (futex_word=..., expected=..., clockid=..., abstime=..., private=...) at ./nptl/futex-internal.c:139
#3  0x000073c063e9cb9f in do_futex_wait (sem=..., abstime=..., clockid=...) at ./nptl/sem_waitcommon.c:111
#4  0x000073c063e9cc38 in __new_sem_wait_slow64 (sem=..., abstime=..., clockid=...) at ./nptl/sem_waitcommon.c:183
#5  0x000073bfc2da0bf8 in IlmThread_3_2::Semaphore::wait() () from /home/ubuntu2004/isaacsim-4.5.0/extscache/omni.assets.plugins-0.0.0+d02c707b.lx64.r/bin/deps/libcarb.imaging.plugin.so

Thread 48 (Thread 0x73bf4a7fc640 (LWP 17307) "python3"):
#0  __futex_abstimed_wait_common64 (private=..., cancel=..., abstime=..., op=..., expected=..., futex_word=...) at ./nptl/futex-internal.c:57
#1  __futex_abstimed_wait_common (cancel=..., private=..., abstime=..., clockid=..., expected=..., futex_word=...) at ./nptl/futex-internal.c:87
#2  __GI___futex_abstimed_wait_cancelable64 (futex_word=..., expected=..., clockid=..., abstime=..., private=...) at ./nptl/futex-internal.c:139
#3  0x000073c063e9cb9f in do_futex_wait (sem=..., abstime=..., clockid=...) at ./nptl/sem_waitcommon.c:111
#4  0x000073c063e9cc38 in __new_sem_wait_slow64 (sem=..., abstime=..., clockid=...) at ./nptl/sem_waitcommon.c:183
#5  0x000073bfc2da0bf8 in IlmThread_3_2::Semaphore::wait() () from /home/ubuntu2004/isaacsim-4.5.0/extscache/omni.assets.plugins-0.0.0+d02c707b.lx64.r/bin/deps/libcarb.imaging.plugin.so

Thread 47 (Thread 0x73bf4affd640 (LWP 17306) "python3"):
#0  __futex_abstimed_wait_common64 (private=..., cancel=..., abstime=..., op=..., expected=..., futex_word=...) at ./nptl/futex-internal.c:57
#1  __futex_abstimed_wait_common (cancel=..., private=..., abstime=..., clockid=..., expected=..., futex_word=...) at ./nptl/futex-internal.c:87
#2  __GI___futex_abstimed_wait_cancelable64 (futex_word=..., expected=..., clockid=..., abstime=..., private=...) at ./nptl/futex-internal.c:139
#3  0x000073c063e9cb9f in do_futex_wait (sem=..., abstime=..., clockid=...) at ./nptl/sem_waitcommon.c:111
#4  0x000073c063e9cc38 in __new_sem_wait_slow64 (sem=..., abstime=..., clockid=...) at ./nptl/sem_waitcommon.c:183
#5  0x000073bfc2da0bf8 in IlmThread_3_2::Semaphore::wait() () from /home/ubuntu2004/isaacsim-4.5.0/extscache/omni.assets.plugins-0.0.0+d02c707b.lx64.r/bin/deps/libcarb.imaging.plugin.so

Thread 46 (Thread 0x73bf4b7fe640 (LWP 17305) "python3"):
#0  __futex_abstimed_wait_common64 (private=..., cancel=..., abstime=..., op=..., expected=..., futex_word=...) at ./nptl/futex-internal.c:57
#1  __futex_abstimed_wait_common (cancel=..., private=..., abstime=..., clockid=..., expected=..., futex_word=...) at ./nptl/futex-internal.c:87
#2  __GI___futex_abstimed_wait_cancelable64 (futex_word=..., expected=..., clockid=..., abstime=..., private=...) at ./nptl/futex-internal.c:139
#3  0x000073c063e9cb9f in do_futex_wait (sem=..., abstime=..., clockid=...) at ./nptl/sem_waitcommon.c:111
#4  0x000073c063e9cc38 in __new_sem_wait_slow64 (sem=..., abstime=..., clockid=...) at ./nptl/sem_waitcommon.c:183
#5  0x000073bfc2da0bf8 in IlmThread_3_2::Semaphore::wait() () from /home/ubuntu2004/isaacsim-4.5.0/extscache/omni.assets.plugins-0.0.0+d02c707b.lx64.r/bin/deps/libcarb.imaging.plugin.so

Thread 45 (Thread 0x73bf4bfff640 (LWP 17304) "python3"):
#0  __futex_abstimed_wait_common64 (private=..., cancel=..., abstime=..., op=..., expected=..., futex_word=...) at ./nptl/futex-internal.c:57
#1  __futex_abstimed_wait_common (cancel=..., private=..., abstime=..., clockid=..., expected=..., futex_word=...) at ./nptl/futex-internal.c:87
#2  __GI___futex_abstimed_wait_cancelable64 (futex_word=..., expected=..., clockid=..., abstime=..., private=...) at ./nptl/futex-internal.c:139
#3  0x000073c063e9cb9f in do_futex_wait (sem=..., abstime=..., clockid=...) at ./nptl/sem_waitcommon.c:111
#4  0x000073c063e9cc38 in __new_sem_wait_slow64 (sem=..., abstime=..., clockid=...) at ./nptl/sem_waitcommon.c:183
#5  0x000073bfc2da0bf8 in IlmThread_3_2::Semaphore::wait() () from /home/ubuntu2004/isaacsim-4.5.0/extscache/omni.assets.plugins-0.0.0+d02c707b.lx64.r/bin/deps/libcarb.imaging.plugin.so

Thread 44 (Thread 0x73bf60ddb640 (LWP 17302) "carb.task timer"):
#0  syscall () at ../sysdeps/unix/sysv/linux/x86_64/syscall.S:38
#1  0x000073c055c284d0 in ?? () from /home/ubuntu2004/isaacsim-4.5.0/kit/kernel/plugins/libcarb.tasking.plugin.so
#2  0x000073c063adc253 in ?? () from /lib/x86_64-linux-gnu/libstdc++.so.6
#3  0x000073c063e94a83 in start_thread (arg=...) at ./nptl/pthread_create.c:442
#4  0x000073c063f268e0 in clone3 () at ../sysdeps/unix/sysv/linux/x86_64/clone3.S:81

Thread 43 (Thread 0x73bf615dc640 (LWP 17300) "python3"):
#0  __futex_abstimed_wait_common64 (private=..., cancel=..., abstime=..., op=..., expected=..., futex_word=...) at ./nptl/futex-internal.c:57
#1  __futex_abstimed_wait_common (cancel=..., private=..., abstime=..., clockid=..., expected=..., futex_word=...) at ./nptl/futex-internal.c:87
#2  __GI___futex_abstimed_wait_cancelable64 (futex_word=..., expected=..., clockid=..., abstime=..., private=...) at ./nptl/futex-internal.c:139
#3  0x000073c063e93e5b in __pthread_cond_wait_common (abstime=..., clockid=..., mutex=..., cond=...) at ./nptl/pthread_cond_wait.c:503
#4  ___pthread_cond_timedwait64 (cond=..., mutex=..., abstime=...) at ./nptl/pthread_cond_wait.c:652
#5  0x000073bfae6104ac in ?? () from /lib/x86_64-linux-gnu/libnvidia-glcore.so.580.178.04

Thread 42 (Thread 0x73bf637fe640 (LWP 17285) "cuda-EvtHandlr"):
#0  0x000073c063f18d1f in __GI___poll (fds=..., nfds=..., timeout=...) at ../sysdeps/unix/sysv/linux/poll.c:29
#1  0x000073bf8ef19fa7 in ?? () from /lib/x86_64-linux-gnu/libcuda.so.1
#2  0x000073bf8f0069e7 in ?? () from /lib/x86_64-linux-gnu/libcuda.so.1
#3  0x000073bf8ef06de3 in ?? () from /lib/x86_64-linux-gnu/libcuda.so.1
#4  0x000073c063e94a83 in start_thread (arg=...) at ./nptl/pthread_create.c:442
#5  0x000073c063f268e0 in clone3 () at ../sysdeps/unix/sysv/linux/x86_64/clone3.S:81

Thread 41 (Thread 0x73bf63fff640 (LWP 17278) "[vkps] Update"):
#0  __futex_abstimed_wait_common64 (private=..., cancel=..., abstime=..., op=..., expected=..., futex_word=...) at ./nptl/futex-internal.c:57
#1  __futex_abstimed_wait_common (cancel=..., private=..., abstime=..., clockid=..., expected=..., futex_word=...) at ./nptl/futex-internal.c:87
#2  __GI___futex_abstimed_wait_cancelable64 (futex_word=..., expected=..., clockid=..., abstime=..., private=...) at ./nptl/futex-internal.c:139
#3  0x000073c063e93e5b in __pthread_cond_wait_common (abstime=..., clockid=..., mutex=..., cond=...) at ./nptl/pthread_cond_wait.c:503
#4  ___pthread_cond_timedwait64 (cond=..., mutex=..., abstime=...) at ./nptl/pthread_cond_wait.c:652
#5  0x000073bfae6104ac in ?? () from /lib/x86_64-linux-gnu/libnvidia-glcore.so.580.178.04

Thread 40 (Thread 0x73bf70fff640 (LWP 17277) "[vkrt] Analysis"):
#0  __futex_abstimed_wait_common64 (private=..., cancel=..., abstime=..., op=..., expected=..., futex_word=...) at ./nptl/futex-internal.c:57
#1  __futex_abstimed_wait_common (cancel=..., private=..., abstime=..., clockid=..., expected=..., futex_word=...) at ./nptl/futex-internal.c:87
#2  __GI___futex_abstimed_wait_cancelable64 (futex_word=..., expected=..., clockid=..., abstime=..., private=...) at ./nptl/futex-internal.c:139
#3  0x000073c063e93e5b in __pthread_cond_wait_common (abstime=..., clockid=..., mutex=..., cond=...) at ./nptl/pthread_cond_wait.c:503
#4  ___pthread_cond_timedwait64 (cond=..., mutex=..., abstime=...) at ./nptl/pthread_cond_wait.c:652
#5  0x000073bfae6104ac in ?? () from /lib/x86_64-linux-gnu/libnvidia-glcore.so.580.178.04

Thread 39 (Thread 0x73bf84fba640 (LWP 17275) "[vkcf] Analysis"):
#0  __futex_abstimed_wait_common64 (private=..., cancel=..., abstime=..., op=..., expected=..., futex_word=...) at ./nptl/futex-internal.c:57
#1  __futex_abstimed_wait_common (cancel=..., private=..., abstime=..., clockid=..., expected=..., futex_word=...) at ./nptl/futex-internal.c:87
#2  __GI___futex_abstimed_wait_cancelable64 (futex_word=..., expected=..., clockid=..., abstime=..., private=...) at ./nptl/futex-internal.c:139
#3  0x000073c063e93a01 in __pthread_cond_wait_common (abstime=..., clockid=..., mutex=..., cond=...) at ./nptl/pthread_cond_wait.c:503
#4  ___pthread_cond_wait (cond=..., mutex=...) at ./nptl/pthread_cond_wait.c:627
#5  0x000073bfae61044c in ?? () from /lib/x86_64-linux-gnu/libnvidia-glcore.so.580.178.04

Thread 38 (Thread 0x73bf857bb640 (LWP 17274) "python3"):
#0  __futex_abstimed_wait_common64 (private=..., cancel=..., abstime=..., op=..., expected=..., futex_word=...) at ./nptl/futex-internal.c:57
#1  __futex_abstimed_wait_common (cancel=..., private=..., abstime=..., clockid=..., expected=..., futex_word=...) at ./nptl/futex-internal.c:87
#2  __GI___futex_abstimed_wait_cancelable64 (futex_word=..., expected=..., clockid=..., abstime=..., private=...) at ./nptl/futex-internal.c:139
#3  0x000073c063e93e5b in __pthread_cond_wait_common (abstime=..., clockid=..., mutex=..., cond=...) at ./nptl/pthread_cond_wait.c:503
#4  ___pthread_cond_timedwait64 (cond=..., mutex=..., abstime=...) at ./nptl/pthread_cond_wait.c:652
#5  0x000073bfae6104ac in ?? () from /lib/x86_64-linux-gnu/libnvidia-glcore.so.580.178.04

Thread 37 (Thread 0x73bf85fbc640 (LWP 17272) "python3"):
#0  0x000073c063f18d1f in __GI___poll (fds=..., nfds=..., timeout=...) at ../sysdeps/unix/sysv/linux/poll.c:29
#1  0x000073bfae612e93 in ?? () from /lib/x86_64-linux-gnu/libnvidia-glcore.so.580.178.04
#2  0x000073bfae90b81d in ?? () from /lib/x86_64-linux-gnu/libnvidia-glcore.so.580.178.04
#3  0x000073c063e94a83 in start_thread (arg=...) at ./nptl/pthread_create.c:442
#4  0x000073c063f268e0 in clone3 () at ../sysdeps/unix/sysv/linux/x86_64/clone3.S:81

Thread 36 (Thread 0x73bf879de640 (LWP 17271) "cuda-EvtHandlr"):
#0  0x000073c063f18d1f in __GI___poll (fds=..., nfds=..., timeout=...) at ../sysdeps/unix/sysv/linux/poll.c:29
#1  0x000073bf8ef19fa7 in ?? () from /lib/x86_64-linux-gnu/libcuda.so.1
#2  0x000073bf8f0069e7 in ?? () from /lib/x86_64-linux-gnu/libcuda.so.1
#3  0x000073bf8ef06de3 in ?? () from /lib/x86_64-linux-gnu/libcuda.so.1
#4  0x000073c063e94a83 in start_thread (arg=...) at ./nptl/pthread_create.c:442
#5  0x000073c063f268e0 in clone3 () at ../sysdeps/unix/sysv/linux/x86_64/clone3.S:81

Thread 35 (Thread 0x73bfb89ff640 (LWP 17270) "python3"):
#0  __futex_abstimed_wait_common64 (private=..., cancel=..., abstime=..., op=..., expected=..., futex_word=...) at ./nptl/futex-internal.c:57
#1  __futex_abstimed_wait_common (cancel=..., private=..., abstime=..., clockid=..., expected=..., futex_word=...) at ./nptl/futex-internal.c:87
#2  __GI___futex_abstimed_wait_cancelable64 (futex_word=..., expected=..., clockid=..., abstime=..., private=...) at ./nptl/futex-internal.c:139
#3  0x000073c063e93e5b in __pthread_cond_wait_common (abstime=..., clockid=..., mutex=..., cond=...) at ./nptl/pthread_cond_wait.c:503
#4  ___pthread_cond_timedwait64 (cond=..., mutex=..., abstime=...) at ./nptl/pthread_cond_wait.c:652
#5  0x000073bf8ee6a08a in ?? () from /lib/x86_64-linux-gnu/libcuda.so.1

Thread 34 (Thread 0x73bfb81fe640 (LWP 17269) "cuda0000dc00038"):
#0  0x000073c063f18d1f in __GI___poll (fds=..., nfds=..., timeout=...) at ../sysdeps/unix/sysv/linux/poll.c:29
#1  0x000073bf8ef19fa7 in ?? () from /lib/x86_64-linux-gnu/libcuda.so.1
#2  0x000073bf8f0069e7 in ?? () from /lib/x86_64-linux-gnu/libcuda.so.1
#3  0x000073bf8ef06de3 in ?? () from /lib/x86_64-linux-gnu/libcuda.so.1
#4  0x000073c063e94a83 in start_thread (arg=...) at ./nptl/pthread_create.c:442
#5  0x000073c063f268e0 in clone3 () at ../sysdeps/unix/sysv/linux/x86_64/clone3.S:81

Thread 31 (Thread 0x73bfd8ffc640 (LWP 17250) "python3"):
#0  0x000073c063ee57b8 in __GI___clock_nanosleep (clock_id=..., flags=..., req=..., rem=...) at ../sysdeps/unix/sysv/linux/clock_nanosleep.c:78
#1  0x000073c063eea637 in __GI___nanosleep (req=..., rem=...) at ../sysdeps/unix/sysv/linux/nanosleep.c:25
#2  0x000073c055c22fd5 in ?? () from /home/ubuntu2004/isaacsim-4.5.0/kit/kernel/plugins/libcarb.tasking.plugin.so
#3  0x000073bfdb428128 in ?? () from /home/ubuntu2004/isaacsim-4.5.0/extscache/omni.ujitso.default-1.0.0+d02c707b.lx64.r.cp310/bin/carb.ujitsoagent/libcarb.ujitsoagent.plugin.so
#4  0x000073bfdb428d99 in ?? () from /home/ubuntu2004/isaacsim-4.5.0/extscache/omni.ujitso.default-1.0.0+d02c707b.lx64.r.cp310/bin/carb.ujitsoagent/libcarb.ujitsoagent.plugin.so
#5  0x000073c063adc253 in ?? () from /lib/x86_64-linux-gnu/libstdc++.so.6

Thread 30 (Thread 0x73bfd97fd640 (LWP 17249) "python3"):
#0  0x000073c063ee57b8 in __GI___clock_nanosleep (clock_id=..., flags=..., req=..., rem=...) at ../sysdeps/unix/sysv/linux/clock_nanosleep.c:78
#1  0x000073c063eea637 in __GI___nanosleep (req=..., rem=...) at ../sysdeps/unix/sysv/linux/nanosleep.c:25
#2  0x000073c055c22fd5 in ?? () from /home/ubuntu2004/isaacsim-4.5.0/kit/kernel/plugins/libcarb.tasking.plugin.so
#3  0x000073bfdb46e879 in ?? () from /home/ubuntu2004/isaacsim-4.5.0/extscache/omni.ujitso.default-1.0.0+d02c707b.lx64.r.cp310/bin/carb.ujitsoagent/libcarb.ujitsoagent.plugin.so
#4  0x000073c063adc253 in ?? () from /lib/x86_64-linux-gnu/libstdc++.so.6
#5  0x000073c063e94a83 in start_thread (arg=...) at ./nptl/pthread_create.c:442

Thread 29 (Thread 0x73bfd9ffe640 (LWP 17248) "python3"):
#0  syscall () at ../sysdeps/unix/sysv/linux/x86_64/syscall.S:38
#1  0x000073c055c39753 in ?? () from /home/ubuntu2004/isaacsim-4.5.0/kit/kernel/plugins/libcarb.tasking.plugin.so
#2  0x000073c055c3a14c in ?? () from /home/ubuntu2004/isaacsim-4.5.0/kit/kernel/plugins/libcarb.tasking.plugin.so
#3  0x000073bfdb46728f in ?? () from /home/ubuntu2004/isaacsim-4.5.0/extscache/omni.ujitso.default-1.0.0+d02c707b.lx64.r.cp310/bin/carb.ujitsoagent/libcarb.ujitsoagent.plugin.so
#4  0x000073c063adc253 in ?? () from /lib/x86_64-linux-gnu/libstdc++.so.6
#5  0x000073c063e94a83 in start_thread (arg=...) at ./nptl/pthread_create.c:442

Thread 28 (Thread 0x73bfda7ff640 (LWP 17247) "python3"):
#0  0x000073c063ee57b8 in __GI___clock_nanosleep (clock_id=..., flags=..., req=..., rem=...) at ../sysdeps/unix/sysv/linux/clock_nanosleep.c:78
#1  0x000073c063eea637 in __GI___nanosleep (req=..., rem=...) at ../sysdeps/unix/sysv/linux/nanosleep.c:25
#2  0x000073bfe184b91d in ?? () from /home/ubuntu2004/isaacsim-4.5.0/extscache/omni.datastore-0.0.0+d02c707b.lx64.r/bin/deps/libcarb.datastore.plugin.so
#3  0x000073c063adc253 in ?? () from /lib/x86_64-linux-gnu/libstdc++.so.6
#4  0x000073c063e94a83 in start_thread (arg=...) at ./nptl/pthread_create.c:442
#5  0x000073c063f268e0 in clone3 () at ../sysdeps/unix/sysv/linux/x86_64/clone3.S:81

Thread 25 (Thread 0x73bfdbfff640 (LWP 17237) "OC Tick"):
#0  syscall () at ../sysdeps/unix/sysv/linux/x86_64/syscall.S:38
#1  0x000073bfe994fe64 in omniclient::Core::TickThread::tickThread() () from /home/ubuntu2004/isaacsim-4.5.0/kit/extscore/omni.client.lib/bin/libomniclient.so
#2  0x000073c063adc253 in ?? () from /lib/x86_64-linux-gnu/libstdc++.so.6
#3  0x000073c063e94a83 in start_thread (arg=...) at ./nptl/pthread_create.c:442
#4  0x000073c063f268e0 in clone3 () at ../sysdeps/unix/sysv/linux/x86_64/clone3.S:81

Thread 24 (Thread 0x73bfe0bff640 (LWP 17230) "OC Print"):
#0  syscall () at ../sysdeps/unix/sysv/linux/x86_64/syscall.S:38
#1  0x000073bfe998c5ad in ?? () from /home/ubuntu2004/isaacsim-4.5.0/kit/extscore/omni.client.lib/bin/libomniclient.so
#2  0x000073c063adc253 in ?? () from /lib/x86_64-linux-gnu/libstdc++.so.6
#3  0x000073c063e94a83 in start_thread (arg=...) at ./nptl/pthread_create.c:442
#4  0x000073c063f268e0 in clone3 () at ../sysdeps/unix/sysv/linux/x86_64/clone3.S:81

Thread 23 (Thread 0x73bfebfff640 (LWP 17227) "structured log "):
#0  syscall () at ../sysdeps/unix/sysv/linux/x86_64/syscall.S:38
#1  0x000073c05ec4ccd3 in ?? () from /home/ubuntu2004/isaacsim-4.5.0/kit/libomni.structuredlog.plugin.so
#2  0x000073c063adc253 in ?? () from /lib/x86_64-linux-gnu/libstdc++.so.6
#3  0x000073c063e94a83 in start_thread (arg=...) at ./nptl/pthread_create.c:442
#4  0x000073c063f268e0 in clone3 () at ../sysdeps/unix/sysv/linux/x86_64/clone3.S:81

Thread 22 (Thread 0x73bff91fd640 (LWP 17129) "FileSystemWatch"):
#0  0x000073c063f18d1f in __GI___poll (fds=..., nfds=..., timeout=...) at ../sysdeps/unix/sysv/linux/poll.c:29
#1  0x000073c064a21254 in ?? () from /home/ubuntu2004/isaacsim-4.5.0/kit/libcarb.so
#2  0x000073c064aa56cf in ?? () from /home/ubuntu2004/isaacsim-4.5.0/kit/libcarb.so
#3  0x000073c063e94a83 in start_thread (arg=...) at ./nptl/pthread_create.c:442
#4  0x000073c063f268e0 in clone3 () at ../sysdeps/unix/sysv/linux/x86_64/clone3.S:81

Thread 21 (Thread 0x73bff99fe640 (LWP 17128) "heartbeat threa"):
#0  syscall () at ../sysdeps/unix/sysv/linux/x86_64/syscall.S:38
#1  0x000073c05ec46172 in ?? () from /home/ubuntu2004/isaacsim-4.5.0/kit/libomni.structuredlog.plugin.so
#2  0x000073c063adc253 in ?? () from /lib/x86_64-linux-gnu/libstdc++.so.6
#3  0x000073c063e94a83 in start_thread (arg=...) at ./nptl/pthread_create.c:442
#4  0x000073c063f268e0 in clone3 () at ../sysdeps/unix/sysv/linux/x86_64/clone3.S:81

Thread 20 (Thread 0x73bffa1ff640 (LWP 17127) "carb.task watch"):
#0  syscall () at ../sysdeps/unix/sysv/linux/x86_64/syscall.S:38
#1  0x000073c055c28e55 in ?? () from /home/ubuntu2004/isaacsim-4.5.0/kit/kernel/plugins/libcarb.tasking.plugin.so
#2  0x000073c063adc253 in ?? () from /lib/x86_64-linux-gnu/libstdc++.so.6
#3  0x000073c063e94a83 in start_thread (arg=...) at ./nptl/pthread_create.c:442
#4  0x000073c063f268e0 in clone3 () at ../sysdeps/unix/sysv/linux/x86_64/clone3.S:81

Thread 19 (Thread 0x73c00abfe640 (LWP 17126) "carb.tasking15"):
#0  syscall () at ../sysdeps/unix/sysv/linux/x86_64/syscall.S:38
#1  0x000073c055c1cf83 in ?? () from /home/ubuntu2004/isaacsim-4.5.0/kit/kernel/plugins/libcarb.tasking.plugin.so
#2  0x000073c055c2281a in ?? () from /home/ubuntu2004/isaacsim-4.5.0/kit/kernel/plugins/libcarb.tasking.plugin.so
#3  0x000073c055c248d1 in ?? () from /home/ubuntu2004/isaacsim-4.5.0/kit/kernel/plugins/libcarb.tasking.plugin.so
#4  0x000073c063adc253 in ?? () from /lib/x86_64-linux-gnu/libstdc++.so.6
#5  0x000073c063e94a83 in start_thread (arg=...) at ./nptl/pthread_create.c:442

Thread 18 (Thread 0x73c00bfff640 (LWP 17125) "carb.tasking14"):
#0  __futex_abstimed_wait_common (cancel=..., private=..., abstime=..., clockid=..., expected=..., futex_word=...) at ./nptl/futex-internal.c:103
#1  __GI___futex_abstimed_wait64 (futex_word=..., expected=..., clockid=..., abstime=..., private=...) at ./nptl/futex-internal.c:128
#2  0x000073c063e9b20f in __pthread_rwlock_wrlock_full64 (abstime=..., clockid=..., rwlock=...) at ./nptl/pthread_rwlock_common.c:730
#3  ___pthread_rwlock_wrlock (rwlock=...) at ./nptl/pthread_rwlock_wrlock.c:26
#4  0x000073bf8fb9ed74 in ?? () from /lib/x86_64-linux-gnu/libcuda.so.1
#5  0x000073bf8ef63e70 in ?? () from /lib/x86_64-linux-gnu/libcuda.so.1

Thread 17 (Thread 0x73c01a3ff640 (LWP 17124) "carb.tasking13"):
#0  __futex_abstimed_wait_common (cancel=..., private=..., abstime=..., clockid=..., expected=..., futex_word=...) at ./nptl/futex-internal.c:103
#1  __GI___futex_abstimed_wait64 (futex_word=..., expected=..., clockid=..., abstime=..., private=...) at ./nptl/futex-internal.c:128
#2  0x000073c063e9b20f in __pthread_rwlock_wrlock_full64 (abstime=..., clockid=..., rwlock=...) at ./nptl/pthread_rwlock_common.c:730
#3  ___pthread_rwlock_wrlock (rwlock=...) at ./nptl/pthread_rwlock_wrlock.c:26
#4  0x000073bf8fb9ed74 in ?? () from /lib/x86_64-linux-gnu/libcuda.so.1
#5  0x000073bf8edd5f2b in ?? () from /lib/x86_64-linux-gnu/libcuda.so.1

Thread 16 (Thread 0x73c01bfff640 (LWP 17123) "carb.tasking12"):
#0  __futex_abstimed_wait_common (cancel=..., private=..., abstime=..., clockid=..., expected=..., futex_word=...) at ./nptl/futex-internal.c:103
#1  __GI___futex_abstimed_wait64 (futex_word=..., expected=..., clockid=..., abstime=..., private=...) at ./nptl/futex-internal.c:128
#2  0x000073c063e9b20f in __pthread_rwlock_wrlock_full64 (abstime=..., clockid=..., rwlock=...) at ./nptl/pthread_rwlock_common.c:730
#3  ___pthread_rwlock_wrlock (rwlock=...) at ./nptl/pthread_rwlock_wrlock.c:26
#4  0x000073bf8fb9ed74 in ?? () from /lib/x86_64-linux-gnu/libcuda.so.1
#5  0x000073bf8eeef71e in ?? () from /lib/x86_64-linux-gnu/libcuda.so.1

Thread 15 (Thread 0x73c0215fe640 (LWP 17122) "carb.tasking11"):
#0  syscall () at ../sysdeps/unix/sysv/linux/x86_64/syscall.S:38
#1  0x000073c055c1cf83 in ?? () from /home/ubuntu2004/isaacsim-4.5.0/kit/kernel/plugins/libcarb.tasking.plugin.so
#2  0x000073c055c2281a in ?? () from /home/ubuntu2004/isaacsim-4.5.0/kit/kernel/plugins/libcarb.tasking.plugin.so
#3  0x000073c055c248d1 in ?? () from /home/ubuntu2004/isaacsim-4.5.0/kit/kernel/plugins/libcarb.tasking.plugin.so
#4  0x000073c063adc253 in ?? () from /lib/x86_64-linux-gnu/libstdc++.so.6
#5  0x000073c063e94a83 in start_thread (arg=...) at ./nptl/pthread_create.c:442

Thread 14 (Thread 0x73c022fff640 (LWP 17121) "carb.tasking10"):
#0  syscall () at ../sysdeps/unix/sysv/linux/x86_64/syscall.S:38
#1  0x000073c055c1cf83 in ?? () from /home/ubuntu2004/isaacsim-4.5.0/kit/kernel/plugins/libcarb.tasking.plugin.so
#2  0x000073c055c2281a in ?? () from /home/ubuntu2004/isaacsim-4.5.0/kit/kernel/plugins/libcarb.tasking.plugin.so
#3  0x000073c055c248d1 in ?? () from /home/ubuntu2004/isaacsim-4.5.0/kit/kernel/plugins/libcarb.tasking.plugin.so
#4  0x000073c063adc253 in ?? () from /lib/x86_64-linux-gnu/libstdc++.so.6
#5  0x000073c063e94a83 in start_thread (arg=...) at ./nptl/pthread_create.c:442

Thread 13 (Thread 0x73c034dfd640 (LWP 17120) "carb.tasking9"):
#0  syscall () at ../sysdeps/unix/sysv/linux/x86_64/syscall.S:38
#1  0x000073c055c1cf83 in ?? () from /home/ubuntu2004/isaacsim-4.5.0/kit/kernel/plugins/libcarb.tasking.plugin.so
#2  0x000073c055c2281a in ?? () from /home/ubuntu2004/isaacsim-4.5.0/kit/kernel/plugins/libcarb.tasking.plugin.so
#3  0x000073c055c248d1 in ?? () from /home/ubuntu2004/isaacsim-4.5.0/kit/kernel/plugins/libcarb.tasking.plugin.so
#4  0x000073c063adc253 in ?? () from /lib/x86_64-linux-gnu/libstdc++.so.6
#5  0x000073c063e94a83 in start_thread (arg=...) at ./nptl/pthread_create.c:442

Thread 12 (Thread 0x73c035bfe640 (LWP 17119) "carb.tasking8"):
#0  syscall () at ../sysdeps/unix/sysv/linux/x86_64/syscall.S:38
#1  0x000073c055c1cf83 in ?? () from /home/ubuntu2004/isaacsim-4.5.0/kit/kernel/plugins/libcarb.tasking.plugin.so
#2  0x000073c055c2281a in ?? () from /home/ubuntu2004/isaacsim-4.5.0/kit/kernel/plugins/libcarb.tasking.plugin.so
#3  0x000073c055c248d1 in ?? () from /home/ubuntu2004/isaacsim-4.5.0/kit/kernel/plugins/libcarb.tasking.plugin.so
#4  0x000073c063adc253 in ?? () from /lib/x86_64-linux-gnu/libstdc++.so.6
#5  0x000073c063e94a83 in start_thread (arg=...) at ./nptl/pthread_create.c:442

Thread 11 (Thread 0x73c037fff640 (LWP 17118) "carb.tasking7"):
#0  __futex_abstimed_wait_common (cancel=..., private=..., abstime=..., clockid=..., expected=..., futex_word=...) at ./nptl/futex-internal.c:103
#1  __GI___futex_abstimed_wait64 (futex_word=..., expected=..., clockid=..., abstime=..., private=...) at ./nptl/futex-internal.c:128
#2  0x000073c063e9a7bb in __pthread_rwlock_rdlock_full64 (abstime=..., clockid=..., rwlock=...) at ./nptl/pthread_rwlock_common.c:460
#3  ___pthread_rwlock_rdlock (rwlock=...) at ./nptl/pthread_rwlock_rdlock.c:26
#4  0x000073bf8eeeb693 in ?? () from /lib/x86_64-linux-gnu/libcuda.so.1
#5  0x000073bf8fb534f2 in ?? () from /lib/x86_64-linux-gnu/libcuda.so.1

Thread 10 (Thread 0x73c04cff9640 (LWP 17117) "carb.tasking6"):
#0  syscall () at ../sysdeps/unix/sysv/linux/x86_64/syscall.S:38
#1  0x000073c055c1cf83 in ?? () from /home/ubuntu2004/isaacsim-4.5.0/kit/kernel/plugins/libcarb.tasking.plugin.so
#2  0x000073c055c2281a in ?? () from /home/ubuntu2004/isaacsim-4.5.0/kit/kernel/plugins/libcarb.tasking.plugin.so
#3  0x000073c055c248d1 in ?? () from /home/ubuntu2004/isaacsim-4.5.0/kit/kernel/plugins/libcarb.tasking.plugin.so
#4  0x000073c063adc253 in ?? () from /lib/x86_64-linux-gnu/libstdc++.so.6
#5  0x000073c063e94a83 in start_thread (arg=...) at ./nptl/pthread_create.c:442

Thread 9 (Thread 0x73c04d7fa640 (LWP 17116) "carb.tasking5"):
#0  __pthread_kill_implementation (no_tid=..., signo=..., threadid=...) at ./nptl/pthread_kill.c:44
#1  __pthread_kill_internal (signo=..., threadid=...) at ./nptl/pthread_kill.c:78
#2  __GI___pthread_kill (threadid=..., signo=...) at ./nptl/pthread_kill.c:89
#3  0x000073c063e42476 in __GI_raise (sig=...) at ../sysdeps/posix/raise.c:26
#4  0x000073c063e287f3 in __GI_abort () at ./stdlib/abort.c:79
#5  0x000073c063e89637 in __libc_message (action=..., fmt=...) at ../sysdeps/posix/libc_fatal.c:156

Thread 8 (Thread 0x73c04dffb640 (LWP 17115) "carb.tasking4"):
#0  __futex_abstimed_wait_common (cancel=..., private=..., abstime=..., clockid=..., expected=..., futex_word=...) at ./nptl/futex-internal.c:103
#1  __GI___futex_abstimed_wait64 (futex_word=..., expected=..., clockid=..., abstime=..., private=...) at ./nptl/futex-internal.c:128
#2  0x000073c063e9b20f in __pthread_rwlock_wrlock_full64 (abstime=..., clockid=..., rwlock=...) at ./nptl/pthread_rwlock_common.c:730
#3  ___pthread_rwlock_wrlock (rwlock=...) at ./nptl/pthread_rwlock_wrlock.c:26
#4  0x000073bf8fb9ed74 in ?? () from /lib/x86_64-linux-gnu/libcuda.so.1
#5  0x000073bf8edd5f2b in ?? () from /lib/x86_64-linux-gnu/libcuda.so.1

Thread 7 (Thread 0x73c04e7fc640 (LWP 17114) "carb.tasking3"):
#0  syscall () at ../sysdeps/unix/sysv/linux/x86_64/syscall.S:38
#1  0x000073c055c1cf83 in ?? () from /home/ubuntu2004/isaacsim-4.5.0/kit/kernel/plugins/libcarb.tasking.plugin.so
#2  0x000073c055c2281a in ?? () from /home/ubuntu2004/isaacsim-4.5.0/kit/kernel/plugins/libcarb.tasking.plugin.so
#3  0x000073c055c248d1 in ?? () from /home/ubuntu2004/isaacsim-4.5.0/kit/kernel/plugins/libcarb.tasking.plugin.so
#4  0x000073c063adc253 in ?? () from /lib/x86_64-linux-gnu/libstdc++.so.6
#5  0x000073c063e94a83 in start_thread (arg=...) at ./nptl/pthread_create.c:442

Thread 6 (Thread 0x73c04effd640 (LWP 17113) "carb.tasking2"):
#0  __futex_abstimed_wait_common (cancel=..., private=..., abstime=..., clockid=..., expected=..., futex_word=...) at ./nptl/futex-internal.c:103
#1  __GI___futex_abstimed_wait64 (futex_word=..., expected=..., clockid=..., abstime=..., private=...) at ./nptl/futex-internal.c:128
#2  0x000073c063e9b20f in __pthread_rwlock_wrlock_full64 (abstime=..., clockid=..., rwlock=...) at ./nptl/pthread_rwlock_common.c:730
#3  ___pthread_rwlock_wrlock (rwlock=...) at ./nptl/pthread_rwlock_wrlock.c:26
#4  0x000073bf8fb9ed74 in ?? () from /lib/x86_64-linux-gnu/libcuda.so.1
#5  0x000073bf8ef63e70 in ?? () from /lib/x86_64-linux-gnu/libcuda.so.1

Thread 5 (Thread 0x73c04f7fe640 (LWP 17112) "carb.tasking1"):
#0  syscall () at ../sysdeps/unix/sysv/linux/x86_64/syscall.S:38
#1  0x000073c055c1cf83 in ?? () from /home/ubuntu2004/isaacsim-4.5.0/kit/kernel/plugins/libcarb.tasking.plugin.so
#2  0x000073c055c2281a in ?? () from /home/ubuntu2004/isaacsim-4.5.0/kit/kernel/plugins/libcarb.tasking.plugin.so
#3  0x000073c055c248d1 in ?? () from /home/ubuntu2004/isaacsim-4.5.0/kit/kernel/plugins/libcarb.tasking.plugin.so
#4  0x000073c063adc253 in ?? () from /lib/x86_64-linux-gnu/libstdc++.so.6
#5  0x000073c063e94a83 in start_thread (arg=...) at ./nptl/pthread_create.c:442

Thread 4 (Thread 0x73c04ffff640 (LWP 17111) "carb.tasking0"):
#0  syscall () at ../sysdeps/unix/sysv/linux/x86_64/syscall.S:38
#1  0x000073c055c1cf83 in ?? () from /home/ubuntu2004/isaacsim-4.5.0/kit/kernel/plugins/libcarb.tasking.plugin.so
#2  0x000073c055c2281a in ?? () from /home/ubuntu2004/isaacsim-4.5.0/kit/kernel/plugins/libcarb.tasking.plugin.so
#3  0x000073c055c248d1 in ?? () from /home/ubuntu2004/isaacsim-4.5.0/kit/kernel/plugins/libcarb.tasking.plugin.so
#4  0x000073c063adc253 in ?? () from /lib/x86_64-linux-gnu/libstdc++.so.6
#5  0x000073c063e94a83 in start_thread (arg=...) at ./nptl/pthread_create.c:442

Thread 2 (Thread 0x73c0573ff640 (LWP 17109) "Profiler proces"):
#0  syscall () at ../sysdeps/unix/sysv/linux/x86_64/syscall.S:38
#1  0x000073c057429650 in std::thread::_State_impl<std::thread::_Invoker<std::tuple<carb::profiler::EventProcessor<carb::profiler::Provider>::startup()::{lambda()#1}> > >::_M_run() () from /home/ubuntu2004/isaacsim-4.5.0/kit/kernel/plugins/libcarb.profiler-cpu.plugin.so
#2  0x000073c063adc253 in ?? () from /lib/x86_64-linux-gnu/libstdc++.so.6
#3  0x000073c063e94a83 in start_thread (arg=...) at ./nptl/pthread_create.c:442
#4  0x000073c063f268e0 in clone3 () at ../sysdeps/unix/sysv/linux/x86_64/clone3.S:81

Thread 1 (Thread 0x73c064d22b80 (LWP 17071) "python3"):
#0  0x000073bf0742fdd2 in ?? () from /home/ubuntu2004/isaacsim-4.5.0/extscache/omni.usd.libs-1.0.1+d02c707b.lx64.r.cp310/bin/libtbb.so
#1  0x000073bf0742f68b in ?? () from /home/ubuntu2004/isaacsim-4.5.0/extscache/omni.usd.libs-1.0.1+d02c707b.lx64.r.cp310/bin/libtbb.so
#2  0x000073be5b21f910 in ?? () from /home/ubuntu2004/isaacsim-4.5.0/extscache/omni.kit.exec.core-0.13.4+d02c707b.lx64.r.cp310/bin/libomni.kit.exec.core.plugin.so
#3  0x000073be5b20afa0 in ?? () from /home/ubuntu2004/isaacsim-4.5.0/extscache/omni.kit.exec.core-0.13.4+d02c707b.lx64.r.cp310/bin/libomni.kit.exec.core.plugin.so
#4  0x000073be5b20db41 in ?? () from /home/ubuntu2004/isaacsim-4.5.0/extscache/omni.kit.exec.core-0.13.4+d02c707b.lx64.r.cp310/bin/libomni.kit.exec.core.plugin.so
#5  0x000073be5b20d3ed in ?? () from /home/ubuntu2004/isaacsim-4.5.0/extscache/omni.kit.exec.core-0.13.4+d02c707b.lx64.r.cp310/bin/libomni.kit.exec.core.plugin.so
TASK01_GDB_COMMAND=info sharedlibrary
From                To                  Syms Read   Shared Object Library
0x000073c064dc8090  0x000073c064df1315  Yes         /lib64/ld-linux-x86-64.so.2
0x000073c064a0bbd0  0x000073c064aa8faa  Yes (*)     /home/ubuntu2004/isaacsim-4.5.0/kit/libcarb.so
0x000073c064265ba0  0x000073c064507f0a  Yes         /home/ubuntu2004/isaacsim-4.5.0/kit/python/bin/../lib/libpython3.10.so.1.0
0x000073c064d61040  0x000073c064d7497b  Yes (*)     /lib/x86_64-linux-gnu/libcrypt.so.1
0x000073c064d59040  0x000073c064d59105  Yes         /lib/x86_64-linux-gnu/libpthread.so.0
0x000073c064d54040  0x000073c064d54105  Yes         /lib/x86_64-linux-gnu/libdl.so.2
0x000073c064d4f040  0x000073c064d4f105  Yes         /lib/x86_64-linux-gnu/libutil.so.1
0x000073c0649273a0  0x000073c0649a28c8  Yes         /lib/x86_64-linux-gnu/libm.so.6
0x000073c063e28700  0x000073c063fba9fd  Yes         /lib/x86_64-linux-gnu/libc.so.6
0x000073c064d4a080  0x000073c064d4a275  Yes         /lib/x86_64-linux-gnu/librt.so.1
0x000073c063aa2420  0x000073c063baafc2  Yes (*)     /lib/x86_64-linux-gnu/libstdc++.so.6
0x000073c064d2a660  0x000073c064d40805  Yes (*)     /lib/x86_64-linux-gnu/libgcc_s.so.1
0x000073c0628dc000  0x000073c062af2d1a  Yes (*)     /home/ubuntu2004/isaacsim-4.5.0/kit/python/lib/python3.10/lib-dynload/_hashlib.cpython-310-x86_64-linux-gnu.so
0x000073c0624019f0  0x000073c0624093c7  Yes (*)     /home/ubuntu2004/isaacsim-4.5.0/kit/python/lib/python3.10/lib-dynload/_blake2.cpython-310-x86_64-linux-gnu.so
0x000073c062002430  0x000073c062007fac  Yes (*)     /home/ubuntu2004/isaacsim-4.5.0/kit/python/lib/python3.10/lib-dynload/_json.cpython-310-x86_64-linux-gnu.so
0x000073c061c009d0  0x000073c061c00d1c  Yes (*)     /home/ubuntu2004/isaacsim-4.5.0/kit/python/lib/python3.10/lib-dynload/_opcode.cpython-310-x86_64-linux-gnu.so
0x000073c061803370  0x000073c06180c3d5  Yes (*)     /home/ubuntu2004/isaacsim-4.5.0/kit/python/lib/python3.10/lib-dynload/math.cpython-310-x86_64-linux-gnu.so
0x000073c061400fb0  0x000073c0614021dc  Yes (*)     /home/ubuntu2004/isaacsim-4.5.0/kit/python/lib/python3.10/lib-dynload/fcntl.cpython-310-x86_64-linux-gnu.so
0x000073c061001a30  0x000073c061002eec  Yes (*)     /home/ubuntu2004/isaacsim-4.5.0/kit/python/lib/python3.10/lib-dynload/_posixsubprocess.cpython-310-x86_64-linux-gnu.so
0x000073c060c022c0  0x000073c060c0464c  Yes (*)     /home/ubuntu2004/isaacsim-4.5.0/kit/python/lib/python3.10/lib-dynload/select.cpython-310-x86_64-linux-gnu.so
0x000073c060804000  0x000073c06080ee30  Yes (*)     /home/ubuntu2004/isaacsim-4.5.0/kit/python/lib/python3.10/lib-dynload/_elementtree.cpython-310-x86_64-linux-gnu.so
0x000073c060404de0  0x000073c06042f26c  Yes (*)     /home/ubuntu2004/isaacsim-4.5.0/kit/python/lib/python3.10/lib-dynload/pyexpat.cpython-310-x86_64-linux-gnu.so
0x000073c060004b30  0x000073c0600123b6  Yes (*)     /home/ubuntu2004/isaacsim-4.5.0/kit/python/lib/python3.10/lib-dynload/_datetime.cpython-310-x86_64-linux-gnu.so
0x000073c05fc03270  0x000073c05fc079fc  Yes (*)     /home/ubuntu2004/isaacsim-4.5.0/kit/python/lib/python3.10/lib-dynload/_struct.cpython-310-x86_64-linux-gnu.so
0x000073c05f801840  0x000073c05f804e5c  Yes (*)     /home/ubuntu2004/isaacsim-4.5.0/kit/python/lib/python3.10/lib-dynload/binascii.cpython-310-x86_64-linux-gnu.so
0x000073c0640ad990  0x000073c0640f2bc7  Yes         /home/ubuntu2004/isaacsim-4.5.0/exts/omni.pip.compute/pip_prebundle/yaml/_yaml.cpython-310-x86_64-linux-gnu.so
0x000073c05f408000  0x000073c05f424993  Yes (*)     /home/ubuntu2004/isaacsim-4.5.0/kit/python/lib/python3.10/lib-dynload/_ctypes.cpython-310-x86_64-linux-gnu.so
0x000073c05f018380  0x000073c05f0a5fca  Yes (*)     /home/ubuntu2004/isaacsim-4.5.0/kit/kernel/py/carb/_carb.cpython-310-x86_64-linux-gnu.so
0x000073c05ec11840  0x000073c05ec64f1a  Yes (*)     /home/ubuntu2004/isaacsim-4.5.0/kit/libomni.structuredlog.plugin.so
0x000073c05e400be0  0x000073c05e401aec  Yes (*)     /home/ubuntu2004/isaacsim-4.5.0/kit/python/lib/python3.10/lib-dynload/_heapq.cpython-310-x86_64-linux-gnu.so
0x000073c05e0043a0  0x000073c05e01173a  Yes (*)     /home/ubuntu2004/isaacsim-4.5.0/kit/python/lib/python3.10/lib-dynload/_socket.cpython-310-x86_64-linux-gnu.so
0x000073c05dc036b0  0x000073c05dc09b5c  Yes (*)     /home/ubuntu2004/isaacsim-4.5.0/kit/python/lib/python3.10/lib-dynload/array.cpython-310-x86_64-linux-gnu.so
0x000073c05d50c000  0x000073c05d78422a  Yes (*)     /home/ubuntu2004/isaacsim-4.5.0/kit/python/lib/python3.10/lib-dynload/_ssl.cpython-310-x86_64-linux-gnu.so
0x000073c05d0007a0  0x000073c05d0008ec  Yes (*)     /home/ubuntu2004/isaacsim-4.5.0/kit/python/lib/python3.10/lib-dynload/_contextvars.cpython-310-x86_64-linux-gnu.so
0x000073c05cc04070  0x000073c05cc0b796  Yes (*)     /home/ubuntu2004/isaacsim-4.5.0/kit/python/lib/python3.10/lib-dynload/_asyncio.cpython-310-x86_64-linux-gnu.so
0x000073c05c80f750  0x000073c05c83349a  Yes (*)     /home/ubuntu2004/isaacsim-4.5.0/kit/kernel/py/carb/variant/_variant.cpython-310-x86_64-linux-gnu.so
0x000073c05c4109a0  0x000073c05c444fba  Yes (*)     /home/ubuntu2004/isaacsim-4.5.0/kit/kernel/py/carb/eventdispatcher/_eventdispatcher.cpython-310-x86_64-linux-gnu.so
0x000073c05c00ff70  0x000073c05c040bca  Yes (*)     /home/ubuntu2004/isaacsim-4.5.0/kit/kernel/py/carb/profiler/_profiler.cpython-310-x86_64-linux-gnu.so
0x000073c05bc12150  0x000073c05bc4cd4a  Yes (*)     /home/ubuntu2004/isaacsim-4.5.0/kit/kernel/py/carb/dictionary/_dictionary.cpython-310-x86_64-linux-gnu.so
0x000073c05b8115f0  0x000073c05b84681a  Yes (*)     /home/ubuntu2004/isaacsim-4.5.0/kit/kernel/py/carb/settings/_settings.cpython-310-x86_64-linux-gnu.so
0x000073c05b40eaa0  0x000073c05b42c9aa  Yes (*)     /home/ubuntu2004/isaacsim-4.5.0/kit/kernel/py/carb/tokens/_tokens.cpython-310-x86_64-linux-gnu.so
0x000073c05b0128b0  0x000073c05b0529aa  Yes (*)     /home/ubuntu2004/isaacsim-4.5.0/kit/kernel/py/omni/ext/_extensions.cpython-310-x86_64-linux-gnu.so
0x000073c05ac04d80  0x000073c05ac15e4d  Yes (*)     /home/ubuntu2004/isaacsim-4.5.0/kit/python/lib/python3.10/lib-dynload/_pickle.cpython-310-x86_64-linux-gnu.so
0x000073c05a802240  0x000073c05a805c8c  Yes (*)     /home/ubuntu2004/isaacsim-4.5.0/kit/python/lib/python3.10/lib-dynload/_csv.cpython-310-x86_64-linux-gnu.so
0x000073c05a400fa0  0x000073c05a40246c  Yes (*)     /home/ubuntu2004/isaacsim-4.5.0/kit/python/lib/python3.10/lib-dynload/_bisect.cpython-310-x86_64-linux-gnu.so
0x000073c05a001500  0x000073c05a00237c  Yes (*)     /home/ubuntu2004/isaacsim-4.5.0/kit/python/lib/python3.10/lib-dynload/_random.cpython-310-x86_64-linux-gnu.so
0x000073c059c01210  0x000073c059c0555c  Yes (*)     /home/ubuntu2004/isaacsim-4.5.0/kit/python/lib/python3.10/lib-dynload/_sha512.cpython-310-x86_64-linux-gnu.so
0x000073c05980fef0  0x000073c05983aa3a  Yes (*)     /home/ubuntu2004/isaacsim-4.5.0/kit/kernel/py/omni/kit/app/_app.cpython-310-x86_64-linux-gnu.so
0x000073c059411320  0x000073c05944af6a  Yes (*)     /home/ubuntu2004/isaacsim-4.5.0/kit/kernel/py/carb/events/_events.cpython-310-x86_64-linux-gnu.so
0x000073c05901da80  0x000073c05909e1ea  Yes (*)     /home/ubuntu2004/isaacsim-4.5.0/kit/kernel/plugins/libomni.kit.app.plugin.so
0x000073c058c0c6b0  0x000073c058c2d9ba  Yes (*)     /home/ubuntu2004/isaacsim-4.5.0/kit/kernel/plugins/libcarb.dictionary.plugin.so
0x000073c058809b10  0x000073c05881a54a  Yes (*)     /home/ubuntu2004/isaacsim-4.5.0/kit/kernel/plugins/libcarb.settings.plugin.so
0x000073c058409d10  0x000073c05841af7a  Yes (*)     /home/ubuntu2004/isaacsim-4.5.0/kit/kernel/plugins/libcarb.tokens.plugin.so
0x000073c05800a330  0x000073c05802a41a  Yes (*)     /home/ubuntu2004/isaacsim-4.5.0/kit/kernel/plugins/libcarb.dictionary.serializer-json.plugin.so
0x000073c057c0c920  0x000073c057c3393a  Yes (*)     /home/ubuntu2004/isaacsim-4.5.0/kit/kernel/plugins/libcarb.dictionary.serializer-toml.plugin.so
0x000073c057809920  0x000073c0578161ba  Yes (*)     /home/ubuntu2004/isaacsim-4.5.0/kit/kernel/plugins/libcarb.profiler-mux.plugin.so
0x000073c05740de00  0x000073c057447a1a  Yes (*)     /home/ubuntu2004/isaacsim-4.5.0/kit/kernel/plugins/libcarb.profiler-cpu.plugin.so
0x000073c05680ba00  0x000073c05682955a  Yes (*)     /home/ubuntu2004/isaacsim-4.5.0/kit/kernel/plugins/libomni.platforminfo.plugin.so
0x000073c05640af20  0x000073c05642142a  Yes (*)     /home/ubuntu2004/isaacsim-4.5.0/kit/kernel/plugins/libcarb.profiler-gpu.plugin.so
0x000073c05600c290  0x000073c056032cfa  Yes (*)     /home/ubuntu2004/isaacsim-4.5.0/kit/kernel/plugins/libcarb.events.plugin.so
0x000073c055c0e980  0x000073c055c3f5ba  Yes (*)     /home/ubuntu2004/isaacsim-4.5.0/kit/kernel/plugins/libcarb.tasking.plugin.so
0x000073c05580b5e0  0x000073c055824fca  Yes (*)     /home/ubuntu2004/isaacsim-4.5.0/kit/kernel/plugins/libcarb.variant.plugin.so
0x000073c05540e7c0  0x000073c05548fdda  Yes (*)     /home/ubuntu2004/isaacsim-4.5.0/kit/kernel/plugins/libomni.ext.plugin.so
0x000073c05500f510  0x000073c05503022a  Yes (*)     /home/ubuntu2004/isaacsim-4.5.0/kit/kernel/plugins/libcarb.scripting-python.plugin.so
0x000073c054c0b7a0  0x000073c054c1c7aa  Yes (*)     /home/ubuntu2004/isaacsim-4.5.0/kit/kernel/plugins/libcarb.launcher.plugin.so
0x000073c05480aa60  0x000073c05482624a  Yes (*)     /home/ubuntu2004/isaacsim-4.5.0/kit/kernel/plugins/libcarb.eventdispatcher.plugin.so
0x000073bfeb40c8a0  0x000073bfeb41e49a  Yes (*)     /home/ubuntu2004/isaacsim-4.5.0/extscache/omni.metrics.core-0.0.1+d02c707b.lx64.r/bin/deps/libcarb.metrics.plugin.so
0x000073bfe98d6000  0x000073bfea88b795  Yes (*)     /home/ubuntu2004/isaacsim-4.5.0/kit/extscore/omni.client.lib/bin/libomniclient.so
0x000073bfe8c9b000  0x000073bfe9154b15  Yes (*)     /home/ubuntu2004/isaacsim-4.5.0/kit/extscore/omni.client.lib/bin/libomniverse_connection.so
0x000073bfe881f070  0x000073bfe885bfca  Yes (*)     /home/ubuntu2004/isaacsim-4.5.0/kit/extscore/omni.client.lib/bin/libre2.so.10
0x000073bfe840ae80  0x000073bfe8428e0c  Yes (*)     /home/ubuntu2004/isaacsim-4.5.0/kit/extscore/omni.client.lib/bin/libcares.so.2
0x000073bfe3c15e90  0x000073bfe3c98f5a  Yes (*)     /home/ubuntu2004/isaacsim-4.5.0/kit/extscore/omni.client.lib/omni/client/impl/_omniclient.cpython-310-x86_64-linux-gnu.so
0x000073bfe380c900  0x000073bfe385490f  Yes (*)     /home/ubuntu2004/isaacsim-4.5.0/extscache/omni.blobkey-1.1.2+d02c707b.lx64.r/bin/deps/libomni.blobkey.plugin.so
0x000073bfe3413ed0  0x000073bfe344b0fa  Yes (*)     /home/ubuntu2004/isaacsim-4.5.0/extscache/omni.stats-1.0.1+d02c707b.lx64.r.cp310/bin/deps/libcarb.stats.plugin.so
0x000073bfe300ea40  0x000073bfe302c0ea  Yes (*)     /home/ubuntu2004/isaacsim-4.5.0/extscache/omni.stats-1.0.1+d02c707b.lx64.r.cp310/omni/stats/_stats.cpython-310-x86_64-linux-gnu.so
0x000073bfe200c000  0x000073bfe289f4ea  Yes (*)     /home/ubuntu2004/isaacsim-4.5.0/extscache/omni.datastore-0.0.0+d02c707b.lx64.r/bin/libomni.datastore.ext.plugin.so
0x000073c061ef06a0  0x000073c061ef8bc9  Yes         /lib/x86_64-linux-gnu/libresolv.so.2
0x000073bfe1821460  0x000073bfe18a063a  Yes (*)     /home/ubuntu2004/isaacsim-4.5.0/extscache/omni.datastore-0.0.0+d02c707b.lx64.r/bin/deps/libcarb.datastore.plugin.so
0x000073bfe140a7a0  0x000073bfe141b38a  Yes (*)     /home/ubuntu2004/isaacsim-4.5.0/extscache/omni.client-1.2.2+d02c707b.lx64.r/bin/libomni.client.liveprocess.plugin.so
0x000073bfe1002c60  0x000073bfe100761a  Yes (*)     /home/ubuntu2004/isaacsim-4.5.0/extscache/omni.client-1.2.2+d02c707b.lx64.r/bin/deps/libcarb.omniclient.plugin.so
0x000073bfe0c0ce90  0x000073bfe0c1ddba  Yes (*)     /home/ubuntu2004/isaacsim-4.5.0/extscache/omni.client-1.2.2+d02c707b.lx64.r/bin/deps/libcarb.datasource-omniclient.plugin.so
0x000073bfdb4210c0  0x000073bfdb571a7a  Yes (*)     /home/ubuntu2004/isaacsim-4.5.0/extscache/omni.ujitso.default-1.0.0+d02c707b.lx64.r.cp310/bin/carb.ujitsoagent/libcarb.ujitsoagent.plugin.so
0x000073bfdb00aca0  0x000073bfdb01ea5a  Yes (*)     /home/ubuntu2004/isaacsim-4.5.0/extscache/omni.ujitso.default-1.0.0+d02c707b.lx64.r.cp310/bin/carb.ujitso.default/libcarb.ujitso.default.plugin.so
0x000073bfdac0a650  0x000073bfdac1ae4a  Yes (*)     /home/ubuntu2004/isaacsim-4.5.0/extscache/omni.ujitso.default-1.0.0+d02c707b.lx64.r.cp310/bin/libomni.ujitso.default.ext.plugin.so
0x000073bfda81a6b0  0x000073bfda8af86f  Yes (*)     /home/ubuntu2004/isaacsim-4.5.0/extscache/omni.hsscclient-1.1.1+d02c707b.lx64.r.cp310/bin/deps/libcarb.hsscclient.plugin.so
0x000073bfd84100e0  0x000073bfd843ac0a  Yes (*)     /home/ubuntu2004/isaacsim-4.5.0/extscache/omni.ujitso.default-1.0.0+d02c707b.lx64.r.cp310/omni/ujitso/default/_ujitsodefault.cpython-310-x86_64-linux-gnu.so
0x000073bfc3c10bd0  0x000073bfc3c4095a  Yes (*)     /home/ubuntu2004/isaacsim-4.5.0/extscache/omni.gpu_foundation-0.0.0+d02c707b.lx64.r.cp310/omni/gpu_foundation_factory/_gpu_foundation_factory.cpython-310-x86_64-linux-gnu.so
0x000073bfc380ba00  0x000073bfc382cb6a  Yes (*)     /home/ubuntu2004/isaacsim-4.5.0/extscache/omni.assets.plugins-0.0.0+d02c707b.lx64.r/bin/libcarb.assets.plugin.so
0x000073bfc3409860  0x000073bfc3419cea  Yes (*)     /home/ubuntu2004/isaacsim-4.5.0/extscache/omni.assets.plugins-0.0.0+d02c707b.lx64.r/bin/libcarb.datasource-file.plugin.so
0x000073bfc2ca1620  0x000073bfc2e1568a  Yes (*)     /home/ubuntu2004/isaacsim-4.5.0/extscache/omni.assets.plugins-0.0.0+d02c707b.lx64.r/bin/deps/libcarb.imaging.plugin.so
0x000073bfc280a9c0  0x000073bfc281f2ea  Yes (*)     /home/ubuntu2004/isaacsim-4.5.0/extscache/omni.assets.plugins-0.0.0+d02c707b.lx64.r/bin/deps/libcarb.progress.plugin.so
0x000073bfc2228db0  0x000073bfc22bfdea  Yes (*)     /home/ubuntu2004/isaacsim-4.5.0/extscache/omni.gpu_foundation-0.0.0+d02c707b.lx64.r.cp310/bin/deps/libcarb.graphics-vulkan.plugin.so
0x000073bfc1c48c40  0x000073bfc200455c  Yes (*)     /home/ubuntu2004/isaacsim-4.5.0/extscache/omni.gpu_foundation-0.0.0+d02c707b.lx64.r.cp310/bin/deps/libGFSDK_Aftermath_Lib.x64.so
0x000073bfc180a000  0x000073bfc181341a  Yes (*)     /home/ubuntu2004/isaacsim-4.5.0/extscache/omni.gpu_foundation-0.0.0+d02c707b.lx64.r.cp310/bin/deps/libcarb.graphics_optional.plugin.so
0x000073bfc1403a70  0x000073bfc1417a0a  Yes (*)     /home/ubuntu2004/isaacsim-4.5.0/extscache/omni.gpu_foundation-0.0.0+d02c707b.lx64.r.cp310/bin/deps/libcarb.shadercompiler-slang.plugin.so
0x000073bfc00a1190  0x000073bfc08bf7c5  Yes (*)     /home/ubuntu2004/isaacsim-4.5.0/extscache/omni.gpu_foundation-0.0.0+d02c707b.lx64.r.cp310/bin/deps/libslang.so
0x000073bfbf6bcd80  0x000073bfbfbf25ca  Yes (*)     /home/ubuntu2004/isaacsim-4.5.0/extscache/omni.gpu_foundation-0.0.0+d02c707b.lx64.r.cp310/bin/deps/libgpu.foundation.plugin.so
0x000073bfbf20ba20  0x000073bfbf21799a  Yes (*)     /home/ubuntu2004/isaacsim-4.5.0/extscache/omni.gpu_foundation-0.0.0+d02c707b.lx64.r.cp310/bin/deps/libcarb.blockcompression.plugin.so
0x000073bfbca54bb0  0x000073bfbcc303fa  Yes (*)     /home/ubuntu2004/isaacsim-4.5.0/extscache/omni.gpu_foundation-0.0.0+d02c707b.lx64.r.cp310/bin/deps/libnvtt.so.30205
0x000073bfbc61aa50  0x000073bfbc6a975a  Yes (*)     /home/ubuntu2004/isaacsim-4.5.0/extscache/omni.gpu_foundation-0.0.0+d02c707b.lx64.r.cp310/bin/deps/libcarb.cudainterop.plugin.so
0x000073bfbc20a860  0x000073bfbc216a4a  Yes (*)     /home/ubuntu2004/isaacsim-4.5.0/extscache/omni.gpu_foundation-0.0.0+d02c707b.lx64.r.cp310/bin/deps/libcarb.glinterop.plugin.so
0x000073c061ea91c0  0x000073c061eabf11  Yes (*)     /lib/x86_64-linux-gnu/libGL.so.1
0x000073bfeb2da0c0  0x000073bfeb3646ce  Yes (*)     /lib/x86_64-linux-gnu/libX11.so.6
0x000073c061e356c0  0x000073c061e4f080  Yes (*)     /lib/x86_64-linux-gnu/libGLX.so.0
0x000073bfbbe54170  0x000073bfbbe802f2  Yes (*)     /home/ubuntu2004/isaacsim-4.5.0/extscache/omni.gpu_foundation-0.0.0+d02c707b.lx64.r.cp310/bin/deps/libGLEW.so.2.1
0x000073c061a88240  0x000073c061a8a187  Yes (*)     /lib/x86_64-linux-gnu/libGLdispatch.so.0
0x000073c061e13640  0x000073c061e26660  Yes (*)     /lib/x86_64-linux-gnu/libxcb.so.1
0x000073c06387b360  0x000073c06387c092  Yes (*)     /lib/x86_64-linux-gnu/libXau.so.6
0x000073c062e111a0  0x000073c062e12967  Yes (*)     /lib/x86_64-linux-gnu/libXdmcp.so.6
0x000073c061a35040  0x000073c061a40226  Yes (*)     /lib/x86_64-linux-gnu/libbsd.so.0
0x000073c06220f160  0x000073c062215739  Yes (*)     /lib/x86_64-linux-gnu/libmd.so.0
0x000073bfbba09ac0  0x000073bfbba1ba5a  Yes (*)     /home/ubuntu2004/isaacsim-4.5.0/extscache/omni.gpu_foundation-0.0.0+d02c707b.lx64.r.cp310/bin/deps/librtx.xrtools.plugin.so
0x000073bfbb60ad70  0x000073bfbb61c36a  Yes (*)     /home/ubuntu2004/isaacsim-4.5.0/extscache/omni.gpu_foundation-0.0.0+d02c707b.lx64.r.cp310/bin/deps/libcarb.failureinjector.plugin.so
0x000073bfbb20bad0  0x000073bfbb22390a  Yes (*)     /home/ubuntu2004/isaacsim-4.5.0/extscache/omni.gpu_foundation-0.0.0+d02c707b.lx64.r.cp310/bin/deps/libcarb.memorytracking.plugin.so
0x000073bfbae0b8d0  0x000073bfbae28d2a  Yes (*)     /home/ubuntu2004/isaacsim-4.5.0/extscache/omni.gpu_foundation-0.0.0+d02c707b.lx64.r.cp310/bin/deps/libcarb.renderer.plugin.so
0x000073bfbaa09790  0x000073bfbaa1349a  Yes (*)     /home/ubuntu2004/isaacsim-4.5.0/extscache/omni.gpu_foundation-0.0.0+d02c707b.lx64.r.cp310/bin/libomni.gpu_foundation.ext.plugin.so
0x000073bfba60a790  0x000073bfba61b68a  Yes (*)     /home/ubuntu2004/isaacsim-4.5.0/extscache/omni.gpu_foundation-0.0.0+d02c707b.lx64.r.cp310/bin/libomni.gpu_foundation_factory.plugin.so
0x000073bfba209e30  0x000073bfba21a18a  Yes (*)     /home/ubuntu2004/isaacsim-4.5.0/extscache/omni.gpu_foundation-0.0.0+d02c707b.lx64.r.cp310/bin/deps/libcarb.imguiregistry.plugin.so
0x000073bfb9e09f30  0x000073bfb9e1b75a  Yes (*)     /home/ubuntu2004/isaacsim-4.5.0/extscache/omni.gpu_foundation-0.0.0+d02c707b.lx64.r.cp310/bin/deps/libomni.streamingstatus.plugin.so
0x000073bfb9a09770  0x000073bfb9a12daa  Yes (*)     /home/ubuntu2004/isaacsim-4.5.0/extscache/carb.windowing.plugins-1.0.0+d02c707b.lx64.r/bin/libcarb.windowing.ext.plugin.so
0x000073bfb960bf70  0x000073bfb963742a  Yes (*)     /home/ubuntu2004/isaacsim-4.5.0/extscache/carb.windowing.plugins-1.0.0+d02c707b.lx64.r/bin/libcarb.input.plugin.so
0x000073bfb9218080  0x000073bfb923beea  Yes (*)     /home/ubuntu2004/isaacsim-4.5.0/extscache/carb.windowing.plugins-1.0.0+d02c707b.lx64.r/bin/libcarb.windowing-glfw.plugin.so
0x000073c062611240  0x000073c062613a89  Yes (*)     /lib/x86_64-linux-gnu/libXxf86vm.so.1
0x000073c061a1f600  0x000073c061a2994e  Yes (*)     /lib/x86_64-linux-gnu/libXext.so.6
0x000073c0616ef460  0x000073c0616fa67b  Yes (*)     /lib/x86_64-linux-gnu/libXi.so.6
0x000073c0616e1360  0x000073c0616e7ec9  Yes (*)     /lib/x86_64-linux-gnu/libXrandr.so.2
0x000073c0616d4440  0x000073c0616da7e2  Yes (*)     /lib/x86_64-linux-gnu/libXrender.so.1
0x000073c0616c8660  0x000073c0616cd1fc  Yes (*)     /lib/x86_64-linux-gnu/libXcursor.so.1
0x000073c061a15310  0x000073c061a17961  Yes (*)     /lib/x86_64-linux-gnu/libXfixes.so.3
0x000073c061e041b0  0x000073c061e04bd1  Yes (*)     /lib/x86_64-linux-gnu/libXinerama.so.1
0x000073c0616c2040  0x000073c0616c211f  Yes (*)     /lib/x86_64-linux-gnu/libX11-xcb.so.1
0x000073bfb8e0aea0  0x000073bfb8e1c98a  Yes (*)     /home/ubuntu2004/isaacsim-4.5.0/extscache/omni.kit.renderer.init-0.0.0+d02c707b.lx64.r/bin/libomni.kit.renderer.init.plugin.so
0x000073bfb8a07150  0x000073bfb8a4be0b  Yes (*)     /home/ubuntu2004/isaacsim-4.5.0/extscache/omni.gpu_foundation-0.0.0+d02c707b.lx64.r.cp310/bin/deps/libvulkan.so.1
0x000073bfe8aec700  0x000073bfe8ba15e2  Yes (*)     /usr/lib/x86_64-linux-gnu/libvulkan_virtio.so
0x000073c0616b0760  0x000073c0616ba8ab  Yes (*)     /lib/x86_64-linux-gnu/libdrm.so.2
0x000073c061691280  0x000073c0616a1c14  Yes (*)     /lib/x86_64-linux-gnu/libz.so.1
0x000073c06123b220  0x000073c0612ecf02  Yes (*)     /lib/x86_64-linux-gnu/libzstd.so.1
0x000073c061661290  0x000073c061680ac7  Yes (*)     /lib/x86_64-linux-gnu/libexpat.so.1
0x000073c061651540  0x000073c06165639d  Yes (*)     /lib/x86_64-linux-gnu/libwayland-client.so.0
0x000073c0616470e0  0x000073c061648137  Yes (*)     /lib/x86_64-linux-gnu/libxcb-dri3.so.0
0x000073c0616410a0  0x000073c06164197a  Yes (*)     /lib/x86_64-linux-gnu/libxcb-present.so.0
0x000073c0616390a0  0x000073c06163b8de  Yes (*)     /lib/x86_64-linux-gnu/libxcb-xfixes.so.0
0x000073c06162f100  0x000073c061631416  Yes (*)     /lib/x86_64-linux-gnu/libxcb-sync.so.1
0x000073c0616200c0  0x000073c0616250b7  Yes (*)     /lib/x86_64-linux-gnu/libxcb-randr.so.0
0x000073c0616150e0  0x000073c061615c37  Yes (*)     /lib/x86_64-linux-gnu/libxcb-shm.so.0
0x000073c061610180  0x000073c061610440  Yes (*)     /lib/x86_64-linux-gnu/libxshmfence.so.1
0x000073c061226460  0x000073c06122c392  Yes (*)     /lib/x86_64-linux-gnu/libffi.so.8
0x000073bfb6a7ff40  0x000073bfb70d39a2  Yes (*)     /usr/lib/x86_64-linux-gnu/libvulkan_intel.so
0x000073bfb625c4c0  0x000073bfb65b3682  Yes (*)     /usr/lib/x86_64-linux-gnu/libvulkan_lvp.so
0x000073bfa1d49540  0x000073bfa4fb4d52  Yes (*)     /lib/x86_64-linux-gnu/libLLVM-15.so.1
0x000073c060eceff0  0x000073c060eeb6d0  Yes (*)     /lib/x86_64-linux-gnu/libedit.so.2
0x000073c060ea2780  0x000073c060eb21ab  Yes (*)     /lib/x86_64-linux-gnu/libtinfo.so.6
0x000073bfe804ce30  0x000073bfe819e9ab  Yes (*)     /lib/x86_64-linux-gnu/libxml2.so.2
0x000073bfe0069910  0x000073bfe015be31  Yes (*)     /lib/x86_64-linux-gnu/libicuuc.so.70
0x000073c060e6c3c0  0x000073c060e860de  Yes (*)     /lib/x86_64-linux-gnu/liblzma.so.5
0x000073bfb4401050  0x000073bfb44011a1  Yes (*)     /lib/x86_64-linux-gnu/libicudata.so.70
0x000073bfe8726660  0x000073bfe8782421  Yes (*)     /lib/x86_64-linux-gnu/libGLX_nvidia.so.0
0x000073bff80717a0  0x000073bff80d06d1  Yes (*)     /lib/x86_64-linux-gnu/libnvidia-glsi.so.580.178.04
0x000073c06160a050  0x000073c06160bbd1  Yes (*)     /lib/x86_64-linux-gnu/libnvidia-tls.so.580.178.04
0x000073bfade7a000  0x000073bfaecec221  Yes (*)     /lib/x86_64-linux-gnu/libnvidia-glcore.so.580.178.04
0x000073bf9ccabea0  0x000073bf9fd98001  Yes (*)     /lib/x86_64-linux-gnu/libnvidia-gpucomp.so.580.178.04
0x000073c0612120a0  0x000073c06121ab29  Yes (*)     /lib/x86_64-linux-gnu/libxcb-glx.so.0
0x000073bfad286100  0x000073bfad6a1382  Yes (*)     /usr/lib/x86_64-linux-gnu/libvulkan_radeon.so
0x000073c060e60760  0x000073c060e64f72  Yes (*)     /lib/x86_64-linux-gnu/libdrm_amdgpu.so.1
0x000073c060e425a0  0x000073c060e5533c  Yes (*)     /lib/x86_64-linux-gnu/libelf.so.1
0x000073bfac46bf00  0x000073bfac9aa732  Yes (*)     /usr/lib/x86_64-linux-gnu/libvulkan_intel_hasvk.so
0x000073bff801eeb0  0x000073bff804b3d5  Yes (*)     /lib/x86_64-linux-gnu/libdbus-1.so.3
0x000073bfeb64ccf0  0x000073bfeb6c93e0  Yes (*)     /lib/x86_64-linux-gnu/libsystemd.so.0
0x000073bfeb2a2120  0x000073bfeb2baad1  Yes (*)     /lib/x86_64-linux-gnu/liblz4.so.1
0x000073c06222d520  0x000073c06223078a  Yes (*)     /lib/x86_64-linux-gnu/libcap.so.2
0x000073bfe3acfa80  0x000073bfe3bb6dfe  Yes (*)     /lib/x86_64-linux-gnu/libgcrypt.so.20
0x000073bfeb27ea40  0x000073bfeb293742  Yes (*)     /lib/x86_64-linux-gnu/libgpg-error.so.0
0x000073bfeb252520  0x000073bfeb26a714  Yes (*)     /lib/x86_64-linux-gnu/libnvidia-allocator.so.1
0x000073bf9c031b10  0x000073bf9c74ea21  Yes (*)     /lib/x86_64-linux-gnu/libnvidia-glvkspirv.so.580.178.04
0x000073bf95a95e40  0x000073bf96de33e2  Yes (*)     /lib/x86_64-linux-gnu/libnvidia-rtcore.so.580.178.04
0x000073bf94a1bcd0  0x000073bf94b977d1  Yes (*)     /lib/x86_64-linux-gnu/libnvidia-ml.so
0x000073bf8ed66f00  0x000073bf8fce94e4  Yes (*)     /lib/x86_64-linux-gnu/libcuda.so.1
0x000073bf7119da50  0x000073bf716247bc  Yes (*)     /home/ubuntu2004/isaacsim-4.5.0/extscache/omni.gpu_foundation-0.0.0+d02c707b.lx64.r.cp310/bin/deps/libnvperf_grfx_host.so
0x000073bf602540f0  0x000073bf602edeba  Yes (*)     /home/ubuntu2004/isaacsim-4.5.0/extscache/omni.materialx.libs-1.0.6+d02c707b.lx64.r.cp310/bin/libMaterialXCore.so
0x000073bf40211590  0x000073bf40241b57  Yes (*)     /home/ubuntu2004/isaacsim-4.5.0/extscache/omni.materialx.libs-1.0.6+d02c707b.lx64.r.cp310/bin/libMaterialXFormat.so
0x000073bf1a425ff0  0x000073bf1a55abbb  Yes (*)     /home/ubuntu2004/isaacsim-4.5.0/extscache/omni.materialx.libs-1.0.6+d02c707b.lx64.r.cp310/MaterialX/PyMaterialXCore.cpython-310-x86_64-linux-gnu.so
0x000073bf1a0099f0  0x000073bf1a040815  Yes (*)     /home/ubuntu2004/isaacsim-4.5.0/extscache/omni.materialx.libs-1.0.6+d02c707b.lx64.r.cp310/MaterialX/PyMaterialXFormat.cpython-310-x86_64-linux-gnu.so
0x000073bf19c16070  0x000073bf19c575ca  Yes (*)     /home/ubuntu2004/isaacsim-4.5.0/extscache/omni.kit.telemetry-0.5.1+d02c707b.lx64.r.cp310/bin/libomni.kit.telemetry.plugin.so
0x000073bf198103b0  0x000073bf19844f5a  Yes (*)     /home/ubuntu2004/isaacsim-4.5.0/kit/kernel/py/omni/core/_core.cpython-310-x86_64-linux-gnu.so
0x000073bf1940f5e0  0x000073bf194375ca  Yes (*)     /home/ubuntu2004/isaacsim-4.5.0/extscache/omni.kit.telemetry-0.5.1+d02c707b.lx64.r.cp310/omni/kit/telemetry/_telemetry.cpython-310-x86_64-linux-gnu.so
0x000073bf19000730  0x000073bf1900086c  Yes (*)     /home/ubuntu2004/isaacsim-4.5.0/kit/python/lib/python3.10/lib-dynload/_uuid.cpython-310-x86_64-linux-gnu.so
0x000073bfe9370540  0x000073bfe9373cbe  Yes (*)     /lib/x86_64-linux-gnu/libuuid.so.1
0x000073bf18c116f0  0x000073bf18c5fada  Yes (*)     /home/ubuntu2004/isaacsim-4.5.0/kit/kernel/py/omni/structuredlog/_structuredlog.cpython-310-x86_64-linux-gnu.so
0x000073bf1880b450  0x000073bf188875ca  Yes (*)     /home/ubuntu2004/isaacsim-4.5.0/extscache/omni.gpucompute.plugins-0.0.0+d02c707b.lx64.r/bin/deps/libomni.gpucompute-cuda.plugin.so
0x000073bf18401910  0x000073bf1840812a  Yes (*)     /home/ubuntu2004/isaacsim-4.5.0/extscache/omni.gpucompute.plugins-0.0.0+d02c707b.lx64.r/bin/deps/libomni.gpucompute-d3dvk.plugin.so
0x000073bf07c1a450  0x000073bf07c4079a  Yes (*)     /home/ubuntu2004/isaacsim-4.5.0/extscache/omni.usd.libs-1.0.1+d02c707b.lx64.r.cp310/bin/libarch.so
0x000073bf078160d0  0x000073bf078394f7  Yes (*)     /home/ubuntu2004/isaacsim-4.5.0/extscache/omni.usd.libs-1.0.1+d02c707b.lx64.r.cp310/bin/libboost_python310.so
0x000073bf07415800  0x000073bf07437777  Yes (*)     /home/ubuntu2004/isaacsim-4.5.0/extscache/omni.usd.libs-1.0.1+d02c707b.lx64.r.cp310/bin/libtbb.so
0x000073bf06e49410  0x000073bf06efee94  Yes (*)     /home/ubuntu2004/isaacsim-4.5.0/extscache/omni.usd.libs-1.0.1+d02c707b.lx64.r.cp310/bin/libtf.so
0x000073bf06a04f40  0x000073bf06a1573d  Yes (*)     /home/ubuntu2004/isaacsim-4.5.0/extscache/omni.usd.libs-1.0.1+d02c707b.lx64.r.cp310/bin/libtbbmalloc.so.2
0x000073bf06607830  0x000073bf0661a9f8  Yes (*)     /home/ubuntu2004/isaacsim-4.5.0/extscache/omni.usd.libs-1.0.1+d02c707b.lx64.r.cp310/bin/libjs.so
0x000073bf0621de20  0x000073bf062587ea  Yes (*)     /home/ubuntu2004/isaacsim-4.5.0/extscache/omni.usd.libs-1.0.1+d02c707b.lx64.r.cp310/bin/libtrace.so
0x000073bf05e03a10  0x000073bf05e051c3  Yes (*)     /home/ubuntu2004/isaacsim-4.5.0/extscache/omni.usd.libs-1.0.1+d02c707b.lx64.r.cp310/bin/libwork.so
0x000073bf05a1aba0  0x000073bf05a4504f  Yes (*)     /home/ubuntu2004/isaacsim-4.5.0/extscache/omni.usd.libs-1.0.1+d02c707b.lx64.r.cp310/bin/libplug.so
0x000073bf056044d0  0x000073bf056084ed  Yes (*)     /home/ubuntu2004/isaacsim-4.5.0/extscache/omni.usd.libs-1.0.1+d02c707b.lx64.r.cp310/bin/libkind.so
0x000073bf052183a0  0x000073bf05253be8  Yes (*)     /home/ubuntu2004/isaacsim-4.5.0/extscache/omni.usd.libs-1.0.1+d02c707b.lx64.r.cp310/bin/libgf.so
0x000073bf04cf21e0  0x000073bf04dd9702  Yes (*)     /home/ubuntu2004/isaacsim-4.5.0/extscache/omni.usd.libs-1.0.1+d02c707b.lx64.r.cp310/bin/libvt.so
0x000073bf04818a20  0x000073bf04831ec7  Yes (*)     /home/ubuntu2004/isaacsim-4.5.0/extscache/omni.usd.libs-1.0.1+d02c707b.lx64.r.cp310/bin/libar.so
0x000073beff95f5b0  0x000073beffbaab97  Yes (*)     /home/ubuntu2004/isaacsim-4.5.0/extscache/omni.usd.libs-1.0.1+d02c707b.lx64.r.cp310/bin/libsdf.so
0x000073bf04459930  0x000073bf04540ca5  Yes (*)     /home/ubuntu2004/isaacsim-4.5.0/extscache/omni.usd.libs-1.0.1+d02c707b.lx64.r.cp310/bin/libpcp.so
0x000073beff001420  0x000073beff3a019a  Yes (*)     /home/ubuntu2004/isaacsim-4.5.0/extscache/omni.usd.libs-1.0.1+d02c707b.lx64.r.cp310/bin/libusd.so
0x000073befea72150  0x000073befeb7065d  Yes (*)     /home/ubuntu2004/isaacsim-4.5.0/extscache/omni.usd.libs-1.0.1+d02c707b.lx64.r.cp310/bin/libusdGeom.so
0x000073befe60a970  0x000073befe626d00  Yes (*)     /home/ubuntu2004/isaacsim-4.5.0/extscache/omni.usd.libs-1.0.1+d02c707b.lx64.r.cp310/bin/libusdRender.so
0x000073befe2353a0  0x000073befe23f515  Yes (*)     /home/ubuntu2004/isaacsim-4.5.0/extscache/omni.usd.libs-1.0.1+d02c707b.lx64.r.cp310/bin/libIex.so
0x000073befde02580  0x000073befde03f87  Yes (*)     /home/ubuntu2004/isaacsim-4.5.0/extscache/omni.usd.libs-1.0.1+d02c707b.lx64.r.cp310/bin/libcameraUtil.so
0x000073befda102e0  0x000073befda24542  Yes (*)     /home/ubuntu2004/isaacsim-4.5.0/extscache/omni.usd.libs-1.0.1+d02c707b.lx64.r.cp310/bin/libboost_filesystem.so
0x000073befd604400  0x000073befd608274  Yes (*)     /home/ubuntu2004/isaacsim-4.5.0/extscache/omni.usd.libs-1.0.1+d02c707b.lx64.r.cp310/bin/libhf.so
0x000073befd219710  0x000073befd2667f2  Yes (*)     /home/ubuntu2004/isaacsim-4.5.0/extscache/omni.usd.libs-1.0.1+d02c707b.lx64.r.cp310/bin/libhio.so
0x000073befce1e720  0x000073befceb6d31  Yes (*)     /home/ubuntu2004/isaacsim-4.5.0/extscache/omni.usd.libs-1.0.1+d02c707b.lx64.r.cp310/bin/libosdCPU.so
0x000073bfdaec0d50  0x000073bfdaef0972  Yes (*)     /lib/x86_64-linux-gnu/libgomp.so.1
0x000073befca5a9e0  0x000073befca8366a  Yes (*)     /home/ubuntu2004/isaacsim-4.5.0/extscache/omni.usd.libs-1.0.1+d02c707b.lx64.r.cp310/bin/libosdGPU.so
0x000073befc6053e0  0x000073befc614eec  Yes (*)     /home/ubuntu2004/isaacsim-4.5.0/extscache/omni.usd.libs-1.0.1+d02c707b.lx64.r.cp310/bin/libpxOsd.so
0x000073befc2029b0  0x000073befc206bed  Yes (*)     /home/ubuntu2004/isaacsim-4.5.0/extscache/omni.usd.libs-1.0.1+d02c707b.lx64.r.cp310/bin/libgeomUtil.so
0x000073befbbdebd0  0x000073befbe212fc  Yes (*)     /home/ubuntu2004/isaacsim-4.5.0/extscache/omni.usd.libs-1.0.1+d02c707b.lx64.r.cp310/bin/libhd.so
0x000073befb66db20  0x000073befb74bff5  Yes (*)     /home/ubuntu2004/isaacsim-4.5.0/extscache/omni.usd.libs-1.0.1+d02c707b.lx64.r.cp310/bin/libusdSkel.so
0x000073befb20f630  0x000073befb2277cf  Yes (*)     /home/ubuntu2004/isaacsim-4.5.0/extscache/omni.usd.libs-1.0.1+d02c707b.lx64.r.cp310/bin/libndr.so
0x000073befae16480  0x000073befae2ba5d  Yes (*)     /home/ubuntu2004/isaacsim-4.5.0/extscache/omni.usd.libs-1.0.1+d02c707b.lx64.r.cp310/bin/libsdr.so
0x000073befaa32260  0x000073befaaa8f5a  Yes (*)     /home/ubuntu2004/isaacsim-4.5.0/extscache/omni.usd.libs-1.0.1+d02c707b.lx64.r.cp310/bin/libusdShade.so
0x000073befa620f20  0x000073befa678fe0  Yes (*)     /home/ubuntu2004/isaacsim-4.5.0/extscache/omni.usd.libs-1.0.1+d02c707b.lx64.r.cp310/bin/libusdLux.so
0x000073befa208220  0x000073befa219e02  Yes (*)     /home/ubuntu2004/isaacsim-4.5.0/extscache/omni.usd.libs-1.0.1+d02c707b.lx64.r.cp310/bin/libusdVol.so
0x000073bef9d69a90  0x000073bef9f27efe  Yes (*)     /home/ubuntu2004/isaacsim-4.5.0/extscache/omni.usd.libs-1.0.1+d02c707b.lx64.r.cp310/bin/libusdImaging.so
0x000073bef982fb80  0x000073bef9856780  Yes (*)     /home/ubuntu2004/isaacsim-4.5.0/extscache/omni.usd.libs-1.0.1+d02c707b.lx64.r.cp310/bin/libusdSkelImaging.so
0x000073bef94540f0  0x000073bef94edeba  Yes (*)     /home/ubuntu2004/isaacsim-4.5.0/extscache/omni.usd.libs-1.0.1+d02c707b.lx64.r.cp310/bin/libMaterialXCore.so
0x000073bef9011590  0x000073bef9041b57  Yes (*)     /home/ubuntu2004/isaacsim-4.5.0/extscache/omni.usd.libs-1.0.1+d02c707b.lx64.r.cp310/bin/libMaterialXFormat.so
0x000073bef8c4bbe0  0x000073bef8cc040c  Yes (*)     /home/ubuntu2004/isaacsim-4.5.0/extscache/omni.usd.libs-1.0.1+d02c707b.lx64.r.cp310/bin/libMaterialXGenShader.so
0x000073bef886abc0  0x000073bef8881b0a  Yes (*)     /home/ubuntu2004/isaacsim-4.5.0/extscache/omni.usd.libs-1.0.1+d02c707b.lx64.r.cp310/bin/libgarch.so
0x000073bfe93654a0  0x000073bfe93695f9  Yes (*)     /lib/x86_64-linux-gnu/libSM.so.6
0x000073bfe36eca40  0x000073bfe36fa0b4  Yes (*)     /lib/x86_64-linux-gnu/libICE.so.6
0x000073bef841f000  0x000073bef8440445  Yes (*)     /home/ubuntu2004/isaacsim-4.5.0/extscache/omni.usd.libs-1.0.1+d02c707b.lx64.r.cp310/bin/libglf.so
0x000073bef806eed0  0x000073bef80bc632  Yes (*)     /home/ubuntu2004/isaacsim-4.5.0/extscache/omni.usd.libs-1.0.1+d02c707b.lx64.r.cp310/bin/libhdsi.so
0x000073bef7c0d780  0x000073bef7c1c016  Yes (*)     /home/ubuntu2004/isaacsim-4.5.0/extscache/omni.usd.libs-1.0.1+d02c707b.lx64.r.cp310/bin/libhgi.so
0x000073bef781f750  0x000073bef78421ca  Yes (*)     /home/ubuntu2004/isaacsim-4.5.0/extscache/omni.usd.libs-1.0.1+d02c707b.lx64.r.cp310/bin/libhgiGL.so
0x000073bef74028f0  0x000073bef74039d5  Yes (*)     /home/ubuntu2004/isaacsim-4.5.0/extscache/omni.usd.libs-1.0.1+d02c707b.lx64.r.cp310/bin/libhgiInterop.so
0x000073bef70066a0  0x000073bef7012314  Yes (*)     /home/ubuntu2004/isaacsim-4.5.0/extscache/omni.usd.libs-1.0.1+d02c707b.lx64.r.cp310/bin/libusdUI.so
0x000073bef6c51ba0  0x000073bef6cbc13b  Yes (*)     /home/ubuntu2004/isaacsim-4.5.0/extscache/omni.usd.libs-1.0.1+d02c707b.lx64.r.cp310/bin/libusdUtils.so
0x000073bef6838420  0x000073bef6882ab7  Yes (*)     /home/ubuntu2004/isaacsim-4.5.0/extscache/omni.usd.libs-1.0.1+d02c707b.lx64.r.cp310/bin/libusdMtlx.so
0x000073bef640bb10  0x000073bef64172cb  Yes (*)     /home/ubuntu2004/isaacsim-4.5.0/extscache/omni.usd.libs-1.0.1+d02c707b.lx64.r.cp310/bin/libhdMtlx.so
0x000073bef601a9a0  0x000073bef608ceab  Yes (*)     /home/ubuntu2004/isaacsim-4.5.0/extscache/omni.usd.libs-1.0.1+d02c707b.lx64.r.cp310/bin/libMaterialXRender.so
0x000073bef5c1f350  0x000073bef5c4a2a8  Yes (*)     /home/ubuntu2004/isaacsim-4.5.0/extscache/omni.usd.libs-1.0.1+d02c707b.lx64.r.cp310/bin/libMaterialXGenGlsl.so
0x000073bef581cf00  0x000073bef5849e7d  Yes (*)     /home/ubuntu2004/isaacsim-4.5.0/extscache/omni.usd.libs-1.0.1+d02c707b.lx64.r.cp310/bin/libMaterialXGenMsl.so
0x000073bef5331fb0  0x000073bef553db19  Yes (*)     /home/ubuntu2004/isaacsim-4.5.0/extscache/omni.usd.libs-1.0.1+d02c707b.lx64.r.cp310/bin/libhdSt.so
0x000073bef4e98350  0x000073bef4f3d600  Yes (*)     /home/ubuntu2004/isaacsim-4.5.0/extscache/omni.usd.libs-1.0.1+d02c707b.lx64.r.cp310/bin/libhdx.so
0x000073bef4a07ae0  0x000073bef4a147b2  Yes (*)     /home/ubuntu2004/isaacsim-4.5.0/extscache/omni.usd.libs-1.0.1+d02c707b.lx64.r.cp310/bin/libusdHydra.so
0x000073bef464db80  0x000073bef4693cfe  Yes (*)     /home/ubuntu2004/isaacsim-4.5.0/extscache/omni.usd.libs-1.0.1+d02c707b.lx64.r.cp310/bin/libusdImagingGL.so
0x000073bef4206ca0  0x000073bef4211cd5  Yes (*)     /home/ubuntu2004/isaacsim-4.5.0/extscache/omni.usd.libs-1.0.1+d02c707b.lx64.r.cp310/bin/libusdAppUtils.so
0x000073bef3e04f40  0x000073bef3e1573d  Yes (*)     /home/ubuntu2004/isaacsim-4.5.0/extscache/omni.usd.libs-1.0.1+d02c707b.lx64.r.cp310/bin/libtbbmalloc.so
0x000073bef3a00570  0x000073bef3a00652  Yes (*)     /home/ubuntu2004/isaacsim-4.5.0/extscache/omni.usd.libs-1.0.1+d02c707b.lx64.r.cp310/bin/libboost_system.so
0x000073bef3678370  0x000073bef378981a  Yes (*)     /home/ubuntu2004/isaacsim-4.5.0/extscache/omni.usd.libs-1.0.1+d02c707b.lx64.r.cp310/bin/libdraco.so
0x000073bef3200580  0x000073bef3200662  Yes (*)     /home/ubuntu2004/isaacsim-4.5.0/extscache/omni.usd.libs-1.0.1+d02c707b.lx64.r.cp310/bin/libboost_date_time.so
0x000073bef2e18e90  0x000073bef2e5a300  Yes (*)     /home/ubuntu2004/isaacsim-4.5.0/extscache/omni.usd.libs-1.0.1+d02c707b.lx64.r.cp310/bin/libusdPhysics.so
0x000073bef2a106e0  0x000073bef2a1e867  Yes (*)     /home/ubuntu2004/isaacsim-4.5.0/extscache/omni.usd.libs-1.0.1+d02c707b.lx64.r.cp310/bin/libboost_thread.so
0x000073bef2619850  0x000073bef266295a  Yes (*)     /home/ubuntu2004/isaacsim-4.5.0/extscache/omni.usd.libs-1.0.1+d02c707b.lx64.r.cp310/bin/libboost_program_options.so
0x000073bef2201b00  0x000073bef2202113  Yes (*)     /home/ubuntu2004/isaacsim-4.5.0/extscache/omni.usd.libs-1.0.1+d02c707b.lx64.r.cp310/bin/libMaterialXRenderHw.so
0x000073bfdae5d5a0  0x000073bfdae9a8b1  Yes (*)     /lib/x86_64-linux-gnu/libXt.so.6
0x000073bef1e2c8d0  0x000073bef1e68125  Yes (*)     /home/ubuntu2004/isaacsim-4.5.0/extscache/omni.usd.libs-1.0.1+d02c707b.lx64.r.cp310/bin/libMaterialXRenderGlsl.so
0x000073bef1a0bac0  0x000073bef1a30319  Yes (*)     /home/ubuntu2004/isaacsim-4.5.0/extscache/omni.usd.libs-1.0.1+d02c707b.lx64.r.cp310/bin/libusdRi.so
0x000073bef16353a0  0x000073bef163f515  Yes (*)     /home/ubuntu2004/isaacsim-4.5.0/extscache/omni.usd.libs-1.0.1+d02c707b.lx64.r.cp310/bin/libIex-2_4.so
0x000073bef12038d0  0x000073bef1205583  Yes (*)     /home/ubuntu2004/isaacsim-4.5.0/extscache/omni.usd.libs-1.0.1+d02c707b.lx64.r.cp310/bin/libIlmThread.so
0x000073bef0e10e10  0x000073bef0e18a55  Yes (*)     /home/ubuntu2004/isaacsim-4.5.0/extscache/omni.usd.libs-1.0.1+d02c707b.lx64.r.cp310/bin/libusdVolImaging.so
0x000073bef0a012f0  0x000073bef0a019bf  Yes (*)     /home/ubuntu2004/isaacsim-4.5.0/extscache/omni.usd.libs-1.0.1+d02c707b.lx64.r.cp310/bin/libIexMath.so
0x000073bef0601150  0x000073bef06021aa  Yes (*)     /home/ubuntu2004/isaacsim-4.5.0/extscache/omni.usd.libs-1.0.1+d02c707b.lx64.r.cp310/bin/libboost_atomic.so
0x000073bef0200a80  0x000073bef0201076  Yes (*)     /home/ubuntu2004/isaacsim-4.5.0/extscache/omni.usd.libs-1.0.1+d02c707b.lx64.r.cp310/bin/libHalf.so
0x000073beefe1d940  0x000073beefe452fd  Yes (*)     /home/ubuntu2004/isaacsim-4.5.0/extscache/omni.usd.libs-1.0.1+d02c707b.lx64.r.cp310/bin/libMaterialXGenMdl.so
0x000073beefa0b1a0  0x000073beefa1118c  Yes (*)     /home/ubuntu2004/isaacsim-4.5.0/extscache/omni.usd.libs-1.0.1+d02c707b.lx64.r.cp310/bin/libusdRiImaging.so
0x000073beef60e2f0  0x000073beef640cea  Yes (*)     /home/ubuntu2004/isaacsim-4.5.0/extscache/omni.usd.libs-1.0.1+d02c707b.lx64.r.cp310/bin/libboost_regex.so
0x000073beef2052e0  0x000073beef20e872  Yes (*)     /home/ubuntu2004/isaacsim-4.5.0/extscache/omni.usd.libs-1.0.1+d02c707b.lx64.r.cp310/bin/libMaterialXRenderOsl.so
0x000073beeee00bc0  0x000073beeee01087  Yes (*)     /home/ubuntu2004/isaacsim-4.5.0/extscache/omni.usd.libs-1.0.1+d02c707b.lx64.r.cp310/bin/libboost_context.so
0x000073beeea04400  0x000073beeea06def  Yes (*)     /home/ubuntu2004/isaacsim-4.5.0/extscache/omni.usd.libs-1.0.1+d02c707b.lx64.r.cp310/bin/libusdProc.so
0x000073beee60d730  0x000073beee618de7  Yes (*)     /home/ubuntu2004/isaacsim-4.5.0/extscache/omni.usd.libs-1.0.1+d02c707b.lx64.r.cp310/bin/libusdProcImaging.so
0x000073beee200a80  0x000073beee201076  Yes (*)     /home/ubuntu2004/isaacsim-4.5.0/extscache/omni.usd.libs-1.0.1+d02c707b.lx64.r.cp310/bin/libHalf-2_4.so
0x000073beede012f0  0x000073beede019bf  Yes (*)     /home/ubuntu2004/isaacsim-4.5.0/extscache/omni.usd.libs-1.0.1+d02c707b.lx64.r.cp310/bin/libIexMath-2_4.so
0x000073beeda04470  0x000073beeda14189  Yes (*)     /home/ubuntu2004/isaacsim-4.5.0/extscache/omni.usd.libs-1.0.1+d02c707b.lx64.r.cp310/bin/libImath-2_4.so
0x000073beed6037a0  0x000073beed607d92  Yes (*)     /home/ubuntu2004/isaacsim-4.5.0/extscache/omni.usd.libs-1.0.1+d02c707b.lx64.r.cp310/bin/libboost_numpy310.so
0x000073beed204a90  0x000073beed20d549  Yes (*)     /home/ubuntu2004/isaacsim-4.5.0/extscache/omni.usd.libs-1.0.1+d02c707b.lx64.r.cp310/bin/libusdMedia.so
0x000073beece11d20  0x000073beece2b72d  Yes (*)     /home/ubuntu2004/isaacsim-4.5.0/extscache/omni.usd.libs-1.0.1+d02c707b.lx64.r.cp310/bin/libMaterialXGenOsl.so
0x000073beeca114e0  0x000073beeca270a0  Yes (*)     /home/ubuntu2004/isaacsim-4.5.0/extscache/omni.usd.libs-1.0.1+d02c707b.lx64.r.cp310/bin/libhdGp.so
0x000073beec604470  0x000073beec614189  Yes (*)     /home/ubuntu2004/isaacsim-4.5.0/extscache/omni.usd.libs-1.0.1+d02c707b.lx64.r.cp310/bin/libImath.so
0x000073beec2038d0  0x000073beec205583  Yes (*)     /home/ubuntu2004/isaacsim-4.5.0/extscache/omni.usd.libs-1.0.1+d02c707b.lx64.r.cp310/bin/libIlmThread-2_4.so
0x000073bf841f5aa0  0x000073bf843654d2  Yes (*)     /home/ubuntu2004/isaacsim-4.5.0/extscache/omni.usd.libs-1.0.1+d02c707b.lx64.r.cp310/bin/libAlembic.so
0x000073beebe12ef0  0x000073beebe23fcf  Yes (*)     /home/ubuntu2004/isaacsim-4.5.0/extscache/omni.usd.libs-1.0.1+d02c707b.lx64.r.cp310/bin/libusdBakeMtlx.so
0x000073beeba00f50  0x000073beeba018bc  Yes (*)     /home/ubuntu2004/isaacsim-4.5.0/extscache/omni.usd.libs-1.0.1+d02c707b.lx64.r.cp310/bin/libtbbmalloc_proxy.so
0x000073beeb6b90d0  0x000073beeb772c58  Yes (*)     /home/ubuntu2004/isaacsim-4.5.0/extscache/omni.usd.libs-1.0.1+d02c707b.lx64.r.cp310/bin/usd/usdAbc.so
0x000073beeb229120  0x000073beeb2583d4  Yes (*)     /home/ubuntu2004/isaacsim-4.5.0/extscache/omni.usd.libs-1.0.1+d02c707b.lx64.r.cp310/bin/usd/usdDraco.so
0x000073beeae0f640  0x000073beeae54a7a  Yes (*)     /home/ubuntu2004/isaacsim-4.5.0/extscache/omni.usd.libs-1.0.1+d02c707b.lx64.r.cp310/bin/deps/libomni.usd-abi.plugin.so
0x000073beeaa01da0  0x000073beeaa0793a  Yes (*)     /home/ubuntu2004/isaacsim-4.5.0/extscache/omni.usd.libs-1.0.1+d02c707b.lx64.r.cp310/bin/deps/libomni.tbb.globalcontrol.plugin.so
0x000073beea424dd0  0x000073beea5d9aaa  Yes (*)     /home/ubuntu2004/isaacsim-4.5.0/extscache/omni.usd.libs-1.0.1+d02c707b.lx64.r.cp310/bin/fabric/libomni.fabric.plugin.so
0x000073bee9ca4080  0x000073bee9f348f7  Yes (*)     /home/ubuntu2004/isaacsim-4.5.0/extscache/omni.mdl-55.0.1+d02c707b.lx64.r.cp310/omni/mdl/pymdlsdk/_pymdlsdk.cpython-310-x86_64-linux-gnu.so
0x000073bee8c1da70  0x000073bee8e774e8  Yes (*)     /home/ubuntu2004/isaacsim-4.5.0/extscache/omni.iray.libs-0.0.0+d02c707b.lx64.r/bin/iray/liboptix_prime.so.1
0x000073bee1543c50  0x000073bee33e12ea  Yes (*)     /home/ubuntu2004/isaacsim-4.5.0/extscache/omni.iray.libs-0.0.0+d02c707b.lx64.r/bin/iray/libiray.so
0x000073bedb5ad000  0x000073bede8de0af  Yes (*)     /home/ubuntu2004/isaacsim-4.5.0/extscache/omni.iray.libs-0.0.0+d02c707b.lx64.r/bin/iray/libneuray.so
0x000073bfdabae7a0  0x000073bfdabefc3d  Yes (*)     /lib/x86_64-linux-gnu/libGLU.so.1
0x000073bfe16491a0  0x000073bfe164960b  Yes (*)     /lib/x86_64-linux-gnu/libOpenGL.so.0
0x000073bfc1a6a0d0  0x000073bfc1bb0488  Yes (*)     /home/ubuntu2004/isaacsim-4.5.0/extscache/omni.iray.libs-0.0.0+d02c707b.lx64.r/bin/mdl-distiller/mdl_distiller.so
0x000073bfc169ee30  0x000073bfc17b6088  Yes (*)     /home/ubuntu2004/isaacsim-4.5.0/extscache/omni.iray.libs-0.0.0+d02c707b.lx64.r/bin/mdl-distiller/mdl_lod_distiller.so
0x000073bedae17d10  0x000073bedae7bb8a  Yes (*)     /home/ubuntu2004/isaacsim-4.5.0/extscache/omni.mdl.neuraylib-0.2.10+d02c707b.lx64.r.cp310/bin/deps/librtx.neuraylib.plugin.so
0x000073bedaa0f370  0x000073bedaa35f5a  Yes (*)     /home/ubuntu2004/isaacsim-4.5.0/extscache/omni.mdl.neuraylib-0.2.10+d02c707b.lx64.r.cp310/omni/mdl/neuraylib/_neuraylib.cpython-310-x86_64-linux-gnu.so
0x000073beda614f20  0x000073beda680c31  Yes (*)     /home/ubuntu2004/isaacsim-4.5.0/extscache/omni.kit.usd.mdl-1.0.7+d02c707b.lx64.r.cp310/bin/libomni.usdMdl.so
0x000073beda2e52a0  0x000073beda387401  Yes (*)     /home/ubuntu2004/isaacsim-4.5.0/extscache/omni.usd.libs-1.0.1+d02c707b.lx64.r.cp310/pxr/Tf/_tf.so
0x000073bed9e07540  0x000073bed9e1d166  Yes (*)     /home/ubuntu2004/isaacsim-4.5.0/extscache/omni.kit.usd.mdl-1.0.7+d02c707b.lx64.r.cp310/omni/UsdMdl/_usdMdl.so
0x000073bed9a2c5c0  0x000073bed9a4191f  Yes (*)     /home/ubuntu2004/isaacsim-4.5.0/extscache/omni.usd.libs-1.0.1+d02c707b.lx64.r.cp310/pxr/Trace/_trace.so
0x000073bed9604120  0x000073bed9604cdf  Yes (*)     /home/ubuntu2004/isaacsim-4.5.0/extscache/omni.usd.libs-1.0.1+d02c707b.lx64.r.cp310/pxr/Work/_work.so
0x000073bed9245340  0x000073bed926cf51  Yes (*)     /home/ubuntu2004/isaacsim-4.5.0/extscache/omni.usd.libs-1.0.1+d02c707b.lx64.r.cp310/pxr/Plug/_plug.so
0x000073bed8c1d7e0  0x000073bed8dfa3ed  Yes (*)     /home/ubuntu2004/isaacsim-4.5.0/extscache/omni.usd.libs-1.0.1+d02c707b.lx64.r.cp310/pxr/Gf/_gf.so
0x000073bed7de15f0  0x000073bed8240e25  Yes (*)     /home/ubuntu2004/isaacsim-4.5.0/extscache/omni.usd.libs-1.0.1+d02c707b.lx64.r.cp310/pxr/Vt/_vt.so
0x000073bed743f6b0  0x000073bed7460444  Yes (*)     /home/ubuntu2004/isaacsim-4.5.0/extscache/omni.usd.libs-1.0.1+d02c707b.lx64.r.cp310/pxr/Ar/_ar.so
0x000073bed6d0f760  0x000073bed6f4d87c  Yes (*)     /home/ubuntu2004/isaacsim-4.5.0/extscache/omni.usd.libs-1.0.1+d02c707b.lx64.r.cp310/pxr/Sdf/_sdf.so
0x000073bebe475960  0x000073bebe4b7dda  Yes (*)     /home/ubuntu2004/isaacsim-4.5.0/extscache/omni.usd.libs-1.0.1+d02c707b.lx64.r.cp310/pxr/Ndr/_ndr.so
0x000073bebe035ca0  0x000073bebe04d984  Yes (*)     /home/ubuntu2004/isaacsim-4.5.0/extscache/omni.usd.libs-1.0.1+d02c707b.lx64.r.cp310/pxr/Sdr/_sdr.so
0x000073bebdc0f4e0  0x000073bebdc14e41  Yes (*)     /home/ubuntu2004/isaacsim-4.5.0/extscache/omni.usd.libs-1.0.1+d02c707b.lx64.r.cp310/pxr/Kind/_kind.so
0x000073bebd8aec60  0x000073bebd914d95  Yes (*)     /home/ubuntu2004/isaacsim-4.5.0/extscache/omni.usd.libs-1.0.1+d02c707b.lx64.r.cp310/pxr/Pcp/_pcp.so
0x000073bebd259560  0x000073bebd3b1e1f  Yes (*)     /home/ubuntu2004/isaacsim-4.5.0/extscache/omni.usd.libs-1.0.1+d02c707b.lx64.r.cp310/pxr/Usd/_usd.so
0x000073bebcb65850  0x000073bebcc6cc49  Yes (*)     /home/ubuntu2004/isaacsim-4.5.0/extscache/omni.usd.libs-1.0.1+d02c707b.lx64.r.cp310/pxr/UsdGeom/_usdGeom.so
0x000073bebc6e0be0  0x000073bebc752752  Yes (*)     /home/ubuntu2004/isaacsim-4.5.0/extscache/omni.usd.libs-1.0.1+d02c707b.lx64.r.cp310/pxr/UsdShade/_usdShade.so
0x000073beb8e0bdf0  0x000073beb8e31aea  Yes (*)     /home/ubuntu2004/isaacsim-4.5.0/exts/omni.kit.loop-isaac/bin/libomni.kit.loop-isaac.plugin.so
0x000073beb8a1c660  0x000073beb8a6888a  Yes (*)     /home/ubuntu2004/isaacsim-4.5.0/extscache/omni.kit.test-1.1.2+d02c707b.lx64.r.cp310/bin/libomni.kit.test.plugin.so
0x000073beb8602230  0x000073beb8604307  Yes (*)     /home/ubuntu2004/isaacsim-4.5.0/extscache/omni.kit.pip_archive-0.0.0+d02c707b.lx64.cp310/pip_prebundle/psutil/_psutil_linux.abi3.so
0x000073beb7a014a0  0x000073beb7a02977  Yes (*)     /home/ubuntu2004/isaacsim-4.5.0/extscache/omni.kit.pip_archive-0.0.0+d02c707b.lx64.cp310/pip_prebundle/psutil/_psutil_posix.abi3.so
0x000073beb7601400  0x000073beb760205c  Yes (*)     /home/ubuntu2004/isaacsim-4.5.0/kit/python/lib/python3.10/lib-dynload/resource.cpython-310-x86_64-linux-gnu.so
0x000073beb7212fd0  0x000073beb72cb020  Yes (*)     /home/ubuntu2004/isaacsim-4.5.0/kit/python/lib/python3.10/lib-dynload/_sqlite3.cpython-310-x86_64-linux-gnu.so
0x000073bfe80052e0  0x000073bfe80069b7  Yes (*)     /home/ubuntu2004/isaacsim-4.5.0/extscache/omni.kit.pip_archive-0.0.0+d02c707b.lx64.cp310/pip_prebundle/coverage/tracer.cpython-310-x86_64-linux-gnu.so
0x000073beb6e067c0  0x000073beb6e3f9c0  Yes (*)     /home/ubuntu2004/isaacsim-4.5.0/kit/python/lib/python3.10/lib-dynload/_decimal.cpython-310-x86_64-linux-gnu.so
0x000073beb6a008c0  0x000073beb6a00f5c  Yes (*)     /home/ubuntu2004/isaacsim-4.5.0/kit/python/lib/python3.10/lib-dynload/_statistics.cpython-310-x86_64-linux-gnu.so
0x000073beb660bc90  0x000073beb663149a  Yes (*)     /home/ubuntu2004/isaacsim-4.5.0/extscache/omni.appwindow-1.1.9+d02c707b.lx64.r.cp310/bin/libomni.appwindow.plugin.so
0x000073beb6210510  0x000073beb624160a  Yes (*)     /home/ubuntu2004/isaacsim-4.5.0/extscache/omni.appwindow-1.1.9+d02c707b.lx64.r.cp310/omni/appwindow/_appwindow.cpython-310-x86_64-linux-gnu.so
0x000073beb5e16a80  0x000073beb5ebb2aa  Yes (*)     /home/ubuntu2004/isaacsim-4.5.0/extscache/omni.kit.renderer.core-1.0.2+d02c707b.lx64.r.cp310/bin/libomni.kit.renderer.plugin.so
0x000073beb5a09bf0  0x000073beb5a167ea  Yes (*)     /home/ubuntu2004/isaacsim-4.5.0/extscache/omni.kit.renderer.core-1.0.2+d02c707b.lx64.r.cp310/bin/libomni.kit.renderer_test.plugin.so
0x000073beb5609790  0x000073beb5612eea  Yes (*)     /home/ubuntu2004/isaacsim-4.5.0/extscache/omni.kit.renderer.core-1.0.2+d02c707b.lx64.r.cp310/bin/libomni.kit.renderer.ext.plugin.so
0x000073beb4c0fe20  0x000073beb4c34b7a  Yes (*)     /home/ubuntu2004/isaacsim-4.5.0/extscache/omni.kit.renderer.core-1.0.2+d02c707b.lx64.r.cp310/omni/kit/renderer/bind/_renderer.cpython-310-x86_64-linux-gnu.so
0x000073beb480ad90  0x000073beb481bbca  Yes (*)     /home/ubuntu2004/isaacsim-4.5.0/extscache/omni.kit.renderer.capture-0.0.0+d02c707b.lx64.r.cp310/bin/libomni.kit.renderer_capture_test.plugin.so
0x000073beb440cae0  0x000073beb442c5ea  Yes (*)     /home/ubuntu2004/isaacsim-4.5.0/extscache/omni.kit.renderer.capture-0.0.0+d02c707b.lx64.r.cp310/bin/libomni.kit.renderer_capture.plugin.so
0x000073bea7c10a80  0x000073bea7c3808a  Yes (*)     /home/ubuntu2004/isaacsim-4.5.0/extscache/omni.kit.renderer.capture-0.0.0+d02c707b.lx64.r.cp310/omni/kit/renderer_capture/_renderer_capture.cpython-310-x86_64-linux-gnu.so
0x000073bea780c970  0x000073bea78abff2  Yes (*)     /home/ubuntu2004/isaacsim-4.5.0/extscache/omni.kit.renderer.imgui-1.0.2+d02c707b.lx64.r.cp310/bin/deps/libfreetype.so
0x000073bea7417f50  0x000073bea74b0330  Yes (*)     /home/ubuntu2004/isaacsim-4.5.0/extscache/omni.kit.renderer.imgui-1.0.2+d02c707b.lx64.r.cp310/bin/deps/libimgui.so
0x000073bea7015b60  0x000073bea7029b1a  Yes (*)     /home/ubuntu2004/isaacsim-4.5.0/extscache/omni.kit.renderer.imgui-1.0.2+d02c707b.lx64.r.cp310/bin/deps/libcarb.imgui.plugin.so
0x000073bea6c0a2a0  0x000073bea6c261ca  Yes (*)     /home/ubuntu2004/isaacsim-4.5.0/extscache/omni.kit.renderer.imgui-1.0.2+d02c707b.lx64.r.cp310/bin/deps/libcarb.imguizmo.plugin.so
0x000073bea6809b00  0x000073bea681594a  Yes (*)     /home/ubuntu2004/isaacsim-4.5.0/extscache/omni.kit.renderer.imgui-1.0.2+d02c707b.lx64.r.cp310/bin/libomni.ui.windowmanager.plugin.so
0x000073bea640b780  0x000073bea642210a  Yes (*)     /home/ubuntu2004/isaacsim-4.5.0/extscache/omni.kit.renderer.imgui-1.0.2+d02c707b.lx64.r.cp310/bin/libomni.ui.glyphmanager.plugin.so
0x000073bea600a310  0x000073bea6023e9a  Yes (*)     /home/ubuntu2004/isaacsim-4.5.0/extscache/omni.kit.renderer.imgui-1.0.2+d02c707b.lx64.r.cp310/bin/deps/libcarb.svg-nanosvg.plugin.so
0x000073bea5c0ac50  0x000073bea5c1b91a  Yes (*)     /home/ubuntu2004/isaacsim-4.5.0/extscache/omni.kit.renderer.imgui-1.0.2+d02c707b.lx64.r.cp310/bin/libomni.kit.imgui_renderer_test.plugin.so
0x000073bea5809790  0x000073bea5812eea  Yes (*)     /home/ubuntu2004/isaacsim-4.5.0/extscache/omni.kit.renderer.imgui-1.0.2+d02c707b.lx64.r.cp310/bin/libomni.kit.imgui_renderer.ext.plugin.so
0x000073bea5404690  0x000073bea542a12a  Yes (*)     /home/ubuntu2004/isaacsim-4.5.0/extscache/omni.kit.renderer.imgui-1.0.2+d02c707b.lx64.r.cp310/bin/libomni.kit.imgui_renderer.plugin.so
0x000073bea50307f0  0x000073bea50b31ca  Yes (*)     /home/ubuntu2004/isaacsim-4.5.0/extscache/omni.kit.renderer.imgui-1.0.2+d02c707b.lx64.r.cp310/bin/libomni.kit.ui.so
0x000073bea4c0fbd0  0x000073bea4c33bea  Yes (*)     /home/ubuntu2004/isaacsim-4.5.0/extscache/omni.kit.renderer.imgui-1.0.2+d02c707b.lx64.r.cp310/omni/kit/imgui_renderer/_imgui_renderer.cpython-310-x86_64-linux-gnu.so
0x000073bea4812870  0x000073bea484d19a  Yes (*)     /home/ubuntu2004/isaacsim-4.5.0/extscache/omni.kit.renderer.imgui-1.0.2+d02c707b.lx64.r.cp310/omni/kit/imgui.cpython-310-x86_64-linux-gnu.so
0x000073bea429a830  0x000073bea43a129a  Yes (*)     /home/ubuntu2004/isaacsim-4.5.0/extscache/omni.ui-2.26.5+d02c707b.lx64.r.cp310/bin/libomni.ui.so
0x000073be9da59630  0x000073be9dc148ba  Yes (*)     /home/ubuntu2004/isaacsim-4.5.0/extscache/omni.ui-2.26.5+d02c707b.lx64.r.cp310/omni/ui/_ui.cpython-310-x86_64-linux-gnu.so
0x000073be9d426820  0x000073be9d62ff0a  Yes (*)     /home/ubuntu2004/isaacsim-4.5.0/extscache/carb.audio-0.1.0+d02c707b.lx64.r.cp310/bin/libcarb.audio-forge.plugin.so
0x000073be9d009bb0  0x000073be9d0184fa  Yes (*)     /home/ubuntu2004/isaacsim-4.5.0/extscache/omni.uiaudio-1.0.0+d02c707b.lx64.r.cp310/bin/libomni.uiaudio.plugin.so
0x000073be9cc0eee0  0x000073be9cc2c32a  Yes (*)     /home/ubuntu2004/isaacsim-4.5.0/extscache/omni.uiaudio-1.0.0+d02c707b.lx64.r.cp310/omni/kit/uiaudio/_uiaudio.cpython-310-x86_64-linux-gnu.so
0x000073be9c803e30  0x000073be9c805768  Yes (*)     /home/ubuntu2004/isaacsim-4.5.0/extscache/omni.usd.schema.metrics.assembler-106.5.0+106.5.0.lx64.r.cp310/bin/libmetricsAssembler.so
0x000073be9c400fc0  0x000073be9c401655  Yes (*)     /home/ubuntu2004/isaacsim-4.5.0/extscache/omni.usd.schema.metrics.assembler-106.5.0+106.5.0.lx64.r.cp310/omni/MetricsAssembler/_metricsAssembler.so
0x000073be74a0d900  0x000073be74a30362  Yes (*)     /home/ubuntu2004/isaacsim-4.5.0/extscache/omni.usd.schema.anim-0.0.0+d02c707b.lx64.r.cp310/lib/libanimationSchema.so
0x000073be74612340  0x000073be7462749c  Yes (*)     /home/ubuntu2004/isaacsim-4.5.0/extscache/omni.usd.schema.anim-0.0.0+d02c707b.lx64.r.cp310/lib/libanimationSchemaTools.so
0x000073be7420e6b0  0x000073be7423c962  Yes (*)     /home/ubuntu2004/isaacsim-4.5.0/extscache/omni.usd.schema.anim-0.0.0+d02c707b.lx64.r.cp310/lib/libomniSkelSchema.so
0x000073be6bc13bb0  0x000073be6bc50902  Yes (*)     /home/ubuntu2004/isaacsim-4.5.0/extscache/omni.usd.schema.anim-0.0.0+d02c707b.lx64.r.cp310/lib/libretargetingSchema.so
0x000073be6b802c70  0x000073be6b8066dc  Yes (*)     /home/ubuntu2004/isaacsim-4.5.0/extscache/omni.usd.schema.anim-0.0.0+d02c707b.lx64.r.cp310/lib/libretargetingSchemaTools.so
0x000073be6b44c450  0x000073be6b473001  Yes (*)     /home/ubuntu2004/isaacsim-4.5.0/extscache/omni.usd.schema.anim-0.0.0+d02c707b.lx64.r.cp310/AnimationSchema/_animationSchema.so
0x000073be6b0b1ba0  0x000073be6b122969  Yes (*)     /home/ubuntu2004/isaacsim-4.5.0/extscache/omni.usd.libs-1.0.1+d02c707b.lx64.r.cp310/pxr/UsdSkel/_usdSkel.so
0x000073be6ac2c920  0x000073be6ac3c229  Yes (*)     /home/ubuntu2004/isaacsim-4.5.0/extscache/omni.usd.schema.anim-0.0.0+d02c707b.lx64.r.cp310/AnimationSchemaTools/_animationSchemaTools.so
0x000073be6a851c50  0x000073be6a897171  Yes (*)     /home/ubuntu2004/isaacsim-4.5.0/extscache/omni.usd.schema.anim-0.0.0+d02c707b.lx64.r.cp310/OmniSkelSchema/_omniSkelSchema.so
0x000073be6a428920  0x000073be6a444f01  Yes (*)     /home/ubuntu2004/isaacsim-4.5.0/extscache/omni.usd.schema.anim-0.0.0+d02c707b.lx64.r.cp310/RetargetingSchema/_retargetingSchema.so
0x000073be6a004a00  0x000073be6a006232  Yes (*)     /home/ubuntu2004/isaacsim-4.5.0/extscache/omni.usd.schema.anim-0.0.0+d02c707b.lx64.r.cp310/RetargetingSchemaTools/_retargetingSchemaTools.so
0x000073be69c056b0  0x000073be69c0b2a2  Yes (*)     /home/ubuntu2004/isaacsim-4.5.0/extscache/omni.usd.schema.geospatial-0.0.0+d02c707b.lx64.r.cp310/lib/libomniGeospatial.so
0x000073be6981d3e0  0x000073be69830ee4  Yes (*)     /home/ubuntu2004/isaacsim-4.5.0/extscache/omni.usd.schema.geospatial-0.0.0+d02c707b.lx64.r.cp310/OmniGeospatial/_omniGeospatial.so
0x000073be6926f8b0  0x000073be693ad0c2  Yes (*)     /home/ubuntu2004/isaacsim-4.5.0/extsPhysics/omni.usd.schema.physx/bin/libphysxSchema.so
0x000073be68e070c0  0x000073be68e14d52  Yes (*)     /home/ubuntu2004/isaacsim-4.5.0/extsPhysics/omni.usd.schema.physx/bin/libphysicsSchemaTools.so
0x000073be686dfbc0  0x000073be689ae869  Yes (*)     /home/ubuntu2004/isaacsim-4.5.0/extsPhysics/omni.usd.schema.physx/pxr/PhysxSchema/_physxSchema.so
0x000073be680899f0  0x000073be681023d9  Yes (*)     /home/ubuntu2004/isaacsim-4.5.0/extscache/omni.usd.libs-1.0.1+d02c707b.lx64.r.cp310/pxr/UsdPhysics/_usdPhysics.so
0x000073be67c1cf60  0x000073be67c33c72  Yes (*)     /home/ubuntu2004/isaacsim-4.5.0/extsPhysics/omni.usd.schema.physx/pxr/PhysicsSchemaTools/_physicsSchemaTools.so
0x000073be678078c0  0x000073be6781d392  Yes (*)     /home/ubuntu2004/isaacsim-4.5.0/extscache/omni.usd.schema.audio-0.0.0+d02c707b.lx64.r.cp310/lib/libomniAudioSchema.so
0x000073be67422b90  0x000073be6743c511  Yes (*)     /home/ubuntu2004/isaacsim-4.5.0/extscache/omni.usd.schema.audio-0.0.0+d02c707b.lx64.r.cp310/OmniAudioSchema/_omniAudioSchema.so
0x000073be67005770  0x000073be6700b372  Yes (*)     /home/ubuntu2004/isaacsim-4.5.0/extscache/omni.usd.schema.semantics-0.0.0+d02c707b.lx64.r.cp310/lib/libsemantics.so
0x000073be66c18290  0x000073be66c24e51  Yes (*)     /home/ubuntu2004/isaacsim-4.5.0/extscache/omni.usd.schema.semantics-0.0.0+d02c707b.lx64.r.cp310/Semantics/_semantics.so
0x000073be66809790  0x000073be668125da  Yes (*)     /home/ubuntu2004/isaacsim-4.5.0/extscache/omni.usd_resolver-1.0.0+d02c707b.lx64.r.cp310/bin/libomni.ext-usd_resolver.plugin.so
0x000073be66402660  0x000073be6640e53a  Yes (*)     /home/ubuntu2004/isaacsim-4.5.0/extscache/omni.usd_resolver-1.0.0+d02c707b.lx64.r.cp310/bin/libcarb.usdresolver.plugin.so
0x000073be6600bd10  0x000073be66025e38  Yes (*)     /home/ubuntu2004/isaacsim-4.5.0/extscache/omni.usd_resolver-1.0.0+d02c707b.lx64.r.cp310/bin/libomni_usd_resolver.so
0x000073be65c085f0  0x000073be65c2dcda  Yes (*)     /home/ubuntu2004/isaacsim-4.5.0/extscache/omni.usd_resolver-1.0.0+d02c707b.lx64.r.cp310/omni/usd_resolver/_omni_usd_resolver.cpython-310-x86_64-linux-gnu.so
0x000073be6580c8e0  0x000073be6586a75a  Yes (*)     /home/ubuntu2004/isaacsim-4.5.0/extscache/usdrt.scenegraph-7.5.1+d02c707b.lx64.r.cp310/bin/libusdrt.scenegraph.plugin.so
0x000073be65405450  0x000073be6541d92a  Yes (*)     /home/ubuntu2004/isaacsim-4.5.0/extscache/usdrt.scenegraph-7.5.1+d02c707b.lx64.r.cp310/bin/libusdrt.xformcache.plugin.so
0x000073be6500e3c0  0x000073be6502b67a  Yes (*)     /home/ubuntu2004/isaacsim-4.5.0/extscache/usdrt.scenegraph-7.5.1+d02c707b.lx64.r.cp310/usdrt/helpers/_helpers.cpython-310-x86_64-linux-gnu.so
0x000073be64a28e10  0x000073be64be7d5c  Yes (*)     /home/ubuntu2004/isaacsim-4.5.0/extscache/usdrt.scenegraph-7.5.1+d02c707b.lx64.r.cp310/usdrt/Gf/_Gf.cpython-310-x86_64-linux-gnu.so
0x000073be6461e9a0  0x000073be647784da  Yes (*)     /home/ubuntu2004/isaacsim-4.5.0/extscache/usdrt.scenegraph-7.5.1+d02c707b.lx64.r.cp310/usdrt/Vt/_Vt.cpython-310-x86_64-linux-gnu.so
0x000073be642117d0  0x000073be642526ea  Yes (*)     /home/ubuntu2004/isaacsim-4.5.0/extscache/usdrt.scenegraph-7.5.1+d02c707b.lx64.r.cp310/usdrt/Sdf/_Sdf.cpython-310-x86_64-linux-gnu.so
0x000073be63e186b0  0x000073be63f26f7a  Yes (*)     /home/ubuntu2004/isaacsim-4.5.0/extscache/usdrt.scenegraph-7.5.1+d02c707b.lx64.r.cp310/usdrt/Usd/_Usd.cpython-310-x86_64-linux-gnu.so
0x000073be63a13c30  0x000073be63a97eca  Yes (*)     /home/ubuntu2004/isaacsim-4.5.0/extscache/usdrt.scenegraph-7.5.1+d02c707b.lx64.r.cp310/usdrt/UsdGeom/_UsdGeom.cpython-310-x86_64-linux-gnu.so
0x000073be6360f340  0x000073be6364815a  Yes (*)     /home/ubuntu2004/isaacsim-4.5.0/extscache/usdrt.scenegraph-7.5.1+d02c707b.lx64.r.cp310/usdrt/Rt/_Rt.cpython-310-x86_64-linux-gnu.so
0x000073be63211cb0  0x000073be6326befa  Yes (*)     /home/ubuntu2004/isaacsim-4.5.0/extscache/usdrt.scenegraph-7.5.1+d02c707b.lx64.r.cp310/usdrt/UsdPhysics/_UsdPhysics.cpython-310-x86_64-linux-gnu.so
0x000073be62c1fce0  0x000073be62dba92a  Yes (*)     /home/ubuntu2004/isaacsim-4.5.0/extscache/usdrt.scenegraph-7.5.1+d02c707b.lx64.r.cp310/usdrt/PhysxSchema/_PhysxSchema.cpython-310-x86_64-linux-gnu.so
0x000073be628105a0  0x000073be6285bdaa  Yes (*)     /home/ubuntu2004/isaacsim-4.5.0/extscache/usdrt.scenegraph-7.5.1+d02c707b.lx64.r.cp310/usdrt/ForceFieldSchema/_ForceFieldSchema.cpython-310-x86_64-linux-gnu.so
0x000073be624123c0  0x000073be62470cea  Yes (*)     /home/ubuntu2004/isaacsim-4.5.0/extscache/usdrt.scenegraph-7.5.1+d02c707b.lx64.r.cp310/usdrt/UsdLux/_UsdLux.cpython-310-x86_64-linux-gnu.so
0x000073be6200eb70  0x000073be62035cfa  Yes (*)     /home/ubuntu2004/isaacsim-4.5.0/extscache/usdrt.scenegraph-7.5.1+d02c707b.lx64.r.cp310/usdrt/UsdMedia/_UsdMedia.cpython-310-x86_64-linux-gnu.so
0x000073be61c0fbb0  0x000073be61c4ea8a  Yes (*)     /home/ubuntu2004/isaacsim-4.5.0/extscache/usdrt.scenegraph-7.5.1+d02c707b.lx64.r.cp310/usdrt/UsdRender/_UsdRender.cpython-310-x86_64-linux-gnu.so
0x000073be6181fa20  0x000073be6192562a  Yes (*)     /home/ubuntu2004/isaacsim-4.5.0/extscache/usdrt.scenegraph-7.5.1+d02c707b.lx64.r.cp310/usdrt/UsdShade/_UsdShade.cpython-310-x86_64-linux-gnu.so
0x000073be6140fc10  0x000073be6144efea  Yes (*)     /home/ubuntu2004/isaacsim-4.5.0/extscache/usdrt.scenegraph-7.5.1+d02c707b.lx64.r.cp310/usdrt/UsdSkel/_UsdSkel.cpython-310-x86_64-linux-gnu.so
0x000073be6100f120  0x000073be6103dfba  Yes (*)     /home/ubuntu2004/isaacsim-4.5.0/extscache/usdrt.scenegraph-7.5.1+d02c707b.lx64.r.cp310/usdrt/UsdUI/_UsdUI.cpython-310-x86_64-linux-gnu.so
0x000073be60c0f730  0x000073be60c43a7a  Yes (*)     /home/ubuntu2004/isaacsim-4.5.0/extscache/usdrt.scenegraph-7.5.1+d02c707b.lx64.r.cp310/usdrt/UsdVol/_UsdVol.cpython-310-x86_64-linux-gnu.so
0x000073be6080e700  0x000073be6082e0ea  Yes (*)     /home/ubuntu2004/isaacsim-4.5.0/extscache/usdrt.scenegraph-7.5.1+d02c707b.lx64.r.cp310/usdrt/xformcache/_xformcache.cpython-310-x86_64-linux-gnu.so
0x000073be60409790  0x000073be604124ea  Yes (*)     /home/ubuntu2004/isaacsim-4.5.0/extscache/omni.kit.actions.core-1.0.0+d02c707b.lx64.r.cp310/bin/libomni.kit.actions.core_tests.plugin.so
0x000073be6000ad00  0x000073be6001c60a  Yes (*)     /home/ubuntu2004/isaacsim-4.5.0/extscache/omni.kit.actions.core-1.0.0+d02c707b.lx64.r.cp310/bin/libomni.kit.actions.core.plugin.so
0x000073be5fc10bb0  0x000073be5fc4308a  Yes (*)     /home/ubuntu2004/isaacsim-4.5.0/extscache/omni.kit.actions.core-1.0.0+d02c707b.lx64.r.cp310/omni/kit/actions/core/_kit_actions_core.cpython-310-x86_64-linux-gnu.so
0x000073be5f80bc90  0x000073be5f8241da  Yes (*)     /home/ubuntu2004/isaacsim-4.5.0/extscache/omni.timeline-1.0.11+d02c707b.lx64.r.cp310/bin/libomni.timeline.plugin.so
0x000073be5f410590  0x000073be5f445e3a  Yes (*)     /home/ubuntu2004/isaacsim-4.5.0/extscache/omni.timeline-1.0.11+d02c707b.lx64.r.cp310/omni/timeline/_timeline.cpython-310-x86_64-linux-gnu.so
0x000073be5f04bf90  0x000073be5f1628da  Yes (*)     /home/ubuntu2004/isaacsim-4.5.0/extscache/omni.usd.core-1.4.2+d02c707b.lx64.r/bin/libomni.usd.so
0x000073be5ec0ada0  0x000073be5ec2168a  Yes (*)     /home/ubuntu2004/isaacsim-4.5.0/extscache/omni.resourcemonitor-107.0.0+d02c707b.lx64.r.cp310/bin/libomni.resourcemonitor.plugin.so
0x000073be5e80f9e0  0x000073be5e83584a  Yes (*)     /home/ubuntu2004/isaacsim-4.5.0/extscache/omni.resourcemonitor-107.0.0+d02c707b.lx64.r.cp310/omni/resourcemonitor/_resourceMonitor.cpython-310-x86_64-linux-gnu.so
0x000073be5e40a350  0x000073be5e41713a  Yes (*)     /home/ubuntu2004/isaacsim-4.5.0/extscache/omni.activity.core-1.0.1+d02c707b.lx64.r.cp310/bin/libomni.activity.core.plugin.so
0x000073be5e008af0  0x000073be5e03332a  Yes (*)     /home/ubuntu2004/isaacsim-4.5.0/extscache/omni.activity.core-1.0.1+d02c707b.lx64.r.cp310/omni/activity/core/_activity.cpython-310-x86_64-linux-gnu.so
0x000073be5dc09b00  0x000073be5dc1465a  Yes (*)     /home/ubuntu2004/isaacsim-4.5.0/extscache/omni.kit.audiodeviceenum-1.0.1+d02c707b.lx64.r.cp310/bin/libomni.kit.audiodeviceenum.plugin.so
0x000073be5d8100f0  0x000073be5d83842a  Yes (*)     /home/ubuntu2004/isaacsim-4.5.0/extscache/omni.kit.audiodeviceenum-1.0.1+d02c707b.lx64.r.cp310/omni/kit/audiodeviceenum/_audiodeviceenum.cpython-310-x86_64-linux-gnu.so
0x000073be5d243c30  0x000073be5d3f61ff  Yes (*)     /home/ubuntu2004/isaacsim-4.5.0/extscache/omni.hydra.usdrt_delegate-7.5.1+d02c707b.lx64.r.cp310/plugins/libusdrt.population.plugin.so
0x000073be5ce02ff0  0x000073be5ce141ea  Yes (*)     /home/ubuntu2004/isaacsim-4.5.0/extscache/omni.hydra.usdrt_delegate-7.5.1+d02c707b.lx64.r.cp310/plugins/libusdrt.geopriority.plugin.so
0x000073be5ca05c90  0x000073be5ca3391a  Yes (*)     /home/ubuntu2004/isaacsim-4.5.0/extscache/omni.hydra.usdrt_delegate-7.5.1+d02c707b.lx64.r.cp310/plugins/libusdrt.hierarchy.plugin.so
0x000073be5c6026a0  0x000073be5c609a9a  Yes (*)     /home/ubuntu2004/isaacsim-4.5.0/extscache/omni.hydra.usdrt_delegate-7.5.1+d02c707b.lx64.r.cp310/bin/libomni.hydra.usdrt_delegate.plugin.so
0x000073be5c207c60  0x000073be5c2307ea  Yes (*)     /home/ubuntu2004/isaacsim-4.5.0/extscache/omni.hydra.usdrt_delegate-7.5.1+d02c707b.lx64.r.cp310/usdrt/population/_population.cpython-310-x86_64-linux-gnu.so
0x000073be5be068e0  0x000073be5be213da  Yes (*)     /home/ubuntu2004/isaacsim-4.5.0/extscache/omni.hydra.usdrt_delegate-7.5.1+d02c707b.lx64.r.cp310/usdrt/hierarchy/_hierarchy.cpython-310-x86_64-linux-gnu.so
0x000073be5ba0a860  0x000073be5ba1e1ca  Yes (*)     /home/ubuntu2004/isaacsim-4.5.0/extscache/omni.graph.exec-0.9.4+d02c707b.lx64.r/bin/libomni.graph.exec.plugin.so
0x000073be5b6158a0  0x000073be5b67006a  Yes (*)     /home/ubuntu2004/isaacsim-4.5.0/kit/kernel/py/carb/input.cpython-310-x86_64-linux-gnu.so
0x000073be5b20a050  0x000073be5b22f1aa  Yes (*)     /home/ubuntu2004/isaacsim-4.5.0/extscache/omni.kit.exec.core-0.13.4+d02c707b.lx64.r.cp310/bin/libomni.kit.exec.core.plugin.so
0x000073be5ae0ee80  0x000073be5ae2a25a  Yes (*)     /home/ubuntu2004/isaacsim-4.5.0/extscache/omni.kit.exec.core-0.13.4+d02c707b.lx64.r.cp310/omni/kit/exec/core/unstable/_omni_kit_exec_core_unstable.cpython-310-x86_64-linux-gnu.so
0x000073be5aa09750  0x000073be5aa1248a  Yes (*)     /home/ubuntu2004/isaacsim-4.5.0/extscache/omni.kit.commands-1.4.9+d02c707b.lx64.r.cp310/bin/libomni.kit.command_tests.plugin.so
0x000073be5a609a20  0x000073be5a614c7a  Yes (*)     /home/ubuntu2004/isaacsim-4.5.0/extscache/omni.kit.commands-1.4.9+d02c707b.lx64.r.cp310/bin/libomni.kit.commands.plugin.so
0x000073be5a20f2a0  0x000073be5a23106a  Yes (*)     /home/ubuntu2004/isaacsim-4.5.0/extscache/omni.kit.commands-1.4.9+d02c707b.lx64.r.cp310/omni/kit/commands/_kit_commands.cpython-310-x86_64-linux-gnu.so
0x000073be59e03650  0x000073be59e103ca  Yes (*)     /home/ubuntu2004/isaacsim-4.5.0/extscache/omni.hydra.scene_delegate-0.3.3+d02c707b.lx64.r/bin/libomni.fabric.endframe.plugin.so
0x000073be59a2bc00  0x000073be59b5f07a  Yes (*)     /home/ubuntu2004/isaacsim-4.5.0/extscache/omni.hydra.scene_delegate-0.3.3+d02c707b.lx64.r/bin/libomni.hydra.scene_delegate.plugin.so
0x000073be59607c10  0x000073be5961d2ba  Yes (*)     /home/ubuntu2004/isaacsim-4.5.0/extscache/omni.usd-1.12.4+d02c707b.lx64.r.cp310/bin/libomni.usd.cppcommands.plugin.so
0x000073be59208650  0x000073be5922450a  Yes (*)     /home/ubuntu2004/isaacsim-4.5.0/extscache/omni.usd-1.12.4+d02c707b.lx64.r.cp310/bin/libomni.stageupdate.plugin.so
0x000073be58e0c7e0  0x000073be58e4d81a  Yes (*)     /home/ubuntu2004/isaacsim-4.5.0/extscache/omni.usd-1.12.4+d02c707b.lx64.r.cp310/omni/usd/_usd.cpython-310-x86_64-linux-gnu.so
0x000073be58a4e000  0x000073be58a8d9d4  Yes (*)     /home/ubuntu2004/isaacsim-4.5.0/extscache/omni.usd.libs-1.0.1+d02c707b.lx64.r.cp310/pxr/UsdUtils/_usdUtils.so
0x000073be586a6a70  0x000073be5872a0c4  Yes (*)     /home/ubuntu2004/isaacsim-4.5.0/extscache/omni.usd.libs-1.0.1+d02c707b.lx64.r.cp310/pxr/UsdLux/_usdLux.so
0x000073bfd86b4fe0  0x000073bfd86e2e40  Yes (*)     /lib/x86_64-linux-gnu/libpulse.so.0
0x000073bfd804a320  0x000073bfd8090072  Yes (*)     /usr/lib/x86_64-linux-gnu/pulseaudio/libpulsecommon-15.99.so
0x000073bfc3e891e0  0x000073bfc3edde0a  Yes (*)     /lib/x86_64-linux-gnu/libsndfile.so.1
0x000073bfe2e98400  0x000073bfe2e9a9bc  Yes (*)     /lib/x86_64-linux-gnu/libasyncns.so.0
0x000073bfdae36940  0x000073bfdae3e9c0  Yes (*)     /lib/x86_64-linux-gnu/libapparmor.so.1
0x000073bfd86737a0  0x000073bfd869b915  Yes (*)     /lib/x86_64-linux-gnu/libFLAC.so.8
0x000073bfd800c460  0x000073bfd80228a7  Yes (*)     /lib/x86_64-linux-gnu/libvorbis.so.0
0x000073bfc3a690c0  0x000073bfc3a6b63e  Yes (*)     /lib/x86_64-linux-gnu/libvorbisenc.so.2
0x000073bfc36a5600  0x000073bfc36ea017  Yes (*)     /lib/x86_64-linux-gnu/libopus.so.0
0x000073bfe1ad7440  0x000073bfe1ad9839  Yes (*)     /lib/x86_64-linux-gnu/libogg.so.0
0x000073bfb95284a0  0x000073bfb95bd86b  Yes (*)     /lib/x86_64-linux-gnu/libasound.so.2.0.0
0x000073be48212190  0x000073be4827507a  Yes (*)     /home/ubuntu2004/isaacsim-4.5.0/kit/kernel/py/carb/audio/_audio.cpython-310-x86_64-linux-gnu.so
0x000073be43c10b50  0x000073be43c43daa  Yes (*)     /home/ubuntu2004/isaacsim-4.5.0/extscache/omni.usd-1.12.4+d02c707b.lx64.r.cp310/omni/usd/audio/_audio.cpython-310-x86_64-linux-gnu.so
0x000073be43808bd0  0x000073be4382813a  Yes (*)     /home/ubuntu2004/isaacsim-4.5.0/extscache/omni.usd-1.12.4+d02c707b.lx64.r.cp310/omni/stageupdate/_stageupdate.cpython-310-x86_64-linux-gnu.so
0x000073be42d46be0  0x000073be433deb18  Yes (*)     /home/ubuntu2004/isaacsim-4.5.0/extscache/omni.kit.asset_converter-2.8.3+106.5.0.lx64.r.cp310/asset_converter_native_bindings/libs/libassimp.so
0x000073be42835fd0  0x000073be42927079  Yes (*)     /home/ubuntu2004/isaacsim-4.5.0/extscache/omni.kit.asset_converter-2.8.3+106.5.0.lx64.r.cp310/asset_converter_native_bindings/libs/libxml2.so
0x000073be42242bb0  0x000073be4242f8e0  Yes (*)     /home/ubuntu2004/isaacsim-4.5.0/extscache/omni.kit.asset_converter-2.8.3+106.5.0.lx64.r.cp310/asset_converter_native_bindings/libs/libomniverse_asset_converter.so
0x000073be4197fa00  0x000073be41f68c52  Yes (*)     /home/ubuntu2004/isaacsim-4.5.0/extscache/omni.kit.asset_converter-2.8.3+106.5.0.lx64.r.cp310/asset_converter_native_bindings/libs/libfbxsdk.so
0x000073be41412cc0  0x000073be4144cfd2  Yes (*)     /home/ubuntu2004/isaacsim-4.5.0/extscache/omni.kit.asset_converter-2.8.3+106.5.0.lx64.r.cp310/asset_converter_native_bindings/_assetconverter.cpython-310-x86_64-linux-gnu.so
0x000073be41004470  0x000073be41006b32  Yes (*)     /home/ubuntu2004/isaacsim-4.5.0/extscache/omni.usd.schema.omniscripting-1.0.0+d02c707b.lx64.r.cp310/lib/libomniScriptingSchema.so
0x000073be40c029e0  0x000073be40c03ee5  Yes (*)     /home/ubuntu2004/isaacsim-4.5.0/extscache/omni.usd.schema.omniscripting-1.0.0+d02c707b.lx64.r.cp310/lib/libomniScriptingSchemaTools.so
0x000073be40814eb0  0x000073be4081fab1  Yes (*)     /home/ubuntu2004/isaacsim-4.5.0/extscache/omni.usd.schema.omniscripting-1.0.0+d02c707b.lx64.r.cp310/OmniScriptingSchema/_omniScriptingSchema.so
0x000073be40403810  0x000073be40404502  Yes (*)     /home/ubuntu2004/isaacsim-4.5.0/extscache/omni.usd.schema.omniscripting-1.0.0+d02c707b.lx64.r.cp310/OmniScriptingSchemaTools/_omniScriptingSchemaTools.so
0x000073be4000d9a0  0x000073be4002db02  Yes (*)     /home/ubuntu2004/isaacsim-4.5.0/extscache/omni.usd.schema.omnigraph-1.0.0+d02c707b.lx64.r.cp310/lib/libomniGraphSchema.so
0x000073be3fc02d20  0x000073be3fc05cb5  Yes (*)     /home/ubuntu2004/isaacsim-4.5.0/extscache/omni.usd.schema.omnigraph-1.0.0+d02c707b.lx64.r.cp310/lib/libomniGraphSchemaTools.so
0x000073be3f853b30  0x000073be3f892719  Yes (*)     /home/ubuntu2004/isaacsim-4.5.0/extscache/omni.usd.schema.omnigraph-1.0.0+d02c707b.lx64.r.cp310/OmniGraphSchema/_omniGraphSchema.so
0x000073be3f4046a0  0x000073be3f405e12  Yes (*)     /home/ubuntu2004/isaacsim-4.5.0/extscache/omni.usd.schema.omnigraph-1.0.0+d02c707b.lx64.r.cp310/OmniGraphSchemaTools/_omniGraphSchemaTools.so
0x000073be3f012e90  0x000073be3f04e9e2  Yes (*)     /home/ubuntu2004/isaacsim-4.5.0/extsPhysics/omni.usd.schema.forcefield/bin/libforceFieldSchema.so
0x000073be3ec71940  0x000073be3ecd1959  Yes (*)     /home/ubuntu2004/isaacsim-4.5.0/extsPhysics/omni.usd.schema.forcefield/pxr/ForceFieldSchema/_forceFieldSchema.so
0x000073be3e80a720  0x000073be3e821df2  Yes (*)     /home/ubuntu2004/isaacsim-4.5.0/exts/isaacsim.robot.schema/plugins/RangeSensorSchema/lib/librangeSensorSchema.so
0x000073be3e408c40  0x000073be3e41da02  Yes (*)     /home/ubuntu2004/isaacsim-4.5.0/exts/isaacsim.robot.schema/plugins/IsaacSensorSchema/lib/libisaacSensorSchema.so
0x000073be3e03ce10  0x000073be3e06b6f3  Yes (*)     /home/ubuntu2004/isaacsim-4.5.0/exts/isaacsim.robot.schema/plugins/RangeSensorSchema/omni/isaac/RangeSensorSchema/_rangeSensorSchema.so
0x000073be3dc326c0  0x000073be3dc58b12  Yes (*)     /home/ubuntu2004/isaacsim-4.5.0/exts/isaacsim.robot.schema/plugins/IsaacSensorSchema/omni/isaac/IsaacSensorSchema/_isaacSensorSchema.so
0x000073be3d80e1f0  0x000073be3d8203da  Yes (*)     /home/ubuntu2004/isaacsim-4.5.0/extscache/omni.inspect-1.0.1+d02c707b.lx64.r.cp310/bin/libomni.inspect.plugin.so
0x000073be3d40eeb0  0x000073be3d43621a  Yes (*)     /home/ubuntu2004/isaacsim-4.5.0/extscache/omni.inspect-1.0.1+d02c707b.lx64.r.cp310/omni/inspect/_omni_inspect.cpython-310-x86_64-linux-gnu.so
0x000073be3ce41ed0  0x000073be3d03dd6a  Yes (*)     /home/ubuntu2004/isaacsim-4.5.0/extscache/omni.graph.core-2.181.8+d02c707b.lx64.r/bin/libomni.graph.core.plugin.so
0x000073be3ca099f0  0x000073be3ca13b6a  Yes (*)     /home/ubuntu2004/isaacsim-4.5.0/extscache/omni.ujitso.processor.texture-1.0.0+d02c707b.lx64.r/bin/carb.ujitso.processors.texture/libcarb.ujitso.processor.texture.plugin.so
0x000073be3c60a660  0x000073be3c61ad5a  Yes (*)     /home/ubuntu2004/isaacsim-4.5.0/extscache/omni.ujitso.processor.texture-1.0.0+d02c707b.lx64.r/bin/libomni.ujitso.processor.texture.ext.plugin.so
0x000073be3c213a10  0x000073be3c2aaa8a  Yes (*)     /home/ubuntu2004/isaacsim-4.5.0/extscache/omni.index-1.0.1+d02c707b.lx64.r/bin/deps/librtx.indexlib.plugin.so
0x000073be3b939480  0x000073be3bcf5ef7  Yes (*)     /home/ubuntu2004/isaacsim-4.5.0/extscache/omni.volume-0.5.0+d02c707b.lx64.r.cp310/bin/libopenvdb.so
0x000073be3ae5fe50  0x000073be3b2482da  Yes (*)     /home/ubuntu2004/isaacsim-4.5.0/extscache/omni.volume-0.5.0+d02c707b.lx64.r.cp310/bin/deps/libcarb.volume.plugin.so
0x000073be3aa097a0  0x000073be3aa12d7a  Yes (*)     /home/ubuntu2004/isaacsim-4.5.0/extscache/omni.volume-0.5.0+d02c707b.lx64.r.cp310/bin/libomni.volume.plugin.so
0x000073be3a60f1e0  0x000073be3a6321ca  Yes (*)     /home/ubuntu2004/isaacsim-4.5.0/extscache/omni.volume-0.5.0+d02c707b.lx64.r.cp310/omni/volume/_volume.cpython-310-x86_64-linux-gnu.so
0x000073be3a209780  0x000073be3a2124ca  Yes (*)     /home/ubuntu2004/isaacsim-4.5.0/extscache/omni.ujitso.client-0.0.0+d02c707b.lx64.r/bin/libomni.ujitso.client.ext.plugin.so
0x000073be39e09830  0x000073be39e14d2a  Yes (*)     /home/ubuntu2004/isaacsim-4.5.0/extscache/omni.kit.clipboard-1.0.5+d02c707b.lx64.r.cp310/bin/libomni.kit.clipboard.plugin.so
0x000073be3963fe40  0x000073be3994ca3a  Yes (*)     /home/ubuntu2004/isaacsim-4.5.0/extscache/omni.hydra.rtx-1.0.0+d02c707b.lx64.r/bin/deps/librtx.hydra.so
0x000073be39034a60  0x000073be392672da  Yes (*)     /home/ubuntu2004/isaacsim-4.5.0/extscache/omni.hydra.rtx-1.0.0+d02c707b.lx64.r/bin/deps/liblegacy.hydra.so
0x000073be38c09110  0x000073be38c3e453  Yes (*)     /home/ubuntu2004/isaacsim-4.5.0/extscache/omni.hydra.rtx-1.0.0+d02c707b.lx64.r/bin/deps/libnvflow_rtx.so
0x000073be3802ee10  0x000073be38104f33  Yes (*)     /home/ubuntu2004/isaacsim-4.5.0/extscache/omni.hydra.rtx-1.0.0+d02c707b.lx64.r/bin/deps/libnvflowext_rtx.so
0x000073be37c10d30  0x000073be37d1dd5a  Yes (*)     /home/ubuntu2004/isaacsim-4.5.0/extscache/omni.hydra.rtx-1.0.0+d02c707b.lx64.r/bin/deps/libcarb.scenerenderer-rtx.plugin.so
0x000073be3781bb20  0x000073be378da27a  Yes (*)     /home/ubuntu2004/isaacsim-4.5.0/extscache/omni.hydra.rtx-1.0.0+d02c707b.lx64.r/bin/deps/librtx.reshade.plugin.so
0x000073be37412a90  0x000073be3748e4ea  Yes (*)     /home/ubuntu2004/isaacsim-4.5.0/extscache/omni.hydra.rtx-1.0.0+d02c707b.lx64.r/bin/deps/librtx.rtxsensor.memutil.plugin.so
0x000073be370137a0  0x000073be370aca6a  Yes (*)     /home/ubuntu2004/isaacsim-4.5.0/extscache/omni.hydra.rtx-1.0.0+d02c707b.lx64.r/bin/deps/librtx.rtxsensor.plugin.so
0x000073be36c13a10  0x000073be36c8fa0a  Yes (*)     /home/ubuntu2004/isaacsim-4.5.0/extscache/omni.hydra.rtx-1.0.0+d02c707b.lx64.r/bin/deps/librtx.rtxsensormodel_20.example.plugin.so
0x000073be36813a10  0x000073be3688ecba  Yes (*)     /home/ubuntu2004/isaacsim-4.5.0/extscache/omni.hydra.rtx-1.0.0+d02c707b.lx64.r/bin/deps/librtx.rtxsensormodel.example.plugin.so
0x000073be364139d0  0x000073be3648ea0a  Yes (*)     /home/ubuntu2004/isaacsim-4.5.0/extscache/omni.hydra.rtx-1.0.0+d02c707b.lx64.r/bin/deps/librtx.rtxsensormodel.example_legacy.plugin.so
0x000073be36009c20  0x000073be3601812a  Yes (*)     /home/ubuntu2004/isaacsim-4.5.0/extscache/omni.hydra.rtx-1.0.0+d02c707b.lx64.r/bin/deps/librtx.cameraisp.plugin.so
0x000073be35c0b770  0x000073be35c2903a  Yes (*)     /home/ubuntu2004/isaacsim-4.5.0/extscache/omni.hydra.rtx-1.0.0+d02c707b.lx64.r/bin/deps/librtx.multigpumanager.plugin.so
0x000073be3561a0b0  0x000073be3582b3ca  Yes (*)     /home/ubuntu2004/isaacsim-4.5.0/extscache/omni.hydra.rtx-1.0.0+d02c707b.lx64.r/bin/deps/librtx.scenedb.plugin.so
0x000073be35216350  0x000073be3527e5ea  Yes (*)     /home/ubuntu2004/isaacsim-4.5.0/extscache/omni.hydra.rtx-1.0.0+d02c707b.lx64.r/bin/deps/librtx.mdltranslator.plugin.so
0x000073be34e17560  0x000073be34e8f69a  Yes (*)     /home/ubuntu2004/isaacsim-4.5.0/extscache/omni.hydra.rtx-1.0.0+d02c707b.lx64.r/bin/deps/librtx.materialdb.plugin.so
0x000073be34818050  0x000073be349f90da  Yes (*)     /home/ubuntu2004/isaacsim-4.5.0/extscache/omni.hydra.rtx-1.0.0+d02c707b.lx64.r/bin/deps/librtx.raytracing.plugin.so
0x000073be3440ae90  0x000073be34449d2a  Yes (*)     /home/ubuntu2004/isaacsim-4.5.0/extscache/omni.hydra.rtx-1.0.0+d02c707b.lx64.r/bin/deps/librtx.denoising.plugin.so
0x000073be33e08c50  0x000073be33e3f5f5  Yes (*)     /home/ubuntu2004/isaacsim-4.5.0/extscache/omni.hydra.rtx-1.0.0+d02c707b.lx64.r/bin/deps/libnvrtd.so
0x000073be33801f40  0x000073be338259e8  Yes (*)     /home/ubuntu2004/isaacsim-4.5.0/extscache/omni.hydra.rtx-1.0.0+d02c707b.lx64.r/bin/deps/libNRD.so.3.2.3
0x000073be334129e0  0x000073be3349709a  Yes (*)     /home/ubuntu2004/isaacsim-4.5.0/extscache/omni.hydra.rtx-1.0.0+d02c707b.lx64.r/bin/deps/librtx.optixdenoising.plugin.so
0x000073be330129e0  0x000073be33095fba  Yes (*)     /home/ubuntu2004/isaacsim-4.5.0/extscache/omni.hydra.rtx-1.0.0+d02c707b.lx64.r/bin/deps/librtx.optixdenoising73.plugin.so
0x000073be32c0c850  0x000073be32ce510a  Yes (*)     /home/ubuntu2004/isaacsim-4.5.0/extscache/omni.hydra.rtx-1.0.0+d02c707b.lx64.r/bin/deps/librtx.postprocessing.plugin.so
0x000073be3261f5a0  0x000073be326d274a  Yes (*)     /home/ubuntu2004/isaacsim-4.5.0/extscache/omni.hydra.rtx-1.0.0+d02c707b.lx64.r/bin/deps/librtx.syntheticdata.plugin.so
0x000073be3220a5a0  0x000073be32222bea  Yes (*)     /home/ubuntu2004/isaacsim-4.5.0/extscache/omni.hydra.rtx-1.0.0+d02c707b.lx64.r/bin/deps/librtx.rasterizing.plugin.so
0x000073be31e10c00  0x000073be31e4336a  Yes (*)     /home/ubuntu2004/isaacsim-4.5.0/extscache/omni.hydra.rtx-1.0.0+d02c707b.lx64.r/bin/deps/librtx.flow.plugin.so
0x000073be31a01db0  0x000073be31a0a98a  Yes (*)     /home/ubuntu2004/isaacsim-4.5.0/extscache/omni.hydra.rtx-1.0.0+d02c707b.lx64.r/bin/libomni.hydra.rtx.plugin.so
0x000073be31607d20  0x000073be3164cf2a  Yes (*)     /home/ubuntu2004/isaacsim-4.5.0/extscache/omni.hydra.rtx-1.0.0+d02c707b.lx64.r/bin/carb.omnimesh/libcarb.omnimesh.plugin.so
0x000073be31209ab0  0x000073be3121367a  Yes (*)     /home/ubuntu2004/isaacsim-4.5.0/extscache/omni.hydra.rtx-1.0.0+d02c707b.lx64.r/bin/carb.ujitso.processors.geometry/libcarb.ujitso.processor.geometry.plugin.so
0x000073be30e015f0  0x000073be30e020ec  Yes (*)     /home/ubuntu2004/isaacsim-4.5.0/kit/python/lib/python3.10/lib-dynload/_queue.cpython-310-x86_64-linux-gnu.so
0x000073be30a2f7b0  0x000073be30aa44ea  Yes (*)     /home/ubuntu2004/isaacsim-4.5.0/extscache/omni.ui.scene-1.11.2+d02c707b.lx64.r.cp310/bin/libomni.ui.scene.so
0x000073be3062b5e0  0x000073be3071d28a  Yes (*)     /home/ubuntu2004/isaacsim-4.5.0/extscache/omni.ui.scene-1.11.2+d02c707b.lx64.r.cp310/omni/ui_scene/_scene.cpython-310-x86_64-linux-gnu.so
0x000073be3020b2f0  0x000073be3022ce4a  Yes (*)     /home/ubuntu2004/isaacsim-4.5.0/extscache/omni.kit.viewport.legacy_gizmos-1.0.16+d02c707b.lx64.r.cp310/bin/libomni.kit.viewport.legacy_gizmos.plugin.so
0x000073be2fe1b070  0x000073be2feb9d3a  Yes (*)     /home/ubuntu2004/isaacsim-4.5.0/extscache/omni.kit.usd.layers-2.2.0+d02c707b.lx64.r.cp310/bin/libomni.kit.usd.layers.plugin.so
0x000073be2fa15610  0x000073be2fa563aa  Yes (*)     /home/ubuntu2004/isaacsim-4.5.0/extscache/omni.kit.usd.layers-2.2.0+d02c707b.lx64.r.cp310/omni/kit/usd/layers/_omni_kit_usd_layers.cpython-310-x86_64-linux-gnu.so
0x000073be2f606440  0x000073be2f62a42a  Yes (*)     /home/ubuntu2004/isaacsim-4.5.0/extscache/omni.kit.hydra_texture-1.4.0+d02c707b.lx64.r.cp310/bin/linux-x86_64/release/libomni.hydratexture.plugin.so
0x000073be2f20ff70  0x000073be2f23e98a  Yes (*)     /home/ubuntu2004/isaacsim-4.5.0/extscache/omni.kit.hydra_texture-1.4.0+d02c707b.lx64.r.cp310/omni/hydratexture/_hydra_texture.cpython-310-x86_64-linux-gnu.so
0x000073be2ee03f70  0x000073be2ee142da  Yes (*)     /home/ubuntu2004/isaacsim-4.5.0/extscache/omni.kit.viewport.scene_camera_model-1.0.5+d02c707b.lx64.r.cp310/bin/libomni.kit.viewport.scene_camera_model.so
0x000073be2ea068b0  0x000073be2ea1d88a  Yes (*)     /home/ubuntu2004/isaacsim-4.5.0/extscache/omni.kit.viewport.scene_camera_model-1.0.5+d02c707b.lx64.r.cp310/omni/kit/viewport/scene_camera_model/_camera_model.cpython-310-x86_64-linux-gnu.so
0x000073be2e612410  0x000073be2e64742a  Yes (*)     /home/ubuntu2004/isaacsim-4.5.0/kit/kernel/py/carb/windowing.cpython-310-x86_64-linux-gnu.so
0x000073be2ca1e130  0x000073be2ca2a441  Yes (*)     /home/ubuntu2004/isaacsim-4.5.0/extscache/omni.usd.libs-1.0.1+d02c707b.lx64.r.cp310/pxr/CameraUtil/_cameraUtil.so
0x000073be2c603ba0  0x000073be2c611a3a  Yes (*)     /home/ubuntu2004/isaacsim-4.5.0/extscache/omni.kit.raycast.query-1.0.5+d02c707b.lx64.r.cp310/bin/libomni.kit.raycast.query.plugin.so
0x000073be2c208c10  0x000073be2c231daa  Yes (*)     /home/ubuntu2004/isaacsim-4.5.0/extscache/omni.kit.raycast.query-1.0.5+d02c707b.lx64.r.cp310/omni/kit/raycast/query/_omni_kit_raycast_query.cpython-310-x86_64-linux-gnu.so
0x000073be1fc07300  0x000073be1fc2571a  Yes (*)     /home/ubuntu2004/isaacsim-4.5.0/extscache/omni.hydra.engine.stats-1.0.3+d02c707b.lx64.r.cp310/omni/hydra/engine/stats/_stats.cpython-310-x86_64-linux-gnu.so
0x000073be1f801910  0x000073be1f80a385  Yes (*)     /home/ubuntu2004/isaacsim-4.5.0/kit/python/lib/python3.10/lib-dynload/cmath.cpython-310-x86_64-linux-gnu.so
0x000073be1f02daf0  0x000073be1f5036b3  Yes (*)     /home/ubuntu2004/isaacsim-4.5.0/extscache/omni.kit.pip_archive-0.0.0+d02c707b.lx64.cp310/pip_prebundle/numpy/core/_multiarray_umath.cpython-310-x86_64-linux-gnu.so
0x000073be1cf18000  0x000073be1eb98c5c  Yes (*)     /home/ubuntu2004/isaacsim-4.5.0/extscache/omni.kit.pip_archive-0.0.0+d02c707b.lx64.cp310/pip_prebundle/numpy/core/../../numpy.libs/libopenblas64_p-r0-0cf96a72.3.23.dev.so
0x000073be1c81b870  0x000073be1ca46837  Yes (*)     /home/ubuntu2004/isaacsim-4.5.0/extscache/omni.kit.pip_archive-0.0.0+d02c707b.lx64.cp310/pip_prebundle/numpy/core/../../numpy.libs/libgfortran-040039e1.so.5.0.0
0x000073be1c4023e0  0x000073be1c425d2b  Yes (*)     /home/ubuntu2004/isaacsim-4.5.0/extscache/omni.kit.pip_archive-0.0.0+d02c707b.lx64.cp310/pip_prebundle/numpy/core/../../numpy.libs/libquadmath-96973f99.so.0.0.0
0x000073bfdab50d80  0x000073bfdab60819  Yes (*)     /home/ubuntu2004/isaacsim-4.5.0/extscache/omni.kit.pip_archive-0.0.0+d02c707b.lx64.cp310/pip_prebundle/numpy/core/_multiarray_tests.cpython-310-x86_64-linux-gnu.so
0x000073bfdab24b50  0x000073bfdab3e372  Yes (*)     /home/ubuntu2004/isaacsim-4.5.0/extscache/omni.kit.pip_archive-0.0.0+d02c707b.lx64.cp310/pip_prebundle/numpy/linalg/_umath_linalg.cpython-310-x86_64-linux-gnu.so
0x000073bfc3e6a170  0x000073bfc3e7cafa  Yes (*)     /home/ubuntu2004/isaacsim-4.5.0/extscache/omni.kit.pip_archive-0.0.0+d02c707b.lx64.cp310/pip_prebundle/numpy/fft/_pocketfft_internal.cpython-310-x86_64-linux-gnu.so
0x000073bfc2a518e0  0x000073bfc2aaa114  Yes (*)     /home/ubuntu2004/isaacsim-4.5.0/extscache/omni.kit.pip_archive-0.0.0+d02c707b.lx64.cp310/pip_prebundle/numpy/random/mtrand.cpython-310-x86_64-linux-gnu.so
0x000073bfc36718e0  0x000073bfc3693380  Yes (*)     /home/ubuntu2004/isaacsim-4.5.0/extscache/omni.kit.pip_archive-0.0.0+d02c707b.lx64.cp310/pip_prebundle/numpy/random/bit_generator.cpython-310-x86_64-linux-gnu.so
0x000073bfc21c5830  0x000073bfc21f7435  Yes (*)     /home/ubuntu2004/isaacsim-4.5.0/extscache/omni.kit.pip_archive-0.0.0+d02c707b.lx64.cp310/pip_prebundle/numpy/random/_common.cpython-310-x86_64-linux-gnu.so
0x000073bfc1636830  0x000073bfc167b4cf  Yes (*)     /home/ubuntu2004/isaacsim-4.5.0/extscache/omni.kit.pip_archive-0.0.0+d02c707b.lx64.cp310/pip_prebundle/numpy/random/_bounded_integers.cpython-310-x86_64-linux-gnu.so
0x000073bfc36545f0  0x000073bfc3664572  Yes (*)     /home/ubuntu2004/isaacsim-4.5.0/extscache/omni.kit.pip_archive-0.0.0+d02c707b.lx64.cp310/pip_prebundle/numpy/random/_mt19937.cpython-310-x86_64-linux-gnu.so
0x000073bfc363c600  0x000073bfc364a14c  Yes (*)     /home/ubuntu2004/isaacsim-4.5.0/extscache/omni.kit.pip_archive-0.0.0+d02c707b.lx64.cp310/pip_prebundle/numpy/random/_philox.cpython-310-x86_64-linux-gnu.so
0x000073bfc26e75f0  0x000073bfc26f873b  Yes (*)     /home/ubuntu2004/isaacsim-4.5.0/extscache/omni.kit.pip_archive-0.0.0+d02c707b.lx64.cp310/pip_prebundle/numpy/random/_pcg64.cpython-310-x86_64-linux-gnu.so
0x000073bfc32f2580  0x000073bfc32fa2fa  Yes (*)     /home/ubuntu2004/isaacsim-4.5.0/extscache/omni.kit.pip_archive-0.0.0+d02c707b.lx64.cp310/pip_prebundle/numpy/random/_sfc64.cpython-310-x86_64-linux-gnu.so
0x000073bfc1324c80  0x000073bfc13a6eb7  Yes (*)     /home/ubuntu2004/isaacsim-4.5.0/extscache/omni.kit.pip_archive-0.0.0+d02c707b.lx64.cp310/pip_prebundle/numpy/random/_generator.cpython-310-x86_64-linux-gnu.so
0x000073bdf52017e0  0x000073bdf520328d  Yes (*)     /home/ubuntu2004/isaacsim-4.5.0/kit/python/lib/python3.10/lib-dynload/_lsprof.cpython-310-x86_64-linux-gnu.so
0x000073bdf4e0f800  0x000073bdf4e4c5ea  Yes (*)     /home/ubuntu2004/isaacsim-4.5.0/extscache/omni.graph.image.core-0.6.0+d02c707b.lx64.r/bin/libomni.graph.image.core.plugin.so
0x000073bdf4a0c330  0x000073bdf4a49a9a  Yes (*)     /home/ubuntu2004/isaacsim-4.5.0/extscache/omni.graph.action_core-1.1.7+d02c707b.lx64.r.cp310/bin/libomni.graph.action_core.plugin.so
0x000073bdf46066c0  0x000073bdf461f8ca  Yes (*)     /home/ubuntu2004/isaacsim-4.5.0/extscache/omni.graph.action_core-1.1.7+d02c707b.lx64.r.cp310/omni/graph/action_core/_omni_graph_action_core.cpython-310-x86_64-linux-gnu.so
0x000073bdf40195f0  0x000073bdf41858fa  Yes (*)     /home/ubuntu2004/isaacsim-4.5.0/extscache/omni.graph-1.140.2+d02c707b.lx64.r.cp310/omni/graph/core/_omni_graph_core.cpython-310-x86_64-linux-gnu.so
0x000073bdf340d230  0x000073bdf34c2e7a  Yes (*)     /home/ubuntu2004/isaacsim-4.5.0/extscache/omni.graph.image.nodes-1.3.0+d02c707b.lx64.r/bin/libomni.graph.image.nodes.plugin.so
0x000073bdf300bcf0  0x000073bdf30f9f3a  Yes (*)     /home/ubuntu2004/isaacsim-4.5.0/extscache/omni.graph.action_nodes-1.40.1+106.5.0.lx64.r.cp310/bin/libomni.graph.action_nodes.plugin.so
0x000073bdf2c0ee20  0x000073bdf2c71dba  Yes (*)     /home/ubuntu2004/isaacsim-4.5.0/extsPhysics/omni.kvdb/bin/libomni.kvdb.plugin.so
0x000073bdf280e720  0x000073bdf282a61a  Yes (*)     /home/ubuntu2004/isaacsim-4.5.0/extsPhysics/omni.kvdb/omni/kvdb/bindings/_kvdb.cpython-310-x86_64-linux-gnu.so
0x000073bdf0a48560  0x000073bdf20049fa  Yes (*)     /home/ubuntu2004/isaacsim-4.5.0/extscache/omni.graph.nodes-1.162.1+106.5.0.lx64.r.cp310/bin/libomni.graph.nodes.plugin.so
0x000073bdf06068a0  0x000073bdf061d48a  Yes (*)     /home/ubuntu2004/isaacsim-4.5.0/extscache/omni.graph.nodes-1.162.1+106.5.0.lx64.r.cp310/omni/graph/nodes/bindings/_omni_graph_nodes.cpython-310-x86_64-linux-gnu.so
0x000073bdf0209fe0  0x000073bdf021b73a  Yes (*)     /home/ubuntu2004/isaacsim-4.5.0/extsPhysics/omni.localcache/bin/libomni.localcache.plugin.so
0x000073bddbc0e730  0x000073bddbc2a61a  Yes (*)     /home/ubuntu2004/isaacsim-4.5.0/extsPhysics/omni.localcache/omni/localcache/bindings/_localcache.cpython-310-x86_64-linux-gnu.so
0x000073bddb813890  0x000073bddb8808fa  Yes (*)     /home/ubuntu2004/isaacsim-4.5.0/extsPhysics/omni.convexdecomposition/bin/libomni.convexdecomposition.plugin.so
0x000073bddb410a80  0x000073bddb4408ea  Yes (*)     /home/ubuntu2004/isaacsim-4.5.0/extsPhysics/omni.convexdecomposition/omni/convexdecomposition/bindings/_convexdecomposition.cpython-310-x86_64-linux-gnu.so
0x000073bdda41d3d0  0x000073bdda435071  Yes (*)     /home/ubuntu2004/isaacsim-4.5.0/extscache/omni.usd.libs-1.0.1+d02c707b.lx64.r.cp310/pxr/UsdUI/_usdUI.so
0x000073bdda00a630  0x000073bdda04902a  Yes (*)     /home/ubuntu2004/isaacsim-4.5.0/extsPhysics/omni.usdphysics/bin/libomni.usdphysics.plugin.so
0x000073bdd9c0a5b0  0x000073bdd9c1a15a  Yes (*)     /home/ubuntu2004/isaacsim-4.5.0/extsPhysics/omni.physx.foundation/bin/libomni.physx.foundation.plugin.so
0x000073bdd980e9f0  0x000073bdd982aeda  Yes (*)     /home/ubuntu2004/isaacsim-4.5.0/extsPhysics/omni.physx.foundation/omni/physxfoundation/bindings/_physxFoundation.cpython-310-x86_64-linux-gnu.so
0x000073bd79213ca0  0x000073bd7932a782  Yes (*)     /home/ubuntu2004/isaacsim-4.5.0/extsPhysics/omni.physx.foundation/bin/libPhysXGpu_64.so
0x000073bdd9401db0  0x000073bdd940a49a  Yes (*)     /home/ubuntu2004/isaacsim-4.5.0/extsPhysics/omni.physics.tensors/bin/libomni.physics.tensors.plugin.so
0x000073bdd9014c90  0x000073bdd90940ba  Yes (*)     /home/ubuntu2004/isaacsim-4.5.0/extsPhysics/omni.physics.tensors/omni/physics/tensors/bindings/_physicsTensors.cpython-310-x86_64-linux-gnu.so
0x000073bdd8c150e0  0x000073bdd8d5641a  Yes (*)     /home/ubuntu2004/isaacsim-4.5.0/extsPhysics/omni.physx.cooking/bin/libomni.physx.cooking.plugin.so
0x000073bdd8806d70  0x000073bdd881f29a  Yes (*)     /home/ubuntu2004/isaacsim-4.5.0/extsPhysics/omni.physx.cooking/omni/physxcooking/bindings/_physxCooking.cpython-310-x86_64-linux-gnu.so
0x000073bdb62893f0  0x000073bdb6aa5f0a  Yes (*)     /home/ubuntu2004/isaacsim-4.5.0/extsPhysics/omni.physx/bin/libomni.physx.plugin.so
0x000073bdd8416e70  0x000073bdd8504c9a  Yes (*)     /home/ubuntu2004/isaacsim-4.5.0/extsPhysics/omni.physx/omni/physx/bindings/_physx.cpython-310-x86_64-linux-gnu.so
0x000073bdb5e19380  0x000073bdb5e4aa5a  Yes (*)     /home/ubuntu2004/isaacsim-4.5.0/extscache/omni.kit.widget.text_editor-1.0.2+d02c707b.lx64.r.cp310/bin/libomni.kit.widget.text_editor.so
0x000073bdb5a0bf20  0x000073bdb5a3ea0a  Yes (*)     /home/ubuntu2004/isaacsim-4.5.0/extscache/omni.kit.widget.text_editor-1.0.2+d02c707b.lx64.r.cp310/omni/kit/widget/text_editor/_text_editor.cpython-310-x86_64-linux-gnu.so
0x000073bdb4e2b510  0x000073bdb4f6e32a  Yes (*)     /home/ubuntu2004/isaacsim-4.5.0/extsPhysics/omni.physx.tensors/bin/libomni.physx.tensors.plugin.so
0x000073bdb4a02730  0x000073bdb4a0631c  Yes (*)     /home/ubuntu2004/isaacsim-4.5.0/kit/python/lib/python3.10/lib-dynload/unicodedata.cpython-310-x86_64-linux-gnu.so
0x000073bdb4609a20  0x000073bdb4613e3a  Yes (*)     /home/ubuntu2004/isaacsim-4.5.0/extsPhysics/omni.physx.stageupdate/bin/libomni.physx.stageupdate.plugin.so
0x000073bdb420eca0  0x000073bdb422c5ba  Yes (*)     /home/ubuntu2004/isaacsim-4.5.0/extsPhysics/omni.physx.stageupdate/omni/physxstageupdate/bindings/_physxStageUpdateNode.cpython-310-x86_64-linux-gnu.so
0x000073bd9740e370  0x000073bd9742c1da  Yes (*)     /home/ubuntu2004/isaacsim-4.5.0/extscache/omni.kit.numpy.common-0.1.2+d02c707b.lx64.r.cp310/omni/kit/numpy/common/_numpy_dtypes.cpython-310-x86_64-linux-gnu.so
0x000073bd96c2fe00  0x000073bd970a134a  Yes (*)     /home/ubuntu2004/isaacsim-4.5.0/extsDeprecated/omni.isaac.dynamic_control/bin/libomni.isaac.dynamic_control.plugin.so
0x000073bd968149b0  0x000073bd9687f3ea  Yes (*)     /home/ubuntu2004/isaacsim-4.5.0/extsDeprecated/omni.isaac.dynamic_control/omni/isaac/dynamic_control/_dynamic_control.cpython-310-x86_64-linux-gnu.so
0x000073bd9640ce40  0x000073bd9643749a  Yes (*)     /home/ubuntu2004/isaacsim-4.5.0/exts/isaacsim.core.utils/isaacsim/core/utils/_isaac_utils.cpython-310-x86_64-linux-gnu.so
0x000073bd96004e70  0x000073bd9601241a  Yes (*)     /home/ubuntu2004/isaacsim-4.5.0/exts/isaacsim.core.simulation_manager/bin/libisaacsim.core.simulation_manager.plugin.so
0x000073bd95c070d0  0x000073bd95c207aa  Yes (*)     /home/ubuntu2004/isaacsim-4.5.0/exts/isaacsim.core.simulation_manager/isaacsim/core/simulation_manager/_simulation_manager.cpython-310-x86_64-linux-gnu.so
0x000073bfc2a3d650  0x000073bfc2a4531d  Yes (*)     /home/ubuntu2004/isaacsim-4.5.0/exts/omni.pip.compute/pip_prebundle/scipy/_lib/_ccallback_c.cpython-310-x86_64-linux-gnu.so
0x000073bfbf45bd00  0x000073bfbf4d613a  Yes (*)     /home/ubuntu2004/isaacsim-4.5.0/exts/omni.pip.compute/pip_prebundle/scipy/spatial/_ckdtree.cpython-310-x86_64-linux-gnu.so
0x000073bd95803440  0x000073bd95adcf7a  Yes (*)     /home/ubuntu2004/isaacsim-4.5.0/exts/omni.pip.compute/pip_prebundle/scipy/sparse/_sparsetools.cpython-310-x86_64-linux-gnu.so
0x000073bfbff93900  0x000073bfbffe9f33  Yes (*)     /home/ubuntu2004/isaacsim-4.5.0/exts/omni.pip.compute/pip_prebundle/scipy/sparse/_csparsetools.cpython-310-x86_64-linux-gnu.so
0x000073bfbf0c65e0  0x000073bfbf0e9ab2  Yes (*)     /home/ubuntu2004/isaacsim-4.5.0/exts/omni.pip.compute/pip_prebundle/scipy/sparse/linalg/_isolve/_iterative.cpython-310-x86_64-linux-gnu.so
0x000073bd8df18000  0x000073bd8f9ad4d4  Yes (*)     /home/ubuntu2004/isaacsim-4.5.0/exts/omni.pip.compute/pip_prebundle/scipy/sparse/linalg/_isolve/../../../../scipy.libs/libopenblasp-r0-41284840.3.18.so
0x000073bfbc972510  0x000073bfbc9b4ee2  Yes (*)     /home/ubuntu2004/isaacsim-4.5.0/exts/omni.pip.compute/pip_prebundle/scipy/linalg/_fblas.cpython-310-x86_64-linux-gnu.so
0x000073bd94426610  0x000073bd9451bce2  Yes (*)     /home/ubuntu2004/isaacsim-4.5.0/exts/omni.pip.compute/pip_prebundle/scipy/linalg/_flapack.cpython-310-x86_64-linux-gnu.so
0x000073bfbc4a38f0  0x000073bfbc4e79f1  Yes (*)     /home/ubuntu2004/isaacsim-4.5.0/exts/omni.pip.compute/pip_prebundle/scipy/linalg/_cythonized_array_utils.cpython-310-x86_64-linux-gnu.so
0x000073bfc26d2420  0x000073bfc26da192  Yes (*)     /home/ubuntu2004/isaacsim-4.5.0/exts/omni.pip.compute/pip_prebundle/scipy/linalg/_flinalg.cpython-310-x86_64-linux-gnu.so
0x000073bfbc9348e0  0x000073bfbc95578a  Yes (*)     /home/ubuntu2004/isaacsim-4.5.0/exts/omni.pip.compute/pip_prebundle/scipy/linalg/_solve_toeplitz.cpython-310-x86_64-linux-gnu.so
0x000073bfbc46f8b0  0x000073bfbc48c34d  Yes (*)     /home/ubuntu2004/isaacsim-4.5.0/exts/omni.pip.compute/pip_prebundle/scipy/linalg/_matfuncs_sqrtm_triu.cpython-310-x86_64-linux-gnu.so
0x000073bfbbcada00  0x000073bfbbceb49e  Yes (*)     /home/ubuntu2004/isaacsim-4.5.0/exts/omni.pip.compute/pip_prebundle/scipy/linalg/_matfuncs_expm.cpython-310-x86_64-linux-gnu.so
0x000073bfbb87b170  0x000073bfbb890c25  Yes (*)     /home/ubuntu2004/isaacsim-4.5.0/exts/omni.pip.compute/pip_prebundle/scipy/linalg/cython_lapack.cpython-310-x86_64-linux-gnu.so
0x000073bfbc0cb1b0  0x000073bfbc0e7565  Yes (*)     /home/ubuntu2004/isaacsim-4.5.0/exts/omni.pip.compute/pip_prebundle/scipy/linalg/cython_blas.cpython-310-x86_64-linux-gnu.so
0x000073bfbbc5f670  0x000073bfbbc90327  Yes (*)     /home/ubuntu2004/isaacsim-4.5.0/exts/omni.pip.compute/pip_prebundle/scipy/linalg/_decomp_update.cpython-310-x86_64-linux-gnu.so
0x000073bfbb4b36e0  0x000073bfbb4efecb  Yes (*)     /home/ubuntu2004/isaacsim-4.5.0/exts/omni.pip.compute/pip_prebundle/scipy/sparse/linalg/_dsolve/_superlu.cpython-310-x86_64-linux-gnu.so
0x000073bfbb44ab50  0x000073bfbb48f702  Yes (*)     /home/ubuntu2004/isaacsim-4.5.0/exts/omni.pip.compute/pip_prebundle/scipy/sparse/linalg/_eigen/arpack/_arpack.cpython-310-x86_64-linux-gnu.so
0x000073bfbb0a68e0  0x000073bfbb0e569e  Yes (*)     /home/ubuntu2004/isaacsim-4.5.0/exts/omni.pip.compute/pip_prebundle/scipy/sparse/csgraph/_shortest_path.cpython-310-x86_64-linux-gnu.so
0x000073bfbf09e570  0x000073bfbf0b45d1  Yes (*)     /home/ubuntu2004/isaacsim-4.5.0/exts/omni.pip.compute/pip_prebundle/scipy/sparse/csgraph/_tools.cpython-310-x86_64-linux-gnu.so
0x000073bfc21a0570  0x000073bfc21b3f75  Yes (*)     /home/ubuntu2004/isaacsim-4.5.0/exts/omni.pip.compute/pip_prebundle/scipy/sparse/csgraph/_traversal.cpython-310-x86_64-linux-gnu.so
0x000073bfbc441800  0x000073bfbc45b754  Yes (*)     /home/ubuntu2004/isaacsim-4.5.0/exts/omni.pip.compute/pip_prebundle/scipy/sparse/csgraph/_min_spanning_tree.cpython-310-x86_64-linux-gnu.so
0x000073bfbb0648a0  0x000073bfbb08b090  Yes (*)     /home/ubuntu2004/isaacsim-4.5.0/exts/omni.pip.compute/pip_prebundle/scipy/sparse/csgraph/_flow.cpython-310-x86_64-linux-gnu.so
0x000073bfbacc7840  0x000073bfbacec20e  Yes (*)     /home/ubuntu2004/isaacsim-4.5.0/exts/omni.pip.compute/pip_prebundle/scipy/sparse/csgraph/_matching.cpython-310-x86_64-linux-gnu.so
0x000073bfbac8b8c0  0x000073bfbacb08ae  Yes (*)     /home/ubuntu2004/isaacsim-4.5.0/exts/omni.pip.compute/pip_prebundle/scipy/sparse/csgraph/_reordering.cpython-310-x86_64-linux-gnu.so
0x000073bf7001dc40  0x000073bf700b762d  Yes (*)     /home/ubuntu2004/isaacsim-4.5.0/exts/omni.pip.compute/pip_prebundle/scipy/spatial/_qhull.cpython-310-x86_64-linux-gnu.so
0x000073bfd8661570  0x000073bfd86661e3  Yes (*)     /home/ubuntu2004/isaacsim-4.5.0/exts/omni.pip.compute/pip_prebundle/scipy/_lib/messagestream.cpython-310-x86_64-linux-gnu.so
0x000073bfbb83a810  0x000073bfbb8525b2  Yes (*)     /home/ubuntu2004/isaacsim-4.5.0/exts/omni.pip.compute/pip_prebundle/scipy/spatial/_voronoi.cpython-310-x86_64-linux-gnu.so
0x000073bfc1a351a0  0x000073bfc1a4803e  Yes (*)     /home/ubuntu2004/isaacsim-4.5.0/exts/omni.pip.compute/pip_prebundle/scipy/spatial/_distance_wrap.cpython-310-x86_64-linux-gnu.so
0x000073bfbac5e820  0x000073bfbac77905  Yes (*)     /home/ubuntu2004/isaacsim-4.5.0/exts/omni.pip.compute/pip_prebundle/scipy/spatial/_hausdorff.cpython-310-x86_64-linux-gnu.so
0x000073befd89efb0  0x000073befd978079  Yes         /home/ubuntu2004/isaacsim-4.5.0/exts/omni.pip.compute/pip_prebundle/scipy/special/_ufuncs.cpython-310-x86_64-linux-gnu.so
0x000073bfba8a5930  0x000073bfba8e6835  Yes (*)     /home/ubuntu2004/isaacsim-4.5.0/exts/omni.pip.compute/pip_prebundle/scipy/special/_ufuncs_cxx.cpython-310-x86_64-linux-gnu.so
0x000073bfba83f550  0x000073bfba88d3e2  Yes (*)     /home/ubuntu2004/isaacsim-4.5.0/exts/omni.pip.compute/pip_prebundle/scipy/special/_specfun.cpython-310-x86_64-linux-gnu.so
0x000073bfc3a4d4a0  0x000073bfc3a50824  Yes (*)     /home/ubuntu2004/isaacsim-4.5.0/exts/omni.pip.compute/pip_prebundle/scipy/special/_comb.cpython-310-x86_64-linux-gnu.so
0x000073bfbff76540  0x000073bfbff8033d  Yes (*)     /home/ubuntu2004/isaacsim-4.5.0/exts/omni.pip.compute/pip_prebundle/scipy/special/_ellip_harm_2.cpython-310-x86_64-linux-gnu.so
0x000073bfba4b8be0  0x000073bfba4ef2ca  Yes (*)     /home/ubuntu2004/isaacsim-4.5.0/exts/omni.pip.compute/pip_prebundle/scipy/spatial/_distance_pybind.cpython-310-x86_64-linux-gnu.so
0x000073bfba078aa0  0x000073bfba0d158e  Yes (*)     /home/ubuntu2004/isaacsim-4.5.0/exts/omni.pip.compute/pip_prebundle/scipy/spatial/transform/_rotation.cpython-310-x86_64-linux-gnu.so
0x000073bfd8003050  0x000073bfd8003105  Yes (*)     /home/ubuntu2004/isaacsim-4.5.0/exts/omni.isaac.ml_archive/pip_prebundle/torch/lib/libtorch_global_deps.so
0x000073bd8c20f370  0x000073bd8c27abba  Yes (*)     /home/ubuntu2004/isaacsim-4.5.0/exts/omni.isaac.ml_archive/pip_prebundle/torch/lib/../../nvidia/cuda_runtime/lib/libcudart.so.11.0
0x000073bd56c07060  0x000073bd56c1dc2a  Yes (*)     /home/ubuntu2004/isaacsim-4.5.0/exts/omni.isaac.ml_archive/pip_prebundle/torch/lib/libgomp-a34b3233.so.1
0x000073bfdb23b060  0x000073bfdb23b125  Yes         /home/ubuntu2004/isaacsim-4.5.0/exts/omni.isaac.ml_archive/pip_prebundle/torch/_C.cpython-310-x86_64-linux-gnu.so
0x000073bd55866e00  0x000073bd56492b5c  Yes (*)     /home/ubuntu2004/isaacsim-4.5.0/exts/omni.isaac.ml_archive/pip_prebundle/torch/lib/libtorch_python.so
0x000073bfbbc40790  0x000073bfbbc4a030  Yes (*)     /home/ubuntu2004/isaacsim-4.5.0/exts/omni.isaac.ml_archive/pip_prebundle/torch/lib/libtorch.so
0x000073bfbf448440  0x000073bfbf44a5d3  Yes (*)     /home/ubuntu2004/isaacsim-4.5.0/exts/omni.isaac.ml_archive/pip_prebundle/torch/lib/libshm.so
0x000073bd41832e00  0x000073bd51b34a60  Yes (*)     /home/ubuntu2004/isaacsim-4.5.0/exts/omni.isaac.ml_archive/pip_prebundle/torch/lib/libtorch_cpu.so
0x000073bd0841bbe0  0x000073bd0aee927a  Yes (*)     /home/ubuntu2004/isaacsim-4.5.0/exts/omni.isaac.ml_archive/pip_prebundle/torch/lib/libtorch_cuda.so
0x000073bfb9c60680  0x000073bfb9cb862d  Yes (*)     /home/ubuntu2004/isaacsim-4.5.0/exts/omni.isaac.ml_archive/pip_prebundle/torch/lib/libc10_cuda.so
0x000073befd110430  0x000073befd1a80c4  Yes (*)     /home/ubuntu2004/isaacsim-4.5.0/exts/omni.isaac.ml_archive/pip_prebundle/torch/lib/libc10.so
0x000073bd072041e0  0x000073bd0721206c  Yes (*)     /home/ubuntu2004/isaacsim-4.5.0/exts/omni.isaac.ml_archive/pip_prebundle/torch/lib/../../nvidia/cudnn/lib/libcudnn.so.9
0x000073bd068af1e0  0x000073bd06cb7404  Yes (*)     /home/ubuntu2004/isaacsim-4.5.0/exts/omni.isaac.ml_archive/pip_prebundle/torch/lib/../../nvidia/cuda_cupti/lib/libcupti.so.11.8
0x000073bcf5a774c0  0x000073bcf640094a  Yes (*)     /home/ubuntu2004/isaacsim-4.5.0/exts/omni.isaac.ml_archive/pip_prebundle/torch/lib/../../nvidia/cusparse/lib/libcusparse.so.11
0x000073bce4bb2d60  0x000073bce503247a  Yes (*)     /home/ubuntu2004/isaacsim-4.5.0/exts/omni.isaac.ml_archive/pip_prebundle/torch/lib/../../nvidia/cufft/lib/libcufft.so.10
0x000073bce29aea80  0x000073bce346836a  Yes (*)     /home/ubuntu2004/isaacsim-4.5.0/exts/omni.isaac.ml_archive/pip_prebundle/torch/lib/libcusparseLt-f8b4a9fb.so.0
0x000073bcdbc0c620  0x000073bcdbd157ba  Yes (*)     /home/ubuntu2004/isaacsim-4.5.0/exts/omni.isaac.ml_archive/pip_prebundle/torch/lib/../../nvidia/curand/lib/libcurand.so.10
0x000073bcd5e20a00  0x000073bcd669b53a  Yes (*)     /home/ubuntu2004/isaacsim-4.5.0/exts/omni.isaac.ml_archive/pip_prebundle/torch/lib/../../nvidia/cublas/lib/libcublas.so.11
0x000073bcb1d7d7f0  0x000073bcb72cdeea  Yes (*)     /home/ubuntu2004/isaacsim-4.5.0/exts/omni.isaac.ml_archive/pip_prebundle/torch/lib/../../nvidia/cublas/lib/libcublasLt.so.11
0x000073bca682ad90  0x000073bca6918a92  Yes         /home/ubuntu2004/isaacsim-4.5.0/exts/omni.isaac.ml_archive/pip_prebundle/torch/lib/../../nvidia/nccl/lib/libnccl.so.2
0x000073bca6401210  0x000073bca6401a9c  Yes (*)     /home/ubuntu2004/isaacsim-4.5.0/kit/python/lib/python3.10/lib-dynload/grp.cpython-310-x86_64-linux-gnu.so
0x000073bca6001f50  0x000073bca600406c  Yes (*)     /home/ubuntu2004/isaacsim-4.5.0/kit/python/lib/python3.10/lib-dynload/mmap.cpython-310-x86_64-linux-gnu.so
0x000073bca5c01900  0x000073bca5c02980  Yes (*)     /home/ubuntu2004/isaacsim-4.5.0/kit/python/lib/python3.10/lib-dynload/_multiprocessing.cpython-310-x86_64-linux-gnu.so
0x000073bca580a410  0x000073bca5813c5a  Yes (*)     /home/ubuntu2004/isaacsim-4.5.0/exts/isaacsim.core.api/bin/libisaacsim.core.api.plugin.so
0x000073bca4c24240  0x000073bca4d1c46a  Yes (*)     /home/ubuntu2004/isaacsim-4.5.0/extscache/omni.kit.renderer.imgui-1.0.2+d02c707b.lx64.r.cp310/omni/kit/ui/_ui.cpython-310-x86_64-linux-gnu.so
0x000073bca402ef90  0x000073bca42478aa  Yes (*)     /home/ubuntu2004/isaacsim-4.5.0/extscache/omni.syntheticdata-0.6.10+d02c707b.lx64.r.cp310/bin/libomni.syntheticdata.plugin.so
0x000073bca3c08800  0x000073bca3c3b66a  Yes (*)     /home/ubuntu2004/isaacsim-4.5.0/extscache/omni.syntheticdata-0.6.10+d02c707b.lx64.r.cp310/omni/syntheticdata/_syntheticdata.cpython-310-x86_64-linux-gnu.so
0x000073bfb9870a50  0x000073bfb98dfe1d  Yes (*)     /home/ubuntu2004/isaacsim-4.5.0/extscache/omni.kit.pip_archive-0.0.0+d02c707b.lx64.cp310/pip_prebundle/PIL/_imaging.cpython-310-x86_64-linux-gnu.so
0x000073bfb9057be0  0x000073bfb90c4d4f  Yes (*)     /home/ubuntu2004/isaacsim-4.5.0/extscache/omni.kit.pip_archive-0.0.0+d02c707b.lx64.cp310/pip_prebundle/PIL/../pillow.libs/libtiff-f683b479.so.6.0.2
0x000073bfb603f7e0  0x000073bfb60cf997  Yes (*)     /home/ubuntu2004/isaacsim-4.5.0/extscache/omni.kit.pip_archive-0.0.0+d02c707b.lx64.cp310/pip_prebundle/PIL/../pillow.libs/libjpeg-25f93ad1.so.62.4.0
0x000073bf9c97be90  0x000073bf9c9e6d5a  Yes (*)     /home/ubuntu2004/isaacsim-4.5.0/extscache/omni.kit.pip_archive-0.0.0+d02c707b.lx64.cp310/pip_prebundle/PIL/../pillow.libs/libopenjp2-d64ae697.so.2.5.2
0x000073bfba480750  0x000073bfba49a3e0  Yes (*)     /home/ubuntu2004/isaacsim-4.5.0/extscache/omni.kit.pip_archive-0.0.0+d02c707b.lx64.cp310/pip_prebundle/PIL/../pillow.libs/libxcb-46a603a8.so.1.1.0
0x000073bfb94bd5a0  0x000073bfb94eb73c  Yes (*)     /home/ubuntu2004/isaacsim-4.5.0/extscache/omni.kit.pip_archive-0.0.0+d02c707b.lx64.cp310/pip_prebundle/PIL/../pillow.libs/liblzma-498f16c3.so.5.6.3
0x000073bca3800ec0  0x000073bca3801bdc  Yes (*)     /home/ubuntu2004/isaacsim-4.5.0/extscache/omni.kit.pip_archive-0.0.0+d02c707b.lx64.cp310/pip_prebundle/PIL/../pillow.libs/libXau-00ec42fe.so.6.0.0
0x000073bfbf436790  0x000073bfbf43dcc7  Yes (*)     /home/ubuntu2004/isaacsim-4.5.0/extscache/omni.kit.pip_archive-0.0.0+d02c707b.lx64.cp310/pip_prebundle/PIL/_imagingft.cpython-310-x86_64-linux-gnu.so
0x000073beef0fead0  0x000073beef1c66bf  Yes         /home/ubuntu2004/isaacsim-4.5.0/extscache/omni.kit.pip_archive-0.0.0+d02c707b.lx64.cp310/pip_prebundle/PIL/../pillow.libs/libfreetype-30ef4e2a.so.6.20.1
0x000073beeec88120  0x000073beeedb527a  Yes (*)     /home/ubuntu2004/isaacsim-4.5.0/extscache/omni.kit.pip_archive-0.0.0+d02c707b.lx64.cp310/pip_prebundle/PIL/../pillow.libs/libharfbuzz-a6469ecf.so.0.61001.0
0x000073bfb8cc0920  0x000073bfb8cf1f1a  Yes (*)     /home/ubuntu2004/isaacsim-4.5.0/extscache/omni.kit.pip_archive-0.0.0+d02c707b.lx64.cp310/pip_prebundle/PIL/../pillow.libs/libpng16-5c63271e.so.16.44.0
0x000073bfbc91e100  0x000073bfbc9260e6  Yes (*)     /home/ubuntu2004/isaacsim-4.5.0/extscache/omni.kit.pip_archive-0.0.0+d02c707b.lx64.cp310/pip_prebundle/PIL/../pillow.libs/libbrotlidec-6c4e80e7.so.1.1.0
0x000073bfbac340a0  0x000073bfbac34dc3  Yes (*)     /home/ubuntu2004/isaacsim-4.5.0/extscache/omni.kit.pip_archive-0.0.0+d02c707b.lx64.cp310/pip_prebundle/PIL/../pillow.libs/libbrotlicommon-c43ca8d5.so.1.1.0
0x000073bfba054100  0x000073bfba056fb3  Yes (*)     /lib/x86_64-linux-gnu/libfribidi.so.0
0x000073bca0e4b5d0  0x000073bca1433eba  Yes (*)     /home/ubuntu2004/isaacsim-4.5.0/extscache/omni.replicator.core-1.11.35+106.5.0.lx64.r.cp310/bin/libomni.replicator.core.plugin.so
0x000073bca0636ab0  0x000073bca0afbe5a  Yes (*)     /home/ubuntu2004/isaacsim-4.5.0/extscache/omni.replicator.core-1.11.35+106.5.0.lx64.r.cp310/omni/replicator/core/bindings/_omni_replicator_core.cpython-310-x86_64-linux-gnu.so
0x000073bc99df5de0  0x000073bc9c22ceb0  Yes (*)     /home/ubuntu2004/isaacsim-4.5.0/extscache/omni.warp.core-1.5.0+lx64/warp/bin/warp.so
0x000073bc95f949c0  0x000073bc9866d4df  Yes (*)     /home/ubuntu2004/isaacsim-4.5.0/extscache/omni.warp.core-1.5.0+lx64/warp/bin/warp-clang.so
0x000073bca2412120  0x000073bca251806a  Yes (*)     /home/ubuntu2004/isaacsim-4.5.0/exts/isaacsim.core.nodes/bin/libisaacsim.core.nodes.plugin.so
0x000073bc9560ea60  0x000073bc9562bf9a  Yes (*)     /home/ubuntu2004/isaacsim-4.5.0/exts/isaacsim.core.nodes/isaacsim/core/nodes/bindings/_isaacsim_core_nodes.cpython-310-x86_64-linux-gnu.so
0x000073bc9521d0f0  0x000073bc9528c3ba  Yes (*)     /home/ubuntu2004/isaacsim-4.5.0/extscache/isaacsim.asset.importer.urdf-2.3.10+106.4.0.lx64.r.cp310/bin/libisaacsim.asset.importer.urdf.plugin.so
0x000073bc94e080c0  0x000073bc94e14c05  Yes (*)     /home/ubuntu2004/isaacsim-4.5.0/extscache/isaacsim.asset.importer.urdf-2.3.10+106.4.0.lx64.r.cp310/bin/libtinyxml2.so.8
0x000073bc94a2be20  0x000073bc94a4d565  Yes (*)     /home/ubuntu2004/isaacsim-4.5.0/extscache/omni.usd.libs-1.0.1+d02c707b.lx64.r.cp310/pxr/UsdRender/_usdRender.so
0x000073bc94613090  0x000073bc94677dea  Yes (*)     /home/ubuntu2004/isaacsim-4.5.0/extscache/isaacsim.asset.importer.urdf-2.3.10+106.4.0.lx64.r.cp310/isaacsim/asset/importer/urdf/_urdf.cpython-310-x86_64-linux-gnu.so
0x000073bc942317b0  0x000073bc9424f701  Yes (*)     /home/ubuntu2004/isaacsim-4.5.0/extscache/omni.usd.libs-1.0.1+d02c707b.lx64.r.cp310/pxr/PxOsd/_pxOsd.so
0x000073bc93e0c460  0x000073bc93e11872  Yes (*)     /home/ubuntu2004/isaacsim-4.5.0/extscache/omni.usd.libs-1.0.1+d02c707b.lx64.r.cp310/pxr/Garch/_garch.so
0x000073bc93a2be40  0x000073bc93a3c911  Yes (*)     /home/ubuntu2004/isaacsim-4.5.0/extscache/omni.usd.libs-1.0.1+d02c707b.lx64.r.cp310/pxr/Glf/_glf.so
0x000073bc93611f90  0x000073bc9361c9cc  Yes (*)     /home/ubuntu2004/isaacsim-4.5.0/extscache/omni.usd.libs-1.0.1+d02c707b.lx64.r.cp310/pxr/UsdHydra/_usdHydra.so
0x000073bc9323fb10  0x000073bc932561f1  Yes (*)     /home/ubuntu2004/isaacsim-4.5.0/extscache/omni.usd.libs-1.0.1+d02c707b.lx64.r.cp310/pxr/UsdImagingGL/_usdImagingGL.so
0x000073bc92e063c0  0x000073bc92e084bf  Yes (*)     /home/ubuntu2004/isaacsim-4.5.0/extscache/omni.usd.libs-1.0.1+d02c707b.lx64.r.cp310/pxr/UsdMtlx/_usdMtlx.so
0x000073bc92a0fc60  0x000073bc92a190e1  Yes (*)     /home/ubuntu2004/isaacsim-4.5.0/extscache/omni.usd.libs-1.0.1+d02c707b.lx64.r.cp310/pxr/GeomUtil/_geomUtil.so
0x000073bc92602c50  0x000073bc92603612  Yes (*)     /home/ubuntu2004/isaacsim-4.5.0/extscache/omni.usd.libs-1.0.1+d02c707b.lx64.r.cp310/pxr/UsdAbc/_usdAbc.so
0x000073bc9220d700  0x000073bc922112d4  Yes (*)     /home/ubuntu2004/isaacsim-4.5.0/extscache/omni.usd.libs-1.0.1+d02c707b.lx64.r.cp310/pxr/UsdAppUtils/_usdAppUtils.so
0x000073bc91e07fa0  0x000073bc91e0b0c8  Yes (*)     /home/ubuntu2004/isaacsim-4.5.0/extscache/omni.usd.libs-1.0.1+d02c707b.lx64.r.cp310/pxr/UsdBakeMtlx/_usdBakeMtlx.so
0x000073bc91a04580  0x000073bc91a07579  Yes (*)     /home/ubuntu2004/isaacsim-4.5.0/extscache/omni.usd.libs-1.0.1+d02c707b.lx64.r.cp310/pxr/UsdDraco/_usdDraco.so
0x000073bc9160fef0  0x000073bc9161a161  Yes (*)     /home/ubuntu2004/isaacsim-4.5.0/extscache/omni.usd.libs-1.0.1+d02c707b.lx64.r.cp310/pxr/UsdMedia/_usdMedia.so
0x000073bc9120f850  0x000073bc9121575c  Yes (*)     /home/ubuntu2004/isaacsim-4.5.0/extscache/omni.usd.libs-1.0.1+d02c707b.lx64.r.cp310/pxr/UsdProc/_usdProc.so
0x000073bc90e363a0  0x000073bc90e5fe21  Yes (*)     /home/ubuntu2004/isaacsim-4.5.0/extscache/omni.usd.libs-1.0.1+d02c707b.lx64.r.cp310/pxr/UsdRi/_usdRi.so
0x000073bc90a24480  0x000073bc90a3f259  Yes (*)     /home/ubuntu2004/isaacsim-4.5.0/extscache/omni.usd.libs-1.0.1+d02c707b.lx64.r.cp310/pxr/UsdVol/_usdVol.so
0x000073bc90606ed0  0x000073bc9060b7d2  Yes (*)     /home/ubuntu2004/isaacsim-4.5.0/extscache/omni.kit.asset_converter-2.8.3+106.5.0.lx64.r.cp310/asset_converter_native_bindings/libs/libomniverse_asset_converter_usd_plugin.so
0x000073bc9024f4e0  0x000073bc9036210a  Yes (*)     /home/ubuntu2004/isaacsim-4.5.0/extscache/omni.usd_resolver-1.0.0+d02c707b.lx64.r.cp310/libomni_usd_live.so
0x000073bc8fe1b640  0x000073bc8fe8399a  Yes (*)     /home/ubuntu2004/isaacsim-4.5.0/extscache/omni.anim.curve.core-1.2.0+106.4.0.lx64.r.cp310.ub3f/bin/libomni.anim.curve.core.plugin.so
0x000073bc8fa0f3c0  0x000073bc8fa40aca  Yes (*)     /home/ubuntu2004/isaacsim-4.5.0/extscache/omni.anim.curve.core-1.2.0+106.4.0.lx64.r.cp310.ub3f/omni/anim/curve/core/bindings/_animcurve.cpython-310-x86_64-linux-gnu.so
0x000073bc8f46d980  0x000073bc8f713cdd  Yes (*)     /home/ubuntu2004/isaacsim-4.5.0/exts/isaacsim.robot_motion.lula/pip_prebundle/lula.cpython-310-x86_64-linux-gnu.so
0x000073bf9486daa0  0x000073bf948e68f4  Yes (*)     /home/ubuntu2004/isaacsim-4.5.0/exts/isaacsim.robot_motion.lula/pip_prebundle/_lula_libs/liblula_motion_planning.so
0x000073bfaff973e0  0x000073bfaffed592  Yes (*)     /home/ubuntu2004/isaacsim-4.5.0/exts/isaacsim.robot_motion.lula/pip_prebundle/_lula_libs/liblula_rmpflow.so
0x000073bf77e44720  0x000073bf77ee579e  Yes (*)     /home/ubuntu2004/isaacsim-4.5.0/exts/isaacsim.robot_motion.lula/pip_prebundle/_lula_libs/liblula_trajectory.so
0x000073bf84040680  0x000073bf840a64f3  Yes (*)     /home/ubuntu2004/isaacsim-4.5.0/exts/isaacsim.robot_motion.lula/pip_prebundle/_lula_libs/liblula_kinematics.so
0x000073bfbc0b1410  0x000073bfbc0bcc80  Yes (*)     /home/ubuntu2004/isaacsim-4.5.0/exts/isaacsim.robot_motion.lula/pip_prebundle/_lula_libs/liblula_world.so
0x000073bfba445800  0x000073bfba465ad9  Yes (*)     /home/ubuntu2004/isaacsim-4.5.0/exts/isaacsim.robot_motion.lula/pip_prebundle/_lula_libs/liburdfdom_model.so.3.0
0x000073bf6056afc0  0x000073bf605cb744  Yes (*)     /home/ubuntu2004/isaacsim-4.5.0/exts/isaacsim.robot_motion.lula/pip_prebundle/_lula_libs/liblula_math.so
0x000073bf4048dd80  0x000073bf404d7f80  Yes (*)     /home/ubuntu2004/isaacsim-4.5.0/exts/isaacsim.robot_motion.lula/pip_prebundle/_lula_libs/liblula_util.so
0x000073bf1a27de70  0x000073bf1a2d94aa  Yes (*)     /home/ubuntu2004/isaacsim-4.5.0/exts/isaacsim.robot_motion.lula/pip_prebundle/_lula_libs/libyaml-cpp.so.0.7
0x000073bfc1a2d1e0  0x000073bfc1a2e135  Yes (*)     /home/ubuntu2004/isaacsim-4.5.0/exts/isaacsim.robot_motion.lula/pip_prebundle/_lula_libs/libconsole_bridge.so.1.0
0x000073bfb8c9ac20  0x000073bfb8ca781a  Yes (*)     /home/ubuntu2004/isaacsim-4.5.0/exts/isaacsim.robot_motion.lula/pip_prebundle/_lula_libs/libtinyxml.so
0x000073bc8f01a1e0  0x000073bc8f08aa8a  Yes (*)     /home/ubuntu2004/isaacsim-4.5.0/extscache/isaacsim.asset.importer.mjcf-2.3.3+106.3.0.lx64.r.cp310/bin/libisaacsim.asset.importer.mjcf.plugin.so
0x000073bc8ec0e4e0  0x000073bc8ec318aa  Yes (*)     /home/ubuntu2004/isaacsim-4.5.0/extscache/isaacsim.asset.importer.mjcf-2.3.3+106.3.0.lx64.r.cp310/isaacsim/asset/importer/mjcf/_mjcf.cpython-310-x86_64-linux-gnu.so
0x000073bfc3635090  0x000073bfc36351b5  Yes (*)     /home/ubuntu2004/isaacsim-4.5.0/extscache/omni.kit.pip_archive-0.0.0+d02c707b.lx64.cp310/pip_prebundle/charset_normalizer/md.cpython-310-x86_64-linux-gnu.so
0x000073bfb79d3280  0x000073bfb79ede05  Yes (*)     /home/ubuntu2004/isaacsim-4.5.0/extscache/omni.kit.pip_archive-0.0.0+d02c707b.lx64.cp310/pip_prebundle/charset_normalizer/md__mypyc.cpython-310-x86_64-linux-gnu.so
0x000073bc8e802d50  0x000073bc8e808f0c  Yes (*)     /home/ubuntu2004/isaacsim-4.5.0/kit/python/lib/python3.10/lib-dynload/_multibytecodec.cpython-310-x86_64-linux-gnu.so
0x000073bc8e406a60  0x000073bc8e425d0a  Yes (*)     /home/ubuntu2004/isaacsim-4.5.0/exts/isaacsim.robot.surface_gripper/isaacsim/robot/surface_gripper/_surface_gripper.cpython-310-x86_64-linux-gnu.so
0x000073bc8e009630  0x000073bc8e042d5a  Yes (*)     /home/ubuntu2004/isaacsim-4.5.0/exts/isaacsim.sensors.physics/bin/libisaacsim.sensors.physics.plugin.so
0x000073bc8dc0f9e0  0x000073bc8dc3dbca  Yes (*)     /home/ubuntu2004/isaacsim-4.5.0/exts/isaacsim.sensors.physics/isaacsim/sensors/physics/_sensor.cpython-310-x86_64-linux-gnu.so
0x000073bc8a405080  0x000073bc8c85abd4  Yes (*)     /home/ubuntu2004/isaacsim-4.5.0/extscache/omni.sensors.nv.common-2.5.0-coreapi+lx64.r.cp310/bin/libnvrtc.so
0x000073bc898009d0  0x000073bc89800d65  Yes (*)     /home/ubuntu2004/isaacsim-4.5.0/extscache/omni.sensors.nv.common-2.5.0-coreapi+lx64.r.cp310/bin/libnvrtc-builtins.so
0x000073bc7dcda790  0x000073bc7e10814a  Yes (*)     /home/ubuntu2004/isaacsim-4.5.0/extscache/omni.sensors.nv.common-2.5.0-coreapi+lx64.r.cp310/bin/libcufft.so
0x000073bc7d456780  0x000073bc7d75dd8a  Yes (*)     /home/ubuntu2004/isaacsim-4.5.0/extscache/omni.sensors.nv.common-2.5.0-coreapi+lx64.r.cp310/bin/libhdf5.so
0x000073bc7d006120  0x000073bc7d01993d  Yes (*)     /home/ubuntu2004/isaacsim-4.5.0/extscache/omni.sensors.nv.common-2.5.0-coreapi+lx64.r.cp310/bin/libhdf5_hl.so
0x000073bc7cc262b0  0x000073bc7cc4a37a  Yes (*)     /home/ubuntu2004/isaacsim-4.5.0/extscache/omni.sensors.nv.common-2.5.0-coreapi+lx64.r.cp310/bin/libhdf5_cpp.so
0x000073bc7c801930  0x000073bc7c802042  Yes (*)     /home/ubuntu2004/isaacsim-4.5.0/extscache/omni.sensors.nv.common-2.5.0-coreapi+lx64.r.cp310/bin/libhdf5_hl_cpp.so
0x000073bc7c40ac20  0x000073bc7c42012a  Yes (*)     /home/ubuntu2004/isaacsim-4.5.0/extscache/omni.sensors.nv.common-2.5.0-coreapi+lx64.r.cp310/bin/libatmos_cfg_provider.plugin.so
0x000073bc7c00c420  0x000073bc7c02736a  Yes (*)     /home/ubuntu2004/isaacsim-4.5.0/extscache/omni.sensors.nv.common-2.5.0-coreapi+lx64.r.cp310/bin/libgeneric_mo_io.plugin.so
0x000073bc7bc0ce10  0x000073bc7bc975aa  Yes (*)     /home/ubuntu2004/isaacsim-4.5.0/extscache/omni.sensors.nv.common-2.5.0-coreapi+lx64.r.cp310/bin/libnvcommon.plugin.so
0x000073bc7b80bc30  0x000073bc7b8321da  Yes (*)     /home/ubuntu2004/isaacsim-4.5.0/extscache/omni.sensors.nv.common-2.5.0-coreapi+lx64.r.cp310/bin/libomni.sensors.nv.common.profile_reader.plugin.so
0x000073bc7b4097f0  0x000073bc7b419f5a  Yes (*)     /home/ubuntu2004/isaacsim-4.5.0/extscache/omni.sensors.nv.materials-1.4.0-coreapi+lx64.r.cp310/bin/libmaterials.composite_material.plugin.so
0x000073bc7b009540  0x000073bc7b015aea  Yes (*)     /home/ubuntu2004/isaacsim-4.5.0/extscache/omni.sensors.nv.materials-1.4.0-coreapi+lx64.r.cp310/bin/libmaterials.constant.plugin.so
0x000073bc7ac09540  0x000073bc7ac15cfa  Yes (*)     /home/ubuntu2004/isaacsim-4.5.0/extscache/omni.sensors.nv.materials-1.4.0-coreapi+lx64.r.cp310/bin/libmaterials.default_material.plugin.so
0x000073bc7a613430  0x000073bc7a69596a  Yes (*)     /home/ubuntu2004/isaacsim-4.5.0/extscache/omni.sensors.nv.materials-1.4.0-coreapi+lx64.r.cp310/bin/libmaterial_util_bsdf.plugin.so
0x000073bc7a2097f0  0x000073bc7a219ffa  Yes (*)     /home/ubuntu2004/isaacsim-4.5.0/extscache/omni.sensors.nv.materials-1.4.0-coreapi+lx64.r.cp310/bin/libmaterials.retro_reflective_material.plugin.so
0x000073bc79e097e0  0x000073bc79e19f6a  Yes (*)     /home/ubuntu2004/isaacsim-4.5.0/extscache/omni.sensors.nv.materials-1.4.0-coreapi+lx64.r.cp310/bin/libmaterials.core_material.plugin.so
0x000073bc79a0b9b0  0x000073bc79a279da  Yes (*)     /home/ubuntu2004/isaacsim-4.5.0/extscache/omni.sensors.nv.materials-1.4.0-coreapi+lx64.r.cp310/bin/libmaterial_profile_reader.plugin.so
0x000073bc79609770  0x000073bc79619c4a  Yes (*)     /home/ubuntu2004/isaacsim-4.5.0/extscache/omni.sensors.nv.materials-1.4.0-coreapi+lx64.r.cp310/bin/libmaterials.acoustic_material.plugin.so
0x000073bc78e16e80  0x000073bc78eabf0a  Yes (*)     /home/ubuntu2004/isaacsim-4.5.0/extscache/omni.sensors.nv.wpm-2.4.0-coreapi+lx64.r/bin/libnvwpm_dev_factory.plugin.so
0x000073bc78617270  0x000073bc786a916a  Yes (*)     /home/ubuntu2004/isaacsim-4.5.0/extscache/omni.sensors.nv.wpm-2.4.0-coreapi+lx64.r/bin/libnvwpm_stage_factory.plugin.so
0x000073bc78216dd0  0x000073bc782a722a  Yes (*)     /home/ubuntu2004/isaacsim-4.5.0/extscache/omni.sensors.nv.wpm-2.4.0-coreapi+lx64.r/bin/libnvwpm_factory.plugin.so
0x000073bc77a19080  0x000073bc77ac469a  Yes (*)     /home/ubuntu2004/isaacsim-4.5.0/extscache/omni.sensors.nv.lidar-2.6.3-coreapi+lx64.r.cp310/bin/libomni.sensors.nv.lidar.rtxmodel_lidar_core.plugin.so
0x000073bc7760bb60  0x000073bc776296ca  Yes (*)     /home/ubuntu2004/isaacsim-4.5.0/extscache/omni.sensors.nv.lidar-2.6.3-coreapi+lx64.r.cp310/bin/libomni.sensors.nv.lidar.nvlidar_encoder.plugin.so
0x000073bc77214b10  0x000073bc772a481a  Yes (*)     /home/ubuntu2004/isaacsim-4.5.0/extscache/omni.sensors.nv.lidar-2.6.3-coreapi+lx64.r.cp310/bin/libomni.sensors.nv.lidar.nvlidar_pc_converter.plugin.so
0x000073bc76e11f00  0x000073bc76eb514a  Yes (*)     /home/ubuntu2004/isaacsim-4.5.0/extscache/omni.sensors.nv.lidar-2.6.3-coreapi+lx64.r.cp310/bin/libomni.sensors.nv.lidar.plugin.so
0x000073bc76a13460  0x000073bc76a960da  Yes (*)     /home/ubuntu2004/isaacsim-4.5.0/extscache/omni.sensors.nv.ids-1.4.0-coreapi+lx64.r.cp310/bin/libids.plugin.so
0x000073bc766110c0  0x000073bc766a8b7a  Yes (*)     /home/ubuntu2004/isaacsim-4.5.0/extscache/omni.sensors.nv.ids-1.4.0-coreapi+lx64.r.cp310/bin/libnvids.plugin.so
0x000073bc76206860  0x000073bc7623f18a  Yes (*)     /home/ubuntu2004/isaacsim-4.5.0/exts/isaacsim.util.debug_draw/bin/libisaacsim.util.debug_draw.plugin.so
0x000073bc75e07660  0x000073bc75e21f0a  Yes (*)     /home/ubuntu2004/isaacsim-4.5.0/exts/isaacsim.util.debug_draw/isaacsim/util/debug_draw/_debug_draw.cpython-310-x86_64-linux-gnu.so
0x000073bc75a149e0  0x000073bc75aa94ca  Yes (*)     /home/ubuntu2004/isaacsim-4.5.0/extscache/omni.sensors.tiled-0.0.6+106.1.0.lx64.r/bin/libomni.sensors.tiled.plugin.so
0x000073bc754143a0  0x000073bc754a09fa  Yes (*)     /home/ubuntu2004/isaacsim-4.5.0/extscache/omni.sensors.nv.radar-2.6.1-coreapi+lx64.r.cp310/bin/libomni.sensors.nv.radar.rtxmodel.dmatapprox.plugin.so
0x000073bc75009460  0x000073bc75012b4a  Yes (*)     /home/ubuntu2004/isaacsim-4.5.0/extscache/omni.sensors.nv.radar-2.6.1-coreapi+lx64.r.cp310/bin/libomni.sensors.nv.radar.pc_converter.plugin.so
0x000073bc74c113f0  0x000073bc74cb4b4a  Yes (*)     /home/ubuntu2004/isaacsim-4.5.0/extscache/omni.sensors.nv.radar-2.6.1-coreapi+lx64.r.cp310/bin/libomni.sensors.nv.radar.plugin.so
0x000073bc74237c70  0x000073bc742e191a  Yes (*)     /home/ubuntu2004/isaacsim-4.5.0/extscache/omni.sensors.nv.radar-2.6.1-coreapi+lx64.r.cp310/bin/libomni.sensors.nv.radar.rtxmodel.wpm_dmatapprox.plugin.so
0x000073bc73e14400  0x000073bc73ea1d4a  Yes (*)     /home/ubuntu2004/isaacsim-4.5.0/extscache/omni.sensors.nv.radar-2.6.1-coreapi+lx64.r.cp310/bin/libomni.sensors.nv.radar.pc_processor.plugin.so
0x000073bc73a09550  0x000073bc73a15b1a  Yes (*)     /home/ubuntu2004/isaacsim-4.5.0/extscache/omni.sensors.nv.radar-2.6.1-coreapi+lx64.r.cp310/bin/libomni.sensors.nv.radar.wpmmat.generic.plugin.so
0x000073bc73609550  0x000073bc73615aca  Yes (*)     /home/ubuntu2004/isaacsim-4.5.0/extscache/omni.sensors.nv.radar-2.6.1-coreapi+lx64.r.cp310/bin/libomni.sensors.nv.radar.wpmmat.generic2.plugin.so
0x000073bc7320c7a0  0x000073bc7325e03a  Yes (*)     /home/ubuntu2004/isaacsim-4.5.0/exts/isaacsim.sensors.physx/bin/libisaacsim.sensors.physx.plugin.so
0x000073bc72e0f510  0x000073bc72e3a58a  Yes (*)     /home/ubuntu2004/isaacsim-4.5.0/exts/isaacsim.sensors.physx/isaacsim/sensors/physx/_range_sensor.cpython-310-x86_64-linux-gnu.so
0x000073bc72a0ec70  0x000073bc72ad894a  Yes (*)     /home/ubuntu2004/isaacsim-4.5.0/exts/isaacsim.sensors.rtx/bin/libisaacsim.sensors.rtx.plugin.so
0x000073bc726068a0  0x000073bc7261d48a  Yes (*)     /home/ubuntu2004/isaacsim-4.5.0/exts/isaacsim.sensors.rtx/isaacsim/sensors/rtx/bindings/_isaacsim_sensors_rtx.cpython-310-x86_64-linux-gnu.so
0x000073bc72203bf0  0x000073bc722166da  Yes (*)     /home/ubuntu2004/isaacsim-4.5.0/extscache/omni.debugdraw-0.1.3+d02c707b.lx64.r.cp310/bin/libomni.debugdraw.plugin.so
0x000073bc71e0ef80  0x000073bc71e2f48a  Yes (*)     /home/ubuntu2004/isaacsim-4.5.0/extscache/omni.debugdraw-0.1.3+d02c707b.lx64.r.cp310/omni/debugdraw/_debugDraw.cpython-310-x86_64-linux-gnu.so
0x000073bc71a02a70  0x000073bc71a0dd1a  Yes (*)     /home/ubuntu2004/isaacsim-4.5.0/extscache/omni.fabric.commands-1.1.5+d02c707b.lx64.r.cp310/bin/libomni.fabric.commands.plugin.so
0x000073bc7160da30  0x000073bc716b5cba  Yes (*)     /home/ubuntu2004/isaacsim-4.5.0/extscache/omni.graph.ui_nodes-1.40.1+106.5.0.lx64.r.cp310/bin/libomni.graph.ui_nodes.plugin.so
0x000073bc712068a0  0x000073bc7121d48a  Yes (*)     /home/ubuntu2004/isaacsim-4.5.0/extscache/omni.graph.ui_nodes-1.40.1+106.5.0.lx64.r.cp310/omni/graph/ui_nodes/bindings/_omni_graph_ui_nodes.cpython-310-x86_64-linux-gnu.so
0x000073bc70e0d180  0x000073bc70e4effa  Yes (*)     /home/ubuntu2004/isaacsim-4.5.0/extsPhysics/omni.usdphysics.ui/bin/libomni.usdphysicsui.plugin.so
0x000073bc70a07ed0  0x000073bc70a243da  Yes (*)     /home/ubuntu2004/isaacsim-4.5.0/extsPhysics/omni.usdphysics.ui/omni/usdphysicsui/bindings/_usdphysicsUI.cpython-310-x86_64-linux-gnu.so
0x000073bc7060c4e0  0x000073bc7061c1ea  Yes (*)     /home/ubuntu2004/isaacsim-4.5.0/extscache/omni.hydra.scene_api-0.1.2+d02c707b.lx64.r.cp310/bin/libomni.hydra.scene_api.plugin.so
0x000073bc7020f980  0x000073bc70227bba  Yes (*)     /home/ubuntu2004/isaacsim-4.5.0/extscache/omni.hydra.scene_api-0.1.2+d02c707b.lx64.r.cp310/omni/hydra/scene_api/bindings/_omni_hydra_scene_api.cpython-310-x86_64-linux-gnu.so
0x000073bc6fe24bf0  0x000073bc6ff27bca  Yes (*)     /home/ubuntu2004/isaacsim-4.5.0/extsPhysics/omni.physx.ui/bin/libomni.physxui.plugin.so
0x000073bc6fa08ed0  0x000073bc6fa2d1ba  Yes (*)     /home/ubuntu2004/isaacsim-4.5.0/extsPhysics/omni.physx.ui/omni/physxui/bindings/_physxUI.cpython-310-x86_64-linux-gnu.so
0x000073bc57616330  0x000073bc5764d20a  Yes (*)     /home/ubuntu2004/isaacsim-4.5.0/extsPhysics/omni.physx.vehicle/bin/libomni.physx.vehicle.plugin.so
0x000073bc5720f720  0x000073bc5723095a  Yes (*)     /home/ubuntu2004/isaacsim-4.5.0/extsPhysics/omni.physx.vehicle/omni/physxvehicle/bindings/_physxVehicle.cpython-310-x86_64-linux-gnu.so
0x000073bc56e13130  0x000073bc56e435ea  Yes (*)     /home/ubuntu2004/isaacsim-4.5.0/extscache/omni.kit.window.console-0.2.14+d02c707b.lx64.r.cp310/bin/libomni.kit.window.console.plugin.so
0x000073bc56a0a800  0x000073bc56a2f93a  Yes (*)     /home/ubuntu2004/isaacsim-4.5.0/extscache/omni.kit.window.console-0.2.14+d02c707b.lx64.r.cp310/omni/kit/window/console/_console.cpython-310-x86_64-linux-gnu.so
0x000073bc5661d7f0  0x000073bc566698ca  Yes (*)     /home/ubuntu2004/isaacsim-4.5.0/extsPhysics/omni.physx.camera/bin/libomni.physx.camera.plugin.so
0x000073bc5620f150  0x000073bc5622e28a  Yes (*)     /home/ubuntu2004/isaacsim-4.5.0/extsPhysics/omni.physx.camera/omni/physxcamera/bindings/_physxCamera.cpython-310-x86_64-linux-gnu.so
0x000073bc55e02ab0  0x000073bc55e1600a  Yes (*)     /home/ubuntu2004/isaacsim-4.5.0/exts/isaacsim.robot.wheeled_robots/bin/libisaacsim.robot.wheeled_robots.plugin.so
0x000073bfb9c2fc00  0x000073bfb9c43212  Yes         /home/ubuntu2004/isaacsim-4.5.0/exts/omni.isaac.core_archive/pip_prebundle/osqp/_osqp.cpython-310-x86_64-linux-gnu.so
0x000073bfadbce1f0  0x000073bfadbf2ee2  Yes         /home/ubuntu2004/isaacsim-4.5.0/exts/omni.isaac.core_archive/pip_prebundle/qdldl.cpython-310-x86_64-linux-gnu.so
0x000073bc55a0e160  0x000073bc55a295ca  Yes (*)     /home/ubuntu2004/isaacsim-4.5.0/exts/isaacsim.robot.wheeled_robots/isaacsim/robot/wheeled_robots/bindings/_isaacsim_robot_wheeled_robots.cpython-310-x86_64-linux-gnu.so
0x000073bc556042f0  0x000073bc5561c24a  Yes (*)     /home/ubuntu2004/isaacsim-4.5.0/extsPhysics/omni.physx.cct/bin/libomni.physx.cct.plugin.so
0x000073bc55210640  0x000073bc5523affa  Yes (*)     /home/ubuntu2004/isaacsim-4.5.0/extsPhysics/omni.physx.cct/omni/physxcct/bindings/_physxCct.cpython-310-x86_64-linux-gnu.so
0x000073bc54833cb0  0x000073bc54d56e7a  Yes (*)     /home/ubuntu2004/isaacsim-4.5.0/extsPhysics/omni.physx.graph/bin/libomni.physx.graph.plugin.so
0x000073bc54406ab0  0x000073bc5441e8ba  Yes (*)     /home/ubuntu2004/isaacsim-4.5.0/extsPhysics/omni.physx.graph/omni/physxgraph/bindings/_physxGraph.cpython-310-x86_64-linux-gnu.so
0x000073bfbc914460  0x000073bfbc9188be  Yes (*)     /home/ubuntu2004/isaacsim-4.5.0/exts/omni.pip.compute/pip_prebundle/scipy/io/matlab/_mio_utils.cpython-310-x86_64-linux-gnu.so
0x000073bfa0fd87e0  0x000073bfa0ff3d46  Yes (*)     /home/ubuntu2004/isaacsim-4.5.0/exts/omni.pip.compute/pip_prebundle/scipy/io/matlab/_mio5_utils.cpython-310-x86_64-linux-gnu.so
0x000073bfba03b5b0  0x000073bfba04a676  Yes (*)     /home/ubuntu2004/isaacsim-4.5.0/exts/omni.pip.compute/pip_prebundle/scipy/io/matlab/_streams.cpython-310-x86_64-linux-gnu.so
0x000073bc540202c0  0x000073bc540a0f7a  Yes (*)     /home/ubuntu2004/isaacsim-4.5.0/extsPhysics/omni.physx.supportui/bin/libomni.physx.supportui.plugin.so
0x000073bc53c0b010  0x000073bc53c49efa  Yes (*)     /home/ubuntu2004/isaacsim-4.5.0/extsPhysics/omni.physx.supportui/omni/physxsupportui/bindings/_physxSupportUi.cpython-310-x86_64-linux-gnu.so
0x000073bc5380de80  0x000073bc53829a3a  Yes (*)     /home/ubuntu2004/isaacsim-4.5.0/kit/kernel/py/omni/str/_str.cpython-310-x86_64-linux-gnu.so
0x000073bc53410b20  0x000073bc53445e4a  Yes (*)     /home/ubuntu2004/isaacsim-4.5.0/kit/kernel/py/omni/log/_log.cpython-310-x86_64-linux-gnu.so
0x000073bc53004400  0x000073bc5301471a  Yes (*)     /home/ubuntu2004/isaacsim-4.5.0/extscache/omni.kit.window.status_bar-0.1.7+d02c707b.lx64.r.cp310/bin/libomni.ext-status_bar.plugin.so
0x000073bc52c0d4f0  0x000073bc52c2420a  Yes (*)     /home/ubuntu2004/isaacsim-4.5.0/extscache/omni.rtx.window.settings-0.6.17+d02c707b.lx64.r.cp310/rtx/settings.cpython-310-x86_64-linux-gnu.so
0x000073bc528112e0  0x000073bc52836bfa  Yes (*)     /home/ubuntu2004/isaacsim-4.5.0/extscache/omni.usd.metrics.assembler-106.5.0+106.5.0.lx64.r.cp310/bin/libomni.usd.metrics.assembler.plugin.so
0x000073bc524080f0  0x000073bc524270da  Yes (*)     /home/ubuntu2004/isaacsim-4.5.0/extscache/omni.usd.metrics.assembler-106.5.0+106.5.0.lx64.r.cp310/omni/metrics/assembler/core/bindings/_metricsAssembler.cpython-310-x86_64-linux-gnu.so
0x000073bc36a59440  0x000073bc3761ed9a  Yes (*)     /home/ubuntu2004/isaacsim-4.5.0/extscache/omni.iray.libs-0.0.0+d02c707b.lx64.r/bin/iray/iray_openimageio.so
0x000073bc51018850  0x000073bc511ac218  Yes (*)     /home/ubuntu2004/isaacsim-4.5.0/extscache/omni.iray.libs-0.0.0+d02c707b.lx64.r/bin/iray/iray_dds.so
0x000073beb4e82ef0  0x000073beb4fa60f8  Yes (*)     /home/ubuntu2004/isaacsim-4.5.0/extscache/omni.iray.libs-0.0.0+d02c707b.lx64.r/bin/iray/mi_exporter.so
0x000073bea4642f50  0x000073bea478aaaa  Yes (*)     /home/ubuntu2004/isaacsim-4.5.0/extscache/omni.iray.libs-0.0.0+d02c707b.lx64.r/bin/iray/iray_bridge_client.so
0x000073beb4a63320  0x000073beb4b80efa  Yes (*)     /home/ubuntu2004/isaacsim-4.5.0/extscache/omni.iray.libs-0.0.0+d02c707b.lx64.r/bin/iray/nvcuvid_video_decoder.so
0x000073bc35617660  0x000073bc3578b351  Yes (*)     /lib/x86_64-linux-gnu/libnvcuvid.so.1
0x000073bc2c0f2100  0x000073bc2f31cb2a  Yes (*)     /home/ubuntu2004/isaacsim-4.5.0/extscache/omni.iray.libs-0.0.0+d02c707b.lx64.r/bin/iray/libnvindex.so
0x000073beb46b78c0  0x000073beb47a74a8  Yes (*)     /home/ubuntu2004/isaacsim-4.5.0/extscache/omni.iray.libs-0.0.0+d02c707b.lx64.r/bin/iray//libnvindex_application_layer_application_layer.so
0x000073bc2887e4c0  0x000073bc291554ca  Yes (*)     /home/ubuntu2004/isaacsim-4.5.0/extscache/omni.iray.libs-0.0.0+d02c707b.lx64.r/bin/iray//libnvindex_plugin_openvdb_integration.so
0x000073bea7ef5db0  0x000073bea7fb5648  Yes (*)     /home/ubuntu2004/isaacsim-4.5.0/extscache/omni.iray.libs-0.0.0+d02c707b.lx64.r/bin/iray//libnvindex_application_layer_io.so
0x000073afe409bd00  0x000073afe43aae61  Yes (*)     /lib/x86_64-linux-gnu/libnvidia-ngx.so.1
0x000073afdea131d0  0x000073afdeaf9752  Yes (*)     /home/ubuntu2004/isaacsim-4.5.0/extscache/omni.gpu_foundation-0.0.0+d02c707b.lx64.r.cp310/bin/deps/libnvidia-ngx-dlss.so.3.7.10
0x000073afdd411d00  0x000073afdd4f4432  Yes (*)     /home/ubuntu2004/isaacsim-4.5.0/extscache/omni.gpu_foundation-0.0.0+d02c707b.lx64.r.cp310/bin/deps/libnvidia-ngx-dlssd.so.3.7.10
0x000073afd1879d80  0x000073afd27ccd62  Yes (*)     /lib/x86_64-linux-gnu/libnvoptix.so.1
0x000073af5c1d5700  0x000073af5f1fa0ca  Yes (*)     /home/ubuntu2004/isaacsim-4.5.0/exts/omni.pip.compute/pip_prebundle/cv2/cv2.abi3.so
0x000073bf19274910  0x000073bf192963ea  Yes         /home/ubuntu2004/isaacsim-4.5.0/exts/omni.pip.compute/pip_prebundle/cv2/../opencv_python_headless.libs/libpng16-7379b3c3.so.16.40.0
0x000073af76c5e5c0  0x000073af7757de2e  Yes (*)     /home/ubuntu2004/isaacsim-4.5.0/exts/omni.pip.compute/pip_prebundle/cv2/../opencv_python_headless.libs/libavcodec-512f0acb.so.59.37.100
0x000073afd043af40  0x000073afd05c20cc  Yes (*)     /home/ubuntu2004/isaacsim-4.5.0/exts/omni.pip.compute/pip_prebundle/cv2/../opencv_python_headless.libs/libavformat-3ff1be5b.so.59.27.100
0x000073be9ca34540  0x000073be9cac32bb  Yes (*)     /home/ubuntu2004/isaacsim-4.5.0/exts/omni.pip.compute/pip_prebundle/cv2/../opencv_python_headless.libs/libavutil-a0a0531e.so.57.28.100
0x000073bf18662300  0x000073bf186e221b  Yes (*)     /home/ubuntu2004/isaacsim-4.5.0/exts/omni.pip.compute/pip_prebundle/cv2/../opencv_python_headless.libs/libswscale-2c3c8be7.so.6.7.100
0x000073af74718000  0x000073af767b55c1  Yes (*)     /home/ubuntu2004/isaacsim-4.5.0/exts/omni.pip.compute/pip_prebundle/cv2/../opencv_python_headless.libs/libopenblas-r0-f650aae0.3.3.so
0x000073bf19e872a0  0x000073bf19e9aabc  Yes (*)     /home/ubuntu2004/isaacsim-4.5.0/exts/omni.pip.compute/pip_prebundle/cv2/../opencv_python_headless.libs/libswresample-2ec4394e.so.4.7.100
0x000073afc8406340  0x000073afc86a15f1  Yes (*)     /home/ubuntu2004/isaacsim-4.5.0/exts/omni.pip.compute/pip_prebundle/cv2/../opencv_python_headless.libs/libvpx-e947aa05.so.8.0.1
0x000073bf07e7ebc0  0x000073bf07ecc946  Yes (*)     /home/ubuntu2004/isaacsim-4.5.0/exts/omni.pip.compute/pip_prebundle/cv2/../opencv_python_headless.libs/libssl-28bef1ac.so.1.1
0x000073af94278000  0x000073af944214fa  Yes (*)     /home/ubuntu2004/isaacsim-4.5.0/exts/omni.pip.compute/pip_prebundle/cv2/../opencv_python_headless.libs/libcrypto-0c9efecc.so.1.1
0x000073af8cc18e10  0x000073af8ccfee6f  Yes (*)     /home/ubuntu2004/isaacsim-4.5.0/exts/omni.pip.compute/pip_prebundle/cv2/../opencv_python_headless.libs/libgfortran-91cc3cb1.so.3.0.0
0x000073af8c6377a0  0x000073af8c84fb5a  Yes (*)     /home/ubuntu2004/isaacsim-4.5.0/exts/isaacsim.ros2.bridge/bin/libisaacsim.ros2.bridge.plugin.so
0x000073af8c20e3d0  0x000073af8c22a1fa  Yes (*)     /home/ubuntu2004/isaacsim-4.5.0/exts/isaacsim.ros2.bridge/isaacsim/ros2/bridge/_ros2_bridge.cpython-310-x86_64-linux-gnu.so
0x000073bf1a7e9580  0x000073bf1a7ee5ba  Yes (*)     /home/ubuntu2004/isaacsim-4.5.0/exts/isaacsim.ros2.bridge/humble/lib/librosidl_runtime_c.so
0x000073bf19679f00  0x000073bf19686d34  Yes (*)     /home/ubuntu2004/isaacsim-4.5.0/exts/isaacsim.ros2.bridge/humble/lib/librcutils.so
0x000073af74239070  0x000073af74270b22  Yes (*)     /home/ubuntu2004/isaacsim-4.5.0/exts/isaacsim.ros2.bridge/bin/libisaacsim.ros2.bridge.humble.so
0x000073bf192333e0  0x000073bf19259f5a  Yes (*)     /home/ubuntu2004/isaacsim-4.5.0/exts/isaacsim.ros2.bridge/humble/lib/librcl.so
0x000073bf1a7dc560  0x000073bf1a7e04a8  Yes (*)     /home/ubuntu2004/isaacsim-4.5.0/exts/isaacsim.ros2.bridge/humble/lib/librmw.so
0x000073bf1966f0e0  0x000073bf1966f4d0  Yes (*)     /home/ubuntu2004/isaacsim-4.5.0/exts/isaacsim.ros2.bridge/humble/lib/libtf2_msgs__rosidl_typesupport_c.so
0x000073bf19661cc0  0x000073bf196688a1  Yes (*)     /home/ubuntu2004/isaacsim-4.5.0/exts/isaacsim.ros2.bridge/humble/lib/libtf2_msgs__rosidl_generator_c.so
0x000073bf19220040  0x000073bf19220ba3  Yes (*)     /home/ubuntu2004/isaacsim-4.5.0/exts/isaacsim.ros2.bridge/humble/lib/libgeometry_msgs__rosidl_typesupport_c.so
0x000073bf18ee68c0  0x000073bf18ef7d22  Yes (*)     /home/ubuntu2004/isaacsim-4.5.0/exts/isaacsim.ros2.bridge/humble/lib/libgeometry_msgs__rosidl_generator_c.so
0x000073bf19217040  0x000073bf1921753c  Yes (*)     /home/ubuntu2004/isaacsim-4.5.0/exts/isaacsim.ros2.bridge/humble/lib/libnav_msgs__rosidl_typesupport_c.so
0x000073bf19208000  0x000073bf1920f581  Yes (*)     /home/ubuntu2004/isaacsim-4.5.0/exts/isaacsim.ros2.bridge/humble/lib/libnav_msgs__rosidl_generator_c.so
0x000073bf18ed5040  0x000073bf18ed5ba3  Yes (*)     /home/ubuntu2004/isaacsim-4.5.0/exts/isaacsim.ros2.bridge/humble/lib/libstd_msgs__rosidl_typesupport_c.so
0x000073bf18eb8e00  0x000073bf18ec8d0e  Yes (*)     /home/ubuntu2004/isaacsim-4.5.0/exts/isaacsim.ros2.bridge/humble/lib/libstd_msgs__rosidl_generator_c.so
0x000073bf1a7d5040  0x000073bf1a7d5154  Yes (*)     /home/ubuntu2004/isaacsim-4.5.0/exts/isaacsim.ros2.bridge/humble/lib/librosgraph_msgs__rosidl_typesupport_c.so
0x000073bf1a25b200  0x000073bf1a25bb00  Yes (*)     /home/ubuntu2004/isaacsim-4.5.0/exts/isaacsim.ros2.bridge/humble/lib/librosgraph_msgs__rosidl_generator_c.so
0x000073bf18ea7040  0x000073bf18ea7b31  Yes (*)     /home/ubuntu2004/isaacsim-4.5.0/exts/isaacsim.ros2.bridge/humble/lib/libsensor_msgs__rosidl_typesupport_c.so
0x000073bf18ae5e80  0x000073bf18af7dcb  Yes (*)     /home/ubuntu2004/isaacsim-4.5.0/exts/isaacsim.ros2.bridge/humble/lib/libsensor_msgs__rosidl_generator_c.so
0x000073bf18e97820  0x000073bf18e9e4a6  Yes (*)     /home/ubuntu2004/isaacsim-4.5.0/exts/isaacsim.ros2.bridge/humble/lib/librcl_yaml_param_parser.so
0x000073bf18652980  0x000073bf1865821e  Yes (*)     /home/ubuntu2004/isaacsim-4.5.0/exts/isaacsim.ros2.bridge/humble/lib/librmw_implementation.so
0x000073bf18643150  0x000073bf18646ab3  Yes (*)     /home/ubuntu2004/isaacsim-4.5.0/exts/isaacsim.ros2.bridge/humble/lib/librcl_logging_spdlog.so
0x000073bf18ad6040  0x000073bf18ad6360  Yes (*)     /home/ubuntu2004/isaacsim-4.5.0/exts/isaacsim.ros2.bridge/humble/lib/libtracetools.so
0x000073bf18ace040  0x000073bf18ace89c  Yes (*)     /home/ubuntu2004/isaacsim-4.5.0/exts/isaacsim.ros2.bridge/humble/lib/librcl_interfaces__rosidl_typesupport_c.so
0x000073bf07aeb780  0x000073bf07af8ca5  Yes (*)     /home/ubuntu2004/isaacsim-4.5.0/exts/isaacsim.ros2.bridge/humble/lib/librcl_interfaces__rosidl_generator_c.so
0x000073bf18630040  0x000073bf186302a9  Yes (*)     /home/ubuntu2004/isaacsim-4.5.0/exts/isaacsim.ros2.bridge/humble/lib/libaction_msgs__rosidl_typesupport_c.so
0x000073bf1862a320  0x000073bf1862b5bd  Yes (*)     /home/ubuntu2004/isaacsim-4.5.0/exts/isaacsim.ros2.bridge/humble/lib/librosidl_typesupport_c.so
0x000073bf18624180  0x000073bf18624a64  Yes (*)     /home/ubuntu2004/isaacsim-4.5.0/exts/isaacsim.ros2.bridge/humble/lib/libunique_identifier_msgs__rosidl_generator_c.so
0x000073bf1861e240  0x000073bf1861f309  Yes (*)     /home/ubuntu2004/isaacsim-4.5.0/exts/isaacsim.ros2.bridge/humble/lib/libbuiltin_interfaces__rosidl_generator_c.so
0x000073bf07ab04a0  0x000073bf07ad9bcd  Yes (*)     /home/ubuntu2004/isaacsim-4.5.0/exts/isaacsim.ros2.bridge/humble/lib/libyaml.so
0x000073bf07aa4a70  0x000073bf07aa88b4  Yes (*)     /home/ubuntu2004/isaacsim-4.5.0/exts/isaacsim.ros2.bridge/humble/lib/libament_index_cpp.so
0x000073bf07a8b700  0x000073bf07a92894  Yes (*)     /home/ubuntu2004/isaacsim-4.5.0/exts/isaacsim.ros2.bridge/humble/lib/librcpputils.so
0x000073bf07696710  0x000073bf076e601c  Yes (*)     /home/ubuntu2004/isaacsim-4.5.0/exts/isaacsim.ros2.bridge/humble/lib/libspdlog.so.1
0x000073bf07e5d120  0x000073bf07e5d55e  Yes (*)     /home/ubuntu2004/isaacsim-4.5.0/exts/isaacsim.ros2.bridge/humble/lib/librcl_logging_interface.so
0x000073bf07381590  0x000073bf073cadf5  Yes (*)     /home/ubuntu2004/isaacsim-4.5.0/exts/isaacsim.ros2.bridge/humble/lib/librmw_fastrtps_cpp.so
0x000073be9d326db0  0x000073be9d3a879b  Yes (*)     /home/ubuntu2004/isaacsim-4.5.0/exts/isaacsim.ros2.bridge/humble/lib/librmw_fastrtps_shared_cpp.so
0x000073af5b7b0c00  0x000073af5bd4aa14  Yes (*)     /home/ubuntu2004/isaacsim-4.5.0/exts/isaacsim.ros2.bridge/humble/lib/libfastrtps.so.2.6
0x000073bf07e580e0  0x000073bf07e582b3  Yes (*)     /home/ubuntu2004/isaacsim-4.5.0/exts/isaacsim.ros2.bridge/humble/lib/librosidl_typesupport_fastrtps_c.so
0x000073bf07e52720  0x000073bf07e53444  Yes (*)     /home/ubuntu2004/isaacsim-4.5.0/exts/isaacsim.ros2.bridge/humble/lib/librosidl_typesupport_fastrtps_cpp.so
0x000073bf07a6db60  0x000073bf07a75a99  Yes (*)     /home/ubuntu2004/isaacsim-4.5.0/exts/isaacsim.ros2.bridge/humble/lib/libfastcdr.so.1
0x000073bf06cd0220  0x000073bf06ceb1d9  Yes (*)     /home/ubuntu2004/isaacsim-4.5.0/exts/isaacsim.ros2.bridge/humble/lib/librmw_dds_common.so
0x000073bf07a630a0  0x000073bf07a63297  Yes (*)     /home/ubuntu2004/isaacsim-4.5.0/exts/isaacsim.ros2.bridge/humble/lib/librmw_dds_common__rosidl_typesupport_cpp.so
0x000073bf07a5e040  0x000073bf07a5e0f9  Yes (*)     /home/ubuntu2004/isaacsim-4.5.0/exts/isaacsim.ros2.bridge/humble/lib/librosidl_typesupport_introspection_cpp.so
0x000073bf07a59040  0x000073bf07a590f9  Yes (*)     /home/ubuntu2004/isaacsim-4.5.0/exts/isaacsim.ros2.bridge/humble/lib/librosidl_typesupport_introspection_c.so
0x000073bf0734c3c0  0x000073bf073547a9  Yes (*)     /home/ubuntu2004/isaacsim-4.5.0/exts/isaacsim.ros2.bridge/humble/lib/libtinyxml2.so.6
0x000073bf06887750  0x000073bf068d7c7a  Yes (*)     /home/ubuntu2004/isaacsim-4.5.0/exts/isaacsim.ros2.bridge/humble/lib/libssl.so.1.1
0x000073af5b278000  0x000073af5b42d890  Yes (*)     /home/ubuntu2004/isaacsim-4.5.0/exts/isaacsim.ros2.bridge/humble/lib/libcrypto.so.1.1
0x000073bf07a53320  0x000073bf07a544f1  Yes (*)     /home/ubuntu2004/isaacsim-4.5.0/exts/isaacsim.ros2.bridge/humble/lib/librosidl_typesupport_cpp.so
0x000073af5ae1dda0  0x000073af5af968a8  Yes (*)     /home/ubuntu2004/isaacsim-4.5.0/exts/isaacsim.ros2.bridge/humble/rclpy/rclpy/_rclpy_pybind11.cpython-310-x86_64-linux-gnu.so
0x000073bf07334be0  0x000073bf0733e54b  Yes (*)     /home/ubuntu2004/isaacsim-4.5.0/exts/isaacsim.ros2.bridge/humble/lib/librcl_action.so
0x000073bf076535c0  0x000073bf07657b22  Yes (*)     /home/ubuntu2004/isaacsim-4.5.0/exts/isaacsim.ros2.bridge/humble/lib/librcl_lifecycle.so
0x000073bf07a4c040  0x000073bf07a4c4e1  Yes (*)     /home/ubuntu2004/isaacsim-4.5.0/exts/isaacsim.ros2.bridge/humble/lib/liblifecycle_msgs__rosidl_typesupport_c.so
0x000073bf06c80ac0  0x000073bf06c87158  Yes (*)     /home/ubuntu2004/isaacsim-4.5.0/exts/isaacsim.ros2.bridge/humble/lib/liblifecycle_msgs__rosidl_generator_c.so
(*): Shared library is missing debugging information.
TASK01_GDB_COMMAND=x/8i $pc
=> 0x73be3cf418d9:	mov    (%rdi),%rax
   0x73be3cf418dc:	movq   $0x0,0x450(%rbp)
   0x73be3cf418e7:	call   *0x10(%rax)
   0x73be3cf418ea:	test   %rbx,%rbx
   0x73be3cf418ed:	mov    %rbx,0x450(%rbp)
   0x73be3cf418f4:	je     0x73be3cf41910
   0x73be3cf418f6:	mov    (%rbx),%rax
   0x73be3cf418f9:	mov    %rbx,%rdi
[Inferior 1 (process 17071) killed]
